0	0.0	1
1	1.77	1
2	9.035	1
3	9.53	1
4	10.036666666666667	1
5	10.52	1
6	10.993333333333334	1
7	11.471666666666666	1
8	11.951666666666666	1
9	12.421666666666667	1
10	12.93	1
11	13.436666666666667	1
12	13.94	1
13	14.443333333333333	1
14	14.958333333333334	1
15	15.485	1
16	16.053333333333335	1
17	16.631666666666668	1
18	17.201666666666668	1
19	17.77166666666667	1
20	18.34	1
21	18.911666666666665	1
22	19.483333333333334	1
23	20.055	1
24	20.625	1
25	21.196666666666665	1
26	21.766666666666666	1
27	22.338333333333335	1
28	22.908333333333335	1
29	23.48	1
30	24.058333333333334	1
31	24.631666666666668	1
32	25.205	1
33	25.78	1
34	26.358333333333334	1
35	26.933333333333334	1
36	27.508333333333333	1
37	28.083333333333332	1
38	28.658333333333335	1
39	29.231666666666666	1
40	29.801666666666666	1
41	30.373333333333335	1
42	30.946666666666665	1
43	31.52	1
44	32.095	1
45	32.67	1
46	33.245	1
47	33.82	1
48	34.39833333333333	1
49	34.973333333333336	1
50	35.54666666666667	1
51	36.12166666666667	1
52	36.695	1
53	37.26166666666666	1
54	37.81166666666667	1
55	38.36	1
56	38.906666666666666	1
57	39.458333333333336	1
58	40.01	1
59	40.56166666666667	1
60	41.115	1
61	41.66833333333334	1
62	42.221666666666664	1
63	42.77333333333333	1
64	43.32666666666667	1
65	43.88	1
66	44.431666666666665	1
67	44.98166666666667	1
68	45.535	1
69	46.08833333333333	1
70	46.641666666666666	1
71	47.19833333333333	1
72	47.755	1
73	48.31166666666667	1
74	48.87	1
75	49.428333333333335	1
76	49.986666666666665	1
77	50.545	1
78	51.10666666666667	1
79	51.666666666666664	1
80	52.225	1
81	52.78	1
82	53.336666666666666	1
83	53.89333333333333	1
84	54.45333333333333	1
85	55.013333333333335	1
86	55.57333333333333	1
87	56.13166666666667	1
88	56.69166666666667	1
89	57.25333333333333	1
90	57.81333333333333	1
91	58.373333333333335	1
92	58.931666666666665	1
93	59.49	1
94	60.04666666666667	1
95	60.605	1
96	61.163333333333334	1
97	61.723333333333336	1
98	62.285	1
99	62.846666666666664	1
100	63.406666666666666	1
101	63.96666666666667	1
102	64.525	1
103	65.085	1
104	65.645	1
105	66.205	1
106	66.76666666666667	1
107	67.33	1
108	67.895	1
109	68.46	1
110	69.02833333333334	1
111	69.59666666666666	1
112	70.16166666666666	1
113	70.72833333333334	1
114	71.29833333333333	1
115	71.865	1
116	72.43333333333334	1
117	73.00166666666667	1
118	73.57	1
119	74.13666666666667	1
120	74.70166666666667	1
121	75.26666666666667	1
122	75.83166666666666	1
123	76.39833333333333	1
124	76.96666666666667	1
125	77.53333333333333	1
126	78.1	1
127	78.66833333333334	1
128	79.24	1
129	79.80833333333334	1
130	80.37666666666667	1
131	80.945	1
132	81.51166666666667	1
133	82.07833333333333	1
134	82.65333333333334	1
135	83.225	1
136	83.79666666666667	1
137	84.37166666666667	1
138	84.94833333333334	1
139	85.52333333333333	1
140	86.1	1
141	86.675	1
142	87.25	1
143	87.825	1
144	88.4	1
145	88.975	1
146	89.545	1
147	90.115	1
148	90.685	1
149	91.255	1
150	91.82333333333334	1
151	92.39666666666666	1
152	92.96833333333333	1
153	93.54	1
154	94.11166666666666	1
155	94.685	1
156	95.25666666666666	1
157	95.825	1
158	96.39666666666666	1
159	96.96666666666667	1
160	97.535	1
161	98.10166666666667	1
162	98.67	1
163	99.23666666666666	1
164	99.80666666666667	1
165	100.37666666666667	1
166	100.94666666666667	1
167	101.51833333333333	1
168	102.08833333333334	1
169	102.65666666666667	1
170	103.22666666666667	1
171	103.795	1
172	104.36333333333333	1
173	104.93	1
174	105.495	1
175	106.06166666666667	1
176	106.62666666666667	1
177	107.195	1
178	107.76333333333334	1
179	108.33166666666666	1
180	108.9	1
181	109.47	1
182	110.04	1
183	110.60833333333333	1
184	111.17166666666667	1
185	111.73333333333333	1
186	112.29333333333334	1
187	112.85	1
188	113.40666666666667	1
189	113.97	1
190	114.53666666666666	1
191	115.10666666666667	1
192	115.67333333333333	1
193	116.24333333333334	1
194	116.81	1
195	117.37833333333333	1
196	117.945	1
197	118.51333333333334	1
198	119.08166666666666	1
199	119.64833333333333	1
200	120.21166666666667	1
201	120.77666666666667	1
202	121.34	1
203	121.90333333333334	1
204	122.47166666666666	1
205	123.03833333333333	1
206	123.605	1
207	124.17333333333333	1
208	124.74	1
209	125.30666666666667	1
210	125.87333333333333	1
211	126.44	1
212	127.00833333333334	1
213	127.57666666666667	1
214	128.14	1
215	128.70166666666665	1
216	129.26	1
217	129.82	1
218	130.38	1
219	130.94	1
220	131.50333333333333	1
221	132.06666666666666	1
222	132.63166666666666	1
223	133.19833333333332	1
224	133.76666666666668	1
225	134.33333333333334	1
226	134.90166666666667	1
227	135.465	1
228	136.03	1
229	136.595	1
230	137.16	1
231	137.725	1
232	138.29166666666666	1
233	138.85666666666665	1
234	139.42166666666665	1
235	139.98166666666665	1
236	140.53833333333333	1
237	141.09666666666666	1
238	141.655	1
239	142.21166666666667	1
240	142.76666666666668	1
241	143.32166666666666	1
242	143.875	1
243	144.43166666666667	1
244	144.98833333333334	1
245	145.54666666666665	1
246	146.105	1
247	146.66166666666666	1
248	147.22166666666666	1
249	147.77833333333334	1
250	148.33666666666667	1
251	148.89666666666668	1
252	149.45333333333335	1
253	150.00833333333333	1
254	150.565	1
255	151.12333333333333	1
256	151.67833333333334	1
257	152.23666666666668	1
258	152.79333333333332	1
259	153.35333333333332	1
260	153.91	1
261	154.46666666666667	1
262	155.02	1
263	155.58	1
264	156.13666666666666	1
265	156.69333333333333	1
266	157.25	1
267	157.80166666666668	1
268	158.35333333333332	1
269	158.90833333333333	1
270	159.45833333333334	1
271	160.01666666666668	1
272	160.57333333333332	1
273	161.13	1
274	161.68666666666667	1
275	162.24333333333334	1
276	162.79833333333335	1
277	163.355	1
278	163.91	1
279	164.465	1
280	165.01833333333335	1
281	165.57166666666666	1
282	166.12333333333333	1
283	166.675	1
284	167.22833333333332	1
285	167.78333333333333	1
286	168.33833333333334	1
287	168.895	1
288	169.455	1
289	170.01166666666666	1
290	170.57166666666666	1
291	171.13166666666666	1
292	171.69333333333333	1
293	172.25333333333333	1
294	172.80166666666668	1
295	173.34333333333333	1
296	173.885	1
297	174.43333333333334	1
298	174.985	1
299	175.54333333333332	1
300	176.10166666666666	1
301	176.65833333333333	1
302	177.215	1
303	177.775	1
304	178.33333333333334	1
305	178.9	1
306	179.465	1
307	180.02666666666667	1
308	180.58833333333334	1
309	181.15166666666667	1
310	181.71333333333334	1
311	182.27166666666668	1
312	182.83166666666668	1
313	184.955	1
314	185.53166666666667	1
315	186.09166666666667	1
316	186.65333333333334	1
317	187.215	1
318	187.775	1
319	188.335	1
320	188.91166666666666	1
321	189.46666666666667	1
322	190.025	1
323	190.58333333333334	1
324	191.14	1
325	191.7	1
326	192.25833333333333	1
327	192.815	1
328	193.37166666666667	1
329	193.92833333333334	1
330	194.49333333333334	1
331	195.055	1
332	195.62	1
333	196.18	1
334	196.73666666666668	1
335	197.29166666666666	1
336	197.84833333333333	1
337	198.40666666666667	1
338	198.96666666666667	1
339	199.52833333333334	1
340	200.09	1
341	200.65166666666667	1
342	201.21166666666667	1
343	201.78	1
344	202.34833333333333	1
345	202.915	1
346	203.48166666666665	1
347	204.05	1
348	204.61	1
349	205.165	1
350	205.72166666666666	1
351	206.275	1
352	206.83	1
353	207.39333333333335	1
354	207.95333333333335	1
355	208.51166666666666	1
356	209.07	1
357	209.625	1
358	210.15666666666667	1
359	210.7	1
360	211.24166666666667	1
361	211.77833333333334	1
362	212.31333333333333	1
363	212.84666666666666	1
364	213.38333333333333	1
365	213.92166666666665	1
366	214.46166666666667	1
367	215.005	1
368	215.55	1
369	216.09666666666666	1
370	216.64333333333335	1
371	217.18833333333333	1
372	217.73166666666665	1
373	218.275	1
374	218.81333333333333	1
375	219.35333333333332	1
376	219.895	1
377	220.44	1
378	221.01	1
379	221.56666666666666	1
380	222.12833333333333	1
381	222.685	1
382	223.24333333333334	1
383	223.78833333333333	1
384	224.31833333333333	1
385	224.83666666666667	1
386	225.36333333333334	1
387	225.945	1
388	226.52833333333334	1
389	227.11	1
390	227.68666666666667	1
391	228.265	1
392	228.84166666666667	1
393	229.41333333333333	1
394	229.985	1
395	230.55833333333334	1
396	231.13333333333333	1
397	231.705	1
398	232.27333333333334	1
399	232.84	1
400	233.40666666666667	1
401	233.98666666666668	1
402	234.55833333333334	1
403	235.13	1
404	235.69833333333332	1
405	236.27166666666668	1
406	236.84	1
407	237.41166666666666	1
408	237.98166666666665	1
409	238.55	1
410	239.11333333333334	1
411	239.675	1
412	240.24	1
413	240.8	1
414	241.355	1
415	241.90833333333333	1
416	242.45833333333334	1
417	243.00833333333333	1
418	243.56333333333333	1
419	244.12833333333333	1
420	244.69333333333333	1
421	245.26833333333335	1
422	245.85333333333332	1
423	246.43833333333333	1
424	247.02166666666668	1
425	247.60666666666665	1
426	248.185	1
427	248.76	1
428	249.335	1
429	249.91	1
430	250.48333333333332	1
431	251.055	1
432	251.63	1
433	252.21	1
434	252.8	1
435	253.40166666666667	1
436	253.995	1
437	254.58833333333334	1
438	255.125	1
439	255.655	1
440	256.18666666666667	1
441	256.71666666666664	1
442	257.245	1
443	257.7683333333333	1
444	258.29333333333335	1
445	258.82166666666666	1
446	259.35	1
447	259.875	1
448	260.4033333333333	1
449	260.92833333333334	1
450	261.45666666666665	1
451	261.98333333333335	1
452	262.5083333333333	1
453	263.035	1
454	263.56	1
455	264.0833333333333	1
456	264.6066666666667	1
457	265.13	1
458	265.655	1
459	266.18	1
460	266.705	1
461	267.23	1
462	267.755	1
463	268.28	1
464	268.805	1
465	269.33	1
466	269.8566666666667	1
467	270.38166666666666	1
468	270.9116666666667	1
469	271.45166666666665	1
470	271.99333333333334	1
471	272.5316666666667	1
472	273.07666666666665	1
473	273.62166666666667	1
474	274.1666666666667	1
475	274.7133333333333	1
476	275.26	1
477	275.8066666666667	1
478	276.3516666666667	1
479	276.9	1
480	277.445	1
481	277.9866666666667	1
482	278.52666666666664	1
483	279.06333333333333	1
484	279.6066666666667	1
485	280.15166666666664	1
486	280.70166666666665	1
487	281.24833333333333	1
488	281.795	1
489	282.34	1
490	282.885	1
491	283.43	1
492	283.975	1
493	284.51666666666665	1
494	285.06	1
495	285.6	1
496	286.14166666666665	1
497	286.6616666666667	1
498	287.17333333333335	1
499	287.685	1
500	288.1983333333333	1
501	288.71	1
502	289.22	1
503	289.735	1
504	290.24666666666667	1
505	290.76166666666666	1
506	291.275	1
507	291.7816666666667	1
508	292.2816666666667	1
509	292.78833333333336	1
510	293.2966666666667	1
511	293.80833333333334	1
512	294.32166666666666	1
513	294.835	1
514	295.3466666666667	1
515	295.86	1
516	296.37166666666667	1
517	296.8833333333333	1
518	297.395	1
519	297.9066666666667	1
520	298.41833333333335	1
521	298.92833333333334	1
522	299.43833333333333	1
523	299.94666666666666	1
524	300.455	1
525	300.965	1
526	301.4766666666667	1
527	301.9866666666667	1
528	302.49833333333333	1
529	303.01	1
530	303.52166666666665	1
531	304.03333333333336	1
532	304.5466666666667	1
533	305.06	1
534	305.57	1
535	306.07666666666665	1
536	306.5833333333333	1
537	307.0933333333333	1
538	307.605	1
539	308.11833333333334	1
540	308.63	1
541	309.145	1
542	309.655	1
543	310.16333333333336	1
544	310.67333333333335	1
545	311.18666666666667	1
546	311.7	1
547	312.21166666666664	1
548	312.7216666666667	1
549	313.23	1
550	313.74	1
551	314.245	1
552	314.75666666666666	1
553	315.27	1
554	315.7816666666667	1
555	316.29333333333335	1
556	316.8066666666667	1
557	317.32	1
558	317.83	1
559	318.3433333333333	1
560	318.855	1
561	319.365	1
562	319.875	1
563	320.3833333333333	1
564	320.8933333333333	1
565	321.405	1
566	321.91833333333335	1
567	322.43	1
568	322.9433333333333	1
569	323.4533333333333	1
570	323.96666666666664	1
571	324.48	1
572	324.99333333333334	1
573	325.50666666666666	1
574	326.0183333333333	1
575	326.5283333333333	1
576	327.0366666666667	1
577	327.5466666666667	1
578	328.055	1
579	328.5683333333333	1
580	329.08166666666665	1
581	329.595	1
582	330.10833333333335	1
583	330.61833333333334	1
584	331.13166666666666	1
585	331.645	1
586	332.155	1
587	332.67	1
588	333.18	1
589	333.69166666666666	1
590	334.20166666666665	1
591	334.71	1
592	335.22	1
593	335.73	1
594	336.24333333333334	1
595	336.75666666666666	1
596	337.2733333333333	1
597	337.80333333333334	1
598	338.33166666666665	1
599	338.8566666666667	1
600	339.38666666666666	1
601	339.9166666666667	1
602	340.44166666666666	1
603	340.9683333333333	1
604	341.49333333333334	1
605	342.02166666666665	1
606	342.54833333333335	1
607	343.07666666666665	1
608	343.605	1
609	344.135	1
610	344.66333333333336	1
611	345.1933333333333	1
612	345.7216666666667	1
613	346.25	1
614	346.78	1
615	347.3066666666667	1
616	347.8333333333333	1
617	348.36	1
618	348.89166666666665	1
619	349.4533333333333	1
620	350.0133333333333	1
621	350.575	1
622	351.1383333333333	1
623	351.7	1
624	352.26	1
625	352.8233333333333	1
626	354.77666666666664	1
627	355.3566666666667	1
628	355.91833333333335	1
629	356.475	1
630	357.0316666666667	1
631	357.5883333333333	1
632	358.14666666666665	1
633	358.70666666666665	1
634	359.26666666666665	1
635	359.82666666666665	1
636	360.38666666666666	1
637	360.945	1
638	361.505	1
639	362.06333333333333	1
640	362.62333333333333	1
641	363.1816666666667	1
642	363.73833333333334	1
643	364.29333333333335	1
644	364.85	1
645	365.4066666666667	1
646	365.96666666666664	1
647	366.52666666666664	1
648	367.0883333333333	1
649	367.64666666666665	1
650	368.20666666666665	1
651	368.7683333333333	1
652	369.3283333333333	1
653	369.89	1
654	370.4483333333333	1
655	371.01	1
656	371.5683333333333	1
657	372.125	1
658	372.68333333333334	1
659	373.2416666666667	1
660	373.79333333333335	1
661	374.3466666666667	1
662	374.8983333333333	1
663	375.45166666666665	1
664	376.005	1
665	376.5566666666667	1
666	377.11	1
667	377.67833333333334	1
668	378.25166666666667	1
669	378.8283333333333	1
670	379.405	1
671	379.98333333333335	1
672	380.56	1
673	381.1383333333333	1
674	381.72	1
675	382.3	1
676	382.88	1
677	383.46	1
678	384.02666666666664	1
679	384.6016666666667	1
680	385.1816666666667	1
681	385.7633333333333	1
682	386.3433333333333	1
683	386.92	1
684	387.50166666666667	1
685	388.08	1
686	388.67	1
687	389.2583333333333	1
688	389.85	1
689	390.44	1
690	391.0283333333333	1
691	391.6166666666667	1
692	392.21	1
693	392.8016666666667	1
694	393.39166666666665	1
695	393.98333333333335	1
696	394.57166666666666	1
697	395.15833333333336	1
698	395.75	1
699	396.3383333333333	1
700	396.93	1
701	397.5233333333333	1
702	398.11333333333334	1
703	398.705	1
704	399.3	1
705	399.8933333333333	1
706	400.485	1
707	401.08	1
708	401.6566666666667	1
709	402.24333333333334	1
710	402.83166666666665	1
711	403.4216666666667	1
712	404.0083333333333	1
713	404.60333333333335	1
714	405.195	1
715	405.7866666666667	1
716	406.38	1
717	406.97333333333336	1
718	407.565	1
719	408.16	1
720	408.755	1
721	409.34833333333336	1
722	409.94	1
723	410.52666666666664	1
724	411.12	1
725	411.7133333333333	1
726	412.31	1
727	412.905	1
728	413.5	1
729	414.1	1
730	414.69666666666666	1
731	415.2916666666667	1
732	415.8883333333333	1
733	416.485	1
734	417.08166666666665	1
735	417.6716666666667	1
736	418.25166666666667	1
737	418.845	1
738	419.43666666666667	1
739	420.02666666666664	1
740	420.615	1
741	421.205	1
742	421.79333333333335	1
743	422.3833333333333	1
744	422.9816666666667	1
745	423.57666666666665	1
746	424.1716666666667	1
747	424.7683333333333	1
748	425.36333333333334	1
749	425.95666666666665	1
750	426.54833333333335	1
751	427.14166666666665	1
752	427.73333333333335	1
753	428.33166666666665	1
754	428.925	1
755	429.52166666666665	1
756	430.12	1
757	430.715	1
758	431.30833333333334	1
759	431.905	1
760	432.50166666666667	1
761	433.0966666666667	1
762	433.68833333333333	1
763	434.275	1
764	434.8666666666667	1
765	435.4583333333333	1
766	436.05333333333334	1
767	436.64666666666665	1
768	437.2416666666667	1
769	437.83666666666664	1
770	438.4316666666667	1
771	439.02666666666664	1
772	439.62	1
773	440.21666666666664	1
774	440.81166666666667	1
775	441.4066666666667	1
776	441.99833333333333	1
777	442.59	1
778	443.1816666666667	1
779	443.7733333333333	1
780	444.36833333333334	1
781	444.9633333333333	1
782	445.555	1
783	446.15	1
784	446.745	1
785	447.34	1
786	447.935	1
787	448.5316666666667	1
788	449.125	1
789	449.71166666666664	1
790	450.305	1
791	450.895	1
792	451.48333333333335	1
793	452.0783333333333	1
794	452.675	1
795	453.2683333333333	1
796	453.865	1
797	454.4583333333333	1
798	455.05333333333334	1
799	455.6483333333333	1
800	456.2416666666667	1
801	456.83666666666664	1
802	457.43	1
803	458.02166666666665	1
804	458.6116666666667	1
805	459.2033333333333	1
806	459.7966666666667	1
807	460.39	1
808	460.98333333333335	1
809	461.58	1
810	462.1766666666667	1
811	462.77	1
812	463.3616666666667	1
813	463.95666666666665	1
814	464.55	1
815	465.145	1
816	465.735	1
817	466.32666666666665	1
818	466.91833333333335	1
819	467.51	1
820	468.10333333333335	1
821	468.6983333333333	1
822	469.29333333333335	1
823	469.8883333333333	1
824	470.485	1
825	471.08166666666665	1
826	471.68	1
827	472.27666666666664	1
828	472.87333333333333	1
829	473.4683333333333	1
830	474.06	1
831	474.65166666666664	1
832	475.245	1
833	475.83666666666664	1
834	476.4316666666667	1
835	477.02666666666664	1
836	477.62	1
837	478.21166666666664	1
838	478.81333333333333	1
839	479.40833333333336	1
840	480.00333333333333	1
841	480.6	1
842	481.19166666666666	1
843	481.785	1
844	482.37833333333333	1
845	482.97	1
846	483.56333333333333	1
847	484.15833333333336	1
848	484.75333333333333	1
849	485.3466666666667	1
850	485.93666666666667	1
851	486.5316666666667	1
852	487.12833333333333	1
853	487.725	1
854	488.3183333333333	1
855	488.91333333333336	1
856	489.5	1
857	490.09	1
858	490.6816666666667	1
859	491.27166666666665	1
860	491.8666666666667	1
861	492.46166666666664	1
862	493.05833333333334	1
863	493.6533333333333	1
864	494.24833333333333	1
865	494.84166666666664	1
866	495.435	1
867	496.0316666666667	1
868	496.625	1
869	497.2216666666667	1
870	497.81166666666667	1
871	498.40166666666664	1
872	498.995	1
873	499.58666666666664	1
874	500.1816666666667	1
875	500.7783333333333	1
876	501.37333333333333	1
877	501.9683333333333	1
878	502.565	1
879	503.15166666666664	1
880	503.74666666666667	1
881	504.34166666666664	1
882	504.935	1
883	505.525	1
884	506.11333333333334	1
885	506.7033333333333	1
886	507.295	1
887	507.89	1
888	508.48333333333335	1
889	509.0783333333333	1
890	509.6716666666667	1
891	510.2683333333333	1
892	510.8616666666667	1
893	511.45666666666665	1
894	512.0516666666666	1
895	512.6466666666666	1
896	513.2383333333333	1
897	513.8283333333334	1
898	514.4183333333333	1
899	515.0083333333333	1
900	515.6016666666667	1
901	516.195	1
902	516.79	1
903	517.385	1
904	517.9783333333334	1
905	518.5716666666667	1
906	519.1666666666666	1
907	519.76	1
908	520.3516666666667	1
909	520.945	1
910	521.535	1
911	522.125	1
912	522.715	1
913	523.305	1
914	523.8983333333333	1
915	524.4933333333333	1
916	525.0866666666667	1
917	525.68	1
918	526.2733333333333	1
919	526.8666666666667	1
920	527.46	1
921	528.0533333333333	1
922	528.6466666666666	1
923	529.235	1
924	529.825	1
925	530.4133333333333	1
926	531.005	1
927	531.5983333333334	1
928	532.1916666666667	1
929	532.785	1
930	533.3783333333333	1
931	533.9716666666667	1
932	534.565	1
933	535.1583333333333	1
934	535.7516666666667	1
935	536.345	1
936	536.9383333333334	1
937	537.5283333333333	1
938	538.1166666666667	1
939	538.7066666666667	1
940	539.3	1
941	539.8933333333333	1
942	540.4883333333333	1
943	541.08	1
944	541.6716666666666	1
945	542.265	1
946	542.8566666666667	1
947	543.45	1
948	544.04	1
949	544.6333333333333	1
950	545.2216666666667	1
951	545.81	1
952	546.4	1
953	546.99	1
954	547.5816666666667	1
955	548.1733333333333	1
956	548.7666666666667	1
957	549.3583333333333	1
958	549.95	1
959	550.5416666666666	1
960	551.1316666666667	1
961	551.7233333333334	1
962	552.3133333333334	1
963	552.9	1
964	553.4883333333333	1
965	554.08	1
966	554.6683333333333	1
967	555.2583333333333	1
968	555.8516666666667	1
969	556.4433333333334	1
970	557.035	1
971	557.6266666666667	1
972	558.2166666666667	1
973	558.8083333333333	1
974	559.4	1
975	559.99	1
976	560.5816666666667	1
977	561.1716666666666	1
978	561.76	1
979	562.3466666666667	1
980	562.935	1
981	563.5283333333333	1
982	564.1183333333333	1
983	564.7116666666667	1
984	565.305	1
985	565.895	1
986	566.4883333333333	1
987	567.0783333333334	1
988	567.6716666666666	1
989	568.265	1
990	568.8533333333334	1
991	569.44	1
992	570.0266666666666	1
993	570.615	1
994	571.2066666666667	1
995	571.7983333333333	1
996	572.3883333333333	1
997	572.98	1
998	573.57	1
999	574.16	1
1000	574.7516666666667	1
1001	575.34	1
1002	575.9283333333333	1
1003	576.5216666666666	1
1004	577.11	1
1005	577.6983333333334	1
1006	578.285	1
1007	578.875	1
1008	579.4666666666667	1
1009	580.0583333333333	1
1010	580.65	1
1011	581.24	1
1012	581.8333333333334	1
1013	582.425	1
1014	583.0183333333333	1
1015	583.61	1
1016	584.2	1
1017	584.785	1
1018	585.3733333333333	1
1019	585.9616666666667	1
1020	586.55	1
1021	587.14	1
1022	587.7316666666667	1
1023	588.3233333333334	1
1024	588.9116666666666	1
1025	589.5016666666667	1
1026	590.0933333333334	1
1027	590.6833333333333	1
1028	591.275	1
1029	591.8666666666667	1
1030	592.4566666666667	1
1031	593.0433333333333	1
1032	593.63	1
1033	594.2166666666667	1
1034	594.805	1
1035	595.3966666666666	1
1036	595.9883333333333	1
1037	596.5783333333334	1
1038	597.1733333333333	1
1039	597.765	1
1040	598.3566666666667	1
1041	598.9466666666667	1
1042	599.5383333333333	1
1043	600.13	1
1044	600.7166666666667	1
1045	601.305	1
1046	601.8916666666667	1
1047	602.4816666666667	1
1048	603.0716666666667	1
1049	603.6616666666666	1
1050	604.2533333333333	1
1051	604.84	1
1052	605.43	1
1053	606.02	1
1054	606.61	1
1055	607.2016666666667	1
1056	607.7883333333333	1
1057	608.375	1
1058	608.9633333333334	1
1059	609.55	1
1060	610.1366666666667	1
1061	610.73	1
1062	611.3216666666667	1
1063	611.9116666666666	1
1064	612.5	1
1065	613.0916666666667	1
1066	613.68	1
1067	614.2716666666666	1
1068	614.8616666666667	1
1069	615.4516666666667	1
1070	616.035	1
1071	616.6233333333333	1
1072	617.2116666666667	1
1073	617.7983333333333	1
1074	618.3883333333333	1
1075	618.9783333333334	1
1076	619.5683333333334	1
1077	620.16	1
1078	620.7483333333333	1
1079	621.3383333333334	1
1080	621.9283333333333	1
1081	622.5183333333333	1
1082	623.1083333333333	1
1083	623.6966666666667	1
1084	624.2883333333333	1
1085	624.875	1
1086	625.4633333333334	1
1087	626.0483333333333	1
1088	626.6366666666667	1
1089	627.2233333333334	1
1090	627.8133333333334	1
1091	628.4016666666666	1
1092	628.9933333333333	1
1093	629.585	1
1094	630.175	1
1095	630.765	1
1096	631.355	1
1097	631.9433333333334	1
1098	632.5283333333333	1
1099	633.1166666666667	1
1100	633.7016666666667	1
1101	634.2916666666666	1
1102	634.8816666666667	1
1103	635.4716666666667	1
1104	636.0616666666666	1
1105	636.65	1
1106	637.2416666666667	1
1107	637.835	1
1108	638.4283333333333	1
1109	639.015	1
1110	639.605	1
1111	640.19	1
1112	640.7766666666666	1
1113	641.3633333333333	1
1114	641.95	1
1115	642.5383333333333	1
1116	643.13	1
1117	643.72	1
1118	644.3116666666666	1
1119	644.9	1
1120	645.49	1
1121	646.0783333333334	1
1122	646.6683333333333	1
1123	647.2566666666667	1
1124	647.8416666666667	1
1125	648.43	1
1126	649.015	1
1127	649.6	1
1128	650.1916666666667	1
1129	650.7816666666666	1
1130	651.3766666666667	1
1131	651.9666666666667	1
1132	652.5533333333333	1
1133	653.14	1
1134	653.7283333333334	1
1135	654.3166666666667	1
1136	654.9066666666666	1
1137	655.495	1
1138	656.08	1
1139	656.665	1
1140	657.25	1
1141	657.8366666666667	1
1142	658.425	1
1143	659.0133333333333	1
1144	659.6016666666667	1
1145	660.1916666666667	1
1146	660.78	1
1147	661.3683333333333	1
1148	661.9566666666667	1
1149	662.5466666666666	1
1150	663.1333333333333	1
1151	663.7183333333334	1
1152	664.3033333333333	1
1153	664.8916666666667	1
1154	665.48	1
1155	666.0683333333334	1
1156	666.6566666666666	1
1157	667.245	1
1158	667.8333333333334	1
1159	668.4216666666666	1
1160	669.01	1
1161	669.5966666666667	1
1162	670.1866666666666	1
1163	670.775	1
1164	671.3616666666667	1
1165	671.9466666666667	1
1166	672.5316666666666	1
1167	673.1166666666667	1
1168	673.7016666666667	1
1169	674.29	1
1170	674.8766666666667	1
1171	675.4633333333334	1
1172	676.0516666666666	1
1173	676.6383333333333	1
1174	677.2283333333334	1
1175	677.8166666666667	1
1176	678.4033333333333	1
1177	678.99	1
1178	679.5733333333334	1
1179	680.155	1
1180	680.7383333333333	1
1181	681.325	1
1182	681.9133333333333	1
1183	682.5	1
1184	683.0866666666667	1
1185	683.6733333333333	1
1186	684.26	1
1187	684.8483333333334	1
1188	685.435	1
1189	686.0216666666666	1
1190	686.6083333333333	1
1191	687.1933333333334	1
1192	687.775	1
1193	688.3583333333333	1
1194	688.9416666666667	1
1195	689.5316666666666	1
1196	690.1183333333333	1
1197	690.705	1
1198	691.2916666666666	1
1199	691.8766666666667	1
1200	692.4633333333334	1
1201	693.05	1
1202	693.6366666666667	1
1203	694.2233333333334	1
1204	694.8083333333333	1
1205	695.3916666666667	1
1206	695.975	1
1207	696.5566666666666	1
1208	697.1433333333333	1
1209	697.7283333333334	1
1210	698.315	1
1211	698.9033333333333	1
1212	699.4916666666667	1
1213	700.0766666666667	1
1214	700.665	1
1215	701.255	1
1216	701.8416666666667	1
1217	702.425	1
1218	703.0083333333333	1
1219	703.59	1
1220	704.175	1
1221	704.7566666666667	1
1222	705.3433333333334	1
1223	705.93	1
1224	706.5166666666667	1
1225	707.1016666666667	1
1226	707.6883333333334	1
1227	708.2716666666666	1
1228	708.8583333333333	1
1229	709.4416666666667	1
1230	710.025	1
1231	710.6066666666667	1
1232	711.1916666666667	1
1233	711.7766666666666	1
1234	712.3616666666667	1
1235	712.9483333333334	1
1236	713.535	1
1237	714.1216666666667	1
1238	714.7083333333334	1
1239	715.295	1
1240	715.8816666666667	1
1241	716.4683333333334	1
1242	717.055	1
1243	717.6416666666667	1
1244	718.2266666666667	1
1245	718.8083333333333	1
1246	719.39	1
1247	719.9733333333334	1
1248	720.5583333333333	1
1249	721.145	1
1250	721.73	1
1251	722.3166666666667	1
1252	722.9033333333333	1
1253	723.4916666666667	1
1254	724.0816666666667	1
1255	724.6716666666666	1
1256	725.2583333333333	1
1257	725.845	1
1258	726.4283333333333	1
1259	727.01	1
1260	727.595	1
1261	728.18	1
1262	728.7666666666667	1
1263	729.3533333333334	1
1264	729.94	1
1265	730.5266666666666	1
1266	731.1133333333333	1
1267	731.7	1
1268	732.2883333333333	1
1269	732.875	1
1270	733.4616666666667	1
1271	734.0466666666666	1
1272	734.63	1
1273	735.2133333333334	1
1274	735.8	1
1275	736.3866666666667	1
1276	736.9716666666667	1
1277	737.56	1
1278	738.145	1
1279	738.7316666666667	1
1280	739.3166666666667	1
1281	739.9016666666666	1
1282	740.4883333333333	1
1283	741.075	1
1284	741.6616666666666	1
1285	742.245	1
1286	742.8283333333334	1
1287	743.4083333333333	1
1288	743.9916666666667	1
1289	744.58	1
1290	745.1666666666666	1
1291	745.75	1
1292	746.3383333333334	1
1293	746.925	1
1294	747.5116666666667	1
1295	748.1	1
1296	748.685	1
1297	749.2716666666666	1
1298	749.8566666666667	1
1299	750.4383333333334	1
1300	751.0216666666666	1
1301	751.6033333333334	1
1302	752.19	1
1303	752.7733333333333	1
1304	753.355	1
1305	753.9416666666667	1
1306	754.5283333333333	1
1307	755.115	1
1308	755.7016666666667	1
1309	756.2883333333333	1
1310	756.8733333333333	1
1311	757.4583333333334	1
1312	758.04	1
1313	758.6216666666667	1
1314	759.2066666666667	1
1315	759.7916666666666	1
1316	760.3783333333333	1
1317	760.965	1
1318	761.55	1
1319	762.1366666666667	1
1320	762.725	1
1321	763.31	1
1322	763.8966666666666	1
1323	764.4833333333333	1
1324	765.0683333333334	1
1325	765.6516666666666	1
1326	766.2333333333333	1
1327	766.8166666666667	1
1328	767.4	1
1329	767.985	1
1330	768.5716666666667	1
1331	769.1566666666666	1
1332	769.7416666666667	1
1333	770.3316666666667	1
1334	770.9183333333333	1
1335	771.505	1
1336	772.09	1
1337	772.6766666666666	1
1338	773.26	1
1339	773.8416666666667	1
1340	774.425	1
1341	775.0066666666667	1
1342	775.5916666666667	1
1343	776.1766666666666	1
1344	776.7633333333333	1
1345	777.35	1
1346	777.9366666666666	1
1347	778.5216666666666	1
1348	779.1066666666667	1
1349	779.6933333333334	1
1350	780.2783333333333	1
1351	780.8633333333333	1
1352	781.4483333333334	1
1353	782.03	1
1354	782.615	1
1355	783.1966666666667	1
1356	783.7833333333333	1
1357	784.3716666666667	1
1358	784.9566666666667	1
1359	785.5433333333333	1
1360	786.1266666666667	1
1361	786.7116666666667	1
1362	787.2983333333333	1
1363	787.885	1
1364	788.47	1
1365	789.045	1
1366	789.62	1
1367	790.1933333333334	1
1368	790.7683333333333	1
1369	791.3466666666667	1
1370	791.9233333333333	1
1371	792.5016666666667	1
1372	793.08	1
1373	793.66	1
1374	794.2383333333333	1
1375	794.8166666666667	1
1376	795.3933333333333	1
1377	795.9716666666667	1
1378	796.5516666666666	1
1379	797.125	1
1380	797.6983333333334	1
1381	798.2733333333333	1
1382	798.8483333333334	1
1383	799.4233333333333	1
1384	800.0016666666667	1
1385	800.5783333333334	1
1386	801.155	1
1387	801.7333333333333	1
1388	802.31	1
1389	802.8883333333333	1
1390	803.465	1
1391	804.045	1
1392	804.6183333333333	1
1393	805.19	1
1394	805.765	1
1395	806.3366666666667	1
1396	806.915	1
1397	807.4916666666667	1
1398	808.0683333333334	1
1399	808.6466666666666	1
1400	809.225	1
1401	809.8016666666666	1
1402	810.38	1
1403	810.9566666666667	1
1404	811.5333333333333	1
1405	812.1083333333333	1
1406	812.6816666666666	1
1407	813.255	1
1408	813.8283333333334	1
1409	814.405	1
1410	814.9816666666667	1
1411	815.5616666666666	1
1412	816.1383333333333	1
1413	816.715	1
1414	817.2916666666666	1
1415	817.87	1
1416	818.4466666666667	1
1417	819.0216666666666	1
1418	819.5983333333334	1
1419	820.17	1
1420	820.7433333333333	1
1421	821.3183333333334	1
1422	821.8933333333333	1
1423	822.47	1
1424	823.0483333333333	1
1425	823.625	1
1426	824.2033333333334	1
1427	824.78	1
1428	825.3566666666667	1
1429	825.9333333333333	1
1430	826.5116666666667	1
1431	827.0883333333334	1
1432	827.665	1
1433	828.2366666666667	1
1434	828.8116666666666	1
1435	829.385	1
1436	829.9616666666667	1
1437	830.54	1
1438	831.1183333333333	1
1439	831.6983333333334	1
1440	832.275	1
1441	832.8533333333334	1
1442	833.43	1
1443	834.0066666666667	1
1444	834.5833333333334	1
1445	835.1583333333333	1
1446	835.7316666666667	1
1447	836.305	1
1448	836.88	1
1449	837.455	1
1450	838.0316666666666	1
1451	838.6083333333333	1
1452	839.1833333333333	1
1453	839.7616666666667	1
1454	840.3383333333334	1
1455	840.915	1
1456	841.49	1
1457	842.0666666666667	1
1458	842.6433333333333	1
1459	843.2166666666667	1
1460	843.7883333333333	1
1461	844.3616666666667	1
1462	844.9333333333333	1
1463	845.51	1
1464	846.085	1
1465	846.6616666666666	1
1466	847.2383333333333	1
1467	847.8183333333334	1
1468	848.3933333333333	1
1469	848.9716666666667	1
1470	849.5483333333333	1
1471	850.125	1
1472	850.6983333333334	1
1473	851.27	1
1474	851.8433333333334	1
1475	852.415	1
1476	852.9916666666667	1
1477	853.5683333333334	1
1478	854.145	1
1479	854.7233333333334	1
1480	855.2983333333333	1
1481	855.875	1
1482	856.4516666666667	1
1483	857.0283333333333	1
1484	857.605	1
1485	858.1816666666666	1
1486	860.26	1
1487	860.8516666666667	1
1488	861.425	1
1489	862.0	1
1490	862.575	1
1491	863.1516666666666	1
1492	863.7266666666667	1
1493	864.305	1
1494	864.8816666666667	1
1495	865.4583333333334	1
1496	866.0333333333333	1
1497	866.6083333333333	1
1498	867.185	1
1499	867.7566666666667	1
1500	868.33	1
1501	868.9033333333333	1
1502	869.475	1
1503	870.0533333333333	1
1504	870.63	1
1505	871.21	1
1506	871.785	1
1507	872.3616666666667	1
1508	872.9366666666666	1
1509	873.5133333333333	1
1510	874.0883333333334	1
1511	874.6633333333333	1
1512	875.2366666666667	1
1513	875.8066666666666	1
1514	876.3783333333333	1
1515	876.9516666666667	1
1516	877.525	1
1517	878.1	1
1518	878.6766666666666	1
1519	879.2516666666667	1
1520	879.8266666666667	1
1521	880.4016666666666	1
1522	880.9766666666667	1
1523	881.5533333333333	1
1524	882.1266666666667	1
1525	882.7016666666667	1
1526	883.2733333333333	1
1527	883.845	1
1528	884.4183333333333	1
1529	884.99	1
1530	885.565	1
1531	886.14	1
1532	886.715	1
1533	887.29	1
1534	887.865	1
1535	888.44	1
1536	889.015	1
1537	889.5883333333334	1
1538	890.165	1
1539	890.74	1
1540	891.3133333333334	1
1541	891.8916666666667	1
1542	892.465	1
1543	893.04	1
1544	893.6166666666667	1
1545	894.1916666666667	1
1546	894.7666666666667	1
1547	895.3416666666667	1
1548	895.9183333333333	1
1549	896.495	1
1550	897.0716666666667	1
1551	897.6483333333333	1
1552	898.2233333333334	1
1553	898.7966666666666	1
1554	899.37	1
1555	899.9416666666667	1
1556	900.515	1
1557	901.0916666666667	1
1558	901.6666666666666	1
1559	902.245	1
1560	902.8216666666667	1
1561	903.3983333333333	1
1562	903.975	1
1563	904.5516666666666	1
1564	905.1266666666667	1
1565	905.7033333333334	1
1566	906.275	1
1567	906.8483333333334	1
1568	907.42	1
1569	907.9933333333333	1
1570	908.57	1
1571	909.145	1
1572	909.7233333333334	1
1573	910.2983333333333	1
1574	910.875	1
1575	911.45	1
1576	912.0266666666666	1
1577	912.6033333333334	1
1578	913.18	1
1579	913.755	1
1580	914.3283333333334	1
1581	914.9016666666666	1
1582	915.475	1
1583	916.05	1
1584	916.6266666666667	1
1585	917.2016666666667	1
1586	917.7783333333333	1
1587	918.3533333333334	1
1588	918.93	1
1589	919.505	1
1590	920.0816666666667	1
1591	920.6583333333333	1
1592	921.2316666666667	1
1593	921.805	1
1594	922.38	1
1595	922.9533333333334	1
1596	923.5266666666666	1
1597	924.1016666666667	1
1598	924.6783333333333	1
1599	925.255	1
1600	925.8316666666667	1
1601	926.4066666666666	1
1602	926.9816666666667	1
1603	927.5583333333333	1
1604	928.135	1
1605	928.7116666666667	1
1606	929.2866666666666	1
1607	929.8583333333333	1
1608	930.4316666666666	1
1609	931.0033333333333	1
1610	931.5783333333334	1
1611	932.155	1
1612	932.7333333333333	1
1613	933.3083333333333	1
1614	933.8833333333333	1
1615	934.46	1
1616	935.035	1
1617	935.6116666666667	1
1618	936.1883333333334	1
1619	936.7616666666667	1
1620	937.335	1
1621	937.9066666666666	1
1622	938.48	1
1623	939.0533333333333	1
1624	939.63	1
1625	940.2066666666667	1
1626	940.7816666666666	1
1627	941.36	1
1628	941.9383333333334	1
1629	942.5133333333333	1
1630	943.09	1
1631	943.6666666666666	1
1632	944.2416666666667	1
1633	944.8133333333334	1
1634	945.385	1
1635	945.9583333333334	1
1636	946.53	1
1637	947.105	1
1638	947.6816666666666	1
1639	948.255	1
1640	948.83	1
1641	949.405	1
1642	949.98	1
1643	950.5566666666666	1
1644	951.14	1
1645	951.7233333333334	1
1646	952.3066666666666	1
1647	952.8866666666667	1
1648	953.4683333333334	1
1649	954.0466666666666	1
1650	954.6316666666667	1
1651	955.2166666666667	1
1652	955.8	1
1653	956.385	1
1654	956.9666666666667	1
1655	957.55	1
1656	958.13	1
1657	958.715	1
1658	959.3	1
1659	959.8816666666667	1
1660	960.4633333333334	1
1661	961.045	1
1662	961.6233333333333	1
1663	962.205	1
1664	962.79	1
1665	963.3733333333333	1
1666	963.9583333333334	1
1667	964.5416666666666	1
1668	965.1233333333333	1
1669	965.7066666666667	1
1670	966.2916666666666	1
1671	966.875	1
1672	967.46	1
1673	968.04	1
1674	968.6216666666667	1
1675	969.2033333333334	1
1676	969.7833333333333	1
1677	970.3666666666667	1
1678	970.95	1
1679	971.5333333333333	1
1680	972.1166666666667	1
1681	972.7016666666667	1
1682	973.2866666666666	1
1683	973.8716666666667	1
1684	974.455	1
1685	975.04	1
1686	975.6233333333333	1
1687	976.2033333333334	1
1688	976.785	1
1689	977.365	1
1690	977.9466666666667	1
1691	978.5316666666666	1
1692	979.115	1
1693	979.6983333333334	1
1694	980.28	1
1695	980.865	1
1696	981.45	1
1697	982.0333333333333	1
1698	982.615	1
1699	983.2	1
1700	983.78	1
1701	984.36	1
1702	984.94	1
1703	985.5216666666666	1
1704	986.1066666666667	1
1705	986.69	1
1706	987.2733333333333	1
1707	987.8566666666667	1
1708	988.4316666666666	1
1709	989.0083333333333	1
1710	989.5833333333334	1
1711	990.1583333333333	1
1712	990.735	1
1713	991.3066666666666	1
1714	991.8783333333333	1
1715	992.4483333333334	1
1716	993.02	1
1717	993.595	1
1718	994.1683333333333	1
1719	994.745	1
1720	995.3183333333334	1
1721	995.895	1
1722	996.47	1
1723	997.045	1
1724	997.62	1
1725	998.1933333333334	1
1726	998.7666666666667	1
1727	999.34	1
1728	999.9116666666666	1
1729	1000.4816666666667	1
1730	1001.0533333333333	1
1731	1001.6266666666667	1
1732	1002.2016666666667	1
1733	1002.7783333333333	1
1734	1003.3533333333334	1
1735	1003.93	1
1736	1004.5033333333333	1
1737	1005.0766666666667	1
1738	1005.65	1
1739	1006.225	1
1740	1006.7966666666666	1
1741	1007.3666666666667	1
1742	1007.9383333333334	1
1743	1008.51	1
1744	1009.085	1
1745	1009.6616666666666	1
1746	1010.2366666666667	1
1747	1010.8116666666666	1
1748	1011.3883333333333	1
1749	1011.9683333333334	1
1750	1012.5433333333333	1
1751	1013.1183333333333	1
1752	1013.6916666666667	1
1753	1014.2666666666667	1
1754	1014.84	1
1755	1015.4116666666666	1
1756	1015.9816666666667	1
1757	1016.5533333333333	1
1758	1017.1266666666667	1
1759	1017.7033333333334	1
1760	1018.2783333333333	1
1761	1018.8533333333334	1
1762	1019.4283333333333	1
1763	1020.0033333333333	1
1764	1020.5783333333334	1
1765	1021.1516666666666	1
1766	1021.7283333333334	1
1767	1022.3016666666666	1
1768	1022.8716666666667	1
1769	1023.4433333333334	1
1770	1024.0133333333333	1
1771	1024.5883333333334	1
1772	1025.1633333333334	1
1773	1025.7383333333332	1
1774	1026.3116666666667	1
1775	1026.8866666666668	1
1776	1027.4616666666666	1
1777	1028.0366666666666	1
1778	1028.61	1
1779	1029.185	1
1780	1029.7566666666667	1
1781	1030.3283333333334	1
1782	1030.8983333333333	1
1783	1031.4683333333332	1
1784	1032.0433333333333	1
1785	1032.6166666666666	1
1786	1033.1916666666666	1
1787	1033.765	1
1788	1034.34	1
1789	1034.9133333333334	1
1790	1035.4866666666667	1
1791	1036.06	1
1792	1036.635	1
1793	1037.2083333333333	1
1794	1037.78	1
1795	1038.35	1
1796	1038.92	1
1797	1039.49	1
1798	1040.065	1
1799	1040.6383333333333	1
1800	1041.2133333333334	1
1801	1041.7866666666666	1
1802	1042.3633333333332	1
1803	1042.9366666666667	1
1804	1043.51	1
1805	1044.0833333333333	1
1806	1044.6566666666668	1
1807	1045.2266666666667	1
1808	1045.7966666666666	1
1809	1046.3666666666666	1
1810	1046.9366666666667	1
1811	1047.51	1
1812	1048.085	1
1813	1048.6583333333333	1
1814	1049.2333333333333	1
1815	1049.8083333333334	1
1816	1050.3816666666667	1
1817	1050.9566666666667	1
1818	1051.53	1
1819	1052.1033333333332	1
1820	1052.6766666666667	1
1821	1053.25	1
1822	1053.82	1
1823	1054.3916666666667	1
1824	1054.9633333333334	1
1825	1055.5366666666666	1
1826	1056.11	1
1827	1056.6833333333334	1
1828	1057.2583333333334	1
1829	1057.8333333333333	1
1830	1058.4066666666668	1
1831	1058.9816666666666	1
1832	1059.5566666666666	1
1833	1060.1316666666667	1
1834	1060.7016666666666	1
1835	1061.2733333333333	1
1836	1061.8433333333332	1
1837	1062.415	1
1838	1062.9883333333332	1
1839	1063.5633333333333	1
1840	1064.1383333333333	1
1841	1064.7133333333334	1
1842	1065.2866666666666	1
1843	1065.8516666666667	1
1844	1066.4266666666667	1
1845	1067.0	1
1846	1067.575	1
1847	1068.1466666666668	1
1848	1068.7183333333332	1
1849	1069.29	1
1850	1069.86	1
1851	1070.4266666666667	1
1852	1071.005	1
1853	1071.575	1
1854	1072.1466666666668	1
1855	1072.715	1
1856	1073.28	1
1857	1073.8466666666666	1
1858	1074.4133333333334	1
1859	1074.975	1
1860	1075.5366666666666	1
1861	1076.0983333333334	1
1862	1076.66	1
1863	1077.22	1
1864	1077.7833333333333	1
1865	1078.35	1
1866	1078.9133333333334	1
1867	1079.4766666666667	1
1868	1080.0416666666667	1
1869	1080.6066666666666	1
1870	1081.17	1
1871	1081.7383333333332	1
1872	1082.3033333333333	1
1873	1082.8683333333333	1
1874	1083.435	1
1875	1083.9966666666667	1
1876	1084.5566666666666	1
1877	1085.1183333333333	1
1878	1085.6833333333334	1
1879	1086.25	1
1880	1086.8166666666666	1
1881	1087.38	1
1882	1087.9466666666667	1
1883	1088.5116666666668	1
1884	1089.075	1
1885	1089.6416666666667	1
1886	1090.2066666666667	1
1887	1090.7666666666667	1
1888	1091.3316666666667	1
1889	1091.8916666666667	1
1890	1092.4533333333334	1
1891	1093.02	1
1892	1093.585	1
1893	1094.1483333333333	1
1894	1094.7166666666667	1
1895	1095.28	1
1896	1095.8433333333332	1
1897	1096.405	1
1898	1096.9666666666667	1
1899	1097.5333333333333	1
1900	1098.1	1
1901	1098.6566666666668	1
1902	1099.2183333333332	1
1903	1099.7783333333334	1
1904	1100.34	1
1905	1100.905	1
1906	1101.4683333333332	1
1907	1102.0316666666668	1
1908	1102.6	1
1909	1103.16	1
1910	1103.725	1
1911	1104.29	1
1912	1104.8516666666667	1
1913	1105.415	1
1914	1105.975	1
1915	1106.535	1
1916	1107.0966666666666	1
1917	1107.6566666666668	1
1918	1108.2216666666666	1
1919	1108.7866666666666	1
1920	1109.3483333333334	1
1921	1109.9183333333333	1
1922	1110.4816666666666	1
1923	1111.045	1
1924	1111.6116666666667	1
1925	1112.18	1
1926	1112.7416666666666	1
1927	1113.3066666666666	1
1928	1113.8683333333333	1
1929	1114.4283333333333	1
1930	1114.99	1
1931	1115.5566666666666	1
1932	1116.1183333333333	1
1933	1116.6866666666667	1
1934	1117.2533333333333	1
1935	1117.8166666666666	1
1936	1118.3783333333333	1
1937	1118.9416666666666	1
1938	1119.5066666666667	1
1939	1120.075	1
1940	1120.64	1
1941	1121.2	1
1942	1121.7616666666668	1
1943	1122.3233333333333	1
1944	1122.8833333333334	1
1945	1123.45	1
1946	1124.015	1
1947	1124.5783333333334	1
1948	1125.145	1
1949	1125.71	1
1950	1126.2733333333333	1
1951	1126.8433333333332	1
1952	1127.4066666666668	1
1953	1127.97	1
1954	1128.5316666666668	1
1955	1129.0916666666667	1
1956	1129.655	1
1957	1130.2183333333332	1
1958	1130.7833333333333	1
1959	1131.3533333333332	1
1960	1131.9233333333334	1
1961	1132.49	1
1962	1133.0566666666666	1
1963	1133.62	1
1964	1134.1833333333334	1
1965	1134.75	1
1966	1135.3133333333333	1
1967	1135.8783333333333	1
1968	1136.4433333333334	1
1969	1137.0016666666668	1
1970	1137.5666666666666	1
1971	1138.13	1
1972	1138.6933333333334	1
1973	1139.2583333333334	1
1974	1139.8216666666667	1
1975	1140.3883333333333	1
1976	1140.955	1
1977	1141.52	1
1978	1142.0866666666666	1
1979	1142.655	1
1980	1143.22	1
1981	1143.7833333333333	1
1982	1144.3466666666666	1
1983	1144.9066666666668	1
1984	1145.47	1
1985	1146.0333333333333	1
1986	1146.5966666666666	1
1987	1147.16	1
1988	1147.7233333333334	1
1989	1148.2883333333334	1
1990	1148.855	1
1991	1149.42	1
1992	1149.985	1
1993	1150.5483333333334	1
1994	1151.11	1
1995	1151.675	1
1996	1152.235	1
1997	1152.7983333333334	1
1998	1153.365	1
1999	1153.9283333333333	1
2000	1154.5016666666668	1
2001	1155.08	1
2002	1155.6483333333333	1
2003	1156.225	1
2004	1156.7966666666666	1
2005	1157.3683333333333	1
2006	1157.94	1
2007	1158.5166666666667	1
2008	1159.085	1
2009	1159.6566666666668	1
2010	1160.2283333333332	1
2011	1160.8	1
2012	1161.375	1
2013	1161.945	1
2014	1162.5183333333334	1
2015	1163.0933333333332	1
2016	1163.665	1
2017	1164.2383333333332	1
2018	1164.8133333333333	1
2019	1165.3866666666668	1
2020	1165.9566666666667	1
2021	1166.53	1
2022	1167.1	1
2023	1167.67	1
2024	1168.2416666666666	1
2025	1168.8133333333333	1
2026	1169.385	1
2027	1169.9583333333333	1
2028	1170.53	1
2029	1171.1016666666667	1
2030	1171.6733333333334	1
2031	1172.2483333333332	1
2032	1172.82	1
2033	1173.3966666666668	1
2034	1173.9683333333332	1
2035	1174.5366666666666	1
2036	1175.11	1
2037	1175.6783333333333	1
2038	1176.25	1
2039	1176.8233333333333	1
2040	1177.395	1
2041	1177.9666666666667	1
2042	1178.5416666666667	1
2043	1179.1166666666666	1
2044	1179.685	1
2045	1180.2616666666668	1
2046	1180.8333333333333	1
2047	1181.4066666666668	1
2048	1181.98	1
2049	1182.5483333333334	1
2050	1183.1166666666666	1
2051	1183.6866666666667	1
2052	1184.255	1
2053	1184.8266666666666	1
2054	1185.4033333333334	1
2055	1185.9733333333334	1
2056	1186.5483333333334	1
2057	1187.12	1
2058	1187.6933333333334	1
2059	1188.2633333333333	1
2060	1188.8366666666666	1
2061	1189.4066666666668	1
2062	1189.9783333333332	1
2063	1190.5433333333333	1
2064	1191.1183333333333	1
2065	1191.6883333333333	1
2066	1192.2616666666668	1
2067	1192.8366666666666	1
2068	1193.4083333333333	1
2069	1193.9833333333333	1
2070	1194.56	1
2071	1195.1283333333333	1
2072	1195.7	1
2073	1196.275	1
2074	1196.8466666666666	1
2075	1197.4166666666667	1
2076	1197.9883333333332	1
2077	1198.555	1
2078	1199.125	1
2079	1199.7	1
2080	1200.2716666666668	1
2081	1200.8433333333332	1
2082	1201.4183333333333	1
2083	1201.9933333333333	1
2084	1202.5683333333334	1
2085	1203.14	1
2086	1203.7116666666666	1
2087	1204.285	1
2088	1204.8566666666666	1
2089	1205.425	1
2090	1205.995	1
2091	1206.5666666666666	1
2092	1207.14	1
2093	1207.71	1
2094	1208.285	1
2095	1208.8566666666666	1
2096	1209.4283333333333	1
2097	1210.0016666666668	1
2098	1210.5716666666667	1
2099	1211.1466666666668	1
2100	1211.7216666666666	1
2101	1212.2883333333334	1
2102	1212.8583333333333	1
2103	1213.43	1
2104	1213.995	1
2105	1214.565	1
2106	1215.1416666666667	1
2107	1215.7066666666667	1
2108	1216.2816666666668	1
2109	1216.8566666666666	1
2110	1217.4266666666667	1
2111	1217.9983333333332	1
2112	1218.5733333333333	1
2113	1219.1466666666668	1
2114	1219.7183333333332	1
2115	1220.2883333333334	1
2116	1220.8583333333333	1
2117	1221.425	1
2118	1221.995	1
2119	1222.5666666666666	1
2120	1223.1366666666668	1
2121	1223.7133333333334	1
2122	1224.2833333333333	1
2123	1224.8566666666666	1
2124	1225.4333333333334	1
2125	1226.0033333333333	1
2126	1226.5733333333333	1
2127	1227.1466666666668	1
2128	1227.7183333333332	1
2129	1228.285	1
2130	1228.8516666666667	1
2131	1229.4216666666666	1
2132	1229.995	1
2133	1230.565	1
2134	1231.135	1
2135	1231.7116666666666	1
2136	1232.285	1
2137	1232.8566666666666	1
2138	1233.4316666666666	1
2139	1234.005	1
2140	1234.58	1
2141	1235.155	1
2142	1235.7216666666666	1
2143	1236.2933333333333	1
2144	1236.86	1
2145	1237.43	1
2146	1238.005	1
2147	1238.5766666666666	1
2148	1239.15	1
2149	1239.7266666666667	1
2150	1240.2983333333334	1
2151	1240.8716666666667	1
2152	1241.4466666666667	1
2153	1242.0183333333334	1
2154	1242.5916666666667	1
2155	1243.165	1
2156	1243.7333333333333	1
2157	1244.3033333333333	1
2158	1244.875	1
2159	1245.4433333333334	1
2160	1246.0183333333334	1
2161	1246.5916666666667	1
2162	1247.165	1
2163	1247.7416666666666	1
2164	1248.3116666666667	1
2165	1248.8833333333334	1
2166	1249.4533333333334	1
2167	1250.025	1
2168	1250.5966666666666	1
2169	1251.1716666666666	1
2170	1251.7416666666666	1
2171	1252.31	1
2172	1252.8833333333334	1
2173	1253.455	1
2174	1254.0283333333334	1
2175	1254.605	1
2176	1255.1733333333334	1
2177	1255.745	1
2178	1256.3183333333334	1
2179	1256.8916666666667	1
2180	1257.4633333333334	1
2181	1258.0366666666666	1
2182	1258.6066666666666	1
2183	1259.1783333333333	1
2184	1259.7516666666668	1
2185	1260.3183333333334	1
2186	1260.8916666666667	1
2187	1261.465	1
2188	1262.0366666666666	1
2189	1262.605	1
2190	1263.1783333333333	1
2191	1263.7516666666668	1
2192	1264.3233333333333	1
2193	1264.8966666666668	1
2194	1265.4683333333332	1
2195	1266.0383333333334	1
2196	1266.6083333333333	1
2197	1267.1766666666667	1
2198	1267.7466666666667	1
2199	1268.3233333333333	1
2200	1268.8916666666667	1
2201	1269.4666666666667	1
2202	1270.0416666666667	1
2203	1270.6116666666667	1
2204	1271.185	1
2205	1271.7583333333334	1
2206	1272.3283333333334	1
2207	1272.9033333333334	1
2208	1273.4733333333334	1
2209	1274.0416666666667	1
2210	1274.6133333333332	1
2211	1275.1833333333334	1
2212	1275.7516666666668	1
2213	1276.325	1
2214	1276.8983333333333	1
2215	1277.47	1
2216	1278.0466666666666	1
2217	1278.6183333333333	1
2218	1279.19	1
2219	1279.7633333333333	1
2220	1280.3333333333333	1
2221	1280.9083333333333	1
2222	1281.4783333333332	1
2223	1282.0483333333334	1
2224	1282.6166666666666	1
2225	1283.1883333333333	1
2226	1283.7566666666667	1
2227	1284.3283333333334	1
2228	1284.9033333333334	1
2229	1285.4716666666666	1
2230	1286.0466666666666	1
2231	1286.6183333333333	1
2232	1287.1883333333333	1
2233	1287.7633333333333	1
2234	1288.335	1
2235	1288.905	1
2236	1289.48	1
2237	1290.045	1
2238	1290.6133333333332	1
2239	1291.1883333333333	1
2240	1291.76	1
2241	1292.335	1
2242	1292.91	1
2243	1293.4816666666666	1
2244	1294.0516666666667	1
2245	1294.6266666666668	1
2246	1295.2	1
2247	1295.7733333333333	1
2248	1296.3466666666666	1
2249	1296.92	1
2250	1297.4866666666667	1
2251	1298.05	1
2252	1298.6216666666667	1
2253	1299.195	1
2254	1299.7683333333334	1
2255	1300.3433333333332	1
2256	1300.9133333333334	1
2257	1301.4866666666667	1
2258	1302.0616666666667	1
2259	1302.6333333333334	1
2260	1303.205	1
2261	1303.7783333333334	1
2262	1304.3483333333334	1
2263	1304.9183333333333	1
2264	1305.4866666666667	1
2265	1306.0533333333333	1
2266	1306.6233333333332	1
2267	1307.195	1
2268	1307.7683333333334	1
2269	1308.345	1
2270	1308.9166666666667	1
2271	1309.4883333333332	1
2272	1310.0616666666667	1
2273	1310.6316666666667	1
2274	1311.1966666666667	1
2275	1311.7616666666668	1
2276	1312.325	1
2277	1312.8833333333334	1
2278	1313.4433333333334	1
2279	1314.01	1
2280	1314.5716666666667	1
2281	1315.135	1
2282	1315.7016666666666	1
2283	1316.2633333333333	1
2284	1316.8283333333334	1
2285	1317.3916666666667	1
2286	1317.9516666666666	1
2287	1318.5183333333334	1
2288	1319.0833333333333	1
2289	1319.6466666666668	1
2290	1320.21	1
2291	1320.7716666666668	1
2292	1321.33	1
2293	1321.8983333333333	1
2294	1322.4683333333332	1
2295	1323.04	1
2296	1323.6166666666666	1
2297	1324.1883333333333	1
2298	1324.7566666666667	1
2299	1325.3333333333333	1
2300	1325.9066666666668	1
2301	1326.4783333333332	1
2302	1327.05	1
2303	1327.6216666666667	1
2304	1328.19	1
2305	1328.7566666666667	1
2306	1329.3316666666667	1
2307	1329.9066666666668	1
2308	1330.475	1
2309	1331.0466666666666	1
2310	1331.6183333333333	1
2311	1332.1833333333334	1
2312	1332.7516666666668	1
2313	1333.3183333333334	1
2314	1333.8816666666667	1
2315	1334.4466666666667	1
2316	1335.01	1
2317	1335.5666666666666	1
2318	1336.1283333333333	1
2319	1336.6916666666666	1
2320	1337.2533333333333	1
2321	1337.8166666666666	1
2322	1338.3833333333334	1
2323	1338.9433333333334	1
2324	1339.5066666666667	1
2325	1340.0733333333333	1
2326	1340.6366666666668	1
2327	1341.2	1
2328	1341.7666666666667	1
2329	1342.325	1
2330	1342.885	1
2331	1343.4516666666666	1
2332	1344.0133333333333	1
2333	1344.5866666666666	1
2334	1345.155	1
2335	1345.7233333333334	1
2336	1346.2983333333334	1
2337	1346.8633333333332	1
2338	1347.4366666666667	1
2339	1348.0116666666668	1
2340	1348.58	1
2341	1349.1533333333334	1
2342	1349.7266666666667	1
2343	1350.295	1
2344	1350.8666666666666	1
2345	1351.435	1
2346	1352.005	1
2347	1352.58	1
2348	1353.15	1
2349	1353.7233333333334	1
2350	1354.2933333333333	1
2351	1354.8616666666667	1
2352	1355.4316666666666	1
2353	1356.005	1
2354	1356.5783333333334	1
2355	1357.1516666666666	1
2356	1357.7216666666666	1
2357	1358.2916666666667	1
2358	1358.8583333333333	1
2359	1359.425	1
2360	1360.0	1
2361	1360.5683333333334	1
2362	1361.14	1
2363	1361.7116666666666	1
2364	1362.2816666666668	1
2365	1362.8533333333332	1
2366	1363.4266666666667	1
2367	1363.9966666666667	1
2368	1364.57	1
2369	1365.1383333333333	1
2370	1365.705	1
2371	1366.2733333333333	1
2372	1366.845	1
2373	1367.415	1
2374	1367.9866666666667	1
2375	1368.56	1
2376	1369.1283333333333	1
2377	1369.7016666666666	1
2378	1370.28	1
2379	1370.8516666666667	1
2380	1371.425	1
2381	1372.0	1
2382	1372.5683333333334	1
2383	1373.135	1
2384	1373.7066666666667	1
2385	1374.2733333333333	1
2386	1374.84	1
2387	1375.4133333333334	1
2388	1375.9833333333333	1
2389	1376.5566666666666	1
2390	1377.1283333333333	1
2391	1377.7	1
2392	1378.2683333333334	1
2393	1378.8433333333332	1
2394	1379.415	1
2395	1379.9866666666667	1
2396	1380.5583333333334	1
2397	1381.1233333333332	1
2398	1381.6916666666666	1
2399	1382.26	1
2400	1382.8316666666667	1
2401	1383.4	1
2402	1383.9733333333334	1
2403	1384.5466666666666	1
2404	1385.1183333333333	1
2405	1385.6916666666666	1
2406	1386.2583333333334	1
2407	1386.8283333333334	1
2408	1387.4033333333334	1
2409	1387.97	1
2410	1388.5383333333334	1
2411	1389.1083333333333	1
2412	1389.675	1
2413	1390.245	1
2414	1390.815	1
2415	1391.39	1
2416	1391.9616666666666	1
2417	1392.5366666666666	1
2418	1393.1083333333333	1
2419	1393.6766666666667	1
2420	1394.2483333333332	1
2421	1394.8183333333334	1
2422	1395.39	1
2423	1395.96	1
2424	1396.5283333333334	1
2425	1397.0983333333334	1
2426	1397.665	1
2427	1398.235	1
2428	1398.8066666666666	1
2429	1399.3783333333333	1
2430	1399.95	1
2431	1400.5233333333333	1
2432	1401.0916666666667	1
2433	1401.665	1
2434	1402.24	1
2435	1402.8083333333334	1
2436	1403.38	1
2437	1403.95	1
2438	1404.52	1
2439	1405.09	1
2440	1405.6633333333334	1
2441	1406.2383333333332	1
2442	1406.8066666666666	1
2443	1407.38	1
2444	1407.95	1
2445	1408.5216666666668	1
2446	1409.0933333333332	1
2447	1409.6616666666666	1
2448	1410.2366666666667	1
2449	1410.805	1
2450	1411.3733333333332	1
2451	1411.9433333333334	1
2452	1412.51	1
2453	1413.08	1
2454	1413.655	1
2455	1414.2233333333334	1
2456	1414.7933333333333	1
2457	1415.3566666666666	1
2458	1415.9283333333333	1
2459	1416.5016666666668	1
2460	1417.0766666666666	1
2461	1417.6483333333333	1
2462	1418.22	1
2463	1418.7883333333334	1
2464	1419.3566666666666	1
2465	1419.9233333333334	1
2466	1420.4966666666667	1
2467	1421.065	1
2468	1421.635	1
2469	1422.2066666666667	1
2470	1422.7733333333333	1
2471	1423.3466666666666	1
2472	1423.9166666666667	1
2473	1424.485	1
2474	1425.0583333333334	1
2475	1425.6283333333333	1
2476	1426.2	1
2477	1426.77	1
2478	1427.3366666666666	1
2479	1427.9033333333334	1
2480	1428.475	1
2481	1429.0433333333333	1
2482	1429.6133333333332	1
2483	1430.185	1
2484	1430.7533333333333	1
2485	1431.3266666666666	1
2486	1431.9016666666666	1
2487	1432.4733333333334	1
2488	1433.0416666666667	1
2489	1433.6133333333332	1
2490	1434.1833333333334	1
2491	1434.7516666666668	1
2492	1435.325	1
2493	1435.89	1
2494	1436.4633333333334	1
2495	1437.0333333333333	1
2496	1437.6066666666666	1
2497	1438.1783333333333	1
2498	1438.7533333333333	1
2499	1439.3216666666667	1
2500	1439.8933333333334	1
2501	1440.4683333333332	1
2502	1441.04	1
2503	1441.6116666666667	1
2504	1442.1816666666666	1
2505	1442.7466666666667	1
2506	1443.3183333333334	1
2507	1443.8866666666668	1
2508	1444.4566666666667	1
2509	1445.03	1
2510	1445.6016666666667	1
2511	1446.1716666666666	1
2512	1446.7466666666667	1
2513	1447.3116666666667	1
2514	1447.885	1
2515	1448.455	1
2516	1449.0233333333333	1
2517	1449.5933333333332	1
2518	1450.1616666666666	1
2519	1450.7283333333332	1
2520	1451.2983333333334	1
2521	1451.8716666666667	1
2522	1452.44	1
2523	1453.01	1
2524	1453.5816666666667	1
2525	1454.1533333333334	1
2526	1454.7266666666667	1
2527	1455.2966666666666	1
2528	1455.865	1
2529	1456.4366666666667	1
2530	1457.0033333333333	1
2531	1457.5716666666667	1
2532	1458.14	1
2533	1458.71	1
2534	1459.275	1
2535	1459.8483333333334	1
2536	1460.425	1
2537	1460.995	1
2538	1461.565	1
2539	1462.1383333333333	1
2540	1462.7083333333333	1
2541	1463.2766666666666	1
2542	1463.85	1
2543	1464.4166666666667	1
2544	1464.985	1
2545	1465.555	1
2546	1466.1233333333332	1
2547	1466.6916666666666	1
2548	1467.2633333333333	1
2549	1467.835	1
2550	1468.405	1
2551	1468.9766666666667	1
2552	1469.5516666666667	1
2553	1470.1216666666667	1
2554	1470.69	1
2555	1471.2616666666668	1
2556	1471.83	1
2557	1472.3966666666668	1
2558	1472.965	1
2559	1473.5333333333333	1
2560	1474.0966666666666	1
2561	1474.6683333333333	1
2562	1475.2383333333332	1
2563	1475.805	1
2564	1476.3766666666668	1
2565	1476.945	1
2566	1477.5133333333333	1
2567	1478.0866666666666	1
2568	1478.6566666666668	1
2569	1479.2233333333334	1
2570	1479.7916666666667	1
2571	1480.355	1
2572	1480.9216666666666	1
2573	1481.49	1
2574	1482.0583333333334	1
2575	1482.6266666666668	1
2576	1483.1983333333333	1
2577	1483.7733333333333	1
2578	1484.3433333333332	1
2579	1484.9133333333334	1
2580	1485.485	1
2581	1486.0516666666667	1
2582	1486.6216666666667	1
2583	1487.1916666666666	1
2584	1487.7633333333333	1
2585	1488.3266666666666	1
2586	1488.8933333333334	1
2587	1489.46	1
2588	1490.0266666666666	1
2589	1490.6016666666667	1
2590	1491.1733333333334	1
2591	1491.7433333333333	1
2592	1492.3166666666666	1
2593	1492.8883333333333	1
2594	1493.46	1
2595	1494.03	1
2596	1494.5983333333334	1
2597	1495.1633333333334	1
2598	1495.7316666666666	1
2599	1496.295	1
2600	1496.8633333333332	1
2601	1497.435	1
2602	1498.0	1
2603	1498.5716666666667	1
2604	1499.1416666666667	1
2605	1499.7083333333333	1
2606	1500.2766666666666	1
2607	1500.8483333333334	1
2608	1501.4166666666667	1
2609	1501.985	1
2610	1502.555	1
2611	1503.1216666666667	1
2612	1503.6866666666667	1
2613	1504.2566666666667	1
2614	1504.8216666666667	1
2615	1505.3916666666667	1
2616	1505.9633333333334	1
2617	1506.535	1
2618	1507.105	1
2619	1507.675	1
2620	1508.2416666666666	1
2621	1508.81	1
2622	1509.3816666666667	1
2623	1509.9516666666666	1
2624	1510.5166666666667	1
2625	1511.085	1
2626	1511.6483333333333	1
2627	1512.2166666666667	1
2628	1512.785	1
2629	1513.3533333333332	1
2630	1513.925	1
2631	1514.4966666666667	1
2632	1515.065	1
2633	1515.6366666666668	1
2634	1516.2083333333333	1
2635	1516.7766666666666	1
2636	1517.345	1
2637	1517.9166666666667	1
2638	1518.4816666666666	1
2639	1519.0483333333334	1
2640	1519.615	1
2641	1520.1816666666666	1
2642	1520.7533333333333	1
2643	1521.3216666666667	1
2644	1521.8883333333333	1
2645	1522.46	1
2646	1523.0316666666668	1
2647	1523.5983333333334	1
2648	1524.165	1
2649	1524.735	1
2650	1525.3033333333333	1
2651	1525.87	1
2652	1526.44	1
2653	1527.005	1
2654	1527.5716666666667	1
2655	1528.1433333333334	1
2656	1528.715	1
2657	1529.285	1
2658	1529.855	1
2659	1530.4233333333334	1
2660	1530.9916666666666	1
2661	1531.5633333333333	1
2662	1532.1333333333334	1
2663	1532.7	1
2664	1533.2683333333334	1
2665	1533.835	1
2666	1534.4033333333334	1
2667	1534.9683333333332	1
2668	1535.54	1
2669	1536.1133333333332	1
2670	1536.6816666666666	1
2671	1537.255	1
2672	1537.8316666666667	1
2673	1538.4016666666666	1
2674	1538.9716666666666	1
2675	1539.54	1
2676	1540.11	1
2677	1540.68	1
2678	1541.2433333333333	1
2679	1541.81	1
2680	1542.3766666666668	1
2681	1542.9433333333334	1
2682	1543.515	1
2683	1544.085	1
2684	1544.6533333333334	1
2685	1545.2233333333334	1
2686	1545.795	1
2687	1546.365	1
2688	1546.935	1
2689	1547.5066666666667	1
2690	1548.07	1
2691	1548.6366666666668	1
2692	1549.205	1
2693	1549.7683333333334	1
2694	1550.3366666666666	1
2695	1550.9083333333333	1
2696	1551.4733333333334	1
2697	1552.0433333333333	1
2698	1552.6183333333333	1
2699	1553.1883333333333	1
2700	1553.7566666666667	1
2701	1554.3283333333334	1
2702	1554.8983333333333	1
2703	1555.465	1
2704	1556.0333333333333	1
2705	1556.5983333333334	1
2706	1557.165	1
2707	1557.7333333333333	1
2708	1558.305	1
2709	1558.8716666666667	1
2710	1559.4433333333334	1
2711	1560.0133333333333	1
2712	1560.5816666666667	1
2713	1561.15	1
2714	1561.7216666666666	1
2715	1562.2883333333334	1
2716	1562.8583333333333	1
2717	1563.43	1
2718	1563.9933333333333	1
2719	1564.5566666666666	1
2720	1565.125	1
2721	1565.6883333333333	1
2722	1566.2566666666667	1
2723	1566.825	1
2724	1567.3933333333334	1
2725	1567.9633333333334	1
2726	1568.5316666666668	1
2727	1569.1	1
2728	1569.6716666666666	1
2729	1570.2366666666667	1
2730	1570.805	1
2731	1571.3733333333332	1
2732	1571.9383333333333	1
2733	1572.5066666666667	1
2734	1573.0716666666667	1
2735	1573.64	1
2736	1574.21	1
2737	1574.7766666666666	1
2738	1575.345	1
2739	1575.915	1
2740	1576.4816666666666	1
2741	1577.05	1
2742	1577.6233333333332	1
2743	1578.19	1
2744	1578.76	1
2745	1579.33	1
2746	1579.8916666666667	1
2747	1580.46	1
2748	1581.03	1
2749	1581.6	1
2750	1582.1666666666667	1
2751	1582.74	1
2752	1583.3083333333334	1
2753	1583.88	1
2754	1584.4516666666666	1
2755	1585.0216666666668	1
2756	1585.59	1
2757	1586.1616666666666	1
2758	1586.7283333333332	1
2759	1587.2933333333333	1
2760	1587.8616666666667	1
2761	1588.425	1
2762	1588.9966666666667	1
2763	1589.57	1
2764	1590.1383333333333	1
2765	1590.7083333333333	1
2766	1591.2816666666668	1
2767	1591.8483333333334	1
2768	1592.4183333333333	1
2769	1592.9916666666666	1
2770	1593.5633333333333	1
2771	1594.1283333333333	1
2772	1594.695	1
2773	1595.2616666666668	1
2774	1595.8283333333334	1
2775	1596.3983333333333	1
2776	1596.97	1
2777	1597.5383333333334	1
2778	1598.105	1
2779	1598.675	1
2780	1599.25	1
2781	1599.8216666666667	1
2782	1600.3916666666667	1
2783	1600.9666666666667	1
2784	1601.5333333333333	1
2785	1602.1016666666667	1
2786	1602.67	1
2787	1603.2333333333333	1
2788	1603.8	1
2789	1604.3733333333332	1
2790	1604.9383333333333	1
2791	1605.5066666666667	1
2792	1606.0783333333334	1
2793	1606.6466666666668	1
2794	1607.2166666666667	1
2795	1607.7866666666666	1
2796	1608.3566666666666	1
2797	1608.9216666666666	1
2798	1609.49	1
2799	1610.0566666666666	1
2800	1610.6216666666667	1
2801	1611.19	1
2802	1611.7633333333333	1
2803	1612.33	1
2804	1612.9016666666666	1
2805	1613.475	1
2806	1614.0416666666667	1
2807	1614.6116666666667	1
2808	1615.18	1
2809	1615.75	1
2810	1616.32	1
2811	1616.89	1
2812	1617.4583333333333	1
2813	1618.025	1
2814	1618.5916666666667	1
2815	1619.1566666666668	1
2816	1619.7266666666667	1
2817	1620.2983333333334	1
2818	1620.8683333333333	1
2819	1621.435	1
2820	1622.0066666666667	1
2821	1622.5766666666666	1
2822	1623.1433333333334	1
2823	1623.7133333333334	1
2824	1624.2866666666666	1
2825	1624.8483333333334	1
2826	1625.4133333333334	1
2827	1625.9833333333333	1
2828	1626.55	1
2829	1627.1233333333332	1
2830	1627.6883333333333	1
2831	1628.26	1
2832	1628.8316666666667	1
2833	1629.4016666666666	1
2834	1629.9716666666666	1
2835	1630.5466666666666	1
2836	1631.1183333333333	1
2837	1631.685	1
2838	1632.2533333333333	1
2839	1632.82	1
2840	1633.385	1
2841	1633.9533333333334	1
2842	1634.5216666666668	1
2843	1635.0883333333334	1
2844	1635.66	1
2845	1636.2333333333333	1
2846	1636.8	1
2847	1637.37	1
2848	1637.94	1
2849	1638.5083333333334	1
2850	1639.075	1
2851	1639.6466666666668	1
2852	1640.2133333333334	1
2853	1640.7766666666666	1
2854	1641.3433333333332	1
2855	1641.91	1
2856	1642.4783333333332	1
2857	1643.0516666666667	1
2858	1643.6266666666668	1
2859	1644.1933333333334	1
2860	1644.76	1
2861	1645.3333333333333	1
2862	1645.9016666666666	1
2863	1646.4766666666667	1
2864	1647.0433333333333	1
2865	1647.6066666666666	1
2866	1648.1733333333334	1
2867	1648.7383333333332	1
2868	1649.3	1
2869	1649.8716666666667	1
2870	1650.4416666666666	1
2871	1651.01	1
2872	1651.5816666666667	1
2873	1652.1516666666666	1
2874	1652.7216666666666	1
2875	1653.2933333333333	1
2876	1653.8616666666667	1
2877	1654.43	1
2878	1655.0016666666668	1
2879	1655.565	1
2880	1656.1316666666667	1
2881	1656.7016666666666	1
2882	1657.2683333333334	1
2883	1657.835	1
2884	1658.4083333333333	1
2885	1658.9783333333332	1
2886	1659.5466666666666	1
2887	1660.1183333333333	1
2888	1660.69	1
2889	1661.255	1
2890	1661.825	1
2891	1662.395	1
2892	1662.9616666666666	1
2893	1663.525	1
2894	1664.0933333333332	1
2895	1664.655	1
2896	1665.2216666666666	1
2897	1665.7933333333333	1
2898	1666.36	1
2899	1666.93	1
2900	1667.5016666666668	1
2901	1668.07	1
2902	1668.6383333333333	1
2903	1669.2116666666666	1
2904	1669.7866666666666	1
2905	1670.35	1
2906	1670.9133333333334	1
2907	1671.485	1
2908	1672.0483333333334	1
2909	1672.6166666666666	1
2910	1673.1866666666667	1
2911	1673.755	1
2912	1674.3233333333333	1
2913	1674.8916666666667	1
2914	1675.4616666666666	1
2915	1676.0266666666666	1
2916	1676.6	1
2917	1677.1666666666667	1
2918	1677.73	1
2919	1678.2966666666666	1
2920	1678.8616666666667	1
2921	1679.425	1
2922	1679.995	1
2923	1680.565	1
2924	1681.1333333333334	1
2925	1681.7016666666666	1
2926	1682.2716666666668	1
2927	1682.8366666666666	1
2928	1683.41	1
2929	1683.98	1
2930	1684.55	1
2931	1685.12	1
2932	1685.6883333333333	1
2933	1686.2516666666668	1
2934	1686.8183333333334	1
2935	1687.3883333333333	1
2936	1687.9533333333334	1
2937	1688.525	1
2938	1689.095	1
2939	1689.6616666666666	1
2940	1690.2316666666666	1
2941	1690.8033333333333	1
2942	1691.37	1
2943	1691.9383333333333	1
2944	1692.5083333333334	1
2945	1693.0766666666666	1
2946	1693.6433333333334	1
2947	1694.2083333333333	1
2948	1694.7733333333333	1
2949	1695.3366666666666	1
2950	1695.905	1
2951	1696.475	1
2952	1697.0433333333333	1
2953	1697.6116666666667	1
2954	1698.1816666666666	1
2955	1698.7533333333333	1
2956	1699.3216666666667	1
2957	1699.8883333333333	1
2958	1700.46	1
2959	1701.02	1
2960	1701.5833333333333	1
2961	1702.15	1
2962	1702.715	1
2963	1703.2866666666666	1
2964	1703.8566666666666	1
2965	1704.425	1
2966	1704.995	1
2967	1705.5683333333334	1
2968	1706.1366666666668	1
2969	1706.7066666666667	1
2970	1707.2783333333334	1
2971	1707.8466666666666	1
2972	1708.4133333333334	1
2973	1708.98	1
2974	1709.5433333333333	1
2975	1710.11	1
2976	1710.6783333333333	1
2977	1711.2433333333333	1
2978	1711.8133333333333	1
2979	1712.3866666666668	1
2980	1712.9566666666667	1
2981	1713.525	1
2982	1714.095	1
2983	1714.665	1
2984	1715.235	1
2985	1715.805	1
2986	1716.3716666666667	1
2987	1716.9333333333334	1
2988	1717.5	1
2989	1718.0683333333334	1
2990	1718.6366666666668	1
2991	1719.205	1
2992	1719.775	1
2993	1720.3433333333332	1
2994	1720.9116666666666	1
2995	1721.485	1
2996	1722.0566666666666	1
2997	1722.625	1
2998	1723.1966666666667	1
2999	1723.765	1
3000	1724.3266666666666	1
3001	1724.8916666666667	1
3002	1725.4616666666666	1
3003	1726.0333333333333	1
3004	1726.6016666666667	1
3005	1727.1716666666666	1
3006	1727.7433333333333	1
3007	1728.3083333333334	1
3008	1728.88	1
3009	1729.4483333333333	1
3010	1730.0116666666668	1
3011	1730.5816666666667	1
3012	1731.1516666666666	1
3013	1731.715	1
3014	1732.285	1
3015	1732.8466666666666	1
3016	1733.415	1
3017	1733.9866666666667	1
3018	1734.555	1
3019	1735.1233333333332	1
3020	1735.6966666666667	1
3021	1736.265	1
3022	1736.835	1
3023	1737.4066666666668	1
3024	1737.9733333333334	1
3025	1738.5433333333333	1
3026	1739.1116666666667	1
3027	1739.675	1
3028	1740.2416666666666	1
3029	1740.8116666666667	1
3030	1741.38	1
3031	1741.9483333333333	1
3032	1742.5183333333334	1
3033	1743.085	1
3034	1743.65	1
3035	1744.2216666666666	1
3036	1744.7883333333334	1
3037	1745.355	1
3038	1745.9266666666667	1
3039	1746.495	1
3040	1747.06	1
3041	1747.6283333333333	1
3042	1748.1966666666667	1
3043	1748.7633333333333	1
3044	1749.33	1
3045	1749.9016666666666	1
3046	1750.4683333333332	1
3047	1751.04	1
3048	1751.6083333333333	1
3049	1752.1783333333333	1
3050	1752.75	1
3051	1753.3216666666667	1
3052	1753.8866666666668	1
3053	1754.4533333333334	1
3054	1755.0183333333334	1
3055	1755.5833333333333	1
3056	1756.1516666666666	1
3057	1756.7216666666666	1
3058	1757.2883333333334	1
3059	1757.8583333333333	1
3060	1758.4266666666667	1
3061	1758.995	1
3062	1759.5616666666667	1
3063	1760.1316666666667	1
3064	1760.6983333333333	1
3065	1761.2683333333334	1
3066	1761.8333333333333	1
3067	1762.395	1
3068	1762.96	1
3069	1763.525	1
3070	1764.095	1
3071	1764.6616666666666	1
3072	1765.2283333333332	1
3073	1765.795	1
3074	1766.3683333333333	1
3075	1766.9383333333333	1
3076	1767.505	1
3077	1768.0733333333333	1
3078	1768.645	1
3079	1769.21	1
3080	1769.7783333333334	1
3081	1770.3433333333332	1
3082	1770.905	1
3083	1771.47	1
3084	1772.0383333333334	1
3085	1772.605	1
3086	1773.1716666666666	1
3087	1773.74	1
3088	1774.3083333333334	1
3089	1774.875	1
3090	1775.4483333333333	1
3091	1776.0183333333334	1
3092	1776.5883333333334	1
3093	1777.1566666666668	1
3094	1777.7233333333334	1
3095	1778.2866666666666	1
3096	1778.8483333333334	1
3097	1779.4216666666666	1
3098	1779.9866666666667	1
3099	1780.5533333333333	1
3100	1781.125	1
3101	1781.6966666666667	1
3102	1782.2666666666667	1
3103	1782.835	1
3104	1783.405	1
3105	1783.9733333333334	1
3106	1784.54	1
3107	1785.105	1
3108	1785.6683333333333	1
3109	1786.235	1
3110	1786.8033333333333	1
3111	1787.37	1
3112	1787.94	1
3113	1788.5066666666667	1
3114	1789.07	1
3115	1789.6383333333333	1
3116	1790.205	1
3117	1790.7733333333333	1
3118	1791.3466666666666	1
3119	1791.9166666666667	1
3120	1792.4816666666666	1
3121	1793.045	1
3122	1793.61	1
3123	1794.175	1
3124	1794.7433333333333	1
3125	1795.3133333333333	1
3126	1795.88	1
3127	1796.445	1
3128	1797.015	1
3129	1797.5833333333333	1
3130	1798.1533333333334	1
3131	1798.7216666666666	1
3132	1799.2916666666667	1
3133	1799.8583333333333	1
3134	1800.4183333333333	1
3135	1800.985	1
3136	1801.5533333333333	1
3137	1802.1216666666667	1
3138	1802.69	1
3139	1803.2616666666668	1
3140	1803.8283333333334	1
3141	1804.4	1
3142	1804.9733333333334	1
3143	1805.54	1
3144	1806.11	1
3145	1806.6816666666666	1
3146	1807.245	1
3147	1807.8083333333334	1
3148	1808.375	1
3149	1808.9383333333333	1
3150	1809.505	1
3151	1810.08	1
3152	1810.6483333333333	1
3153	1811.2133333333334	1
3154	1811.785	1
3155	1812.3533333333332	1
3156	1812.9233333333334	1
3157	1813.495	1
3158	1814.0633333333333	1
3159	1814.63	1
3160	1815.1983333333333	1
3161	1815.7566666666667	1
3162	1816.32	1
3163	1816.885	1
3164	1817.4483333333333	1
3165	1818.0166666666667	1
3166	1818.5866666666666	1
3167	1819.15	1
3168	1819.7166666666667	1
3169	1820.2883333333334	1
3170	1820.8516666666667	1
3171	1821.4133333333334	1
3172	1821.985	1
3173	1822.545	1
3174	1823.1083333333333	1
3175	1823.6766666666667	1
3176	1824.2366666666667	1
3177	1824.805	1
3178	1825.375	1
3179	1825.945	1
3180	1826.5083333333334	1
3181	1827.0766666666666	1
3182	1827.6466666666668	1
3183	1828.215	1
3184	1828.785	1
3185	1829.355	1
3186	1829.9166666666667	1
3187	1830.4833333333333	1
3188	1831.05	1
3189	1831.6116666666667	1
3190	1832.175	1
3191	1832.7433333333333	1
3192	1833.3116666666667	1
3193	1833.8766666666668	1
3194	1834.4466666666667	1
3195	1835.0183333333334	1
3196	1835.5816666666667	1
3197	1836.1483333333333	1
3198	1836.7183333333332	1
3199	1837.285	1
3200	1837.8466666666666	1
3201	1838.415	1
3202	1838.9783333333332	1
3203	1839.54	1
3204	1840.1116666666667	1
3205	1840.6783333333333	1
3206	1841.2483333333332	1
3207	1841.8166666666666	1
3208	1842.3833333333334	1
3209	1842.9466666666667	1
3210	1843.5166666666667	1
3211	1844.08	1
3212	1844.6483333333333	1
3213	1845.2183333333332	1
3214	1845.785	1
3215	1846.35	1
3216	1846.9133333333334	1
3217	1847.4783333333332	1
3218	1848.0466666666666	1
3219	1848.615	1
3220	1849.1816666666666	1
3221	1849.7516666666668	1
3222	1850.3183333333334	1
3223	1850.8916666666667	1
3224	1851.4583333333333	1
3225	1852.02	1
3226	1852.5816666666667	1
3227	1853.1433333333334	1
3228	1853.7066666666667	1
3229	1854.2716666666668	1
3230	1854.8366666666666	1
3231	1855.405	1
3232	1855.9733333333334	1
3233	1856.54	1
3234	1857.11	1
3235	1857.6766666666667	1
3236	1858.2466666666667	1
3237	1858.8183333333334	1
3238	1859.3866666666668	1
3239	1859.9533333333334	1
3240	1860.5166666666667	1
3241	1861.08	1
3242	1861.6433333333334	1
3243	1862.205	1
3244	1862.775	1
3245	1863.3433333333332	1
3246	1863.9116666666666	1
3247	1864.475	1
3248	1865.0416666666667	1
3249	1865.61	1
3250	1866.1766666666667	1
3251	1866.745	1
3252	1867.3116666666667	1
3253	1867.8833333333334	1
3254	1868.4433333333334	1
3255	1869.0016666666668	1
3256	1869.5716666666667	1
3257	1870.1383333333333	1
3258	1870.7033333333334	1
3259	1871.2766666666666	1
3260	1871.845	1
3261	1872.41	1
3262	1872.9816666666666	1
3263	1873.5466666666666	1
3264	1874.1133333333332	1
3265	1874.68	1
3266	1875.2466666666667	1
3267	1875.805	1
3268	1876.3683333333333	1
3269	1876.935	1
3270	1877.4966666666667	1
3271	1878.055	1
3272	1878.615	1
3273	1879.1783333333333	1
3274	1879.7366666666667	1
3275	1880.2966666666666	1
3276	1880.855	1
3277	1881.415	1
3278	1881.9766666666667	1
3279	1882.5366666666666	1
3280	1883.095	1
3281	1883.6533333333334	1
3282	1884.21	1
3283	1884.7683333333334	1
3284	1885.3283333333334	1
3285	1885.8883333333333	1
3286	1886.4516666666666	1
3287	1887.0066666666667	1
3288	1887.5616666666667	1
3289	1888.1216666666667	1
3290	1888.6816666666666	1
3291	1889.2366666666667	1
3292	1889.7983333333334	1
3293	1890.36	1
3294	1890.9116666666666	1
3295	1891.4683333333332	1
3296	1892.0233333333333	1
3297	1892.5816666666667	1
3298	1893.14	1
3299	1893.7	1
3300	1894.2616666666668	1
3301	1894.82	1
3302	1895.375	1
3303	1895.9366666666667	1
3304	1896.4933333333333	1
3305	1897.0483333333334	1
3306	1897.6083333333333	1
3307	1898.1683333333333	1
3308	1898.7183333333332	1
3309	1899.2766666666666	1
3310	1899.8366666666666	1
3311	1900.3916666666667	1
3312	1900.9533333333334	1
3313	1901.515	1
3314	1902.075	1
3315	1902.6333333333334	1
3316	1903.195	1
3317	1903.755	1
3318	1904.31	1
3319	1904.8716666666667	1
3320	1905.4333333333334	1
3321	1905.9866666666667	1
3322	1906.54	1
3323	1907.0983333333334	1
3324	1907.66	1
3325	1908.215	1
3326	1908.7716666666668	1
3327	1909.3333333333333	1
3328	1909.8883333333333	1
3329	1910.445	1
3330	1911.01	1
3331	1911.5716666666667	1
3332	1912.1316666666667	1
3333	1912.6933333333334	1
3334	1913.2433333333333	1
3335	1913.8	1
3336	1914.3566666666666	1
3337	1914.9116666666666	1
3338	1915.4683333333332	1
3339	1916.03	1
3340	1916.59	1
3341	1917.145	1
3342	1917.705	1
3343	1918.2666666666667	1
3344	1918.825	1
3345	1919.3883333333333	1
3346	1919.9516666666666	1
3347	1920.5066666666667	1
3348	1921.0633333333333	1
3349	1921.62	1
3350	1922.1733333333334	1
3351	1922.7316666666666	1
3352	1923.2883333333334	1
3353	1923.845	1
3354	1924.41	1
3355	1924.97	1
3356	1925.525	1
3357	1926.0816666666667	1
3358	1926.64	1
3359	1927.1983333333333	1
3360	1927.755	1
3361	1928.315	1
3362	1928.8733333333332	1
3363	1929.425	1
3364	1929.9816666666666	1
3365	1930.5416666666667	1
3366	1931.105	1
3367	1931.665	1
3368	1932.2233333333334	1
3369	1932.78	1
3370	1933.34	1
3371	1933.9016666666666	1
3372	1934.46	1
3373	1935.02	1
3374	1935.5733333333333	1
3375	1936.1233333333332	1
3376	1936.6783333333333	1
3377	1937.2366666666667	1
3378	1937.7916666666667	1
3379	1938.3483333333334	1
3380	1938.9066666666668	1
3381	1939.4633333333334	1
3382	1940.0183333333334	1
3383	1940.5816666666667	1
3384	1941.1383333333333	1
3385	1941.6966666666667	1
3386	1942.2533333333333	1
3387	1942.81	1
3388	1943.3666666666666	1
3389	1943.9216666666666	1
3390	1944.48	1
3391	1945.035	1
3392	1945.59	1
3393	1946.15	1
3394	1946.705	1
3395	1947.26	1
3396	1947.8166666666666	1
3397	1948.3716666666667	1
3398	1948.9266666666667	1
3399	1949.485	1
3400	1950.0416666666667	1
3401	1950.5966666666666	1
3402	1951.155	1
3403	1951.705	1
3404	1952.265	1
3405	1952.8216666666667	1
3406	1953.3783333333333	1
3407	1953.9366666666667	1
3408	1954.4916666666666	1
3409	1955.0483333333334	1
3410	1955.6083333333333	1
3411	1956.165	1
3412	1956.7183333333332	1
3413	1957.2766666666666	1
3414	1957.8333333333333	1
3415	1958.39	1
3416	1958.9466666666667	1
3417	1959.5	1
3418	1960.055	1
3419	1960.615	1
3420	1961.1716666666666	1
3421	1961.73	1
3422	1962.2916666666667	1
3423	1962.8483333333334	1
3424	1963.4066666666668	1
3425	1963.965	1
3426	1964.525	1
3427	1965.08	1
3428	1965.6366666666668	1
3429	1966.195	1
3430	1966.7433333333333	1
3431	1967.2983333333334	1
3432	1967.8566666666666	1
3433	1968.415	1
3434	1968.9716666666666	1
3435	1969.5333333333333	1
3436	1970.095	1
3437	1970.6533333333334	1
3438	1971.2116666666666	1
3439	1971.7733333333333	1
3440	1972.3316666666667	1
3441	1972.8816666666667	1
3442	1973.4383333333333	1
3443	1973.995	1
3444	1974.5483333333334	1
3445	1975.1033333333332	1
3446	1975.6633333333334	1
3447	1976.22	1
3448	1976.7766666666666	1
3449	1977.335	1
3450	1977.8916666666667	1
3451	1978.45	1
3452	1979.005	1
3453	1979.5583333333334	1
3454	1980.1083333333333	1
3455	1980.6633333333334	1
3456	1981.22	1
3457	1981.7716666666668	1
3458	1982.3266666666666	1
3459	1982.885	1
3460	1983.4416666666666	1
3461	1984.0	1
3462	1984.555	1
3463	1985.1166666666666	1
3464	1985.68	1
3465	1986.2366666666667	1
3466	1986.79	1
3467	1987.3483333333334	1
3468	1987.9033333333334	1
3469	1988.4583333333333	1
3470	1989.0116666666668	1
3471	1989.5683333333334	1
3472	1990.1266666666668	1
3473	1990.6816666666666	1
3474	1991.2366666666667	1
3475	1991.7966666666666	1
3476	1992.35	1
3477	1992.9083333333333	1
3478	1993.4666666666667	1
3479	1994.0183333333334	1
3480	1994.5833333333333	1
3481	1995.14	1
3482	1995.6933333333334	1
3483	1996.2466666666667	1
3484	1996.8016666666667	1
3485	1997.3583333333333	1
3486	1997.915	1
3487	1998.4716666666666	1
3488	1999.0266666666666	1
3489	1999.5833333333333	1
3490	2000.14	1
3491	2000.6983333333333	1
3492	2001.2533333333333	1
3493	2001.8083333333334	1
3494	2002.365	1
3495	2002.92	1
3496	2003.4716666666666	1
3497	2004.0283333333334	1
3498	2004.5816666666667	1
3499	2005.1366666666668	1
3500	2005.6966666666667	1
3501	2006.255	1
3502	2006.81	1
3503	2007.3716666666667	1
3504	2007.925	1
3505	2008.4766666666667	1
3506	2009.0316666666668	1
3507	2009.5916666666667	1
3508	2010.1466666666668	1
3509	2010.6966666666667	1
3510	2011.2566666666667	1
3511	2011.8066666666666	1
3512	2012.355	1
3513	2012.915	1
3514	2013.4716666666666	1
3515	2014.0266666666666	1
3516	2014.5833333333333	1
3517	2015.1433333333334	1
3518	2015.6966666666667	1
3519	2016.255	1
3520	2016.815	1
3521	2017.3716666666667	1
3522	2017.9233333333334	1
3523	2018.48	1
3524	2019.035	1
3525	2019.5916666666667	1
3526	2020.1483333333333	1
3527	2020.7083333333333	1
3528	2021.2633333333333	1
3529	2021.8166666666666	1
3530	2022.375	1
3531	2022.93	1
3532	2023.485	1
3533	2024.0466666666666	1
3534	2024.6	1
3535	2025.155	1
3536	2025.7066666666667	1
3537	2026.2616666666668	1
3538	2026.815	1
3539	2027.37	1
3540	2027.9283333333333	1
3541	2028.4816666666666	1
3542	2029.0416666666667	1
3543	2029.595	1
3544	2030.1533333333334	1
3545	2030.7083333333333	1
3546	2031.2633333333333	1
3547	2031.8183333333334	1
3548	2032.3733333333332	1
3549	2032.9333333333334	1
3550	2033.4833333333333	1
3551	2034.0316666666668	1
3552	2034.5933333333332	1
3553	2035.1466666666668	1
3554	2035.7033333333334	1
3555	2036.2616666666668	1
3556	2036.8166666666666	1
3557	2037.3733333333332	1
3558	2037.9333333333334	1
3559	2038.4833333333333	1
3560	2039.0366666666666	1
3561	2039.59	1
3562	2040.145	1
3563	2040.69	1
3564	2041.2433333333333	1
3565	2041.7933333333333	1
3566	2042.345	1
3567	2042.905	1
3568	2043.4583333333333	1
3569	2044.0133333333333	1
3570	2044.5683333333334	1
3571	2045.1266666666668	1
3572	2045.6816666666666	1
3573	2046.2366666666667	1
3574	2046.7933333333333	1
3575	2047.3466666666666	1
3576	2047.8983333333333	1
3577	2048.45	1
3578	2049.0	1
3579	2049.556666666667	1
3580	2050.1133333333332	1
3581	2050.67	1
3582	2051.2283333333335	1
3583	2051.785	1
3584	2052.335	1
3585	2052.8933333333334	1
3586	2053.4483333333333	1
3587	2054.0033333333336	1
3588	2054.5583333333334	1
3589	2055.108333333333	1
3590	2055.661666666667	1
3591	2056.213333333333	1
3592	2056.7716666666665	1
3593	2057.326666666667	1
3594	2057.88	1
3595	2058.4333333333334	1
3596	2058.9866666666667	1
3597	2059.535	1
3598	2060.0933333333332	1
3599	2060.655	1
3600	2061.2066666666665	1
3601	2061.7633333333333	1
3602	2062.315	1
3603	2062.86	1
3604	2063.405	1
3605	2063.955	1
3606	2064.5133333333333	1
3607	2065.065	1
3608	2065.616666666667	1
3609	2066.1716666666666	1
3610	2066.725	1
3611	2067.28	1
3612	2067.83	1
3613	2068.38	1
3614	2068.935	1
3615	2069.485	1
3616	2070.0383333333334	1
3617	2070.5866666666666	1
3618	2071.1383333333333	1
3619	2071.695	1
3620	2072.2483333333334	1
3621	2072.8	1
3622	2073.3533333333335	1
3623	2073.9083333333333	1
3624	2074.4616666666666	1
3625	2075.0183333333334	1
3626	2075.5733333333333	1
3627	2076.125	1
3628	2076.681666666667	1
3629	2077.2366666666667	1
3630	2077.7833333333333	1
3631	2078.3366666666666	1
3632	2078.8866666666668	1
3633	2079.4383333333335	1
3634	2079.995	1
3635	2080.548333333333	1
3636	2081.0983333333334	1
3637	2081.6583333333333	1
3638	2082.2116666666666	1
3639	2082.7683333333334	1
3640	2083.3233333333333	1
3641	2083.875	1
3642	2084.425	1
3643	2084.975	1
3644	2085.5266666666666	1
3645	2086.0783333333334	1
3646	2086.6283333333336	1
3647	2087.1783333333333	1
3648	2087.7233333333334	1
3649	2088.27	1
3650	2088.8233333333333	1
3651	2089.3716666666664	1
3652	2089.9216666666666	1
3653	2090.4766666666665	1
3654	2091.0266666666666	1
3655	2091.5783333333334	1
3656	2092.135	1
3657	2092.6833333333334	1
3658	2093.233333333333	1
3659	2093.7883333333334	1
3660	2094.3416666666667	1
3661	2094.8966666666665	1
3662	2095.45	1
3663	2096.0016666666666	1
3664	2096.5583333333334	1
3665	2097.1116666666667	1
3666	2097.6683333333335	1
3667	2098.225	1
3668	2098.7766666666666	1
3669	2099.3233333333333	1
3670	2099.875	1
3671	2100.425	1
3672	2100.9733333333334	1
3673	2101.525	1
3674	2102.08	1
3675	2102.6316666666667	1
3676	2103.185	1
3677	2103.74	1
3678	2104.2883333333334	1
3679	2104.84	1
3680	2105.3933333333334	1
3681	2105.9466666666667	1
3682	2106.495	1
3683	2107.04	1
3684	2107.5933333333332	1
3685	2108.1383333333333	1
3686	2108.6916666666666	1
3687	2109.24	1
3688	2109.7883333333334	1
3689	2110.3316666666665	1
3690	2110.8816666666667	1
3691	2111.431666666667	1
3692	2111.975	1
3693	2112.525	1
3694	2113.076666666667	1
3695	2113.6183333333333	1
3696	2114.1666666666665	1
3697	2114.715	1
3698	2115.2566666666667	1
3699	2115.8016666666667	1
3700	2116.355	1
3701	2116.9	1
3702	2117.4466666666667	1
3703	2117.9933333333333	1
3704	2118.535	1
3705	2119.0833333333335	1
3706	2119.6316666666667	1
3707	2120.175	1
3708	2120.72	1
3709	2121.2616666666668	1
3710	2121.8	1
3711	2122.3416666666667	1
3712	2122.88	1
3713	2123.4216666666666	1
3714	2123.9683333333332	1
3715	2124.5133333333333	1
3716	2125.055	1
3717	2125.6	1
3718	2126.14	1
3719	2126.685	1
3720	2127.23	1
3721	2127.77	1
3722	2128.31	1
3723	2128.85	1
3724	2129.3866666666668	1
3725	2129.925	1
3726	2130.4666666666667	1
3727	2131.0033333333336	1
3728	2131.5466666666666	1
3729	2132.085	1
3730	2132.6233333333334	1
3731	2133.1666666666665	1
3732	2133.7066666666665	1
3733	2134.2483333333334	1
3734	2134.7883333333334	1
3735	2135.326666666667	1
3736	2135.865	1
3737	2136.4	1
3738	2136.935	1
3739	2137.475	1
3740	2138.01	1
3741	2138.5516666666667	1
3742	2139.0916666666667	1
3743	2139.63	1
3744	2140.17	1
3745	2140.7116666666666	1
3746	2141.25	1
3747	2141.7883333333334	1
3748	2142.3316666666665	1
3749	2142.8633333333332	1
3750	2143.4016666666666	1
3751	2143.94	1
3752	2144.4733333333334	1
3753	2145.0116666666668	1
3754	2145.555	1
3755	2146.0916666666667	1
3756	2146.6283333333336	1
3757	2147.1683333333335	1
3758	2147.705	1
3759	2148.2433333333333	1
3760	2148.7833333333333	1
3761	2149.3166666666666	1
3762	2149.855	1
3763	2150.39	1
3764	2150.9283333333333	1
3765	2151.465	1
3766	2152.0033333333336	1
3767	2152.5416666666665	1
3768	2153.0783333333334	1
3769	2153.615	1
3770	2154.1566666666668	1
3771	2154.693333333333	1
3772	2155.2316666666666	1
3773	2155.77	1
3774	2156.306666666667	1
3775	2156.845	1
3776	2157.3783333333336	1
3777	2157.9133333333334	1
3778	2158.4483333333333	1
3779	2158.9816666666666	1
3780	2159.52	1
3781	2160.0583333333334	1
3782	2160.595	1
3783	2161.1316666666667	1
3784	2161.6716666666666	1
3785	2162.205	1
3786	2162.7433333333333	1
3787	2163.2833333333333	1
3788	2163.815	1
3789	2164.35	1
3790	2164.885	1
3791	2165.4166666666665	1
3792	2165.951666666667	1
3793	2166.491666666667	1
3794	2167.028333333333	1
3795	2167.5666666666666	1
3796	2168.105	1
3797	2168.641666666667	1
3798	2169.18	1
3799	2169.7183333333332	1
3800	2170.2516666666666	1
3801	2170.7883333333334	1
3802	2171.3283333333334	1
3803	2171.858333333333	1
3804	2172.391666666667	1
3805	2172.923333333333	1
3806	2173.4566666666665	1
3807	2173.9966666666664	1
3808	2174.535	1
3809	2175.0716666666667	1
3810	2175.6116666666667	1
3811	2176.145	1
3812	2176.6833333333334	1
3813	2177.2233333333334	1
3814	2177.758333333333	1
3815	2178.2966666666666	1
3816	2178.83	1
3817	2179.3633333333332	1
3818	2179.8983333333335	1
3819	2180.43	1
3820	2180.9683333333332	1
3821	2181.51	1
3822	2182.0533333333333	1
3823	2182.6033333333335	1
3824	2183.1466666666665	1
3825	2183.693333333333	1
3826	2184.2383333333332	1
3827	2184.7833333333333	1
3828	2185.3333333333335	1
3829	2185.8766666666666	1
3830	2186.4183333333335	1
3831	2186.96	1
3832	2187.5	1
3833	2188.0466666666666	1
3834	2188.59	1
3835	2189.133333333333	1
3836	2189.681666666667	1
3837	2190.2233333333334	1
3838	2190.76	1
3839	2191.3016666666667	1
3840	2191.838333333333	1
3841	2192.375	1
3842	2192.911666666667	1
3843	2193.445	1
3844	2193.9766666666665	1
3845	2194.5116666666668	1
3846	2195.0433333333335	1
3847	2195.5783333333334	1
3848	2196.115	1
3849	2196.65	1
3850	2197.1883333333335	1
3851	2197.721666666667	1
3852	2198.26	1
3853	2198.798333333333	1
3854	2199.3316666666665	1
3855	2199.8683333333333	1
3856	2200.4016666666666	1
3857	2200.9333333333334	1
3858	2201.4683333333332	1
3859	2202.0	1
3860	2202.5333333333333	1
3861	2203.0716666666667	1
3862	2203.605	1
3863	2204.14	1
3864	2204.68	1
3865	2205.213333333333	1
3866	2205.75	1
3867	2206.2883333333334	1
3868	2206.8233333333333	1
3869	2207.3566666666666	1
3870	2207.891666666667	1
3871	2208.425	1
3872	2208.9566666666665	1
3873	2209.49	1
3874	2210.0266666666666	1
3875	2210.5616666666665	1
3876	2211.0983333333334	1
3877	2211.6383333333333	1
3878	2212.175	1
3879	2212.7116666666666	1
3880	2213.2516666666666	1
3881	2213.786666666667	1
3882	2214.326666666667	1
3883	2214.8616666666667	1
3884	2215.391666666667	1
3885	2215.9266666666667	1
3886	2216.4616666666666	1
3887	2216.9966666666664	1
3888	2217.5333333333333	1
3889	2218.0716666666667	1
3890	2218.6066666666666	1
3891	2219.1433333333334	1
3892	2219.68	1
3893	2220.213333333333	1
3894	2220.755	1
3895	2221.2916666666665	1
3896	2221.826666666667	1
3897	2222.36	1
3898	2222.8966666666665	1
3899	2223.4283333333333	1
3900	2223.963333333333	1
3901	2224.5016666666666	1
3902	2225.0383333333334	1
3903	2225.5733333333333	1
3904	2226.1116666666667	1
3905	2226.6483333333335	1
3906	2227.1866666666665	1
3907	2227.7233333333334	1
3908	2228.2633333333333	1
3909	2228.795	1
3910	2229.33	1
3911	2229.8633333333332	1
3912	2230.395	1
3913	2230.931666666667	1
3914	2231.4666666666667	1
3915	2232.0016666666666	1
3916	2232.54	1
3917	2233.075	1
3918	2233.61	1
3919	2234.15	1
3920	2234.6883333333335	1
3921	2235.225	1
3922	2235.7616666666668	1
3923	2236.298333333333	1
3924	2236.83	1
3925	2237.366666666667	1
3926	2237.9	1
3927	2238.4333333333334	1
3928	2238.971666666667	1
3929	2239.5066666666667	1
3930	2240.0416666666665	1
3931	2240.58	1
3932	2241.1133333333332	1
3933	2241.65	1
3934	2242.1883333333335	1
3935	2242.721666666667	1
3936	2243.2566666666667	1
3937	2243.7916666666665	1
3938	2244.3233333333333	1
3939	2244.8566666666666	1
3940	2245.39	1
3941	2245.9266666666667	1
3942	2246.463333333333	1
3943	2247.0016666666666	1
3944	2247.5383333333334	1
3945	2248.0733333333333	1
3946	2248.6116666666667	1
3947	2249.145	1
3948	2249.6833333333334	1
3949	2250.22	1
3950	2250.7516666666666	1
3951	2251.286666666667	1
3952	2251.8166666666666	1
3953	2252.3516666666665	1
3954	2252.8883333333333	1
3955	2253.4266666666667	1
3956	2253.965	1
3957	2254.5	1
3958	2255.035	1
3959	2255.5783333333334	1
3960	2256.115	1
3961	2256.6516666666666	1
3962	2257.1883333333335	1
3963	2257.721666666667	1
3964	2258.255	1
3965	2258.7916666666665	1
3966	2259.3233333333333	1
3967	2259.86	1
3968	2260.3983333333335	1
3969	2260.931666666667	1
3970	2261.4683333333332	1
3971	2262.005	1
3972	2262.5433333333335	1
3973	2263.0783333333334	1
3974	2263.616666666667	1
3975	2264.153333333333	1
3976	2264.6916666666666	1
3977	2265.2266666666665	1
3978	2265.7633333333333	1
3979	2266.2966666666666	1
3980	2266.8316666666665	1
3981	2267.3683333333333	1
3982	2267.9083333333333	1
3983	2268.445	1
3984	2268.98	1
3985	2269.52	1
3986	2270.055	1
3987	2270.5933333333332	1
3988	2271.135	1
3989	2271.6716666666666	1
3990	2272.21	1
3991	2272.745	1
3992	2273.2766666666666	1
3993	2273.81	1
3994	2274.3483333333334	1
3995	2274.883333333333	1
3996	2275.42	1
3997	2275.9583333333335	1
3998	2276.495	1
3999	2277.036666666667	1
4000	2277.5866666666666	1
4001	2278.13	1
4002	2278.6783333333333	1
4003	2279.2266666666665	1
4004	2279.766666666667	1
4005	2280.3116666666665	1
4006	2280.85	1
4007	2281.395	1
4008	2281.9416666666666	1
4009	2282.4866666666667	1
4010	2283.0316666666668	1
4011	2283.5783333333334	1
4012	2284.1266666666666	1
4013	2284.67	1
4014	2285.2166666666667	1
4015	2285.76	1
4016	2286.305	1
4017	2286.846666666667	1
4018	2287.3866666666668	1
4019	2287.93	1
4020	2288.475	1
4021	2289.0183333333334	1
4022	2289.565	1
4023	2290.1133333333332	1
4024	2290.655	1
4025	2291.2	1
4026	2291.7466666666664	1
4027	2292.2916666666665	1
4028	2292.835	1
4029	2293.383333333333	1
4030	2293.923333333333	1
4031	2294.4666666666667	1
4032	2295.01	1
4033	2295.55	1
4034	2296.0983333333334	1
4035	2296.6433333333334	1
4036	2297.1866666666665	1
4037	2297.7316666666666	1
4038	2298.2816666666668	1
4039	2298.8283333333334	1
4040	2299.3683333333333	1
4041	2299.9183333333335	1
4042	2300.463333333333	1
4043	2301.0033333333336	1
4044	2301.5466666666666	1
4045	2302.09	1
4046	2302.6316666666667	1
4047	2303.1766666666667	1
4048	2303.721666666667	1
4049	2304.265	1
4050	2304.8133333333335	1
4051	2305.3616666666667	1
4052	2305.905	1
4053	2306.45	1
4054	2306.9966666666664	1
4055	2307.5416666666665	1
4056	2308.0833333333335	1
4057	2308.6283333333336	1
4058	2309.17	1
4059	2309.7116666666666	1
4060	2310.255	1
4061	2310.8016666666667	1
4062	2311.3483333333334	1
4063	2311.8966666666665	1
4064	2312.443333333333	1
4065	2312.99	1
4066	2313.536666666667	1
4067	2314.08	1
4068	2314.6266666666666	1
4069	2315.173333333333	1
4070	2315.715	1
4071	2316.255	1
4072	2316.8	1
4073	2317.3366666666666	1
4074	2317.883333333333	1
4075	2318.431666666667	1
4076	2318.975	1
4077	2319.516666666667	1
4078	2320.0633333333335	1
4079	2320.608333333333	1
4080	2321.1516666666666	1
4081	2321.7	1
4082	2322.245	1
4083	2322.786666666667	1
4084	2323.3316666666665	1
4085	2323.8766666666666	1
4086	2324.415	1
4087	2324.96	1
4088	2325.5066666666667	1
4089	2326.048333333333	1
4090	2326.595	1
4091	2327.14	1
4092	2327.6833333333334	1
4093	2328.2283333333335	1
4094	2328.7733333333335	1
4095	2329.3216666666667	1
4096	2329.865	1
4097	2330.411666666667	1
4098	2330.951666666667	1
4099	2331.495	1
4100	2332.036666666667	1
4101	2332.58	1
4102	2333.125	1
4103	2333.6716666666666	1
4104	2334.2166666666667	1
4105	2334.76	1
4106	2335.306666666667	1
4107	2335.8533333333335	1
4108	2336.3983333333335	1
4109	2336.945	1
4110	2337.4883333333332	1
4111	2338.028333333333	1
4112	2338.5733333333333	1
4113	2339.1116666666667	1
4114	2339.655	1
4115	2340.201666666667	1
4116	2340.7466666666664	1
4117	2341.2916666666665	1
4118	2341.838333333333	1
4119	2342.3816666666667	1
4120	2342.9283333333333	1
4121	2343.4783333333335	1
4122	2344.0233333333335	1
4123	2344.568333333333	1
4124	2345.1133333333332	1
4125	2345.653333333333	1
4126	2346.1966666666667	1
4127	2346.7366666666667	1
4128	2347.285	1
4129	2347.83	1
4130	2348.38	1
4131	2348.93	1
4132	2349.4733333333334	1
4133	2350.0183333333334	1
4134	2350.565	1
4135	2351.1066666666666	1
4136	2351.6516666666666	1
4137	2352.1966666666667	1
4138	2352.7366666666667	1
4139	2353.2766666666666	1
4140	2353.82	1
4141	2354.3633333333332	1
4142	2354.9083333333333	1
4143	2355.4533333333334	1
4144	2355.9983333333334	1
4145	2356.5433333333335	1
4146	2357.088333333333	1
4147	2357.6316666666667	1
4148	2358.1783333333333	1
4149	2358.7233333333334	1
4150	2359.27	1
4151	2359.8116666666665	1
4152	2360.3516666666665	1
4153	2360.8966666666665	1
4154	2361.4366666666665	1
4155	2361.983333333333	1
4156	2362.5316666666668	1
4157	2363.0733333333333	1
4158	2363.6183333333333	1
4159	2364.165	1
4160	2364.71	1
4161	2365.2533333333336	1
4162	2365.8	1
4163	2366.346666666667	1
4164	2366.8866666666668	1
4165	2367.431666666667	1
4166	2367.9733333333334	1
4167	2368.5133333333333	1
4168	2369.056666666667	1
4169	2369.6033333333335	1
4170	2370.1466666666665	1
4171	2370.6916666666666	1
4172	2371.2383333333332	1
4173	2371.785	1
4174	2372.3283333333334	1
4175	2372.8733333333334	1
4176	2373.4183333333335	1
4177	2373.96	1
4178	2374.5016666666666	1
4179	2375.045	1
4180	2375.5833333333335	1
4181	2376.13	1
4182	2376.675	1
4183	2377.2166666666667	1
4184	2377.765	1
4185	2378.3133333333335	1
4186	2378.8533333333335	1
4187	2379.4	1
4188	2379.945	1
4189	2380.4883333333332	1
4190	2381.035	1
4191	2381.5783333333334	1
4192	2382.116666666667	1
4193	2382.6583333333333	1
4194	2383.201666666667	1
4195	2383.745	1
4196	2384.2916666666665	1
4197	2384.8366666666666	1
4198	2385.3783333333336	1
4199	2385.9283333333333	1
4200	2386.47	1
4201	2387.0133333333333	1
4202	2387.5616666666665	1
4203	2388.105	1
4204	2388.6466666666665	1
4205	2389.19	1
4206	2389.735	1
4207	2390.2766666666666	1
4208	2390.8166666666666	1
4209	2391.3683333333333	1
4210	2391.9166666666665	1
4211	2392.4566666666665	1
4212	2393.0033333333336	1
4213	2393.548333333333	1
4214	2394.0933333333332	1
4215	2394.6383333333333	1
4216	2395.1783333333333	1
4217	2395.725	1
4218	2396.266666666667	1
4219	2396.8083333333334	1
4220	2397.3516666666665	1
4221	2397.8933333333334	1
4222	2398.4366666666665	1
4223	2398.9816666666666	1
4224	2399.5266666666666	1
4225	2400.0716666666667	1
4226	2400.6183333333333	1
4227	2401.161666666667	1
4228	2401.7066666666665	1
4229	2402.2533333333336	1
4230	2402.798333333333	1
4231	2403.3416666666667	1
4232	2403.88	1
4233	2404.42	1
4234	2404.963333333333	1
4235	2405.508333333333	1
4236	2406.05	1
4237	2406.5983333333334	1
4238	2407.1466666666665	1
4239	2407.6866666666665	1
4240	2408.2316666666666	1
4241	2408.78	1
4242	2409.3216666666667	1
4243	2409.8683333333333	1
4244	2410.4133333333334	1
4245	2410.9533333333334	1
4246	2411.495	1
4247	2412.0383333333334	1
4248	2412.5816666666665	1
4249	2413.1266666666666	1
4250	2413.6716666666666	1
4251	2414.215	1
4252	2414.76	1
4253	2415.3083333333334	1
4254	2415.8483333333334	1
4255	2416.395	1
4256	2416.9416666666666	1
4257	2417.483333333333	1
4258	2418.0233333333335	1
4259	2418.5666666666666	1
4260	2419.1066666666666	1
4261	2419.645	1
4262	2420.19	1
4263	2420.7383333333332	1
4264	2421.28	1
4265	2421.8233333333333	1
4266	2422.3683333333333	1
4267	2422.9133333333334	1
4268	2423.4566666666665	1
4269	2424.0016666666666	1
4270	2424.545	1
4271	2425.085	1
4272	2425.63	1
4273	2426.1666666666665	1
4274	2426.71	1
4275	2427.2533333333336	1
4276	2427.795	1
4277	2428.34	1
4278	2428.883333333333	1
4279	2429.4283333333333	1
4280	2429.9766666666665	1
4281	2430.516666666667	1
4282	2431.06	1
4283	2431.605	1
4284	2432.1466666666665	1
4285	2432.6866666666665	1
4286	2433.2283333333335	1
4287	2433.765	1
4288	2434.3083333333334	1
4289	2434.8533333333335	1
4290	2435.3933333333334	1
4291	2435.9383333333335	1
4292	2436.483333333333	1
4293	2437.0266666666666	1
4294	2437.568333333333	1
4295	2438.1133333333332	1
4296	2438.661666666667	1
4297	2439.2033333333334	1
4298	2439.7433333333333	1
4299	2440.286666666667	1
4300	2440.825	1
4301	2441.36	1
4302	2441.903333333333	1
4303	2442.451666666667	1
4304	2442.995	1
4305	2443.5383333333334	1
4306	2444.085	1
4307	2444.6283333333336	1
4308	2445.1716666666666	1
4309	2445.7183333333332	1
4310	2446.26	1
4311	2446.8016666666667	1
4312	2447.345	1
4313	2447.883333333333	1
4314	2448.423333333333	1
4315	2448.9683333333332	1
4316	2449.5116666666668	1
4317	2450.0533333333333	1
4318	2450.6033333333335	1
4319	2451.1483333333335	1
4320	2451.695	1
4321	2452.241666666667	1
4322	2452.7833333333333	1
4323	2453.3283333333334	1
4324	2453.875	1
4325	2454.415	1
4326	2454.9533333333334	1
4327	2455.495	1
4328	2456.036666666667	1
4329	2456.5783333333334	1
4330	2457.125	1
4331	2457.6716666666666	1
4332	2458.2116666666666	1
4333	2458.7566666666667	1
4334	2459.3016666666667	1
4335	2459.84	1
4336	2460.3816666666667	1
4337	2460.9283333333333	1
4338	2461.471666666667	1
4339	2462.01	1
4340	2462.55	1
4341	2463.0916666666667	1
4342	2463.633333333333	1
4343	2464.18	1
4344	2464.7266666666665	1
4345	2465.27	1
4346	2465.8116666666665	1
4347	2466.3566666666666	1
4348	2466.9016666666666	1
4349	2467.445	1
4350	2467.99	1
4351	2468.535	1
4352	2469.076666666667	1
4353	2469.616666666667	1
4354	2470.155	1
4355	2470.695	1
4356	2471.241666666667	1
4357	2471.79	1
4358	2472.33	1
4359	2472.8766666666666	1
4360	2473.4183333333335	1
4361	2473.963333333333	1
4362	2474.5116666666668	1
4363	2475.056666666667	1
4364	2475.5983333333334	1
4365	2476.1433333333334	1
4366	2476.681666666667	1
4367	2477.22	1
4368	2477.7616666666668	1
4369	2478.31	1
4370	2478.85	1
4371	2479.395	1
4372	2479.9366666666665	1
4373	2480.4783333333335	1
4374	2481.025	1
4375	2481.565	1
4376	2482.1116666666667	1
4377	2482.655	1
4378	2483.1983333333333	1
4379	2483.7366666666667	1
4380	2484.2816666666668	1
4381	2484.818333333333	1
4382	2485.36	1
4383	2485.905	1
4384	2486.4483333333333	1
4385	2486.991666666667	1
4386	2487.535	1
4387	2488.0783333333334	1
4388	2488.6216666666664	1
4389	2489.165	1
4390	2489.713333333333	1
4391	2490.2516666666666	1
4392	2490.7933333333335	1
4393	2491.3333333333335	1
4394	2491.8716666666664	1
4395	2492.4166666666665	1
4396	2492.9566666666665	1
4397	2493.5	1
4398	2494.048333333333	1
4399	2494.5916666666667	1
4400	2495.135	1
4401	2495.681666666667	1
4402	2496.2233333333334	1
4403	2496.765	1
4404	2497.3116666666665	1
4405	2497.85	1
4406	2498.391666666667	1
4407	2498.9333333333334	1
4408	2499.4733333333334	1
4409	2500.0133333333333	1
4410	2500.56	1
4411	2501.105	1
4412	2501.6483333333335	1
4413	2502.193333333333	1
4414	2502.735	1
4415	2503.2766666666666	1
4416	2503.825	1
4417	2504.366666666667	1
4418	2504.9083333333333	1
4419	2505.45	1
4420	2505.991666666667	1
4421	2506.5316666666668	1
4422	2507.075	1
4423	2507.615	1
4424	2508.16	1
4425	2508.7033333333334	1
4426	2509.245	1
4427	2509.7916666666665	1
4428	2510.3366666666666	1
4429	2510.883333333333	1
4430	2511.4266666666667	1
4431	2511.971666666667	1
4432	2512.5116666666668	1
4433	2513.05	1
4434	2513.5933333333332	1
4435	2514.1366666666668	1
4436	2514.6783333333333	1
4437	2515.2233333333334	1
4438	2515.766666666667	1
4439	2516.31	1
4440	2516.8533333333335	1
4441	2517.4	1
4442	2517.94	1
4443	2518.483333333333	1
4444	2519.028333333333	1
4445	2519.5733333333333	1
4446	2520.11	1
4447	2520.6516666666666	1
4448	2521.1916666666666	1
4449	2521.733333333333	1
4450	2522.28	1
4451	2522.826666666667	1
4452	2523.37	1
4453	2523.915	1
4454	2524.463333333333	1
4455	2525.005	1
4456	2525.548333333333	1
4457	2526.0933333333332	1
4458	2526.635	1
4459	2527.1766666666667	1
4460	2527.7183333333332	1
4461	2528.258333333333	1
4462	2528.7966666666666	1
4463	2529.3416666666667	1
4464	2529.8816666666667	1
4465	2530.4283333333333	1
4466	2530.975	1
4467	2531.5183333333334	1
4468	2532.0616666666665	1
4469	2532.6016666666665	1
4470	2533.1466666666665	1
4471	2533.69	1
4472	2534.23	1
4473	2534.77	1
4474	2535.3133333333335	1
4475	2535.8516666666665	1
4476	2536.3933333333334	1
4477	2536.9366666666665	1
4478	2537.483333333333	1
4479	2538.0233333333335	1
4480	2538.5666666666666	1
4481	2539.1116666666667	1
4482	2539.655	1
4483	2540.195	1
4484	2540.7383333333332	1
4485	2541.2816666666668	1
4486	2541.818333333333	1
4487	2542.3633333333332	1
4488	2542.9016666666666	1
4489	2543.4416666666666	1
4490	2543.985	1
4491	2544.5333333333333	1
4492	2545.08	1
4493	2545.62	1
4494	2546.1633333333334	1
4495	2546.7083333333335	1
4496	2547.25	1
4497	2547.795	1
4498	2548.338333333333	1
4499	2548.88	1
4500	2549.4166666666665	1
4501	2549.9566666666665	1
4502	2550.4983333333334	1
4503	2551.0466666666666	1
4504	2551.588333333333	1
4505	2552.133333333333	1
4506	2552.6783333333333	1
4507	2553.221666666667	1
4508	2553.7683333333334	1
4509	2554.3116666666665	1
4510	2554.8533333333335	1
4511	2555.4	1
4512	2555.943333333333	1
4513	2556.4816666666666	1
4514	2557.025	1
4515	2557.5666666666666	1
4516	2558.108333333333	1
4517	2558.65	1
4518	2559.1983333333333	1
4519	2559.741666666667	1
4520	2560.2833333333333	1
4521	2560.83	1
4522	2561.375	1
4523	2561.9166666666665	1
4524	2562.46	1
4525	2563.005	1
4526	2563.5433333333335	1
4527	2564.085	1
4528	2564.6266666666666	1
4529	2565.1666666666665	1
4530	2565.713333333333	1
4531	2566.258333333333	1
4532	2566.8	1
4533	2567.345	1
4534	2567.89	1
4535	2568.431666666667	1
4536	2568.9783333333335	1
4537	2569.5233333333335	1
4538	2570.0666666666666	1
4539	2570.608333333333	1
4540	2571.1516666666666	1
4541	2571.693333333333	1
4542	2572.233333333333	1
4543	2572.778333333333	1
4544	2573.3233333333333	1
4545	2573.865	1
4546	2574.41	1
4547	2574.9533333333334	1
4548	2575.4966666666664	1
4549	2576.0383333333334	1
4550	2576.585	1
4551	2577.1316666666667	1
4552	2577.67	1
4553	2578.2116666666666	1
4554	2578.755	1
4555	2579.295	1
4556	2579.8333333333335	1
4557	2580.38	1
4558	2580.923333333333	1
4559	2581.465	1
4560	2582.0116666666668	1
4561	2582.5533333333333	1
4562	2583.096666666667	1
4563	2583.6433333333334	1
4564	2584.1883333333335	1
4565	2584.73	1
4566	2585.2716666666665	1
4567	2585.8133333333335	1
4568	2586.355	1
4569	2586.891666666667	1
4570	2587.4366666666665	1
4571	2587.983333333333	1
4572	2588.528333333333	1
4573	2589.0666666666666	1
4574	2589.615	1
4575	2590.1583333333333	1
4576	2590.701666666667	1
4577	2591.25	1
4578	2591.7933333333335	1
4579	2592.3333333333335	1
4580	2592.8766666666666	1
4581	2593.415	1
4582	2593.9566666666665	1
4583	2594.5016666666666	1
4584	2595.0433333333335	1
4585	2595.585	1
4586	2596.1266666666666	1
4587	2596.67	1
4588	2597.213333333333	1
4589	2597.755	1
4590	2598.298333333333	1
4591	2598.845	1
4592	2599.385	1
4593	2599.925	1
4594	2600.4666666666667	1
4595	2601.0066666666667	1
4596	2601.5466666666666	1
4597	2602.0916666666667	1
4598	2602.635	1
4599	2603.1766666666667	1
4600	2603.7166666666667	1
4601	2604.2616666666668	1
4602	2604.8033333333333	1
4603	2605.3483333333334	1
4604	2605.8933333333334	1
4605	2606.4366666666665	1
4606	2606.9766666666665	1
4607	2607.516666666667	1
4608	2608.056666666667	1
4609	2608.595	1
4610	2609.141666666667	1
4611	2609.6866666666665	1
4612	2610.2283333333335	1
4613	2610.77	1
4614	2611.3166666666666	1
4615	2611.86	1
4616	2612.4016666666666	1
4617	2612.9483333333333	1
4618	2613.491666666667	1
4619	2614.03	1
4620	2614.5716666666667	1
4621	2615.1116666666667	1
4622	2615.653333333333	1
4623	2616.1966666666667	1
4624	2616.741666666667	1
4625	2617.2833333333333	1
4626	2617.826666666667	1
4627	2618.3716666666664	1
4628	2618.9183333333335	1
4629	2619.46	1
4630	2620.0033333333336	1
4631	2620.548333333333	1
4632	2621.0916666666667	1
4633	2621.63	1
4634	2622.173333333333	1
4635	2622.7116666666666	1
4636	2623.25	1
4637	2623.795	1
4638	2624.338333333333	1
4639	2624.8783333333336	1
4640	2625.423333333333	1
4641	2625.9666666666667	1
4642	2626.51	1
4643	2627.05	1
4644	2627.5933333333332	1
4645	2628.1366666666668	1
4646	2628.675	1
4647	2629.2083333333335	1
4648	2629.7483333333334	1
4649	2630.2883333333334	1
4650	2630.8316666666665	1
4651	2631.3766666666666	1
4652	2631.9216666666666	1
4653	2632.463333333333	1
4654	2633.005	1
4655	2633.55	1
4656	2634.0933333333332	1
4657	2634.633333333333	1
4658	2635.1783333333333	1
4659	2635.721666666667	1
4660	2636.2616666666668	1
4661	2636.798333333333	1
4662	2637.34	1
4663	2637.8816666666667	1
4664	2638.4283333333333	1
4665	2638.9666666666667	1
4666	2639.51	1
4667	2640.0533333333333	1
4668	2640.6	1
4669	2641.14	1
4670	2641.68	1
4671	2642.2266666666665	1
4672	2642.7683333333334	1
4673	2643.31	1
4674	2643.85	1
4675	2644.39	1
4676	2644.9266666666667	1
4677	2645.47	1
4678	2646.016666666667	1
4679	2646.5583333333334	1
4680	2647.1	1
4681	2647.645	1
4682	2648.1883333333335	1
4683	2648.73	1
4684	2649.275	1
4685	2649.82	1
4686	2650.358333333333	1
4687	2650.8983333333335	1
4688	2651.44	1
4689	2651.9783333333335	1
4690	2652.5183333333334	1
4691	2653.0633333333335	1
4692	2653.6033333333335	1
4693	2654.145	1
4694	2654.6883333333335	1
4695	2655.235	1
4696	2655.7766666666666	1
4697	2656.3166666666666	1
4698	2656.86	1
4699	2657.403333333333	1
4700	2657.943333333333	1
4701	2658.4816666666666	1
4702	2659.0233333333335	1
4703	2659.565	1
4704	2660.1066666666666	1
4705	2660.6483333333335	1
4706	2661.193333333333	1
4707	2661.733333333333	1
4708	2662.2766666666666	1
4709	2662.82	1
4710	2663.365	1
4711	2663.911666666667	1
4712	2664.4533333333334	1
4713	2664.99	1
4714	2665.525	1
4715	2666.06	1
4716	2666.588333333333	1
4717	2667.1216666666664	1
4718	2667.6566666666668	1
4719	2668.19	1
4720	2668.725	1
4721	2669.27	1
4722	2669.8133333333335	1
4723	2670.3516666666665	1
4724	2670.8966666666665	1
4725	2671.44	1
4726	2671.9816666666666	1
4727	2672.5216666666665	1
4728	2673.0616666666665	1
4729	2673.5983333333334	1
4730	2674.1383333333333	1
4731	2674.6866666666665	1
4732	2675.2283333333335	1
4733	2675.7733333333335	1
4734	2676.318333333333	1
4735	2676.86	1
4736	2677.4016666666666	1
4737	2677.9466666666667	1
4738	2678.4866666666667	1
4739	2679.028333333333	1
4740	2679.568333333333	1
4741	2680.1116666666667	1
4742	2680.6483333333335	1
4743	2681.185	1
4744	2681.73	1
4745	2682.2733333333335	1
4746	2682.815	1
4747	2683.3566666666666	1
4748	2683.9	1
4749	2684.443333333333	1
4750	2684.983333333333	1
4751	2685.528333333333	1
4752	2686.07	1
4753	2686.6116666666667	1
4754	2687.153333333333	1
4755	2687.6966666666667	1
4756	2688.233333333333	1
4757	2690.27	1
4758	2690.8316666666665	1
4759	2691.3766666666666	1
4760	2691.9166666666665	1
4761	2692.455	1
4762	2693.0	1
4763	2693.545	1
4764	2694.0866666666666	1
4765	2694.63	1
4766	2695.173333333333	1
4767	2695.715	1
4768	2696.2516666666666	1
4769	2696.7933333333335	1
4770	2697.335	1
4771	2697.8783333333336	1
4772	2698.4183333333335	1
4773	2698.96	1
4774	2699.5033333333336	1
4775	2700.045	1
4776	2700.59	1
4777	2701.1366666666668	1
4778	2701.6766666666667	1
4779	2702.2183333333332	1
4780	2702.755	1
4781	2703.2833333333333	1
4782	2703.815	1
4783	2704.3516666666665	1
4784	2704.885	1
4785	2705.4266666666667	1
4786	2705.971666666667	1
4787	2706.515	1
4788	2708.5583333333334	1
4789	2709.115	1
4790	2709.6583333333333	1
4791	2710.1983333333333	1
4792	2710.741666666667	1
4793	2711.2833333333333	1
4794	2711.818333333333	1
4795	2712.358333333333	1
4796	2712.8983333333335	1
4797	2713.4366666666665	1
4798	2713.9733333333334	1
4799	2714.5133333333333	1
4800	2715.0583333333334	1
4801	2715.5983333333334	1
4802	2716.14	1
4803	2716.6833333333334	1
4804	2717.2233333333334	1
4805	2717.7616666666668	1
4806	2718.306666666667	1
4807	2718.845	1
4808	2719.38	1
4809	2719.92	1
4810	2720.4583333333335	1
4811	2720.9966666666664	1
4812	2721.5416666666665	1
4813	2722.085	1
4814	2722.6233333333334	1
4815	2723.165	1
4816	2723.71	1
4817	2724.2533333333336	1
4818	2726.3416666666667	1
4819	2726.8966666666665	1
4820	2727.4383333333335	1
4821	2727.9733333333334	1
4822	2728.5116666666668	1
4823	2729.0516666666667	1
4824	2729.5933333333332	1
4825	2730.1316666666667	1
4826	2730.67	1
4827	2731.2116666666666	1
4828	2731.7533333333336	1
4829	2732.2933333333335	1
4830	2732.8316666666665	1
4831	2733.3766666666666	1
4832	2733.9183333333335	1
4833	2734.4533333333334	1
4834	2734.9933333333333	1
4835	2735.5333333333333	1
4836	2736.065	1
4837	2736.6033333333335	1
4838	2737.1466666666665	1
4839	2737.685	1
4840	2738.2266666666665	1
4841	2738.766666666667	1
4842	2739.31	1
4843	2739.85	1
4844	2740.3866666666668	1
4845	2740.8	1
4846	2742.3716666666664	1
