time_s,step,min_skin_bed_gap_m,vertices_below_1mm,nonfinite_skin_vertices,max_functional_volume_relative_error,q_ra,q_rv,q_la,q_lv,ra_target_ml,rv_target_ml,la_target_ml,lv_target_ml,diaphragm_swept_ml,rib_swept_ml,lung_target_ml,body_com_x_m,body_com_y_m,body_com_z_m,represented_body_mass_kg,ventricular_wall_bound,ventricular_material_ml,ventricular_material_target_ml,ventricular_closure_mm,ventricular_material_status,functional_geometry_status,geometry_mode,common_coordinate_RA,common_coordinate_RV,common_coordinate_LA,common_coordinate_LV,common_coordinate_RA_material,common_coordinate_ventricular_material,common_coordinate_LA_material,common_coordinate_solver_status,common_coordinate_solver_iterations,common_coordinate_domain_box,common_coordinate_normalized_residual,ventricular_closure_mm_applicable,mesh_zero_area_triangles,mesh_nonfinite_area_triangles,mesh_triangles_checked
0,0,1.00014658528e-05,0,0,2.03069726012e-06,nan,nan,nan,nan,32.2639498336,138.358649565,47.7374887851,118.755349831,0,0,2499.99994412,-0.0250191260129,-0.756986141205,0.113670229912,72,0,164.013079484,164.012890309,nan,0,0,common_seven_coordinate_v1,-3.89657216147e-05,0.000101759876998,-0.000365718035027,0.000144327306771,6.08834961895e-05,-0.000109183325549,0.000994517467916,0,1,0,1.78813934326e-06,0,0,0,5150005
0.0620000029448,31,-1.12131237984e-06,0,0,7.60703596825e-06,nan,nan,nan,nan,28.6943213723,145.909027196,46.7807112727,124.165206216,10.1404775705,-0.757185489419,2509.38325189,-0.0248546991497,-0.757175922394,0.114307418466,72,0,164.012992173,164.012890309,nan,0,0,common_seven_coordinate_v1,-0.0483600944281,0.0301770884544,-0.0106702120975,0.028008537367,0.0274285450578,-0.012308685109,0.0122040277347,0,2,0,6.19888305664e-06,0,0,0,5150005
0.126000005985,63,1.34855508804e-06,0,0,2.06663139579e-06,nan,nan,nan,nan,24.0499975916,153.819695697,45.3135180578,127.785053337,35.5878291884,0.800221357622,2536.38811409,-0.0243542790413,-0.756985664368,0.114486642182,72,0,164.012657478,164.012890309,nan,0,0,common_seven_coordinate_v1,-0.11791074276,0.0583130866289,-0.0256935283542,0.0480516515672,0.0638931021094,-0.0230268742889,0.0245389975607,0,3,1,4.76837158203e-07,0,0,0,5150005
0.190000009025,95,1.70504586094e-06,0,0,1.72219279193e-06,nan,nan,nan,nan,24.3631111516,149.098588736,44.9195067631,127.785053337,66.5175248287,7.09787082087,2573.61540571,-0.0244278535247,-0.756782531738,0.114170923829,72,0,164.012861205,164.012890309,nan,0,0,common_seven_coordinate_v1,-0.113693699241,0.0428794659674,-0.0289867874235,0.0439876578748,0.0609213784337,-0.0199306830764,0.0238066315651,0,3,1,4.76837158203e-07,0,0,0,5150005
0.254000012064,127,4.76837158203e-07,0,0,1.49256709392e-06,nan,nan,nan,nan,29.1559117613,111.633533379,48.5449199914,95.6376970862,100.053315691,16.3235617947,2616.37684889,-0.0242518670857,-0.756793439388,0.114117793739,72,0,164.012701134,164.012890309,nan,0,0,common_seven_coordinate_v1,-0.049019664526,-0.127560928464,0.00744545273483,-0.13128991425,0.0130392294377,0.0508599095047,-0.0278416238725,0,3,3,4.76837158203e-07,0,0,0,5150005
0.318000015104,159,-2.34418416767e-06,0,0,2.39221685661e-06,nan,nan,nan,nan,34.578028135,90.1444800547,51.9237219123,69.954789069,134.577887366,27.2075485555,2661.78557649,-0.0242740027606,-0.756811916828,0.114096522331,72,0,164.012657478,164.012890309,nan,0,0,common_seven_coordinate_v1,0.019509319216,-0.258537083864,0.045342747122,-0.298711627722,-0.033464062959,0.125088647008,-0.0727266594768,0,3,4,1.49011611938e-06,0,0,0,5150005
0.382000018144,191,-2.35493348555e-06,0,0,1.84557702596e-05,nan,nan,nan,nan,36.9791305275,81.5726671135,54.0985020052,61.1068171565,168.93146676,38.999656681,2707.93098025,-0.0243671797216,-0.756819665432,0.114098891616,72,0,164.012206369,164.012890309,nan,0,0,common_seven_coordinate_v1,0.0481146238744,-0.316860824823,0.0678114667535,-0.369448184967,-0.0521989800036,0.160458296537,-0.0935825034976,0,3,5,9.53674316406e-06,0,0,0,5150005
0.446000021184,223,-2.32237857745e-06,0,0,1.94231124624e-05,nan,nan,nan,nan,38.723796024,80.7880787761,55.839002016,60.6856992817,202.196926693,51.2405931659,2753.43749672,-0.024482998997,-0.756822526455,0.114106059074,72,0,164.01198809,164.012890309,nan,0,0,common_seven_coordinate_v1,0.0699003860354,-0.321340084076,0.0822658836842,-0.373379647732,-0.0633222088218,0.164027571678,-0.100182786584,0,3,6,9.71555709839e-06,0,0,0,5150005
0.510000024224,255,-2.35771153712e-06,0,0,8.87080659595e-06,nan,nan,nan,nan,33.875254303,88.7908390723,54.2546549696,64.7968845442,233.615064644,63.6291661067,2797.24411666,-0.0245169494301,-0.756829202175,0.114119753242,72,0,164.012628375,164.012890309,nan,0,0,common_seven_coordinate_v1,0.0105787385255,-0.274050295353,0.0647425055504,-0.334642082453,-0.0312265641987,0.140365719795,-0.0846484526992,0,3,5,5.18560409546e-06,0,0,0,5150005
0.574000027264,287,-2.64283448814e-06,0,0,2.64069558398e-06,nan,nan,nan,nan,27.4428566627,106.170475192,48.1613024021,98.0527402135,262.558693066,75.9451431804,2838.5038022,-0.0245107971132,-0.75683671236,0.114128321409,72,0,164.01274479,164.012890309,nan,0,0,common_seven_coordinate_v1,-0.074688307941,-0.147902652621,0.00296018901281,-0.126096487045,0.0262620616704,0.0520836748183,-0.0267761852592,0,3,8,5.96046447754e-07,0,0,0,5150005
0.638000030303,319,-2.62258049588e-06,0,0,1.37775430176e-06,nan,nan,nan,nan,27.8417755908,113.98748029,47.9551854369,113.989837701,288.533832645,87.9996005096,2876.53319538,-0.0244958400726,-0.756844103336,0.114132486284,72,0,164.012977621,164.012890309,nan,0,0,common_seven_coordinate_v1,-0.0658198073506,-0.097412891686,-0.00060508219758,-0.0452394075692,0.0285230260342,0.0242326650769,-0.011670623906,0,3,3,2.38418579102e-07,0,0,0,5150005
0.702000033343,351,-2.41341422225e-06,0,0,7.62394211051e-06,nan,nan,nan,nan,28.6664708256,120.248900203,48.099704145,122.343117255,311.199837597,99.609431345,2910.80912575,-0.0244892835617,-0.756850719452,0.114133752882,72,0,164.012904861,164.012890309,nan,0,0,common_seven_coordinate_v1,-0.0518804676831,-0.0640312433243,0.000332095485646,-0.00392903387547,0.0251839719713,0.0100777819753,-0.00431692227721,0,2,3,7.5101852417e-06,0,0,0,5150005
0.766000036383,383,-2.50215043707e-06,0,0,2.58961540567e-06,nan,nan,nan,nan,29.5015051961,125.92166604,48.3279072796,127.162609715,330.388604198,110.57532538,2940.9637209,-0.0244773160666,-0.756857216358,0.114131756127,72,0,164.012933965,164.012890309,nan,0,0,common_seven_coordinate_v1,-0.0385296195745,-0.0376707501709,0.00236287107691,0.0210075676441,0.020840106532,0.0010186182335,6.70506124152e-05,0,2,3,2.26497650146e-06,0,0,0,5150005
0.830000039423,415,-2.7268690701e-06,0,0,2.01182706405e-06,nan,nan,nan,nan,30.2920925606,131.183784106,48.5474265588,130.197309772,346.11611045,120.676464576,2966.7923227,-0.024458328262,-0.756863892078,0.114127159119,72,0,164.012759342,164.012890309,nan,0,0,common_seven_coordinate_v1,-0.0263097770512,-0.0153063898906,0.00444979174063,0.0379780121148,0.0164200831205,-0.00561644043773,0.00312925549224,0,2,0,2.14576721191e-06,0,0,0,5150005
0.894000042463,447,-2.47715775004e-06,0,0,4.24807558375e-06,nan,nan,nan,nan,29.8986342386,136.85329759,48.4053525724,132.370027131,358.565390343,129.671345348,2988.23672347,-0.024432182312,-0.756870210171,0.114119835198,72,0,164.012410096,164.012890309,nan,0,0,common_seven_coordinate_v1,-0.0308826994151,0.00677378615364,0.00301554612815,0.0514300093055,0.0202129408717,-0.0119873071089,0.00746573088691,0,2,13,5.72204589844e-06,0,0,0,5150005
0.958000045503,479,-2.34897356677e-06,0,0,4.24807558375e-06,nan,nan,nan,nan,24.795286663,145.719910506,46.5668417746,134.656555019,368.046632502,137.310402351,3005.35699353,-0.0244020596147,-0.756876885891,0.114109605551,72,0,164.012570167,164.012890309,nan,0,0,common_seven_coordinate_v1,-0.105852343142,0.0378150455654,-0.0148948114365,0.0667618364096,0.0590162798762,-0.0225004907697,0.0207330081612,0,3,14,4.17232513428e-07,0,0,0,5150005
1.02200004854,511,-2.65850144388e-06,0,0,1.83700569778e-06,nan,nan,nan,nan,24.0081026277,148.509483552,45.4039254691,135.111811687,374.951894628,143.351935549,3018.3037743,-0.0243775416166,-0.756883263588,0.114100724459,72,0,164.013166795,164.012890309,nan,0,0,common_seven_coordinate_v1,-0.118387214839,0.047291573137,-0.0251441281289,0.0708356425166,0.0655087530613,-0.0255895387381,0.0263416096568,0,3,14,5.96046447754e-07,0,0,0,5150005
1.08600005158,543,-2.90227944788e-06,0,0,2.98513418784e-06,nan,nan,nan,nan,26.1354252871,121.058605146,46.7530044261,113.862057333,379.75460873,147.707178257,3027.46193483,-0.0243889056146,-0.756884694099,0.114099234343,72,0,164.012832101,164.012890309,nan,0,0,common_seven_coordinate_v1,-0.0908808335662,-0.0702159777284,-0.0116486307234,-0.0388050526381,0.0411934927106,0.0170506369323,-0.00379038834944,0,3,3,2.38418579102e-07,0,0,0,5150005
1.15000005462,575,-2.81078337139e-06,0,0,1.85610383596e-06,nan,nan,nan,nan,33.129730582,94.0803947742,51.0769932589,78.0064583523,382.865022402,150.442909217,3033.30784664,-0.0244156364352,-0.756884396076,0.114097066224,72,0,164.012802998,164.012890309,nan,0,0,common_seven_coordinate_v1,0.00184216909111,-0.227504983544,0.0349270664155,-0.245113700628,-0.0205375887454,0.102218955755,-0.0602995939553,0,3,4,1.01327896118e-06,0,0,0,5150005
1.21400005766,607,-2.63047445515e-06,0,0,1.08620988613e-05,nan,nan,nan,nan,36.1257043551,82.1436333354,53.1603800482,63.6355835013,384.521234082,151.454223669,3035.97538732,-0.02445220761,-0.756883382797,0.11409278959,72,0,164.012599271,164.012890309,nan,0,0,common_seven_coordinate_v1,0.037489708513,-0.309472084045,0.0589258410037,-0.351081877947,-0.0454469434917,0.152158305049,-0.0876511782408,0,3,5,6.02006912231e-06,0,0,0,5150005
1.2780000607,639,-2.66454321718e-06,0,0,1.80992010428e-05,nan,nan,nan,nan,38.1289792131,79.3127110228,54.9260657863,61.1046634731,384.863174986,150.595209561,3035.45827046,-0.0245008785278,-0.756881415844,0.114085607231,72,0,164.012017194,164.012890309,nan,0,0,common_seven_coordinate_v1,0.0620868913829,-0.328648626804,0.0749911889434,-0.372558712959,-0.0590079054236,0.164341881871,-0.0978309437633,0,3,5,9.65595245361e-06,0,0,0,5150005
1.34200006374,671,-2.54643168773e-06,0,0,1.86945690075e-05,nan,nan,nan,nan,39.369413571,79.6167732915,56.2201712455,61.1046634731,383.95752199,147.731800098,3031.689208,-0.0245629306883,-0.756878554821,0.114075675607,72,0,164.012380992,164.012890309,nan,0,0,common_seven_coordinate_v1,0.077589161694,-0.326667636633,0.0854078456759,-0.371981620789,-0.0668704286218,0.164853930473,-0.101830728352,0,3,6,9.47713851929e-06,0,0,0,5150005
1.40600006678,703,-2.64996128863e-06,0,0,2.18690479414e-06,nan,nan,nan,nan,27.8068364423,100.721808849,48.2383875351,87.5505575095,381.799327442,142.783886986,3024.58321676,-0.0246450081468,-0.756875038147,0.114060968161,72,0,164.012919413,164.012890309,nan,0,0,common_seven_coordinate_v1,-0.0713784024119,-0.184918671846,0.00589846819639,-0.185202822089,0.0199266765267,0.0742906183004,-0.0377840101719,0,3,8,1.07288360596e-06,0,0,0,5150005
1.47000006982,735,-2.5878073302e-06,0,0,1.95193274521e-06,nan,nan,nan,nan,27.456017051,110.347224108,47.6676759718,108.12227265,378.339871531,135.721638799,3014.06136714,-0.0247460920364,-0.756870925426,0.11404209584,72,0,164.013210451,164.012890309,nan,0,0,common_seven_coordinate_v1,-0.0728732049465,-0.118686310947,-0.00255513843149,-0.0747841745615,0.0294857490808,0.0343200303614,-0.0161813106388,0,3,3,1.78813934326e-07,0,0,0,5150005
1.53400007286,767,-2.26624001698e-06,0,0,1.87643054232e-05,nan,nan,nan,nan,28.2309047179,117.102084914,47.7019420941,118.454670883,373.479007976,126.573591842,3000.05241297,-0.0248666033149,-0.756866455078,0.114018164575,72,0,164.012570167,164.012890309,nan,0,0,common_seven_coordinate_v1,-0.0592546574771,-0.0802925229073,-0.00289717037231,-0.0230864547193,0.0271014124155,0.0165097620338,-0.00671876920387,0,2,3,1.60932540894e-05,0,0,0,5150005
1.5980000759,799,-2.55483678302e-06,0,0,3.87690715797e-06,nan,nan,nan,nan,29.0895131911,123.066143715,47.896632168,124.162659631,367.044500308,115.436327178,2982.4806843,-0.0250172782689,-0.7568603158,0.113986201584,72,0,164.012788446,164.012890309,nan,0,0,common_seven_coordinate_v1,-0.0452938228846,-0.0513911321759,-0.00123752199579,0.00631174119189,0.0227973368019,0.00591204734519,-0.00145974254701,0,2,3,3.27825546265e-06,0,0,0,5150005
1.66200007894,831,-2.50761331699e-06,0,0,2.18690479414e-06,nan,nan,nan,nan,29.9126386381,128.570565721,48.1107672385,127.624240122,358.740478987,102.502497612,2961.24303713,-0.0250656977296,-0.756856679916,0.113975457847,72,0,164.012919413,164.012890309,nan,0,0,common_seven_coordinate_v1,-0.0324179269373,-0.0273401569575,0.000781729409937,0.0255021024495,0.0182222332805,-0.00153595465235,0.00202630460262,0,2,3,8.34465026855e-07,0,0,0,5150005
1.72600008198,863,-2.59161060967e-06,0,0,3.67401139556e-06,nan,nan,nan,nan,30.616109143,133.738285513,48.2780014863,129.900028696,348.026922438,88.1172163645,2936.14412658,-0.0250239148736,-0.756851613522,0.113974995911,72,0,164.012933965,164.012890309,nan,0,0,common_seven_coordinate_v1,-0.0216236710548,-0.00630943058059,0.00244542001747,0.0393626913428,0.0142617756501,-0.00736562116072,0.00477488245815,0,2,0,2.26497650146e-06,0,0,0,5150005
1.79000008502,895,-2.55954364548e-06,0,0,9.75966372607e-07,nan,nan,nan,nan,26.7389677902,141.813783557,47.0436898468,132.041284814,334.032258252,72.8248342057,2906.85705841,-0.0249820891768,-0.756849944592,0.113967880607,72,0,164.012730238,164.012890309,nan,0,0,common_seven_coordinate_v1,-0.0766195580363,0.0227923635393,-0.00987174548209,0.0539927743375,0.043372426182,-0.0167996771634,0.0151754207909,0,3,1,3.57627868652e-07,0,0,0,5150005
1.85400008806,927,-2.45690853262e-06,0,0,1.0333156979e-06,nan,nan,nan,nan,23.8481134147,148.134917254,45.439308451,133.343986818,315.297045745,57.4957630306,2872.79253826,-0.0249306634068,-0.756847083569,0.113960713148,72,0,164.01305038,164.012890309,nan,0,0,common_seven_coordinate_v1,-0.121214240789,0.0444662086666,-0.0248991604894,0.0639065355062,0.0662404894829,-0.0239103846252,0.0251296125352,0,3,1,4.76837158203e-07,0,0,0,5150005
1.9180000911,959,-2.52953668678e-06,0,0,1.48397111843e-06,nan,nan,nan,nan,24.5375485974,135.251946631,45.1646956208,131.1738597,289.178628009,43.635332986,2832.81388693,-0.0248704515398,-0.756844162941,0.113950833678,72,0,164.012904861,164.012890309,nan,0,0,common_seven_coordinate_v1,-0.112321205437,-0.00140188867226,-0.0269870497286,0.0442676879466,0.0590575002134,-0.0127650750801,0.0191051270813,0,3,3,4.76837158203e-07,0,0,0,5150005
1.98200009414,991,-2.57030546891e-06,0,0,3.67401139556e-06,nan,nan,nan,nan,30.8756098093,101.949131931,49.4448468089,88.6263442226,252.125115367,33.2472700393,2785.37231497,-0.0247983261943,-0.756841301918,0.113939017057,72,0,164.013064932,164.012890309,nan,0,0,common_seven_coordinate_v1,-0.026791067794,-0.177329882979,0.0174488667399,-0.177467569709,-0.00137911783531,0.0726017951965,-0.0415548011661,0,3,4,7.15255737305e-07,0,0,0,5150005
2.04600009718,1023,-2.74830858871e-06,0,0,5.29832141183e-06,nan,nan,nan,nan,35.2104070771,85.1692384458,51.9756722497,67.289598519,202.914321562,27.5355068879,2730.44966161,-0.0247249435633,-0.756842851639,0.113926783204,72,0,164.012497407,164.012890309,nan,0,0,common_seven_coordinate_v1,0.026413410902,-0.287664234638,0.0474612079561,-0.322429895401,-0.0381737500429,0.137977480888,-0.0784932672977,0,3,5,3.21865081787e-06,0,0,0,5150005
2.11000010022,1055,-2.47803313869e-06,0,0,1.7670869056e-05,nan,nan,nan,nan,37.4978990294,79.0479316493,53.8794811291,60.9388080193,152.507884195,24.4928778557,2677.00059339,-0.0246472004801,-0.756852984428,0.113895095885,72,0,164.012148161,164.012890309,nan,0,0,common_seven_coordinate_v1,0.0538802668452,-0.330555260181,0.0667800828815,-0.374132692814,-0.0550538785756,0.164486467838,-0.0949122011662,0,3,5,9.89437103271e-06,0,0,0,5150005
2.17400010326,1087,-2.41937641476e-06,0,0,1.80887618626e-05,nan,nan,nan,nan,39.1949542973,78.9857294876,55.3525424039,60.9388080193,110.778222734,20.9602731047,2631.7385491,-0.0245493855327,-0.756863832474,0.113855227828,72,0,164.012279129,164.012890309,nan,0,0,common_seven_coordinate_v1,0.0750060752034,-0.330439597368,0.0790133550763,-0.374015271664,-0.0657530128956,0.165728315711,-0.0999043658376,0,3,6,9.23871994019e-06,0,0,0,5150005
2.2380001063,1119,-2.14508349927e-06,0,0,2.0860099994e-06,nan,nan,nan,nan,30.3203105432,93.3945120778,49.9238085467,73.2475455152,79.1665443103,16.8735459738,2596.04002349,-0.0244277324528,-0.756874680519,0.113808646798,72,0,164.01267203,164.012890309,nan,0,0,common_seven_coordinate_v1,-0.0374742299318,-0.238680288196,0.0253212358803,-0.274778664112,-0.00346346898004,0.11161608994,-0.0599132701755,0,3,4,1.54972076416e-06,0,0,0,5150005
2.30200010934,1151,-2.44786588155e-06,0,0,1.26294139591e-06,nan,nan,nan,nan,27.2972611128,107.110572571,47.5068154628,100.910037872,56.1222659599,12.9494028442,2569.07148287,-0.0242866463959,-0.756882846355,0.113760083914,72,0,164.012846653,164.012890309,nan,0,0,common_seven_coordinate_v1,-0.0766552314162,-0.140517905354,-0.00300444336608,-0.11138497293,0.0283026080579,0.0467430464923,-0.0221306215972,0,3,3,2.38418579102e-07,0,0,0,5150005
2.36600011238,1183,-2.16509215534e-06,0,0,1.79638607278e-06,nan,nan,nan,nan,27.9070100078,114.544091048,47.3984873679,114.110051072,39.6112227463,9.6289186331,2549.24013279,-0.0242383982986,-0.756892204285,0.113737858832,72,0,164.012948517,164.012890309,nan,0,0,common_seven_coordinate_v1,-0.0650031417608,-0.0950498431921,-0.00520903430879,-0.0440519452095,0.028106354177,0.0233244858682,-0.00957039184868,0,3,3,3.57627868652e-07,0,0,0,5150005
2.43000011542,1215,-2.39356245402e-06,0,0,8.01159421826e-06,nan,nan,nan,nan,28.7666334771,120.787735796,47.5551460113,121.135926747,27.8976058325,7.0087576205,2534.90614705,-0.0242385752499,-0.756896317005,0.113732799888,72,0,164.012686582,164.012890309,nan,0,0,common_seven_coordinate_v1,-0.0507284924388,-0.0631507858634,-0.00403877627105,-0.00818261038512,0.0241554267704,0.0105956848711,-0.00311203417368,0,2,3,6.91413879395e-06,0,0,0,5150005
2.49400011846,1247,-2.56758494288e-06,0,0,1.87448983979e-06,nan,nan,nan,nan,29.6128346235,126.494865981,47.7684079669,125.25114289,19.6299206436,5.02975717609,2524.65973608,-0.0242390614003,-0.756902992725,0.113722987473,72,0,164.012933965,164.012890309,nan,0,0,common_seven_coordinate_v1,-0.0373225584626,-0.0373495444655,-0.00207892735489,0.0141501855105,0.0195667371154,0.00211658608168,0.000914934906177,0,2,3,1.49011611938e-06,0,0,0,5150005
2.5580001215,1279,-2.37849781115e-06,0,0,4.47770116807e-06,nan,nan,nan,nan,30.4104232782,131.797147333,47.967001592,127.874664031,13.8074947245,3.57740941581,2517.38494262,-0.0242372695357,-0.756908178329,0.113715328276,72,0,164.012788446,164.012890309,nan,0,0,common_seven_coordinate_v1,-0.025073511526,-0.015221725218,-0.000134637783049,0.029706120491,0.015010850504,-0.00424501858652,0.00382470292971,0,2,0,9.53674316406e-07,0,0,0,5150005
2.62200012454,1311,-2.30320438277e-06,0,0,6.41617134534e-06,nan,nan,nan,nan,28.9170766337,138.290008181,47.501471272,129.909793031,9.71121608018,2.53064536082,2512.2417137,-0.0242367275059,-0.756913483143,0.113707862794,72,0,164.012453752,164.012890309,nan,0,0,common_seven_coordinate_v1,-0.0452236421406,0.00929307751358,-0.00485547725111,0.0432491227984,0.0266606062651,-0.0115960668772,0.00998492352664,0,2,0,6.13927841187e-06,0,0,0,5150005
2.68600012758,1343,-2.26734277931e-06,0,0,1.83700569778e-06,nan,nan,nan,nan,23.9453092945,147.155253217,45.5796325696,132.051209221,6.83055213813,1.78451170996,2508.61491077,-0.0242343898863,-0.756916224957,0.113705858588,72,0,164.012933965,164.012890309,nan,0,0,common_seven_coordinate_v1,-0.119883306324,0.0400937311351,-0.0236369743943,0.0582143142819,0.0650335997343,-0.0220558270812,0.0234727207571,0,3,1,4.76837158203e-07,0,0,0,5150005
2.75000013062,1375,-2.60767205873e-06,0,0,1.72219279193e-06,nan,nan,nan,nan,24.1078068939,147.097583977,44.7395068477,132.06715812,4.80547896586,1.25583562749,2506.06122427,-0.0242318063974,-0.756919145584,0.113703332841,72,0,164.012977621,164.012890309,nan,0,0,common_seven_coordinate_v1,-0.117601491511,0.0399555191398,-0.0307991486043,0.0583851002157,0.0638043805957,-0.0224129147828,0.026207793504,0,3,1,7.15255737305e-07,0,0,0,5150005
2.81400013366,1407,-2.29837110055e-06,0,0,1.83700569778e-06,nan,nan,nan,nan,27.6637183561,112.898967927,47.2126266686,102.905367385,3.38200015904,0.882733559138,2504.26470302,-0.0242283046246,-0.756921887398,0.113701783121,72,0,164.013064932,164.012890309,nan,0,0,common_seven_coordinate_v1,-0.0702281072736,-0.114145472646,-0.00562549056485,-0.0955749377608,0.0262938458472,0.0384080484509,-0.0171383544803,0,3,3,4.76837158203e-07,0,0,0,5150005
2.8780001367,1439,-2.40865574597e-06,0,0,1.99636474463e-06,nan,nan,nan,nan,34.0681363014,89.9686710909,50.9104283992,72.892064054,2.38131974584,0.620038008492,2503.00136395,-0.0242253355682,-0.756924331188,0.113700218499,72,0,164.012832101,164.012890309,nan,0,0,common_seven_coordinate_v1,0.0127770658582,-0.254817336798,0.0360274687409,-0.280628561974,-0.0286551751196,0.118029303849,-0.0669377297163,0,3,4,1.19209289551e-06,0,0,0,5150005
2.94200013974,1471,-2.39496012e-06,0,0,1.49572842929e-05,nan,nan,nan,nan,36.7567772628,80.3704097052,52.9260723852,61.7790356046,1.67764915204,0.435408253452,2502.11288221,-0.0242215227336,-0.756926596165,0.113698944449,72,0,164.012220921,164.012890309,nan,0,0,common_seven_coordinate_v1,0.0447017103434,-0.322072774172,0.0585129372776,-0.366316825151,-0.0501671433449,0.159615904093,-0.0901871994138,0,3,5,8.04662704468e-06,0,0,0,5150005
3.00600014278,1503,-2.57832084571e-06,0,0,2.00491267606e-05,nan,nan,nan,nan,38.6559040635,78.8462202763,54.5908187632,60.6053799856,1.1827992239,0.305646210563,2501.48843043,-0.0242184307426,-0.756928682327,0.113697618246,72,0,164.012031746,164.012890309,nan,0,0,common_seven_coordinate_v1,0.0681643858552,-0.331966966391,0.0731229558587,-0.376626968384,-0.0625340417027,0.166342526674,-0.0979409515858,0,3,6,1.02519989014e-05,0,0,0,5150005
3.07000014582,1535,-2.20301262743e-06,0,0,2.02892351808e-05,nan,nan,nan,nan,36.7092725355,82.983278844,55.7882813155,60.6053799856,0.834770162328,0.214468883541,2501.049079,-0.0242143068463,-0.756930649281,0.113697052002,72,0,164.012162713,164.012890309,nan,0,0,common_seven_coordinate_v1,0.0457040779293,-0.310425549746,0.080347828567,-0.371265172958,-0.0509873852134,0.160715028644,-0.0978117138147,0,3,5,1.04904174805e-05,0,0,0,5150005
3.13400014886,1567,-2.35718766817e-06,0,0,8.03689999884e-07,nan,nan,nan,nan,27.439882615,103.25149924,47.5605993415,92.025649792,0.589749504343,0.150536806132,2500.74034557,-0.0242086052895,-0.756932735443,0.113696523011,72,0,164.012861205,164.012890309,nan,0,0,common_seven_coordinate_v1,-0.0761716589332,-0.167994514108,-0.000919360260013,-0.159103393555,0.0241978242993,0.0638224184513,-0.0307537615299,0,3,8,1.78813934326e-07,0,0,0,5150005
3.1980001519,1599,-2.6219031497e-06,0,0,1.22306948924e-06,nan,nan,nan,nan,27.6141599898,111.875531729,47.2237370559,109.259613964,0.417103279915,0.105706106979,2500.52264892,-0.0241960883141,-0.756934165955,0.113696947694,72,0,164.012933965,164.012890309,nan,0,0,common_seven_coordinate_v1,-0.0703593567014,-0.111138619483,-0.00631537567824,-0.0679888650775,0.0287101287395,0.0312989577651,-0.0133293941617,0,3,3,6.55651092529e-07,0,0,0,5150005
3.26200015494,1631,-2.95976678899e-06,0,0,1.43105826282e-05,nan,nan,nan,nan,28.4417001239,118.464646221,47.3150575999,118.103642308,0.295405897077,0.0742358992056,2500.36967918,-0.0241735614836,-0.756935954094,0.113695502281,72,0,164.012424648,164.012890309,nan,0,0,common_seven_coordinate_v1,-0.0562013275921,-0.0752850547433,-0.00598064670339,-0.0230405386537,0.0255316905677,0.0155508359894,-0.00515626277775,0,2,3,1.21593475342e-05,0,0,0,5150005
3.32600015798,1663,-2.92264053314e-06,0,0,3.6269229895e-06,nan,nan,nan,nan,29.3046650768,124.377984321,47.5193337479,123.09817248,0.209560184317,0.0521657419483,2500.26164576,-0.0241514127702,-0.756937801838,0.113693863153,72,0,164.013035828,164.012890309,nan,0,0,common_seven_coordinate_v1,-0.0423243492842,-0.0474352128804,-0.00418136268854,0.00345808081329,0.0210398379713,0.00573858246207,-0.000401578698074,0,2,3,2.38418579102e-06,0,0,0,5150005
3.39000016102,1695,-2.60581691691e-06,0,0,3.3295727917e-06,nan,nan,nan,nan,30.1249292534,129.851250676,47.7272587887,126.186540001,0.149085352064,0.0365686538828,2500.18551014,-0.0241298060864,-0.756939649582,0.11369214952,72,0,164.012933965,164.012890309,nan,0,0,common_seven_coordinate_v1,-0.0295903906226,-0.023958645761,-0.00218817288987,0.0212178546935,0.0164201967418,-0.00134415866341,0.00286494172178,0,2,11,1.13248825073e-06,0,0,0,5150005
3.45400016406,1727,-2.89933109343e-06,0,0,1.15341481433e-06,nan,nan,nan,nan,30.4187233269,135.259877425,47.7705216326,128.291896544,0.106204467443,0.0257749857013,2500.1319591,-0.0241087693721,-0.756941556931,0.113690286875,72,0,164.012701134,164.012890309,nan,0,0,common_seven_coordinate_v1,-0.0245360452682,-0.00243138638325,-0.00175831373781,0.0346059165895,0.0153313251212,-0.00737306755036,0.00619677593932,0,2,0,1.19209289551e-06,0,0,0,5150005
3.5180001671,1759,-2.52545919466e-06,0,0,2.32386923926e-06,nan,nan,nan,nan,25.642084438,144.024481415,46.2005918962,130.44498337,0.0758141709412,0.0182688442152,2500.0940077,-0.0241006407887,-0.756943702698,0.113687887788,72,0,164.012802998,164.012890309,nan,0,0,common_seven_coordinate_v1,-0.0935312211514,0.0285935308784,-0.0174732077867,0.0497567504644,0.0513467937708,-0.0177149493247,0.0184259843081,0,3,1,3.57627868652e-07,0,0,0,5150005
3.58200017014,1791,-2.40642589233e-06,0,0,1.0333156979e-06,nan,nan,nan,nan,24.0000626945,148.42566452,44.8400642199,131.254870212,0.0545109166694,0.0127267627548,2500.06723218,-0.0241012051702,-0.756945967674,0.11368445307,72,0,164.012759342,164.012890309,nan,0,0,common_seven_coordinate_v1,-0.119209200144,0.0436339527369,-0.0299504436553,0.0564759895205,0.064570851624,-0.0226212665439,0.0259891301394,0,3,1,4.76837158203e-07,0,0,0,5150005
3.64600017318,1823,-2.43024737756e-06,0,0,1.72219279193e-06,nan,nan,nan,nan,25.3010803135,126.761500724,45.3406246379,120.345088362,0.0393807368937,0.00878892514322,2500.04814006,-0.0241030771285,-0.756948709488,0.113679118454,72,0,164.012788446,164.012890309,nan,0,0,common_seven_coordinate_v1,-0.102750569582,-0.0422594062984,-0.0246352571994,-0.00616691913456,0.0496661700308,0.0043787448667,0.00793401710689,0,3,3,2.98023223877e-07,0,0,0,5150005
3.71000017622,1855,-2.56306361734e-06,0,0,1.2020310578e-06,nan,nan,nan,nan,32.4167231156,96.8488457147,49.8256740684,81.2867292552,0.0284930123939,0.00620009865671,2500.03463589,-0.024103557691,-0.756950616837,0.113674774766,72,0,164.01305038,164.012890309,nan,0,0,common_seven_coordinate_v1,-0.00734008802101,-0.21001444757,0.0234516281635,-0.222961366177,-0.0145756518468,0.0918087661266,-0.0519527755678,0,3,4,8.34465026855e-07,0,0,0,5150005
3.77400017926,1887,-2.5488020583e-06,0,0,1.00767892945e-05,nan,nan,nan,nan,35.8782745025,82.9439595691,52.0129069628,64.2625527689,0.0206218544463,0.00451673942692,2500.02508983,-0.0241053719074,-0.756953060627,0.113669976592,72,0,164.012759342,164.012890309,nan,0,0,common_seven_coordinate_v1,0.0341222658753,-0.304224997759,0.049580719322,-0.345561355352,-0.0436987094581,0.14875215292,-0.0831263959408,0,3,5,5.12599945068e-06,0,0,0,5150005
3.8380001823,1919,-2.6578318284e-06,0,0,2.15394975385e-05,nan,nan,nan,nan,38.0190722353,78.7728931755,53.8486274309,60.2965992584,0.0151269929916,0.003253789016,2500.01833774,-0.0241050235927,-0.75695502758,0.113667927682,72,0,164.012206369,164.012890309,nan,0,0,common_seven_coordinate_v1,0.0601017363369,-0.333113610744,0.0672348439693,-0.378994911909,-0.0586771517992,0.166780918837,-0.0958995744586,0,3,5,1.03712081909e-05,0,0,0,5150005
3.90200018534,1951,-2.41591965278e-06,0,0,2.11171536648e-05,nan,nan,nan,nan,39.6270806959,78.7728931755,55.2231467736,60.2965992584,0.0109917950297,0.00252679832613,2500.0134483,-0.0241030398756,-0.75695681572,0.113666802645,72,0,164.012104506,164.012890309,nan,0,0,common_seven_coordinate_v1,0.0799792855978,-0.332680344582,0.0786749497056,-0.378799706697,-0.0687875822186,0.167861461639,-0.100536391139,0,3,6,1.07288360596e-05,0,0,0,5150005
3.96600018837,1983,-2.70973237093e-06,0,0,1.83700569778e-06,nan,nan,nan,nan,28.5127989628,97.8288953775,48.0748203699,80.5017843959,0.00838121483326,0.00175865866314,2500.01018867,-0.0241024754941,-0.756958425045,0.113664679229,72,0,164.012613823,164.012890309,nan,0,0,common_seven_coordinate_v1,-0.0624293610454,-0.207578554749,0.00676175719127,-0.226891726255,0.0121471416205,0.0902415215969,-0.0447604171932,0,3,4,1.13248825073e-06,0,0,0,5150005
4.03000019141,2015,-2.47692969424e-06,0,0,1.95181860363e-06,nan,nan,nan,nan,27.3855894193,108.931861178,47.1648672828,103.443584521,0.006304678557,0.00138966482766,2500.00762753,-0.0241021383554,-0.756960391998,0.113663062453,72,0,164.012963069,164.012890309,nan,0,0,common_seven_coordinate_v1,-0.074908606708,-0.129895582795,-0.0061946590431,-0.0974873006344,0.0284973140806,0.0413823127747,-0.0184093378484,0,3,3,4.76837158203e-07,0,0,0,5150005
4.09400019445,2047,-2.54855217463e-06,0,0,2.26500856115e-06,nan,nan,nan,nan,28.1122283923,116.020077257,47.1476596431,114.773232781,0.00453458781635,0.0013140124544,2500.00576489,-0.0241018086672,-0.756961882114,0.113662160933,72,0,164.012773894,164.012890309,nan,0,0,common_seven_coordinate_v1,-0.0618114881217,-0.0884358584881,-0.00726422201842,-0.0396003723145,0.0268581602722,0.0211760848761,-0.00773006863892,0,3,3,5.96046447754e-07,0,0,0,5150005
4.15800019749,2079,-2.6649809115e-06,0,0,4.64567119707e-06,nan,nan,nan,nan,28.9815416181,122.162047774,47.3279396829,120.936114399,0.00318724691084,0.00125460786204,2500.0043679,-0.0241018142551,-0.75696349144,0.113661170006,72,0,164.012773894,164.012890309,nan,0,0,common_seven_coordinate_v1,-0.0475684329867,-0.0580460354686,-0.00580326514319,-0.00753096304834,0.0226251594722,0.00957765989006,-0.00197222596034,0,2,3,3.99351119995e-06,0,0,0,5150005
4.22200020053,2111,-2.22998187382e-06,0,0,1.87448983979e-06,nan,nan,nan,nan,29.8225731967,127.808394609,47.5409979117,124.621059513,0.00252470577777,0.000961194790428,2500.00343658,-0.0240993574262,-0.756964445114,0.113661542535,72,0,164.012846653,164.012890309,nan,0,0,common_seven_coordinate_v1,-0.0343524739146,-0.0330377817154,-0.00381205091253,0.0130178453401,0.0179891996086,0.0016026222147,0.00175542046782,0,2,3,1.43051147461e-06,0,0,0,5150005
4.28600020357,2143,-2.26529186875e-06,0,0,2.75550860351e-06,nan,nan,nan,nan,30.6130095851,133.059409563,47.7322137158,127.00901425,0.00215692241845,0.000709153291645,2500.00273809,-0.0241001732647,-0.756966412067,0.113660268486,72,0,164.012977621,164.012890309,nan,0,0,common_seven_coordinate_v1,-0.0222891010344,-0.0114281177521,-0.00191401713528,0.0276192985475,0.0134485596791,-0.00448878668249,0.00452133594081,0,2,0,1.07288360596e-06,0,0,0,5150005
4.35000020661,2175,-2.69721658697e-06,0,0,1.98298512259e-05,nan,nan,nan,nan,27.7941453533,140.4654613,46.8769467261,129.061474581,0.00187707582811,0.00058647492418,2500.00250526,-0.0241007469594,-0.756967902184,0.113659054041,72,0,164.012730238,164.012890309,nan,0,0,common_seven_coordinate_v1,-0.0615404248238,0.0157600846142,-0.0106195909902,0.0417682528496,0.0347284264863,-0.0130381807685,0.0129395648837,0,2,0,1.70469284058e-05,0,0,0,5150005
4.41400020965,2207,-2.81313168671e-06,0,0,2.98513418784e-06,nan,nan,nan,nan,23.6635933106,148.459163029,45.1683481515,130.734479171,0.00169349567702,0.000506017172608,2500.0020396,-0.0241009369493,-0.756969213486,0.113658256829,72,0,164.012657478,164.012890309,nan,0,0,common_seven_coordinate_v1,-0.124575033784,0.0431927219033,-0.0272703096271,0.0543988309801,0.0670278519392,-0.0221239514649,0.0247453413904,0,3,1,4.17232513428e-07,0,0,0,5150005
4.47800021269,2239,-2.14301530832e-06,0,0,7.35532182716e-07,nan,nan,nan,nan,24.2854312091,141.374592204,44.5144469268,130.734479171,0.00157845359006,0.00044838430191,2500.0020396,-0.0240995865315,-0.756970286369,0.113658577204,72,0,164.012773894,164.012890309,nan,0,0,common_seven_coordinate_v1,-0.115795865655,0.0194379519671,-0.0326968431473,0.0482703670859,0.0614729821682,-0.0172934439033,0.0237450823188,0,3,1,7.15255737305e-07,0,0,0,5150005
4.54200021573,2271,-2.4760188353e-06,0,0,1.23189022361e-06,nan,nan,nan,nan,29.4740184472,106.314051664,48.0882372358,93.3382325456,0.00150223034012,0.000411747080875,2500.00180677,-0.024096749723,-0.756970763206,0.113659515977,72,0,164.012832101,164.012890309,nan,0,0,common_seven_coordinate_v1,-0.0457620956004,-0.152651533484,0.00440523261204,-0.148498907685,0.0100369229913,0.0594393089414,-0.030868742615,0,3,4,4.76837158203e-07,0,0,0,5150005
4.60600021877,2303,-2.49655840889e-06,0,0,3.49679589817e-06,nan,nan,nan,nan,34.8238136212,86.930776888,51.1121506861,68.6647472321,0.00145237843974,0.000388118731598,2500.00180677,-0.0240970924497,-0.756972253323,0.113658815622,72,0,164.012526511,164.012890309,nan,0,0,common_seven_coordinate_v1,0.02159165591,-0.276526540518,0.0397968888283,-0.311065405607,-0.0352572835982,0.13180936873,-0.0734578073025,0,3,4,1.66893005371e-06,0,0,0,5150005
4.67000022181,2335,-2.43505269282e-06,0,0,2.15772834053e-05,nan,nan,nan,nan,37.2817157768,79.303055827,53.0784891453,60.3596090514,0.00141986966629,0.000372428005102,2500.00180677,-0.0240966323763,-0.756973326206,0.113658748567,72,0,164.012089954,164.012890309,nan,0,0,common_seven_coordinate_v1,0.0508765801787,-0.330312430859,0.0607826784253,-0.377832651138,-0.0540860183537,0.165264204144,-0.0929621011019,0,3,5,1.06692314148e-05,0,0,0,5150005
4.73400022485,2367,-2.24921427616e-06,0,0,2.21712143684e-05,nan,nan,nan,nan,39.0730856452,78.7259705248,54.6455412405,60.0553612458,0.00139815548028,0.000362619878569,2500.00180677,-0.0240945033729,-0.756973624229,0.113659843802,72,0,164.011973538,164.012890309,nan,0,0,common_seven_coordinate_v1,0.0731068924069,-0.333542466164,0.0740959569812,-0.380659013987,-0.0654512047768,0.168187603354,-0.0989309698343,0,3,6,1.1146068573e-05,0,0,0,5150005
4.79800022789,2399,-1.97882764041e-06,0,0,8.39784934215e-06,nan,nan,nan,nan,33.0441362166,88.5501794983,52.5018913322,64.9805442663,0.00138431410779,0.000355867224577,2500.00180677,-0.0240929629654,-0.75697439909,0.113660588861,72,0,164.012628375,164.012890309,nan,0,0,common_seven_coordinate_v1,-0.00111631583422,-0.275142222643,0.0507325604558,-0.333702147007,-0.0255704596639,0.139079913497,-0.0791886076331,0,3,7,4.82797622681e-06,0,0,0,5150005
4.86200023093,2431,-2.08446090255e-06,0,0,9.4091177516e-07,nan,nan,nan,nan,27.3248333542,105.494305899,47.2332831123,96.1028854363,0.00137528355371,0.000351462803305,2500.00180677,-0.0240900497884,-0.756974577904,0.113661952317,72,0,164.013021276,164.012890309,nan,0,0,common_seven_coordinate_v1,-0.0771885812283,-0.153204128146,-0.00449921749532,-0.13621738553,0.0264633223414,0.0550813004375,-0.0255093984306,0,3,8,7.7486038208e-07,0,0,0,5150005
4.92600023397,2463,-2.13021098716e-06,0,0,1.0333156979e-06,nan,nan,nan,nan,27.7915059996,113.418172987,47.0418053737,110.845874588,0.00136934263928,0.000348633205638,2500.00157394,-0.024088639766,-0.756975352764,0.113662548363,72,0,164.012832101,164.012890309,nan,0,0,common_seven_coordinate_v1,-0.0674041286111,-0.103112116456,-0.00792752206326,-0.0593065842986,0.027937091887,0.0279183648527,-0.0110318139195,0,3,3,3.57627868652e-07,0,0,0,5150005
4.99000023701,2495,-2.12114878195e-06,0,0,1.0989168004e-05,nan,nan,nan,nan,28.6463364318,119.840580737,47.1747443953,118.571195344,0.00136547195773,0.000346777301319,2500.00157394,-0.0240872632712,-0.756976008415,0.113663129508,72,0,164.012832101,164.012890309,nan,0,0,common_seven_coordinate_v1,-0.0530502870679,-0.0694228857756,-0.00708397617564,-0.0196316689253,0.02424935624,0.0138456756249,-0.00386492046528,0,2,3,9.11951065063e-06,0,0,0,5150005
5.05400024005,2527,-2.17081583287e-06,0,0,2.71260728368e-06,nan,nan,nan,nan,29.5050194836,125.669539557,47.3853651783,123.027071822,3.34208243657,-0.220345256707,2503.12173739,-0.024085553363,-0.756976366043,0.113663941622,72,0,164.012948517,164.012890309,nan,0,0,common_seven_coordinate_v1,-0.0393666438758,-0.0426128096879,-0.00518303690478,0.00451436406001,0.0196673870087,0.00473147397861,0.000477384804981,0,2,3,1.96695327759e-06,0,0,0,5150005
5.11800024309,2559,-2.28592966778e-06,0,0,1.71828230577e-06,nan,nan,nan,nan,30.3166525555,131.075896206,47.5881133752,125.832215417,24.6587569563,-0.51191801731,2524.14681017,-0.0240852814168,-0.756977260113,0.113663159311,72,0,164.012832101,164.012890309,nan,0,0,common_seven_coordinate_v1,-0.0268493629992,-0.0197838451713,-0.0032136561349,0.0210678521544,0.0150590091944,-0.00199408945628,0.00355070014484,0,2,12,4.76837158203e-07,0,0,0,5150005
5.18200024613,2591,-2.39356631937e-06,0,0,1.03847060018e-06,nan,nan,nan,nan,29.7772694466,136.993199703,47.4001753901,127.862993395,53.6465086043,3.98030488213,2557.62669258,-0.0240865591913,-0.756978332996,0.113661557436,72,0,164.012759342,164.012890309,nan,0,0,common_seven_coordinate_v1,-0.0334618240595,0.0031155727338,-0.00515077542514,0.0344331152737,0.0198777522892,-0.00863171275705,0.00816856045276,0,2,0,1.54972076416e-06,0,0,0,5150005
5.24600024917,2623,-2.16980720324e-06,0,0,6.77395837556e-06,nan,nan,nan,nan,24.6642321144,146.012142068,45.5983354186,130.022584926,86.0601649038,11.9950937005,2598.05540554,-0.0240854527801,-0.756979107857,0.11366198957,72,0,164.01281755,164.012890309,nan,0,0,common_seven_coordinate_v1,-0.108809672296,0.0346569083631,-0.0230772420764,0.0497447438538,0.0588549599051,-0.0193179119378,0.0214395765215,0,3,1,3.57627868652e-07,0,0,0,5150005
5.31000025221,2655,-2.12170266423e-06,0,0,4.24807558375e-06,nan,nan,nan,nan,24.0772878897,148.568346049,44.5230871264,130.376487505,120.001568575,22.0381643885,2642.03967527,-0.0240837112069,-0.756979525089,0.113662309945,72,0,164.012963069,164.012890309,nan,0,0,common_seven_coordinate_v1,-0.118175387383,0.0433504544199,-0.032648101449,0.0533579699695,0.063767567277,-0.0221107639372,0.0265757367015,0,3,1,4.76837158203e-07,0,0,0,5150005
5.37400025525,2687,-2.04588286579e-06,0,0,1.83825613931e-06,nan,nan,nan,nan,26.4582486125,118.742282211,46.0353257949,109.392953163,154.192981427,33.2141025865,2687.40695901,-0.0240830332041,-0.756980240345,0.113662481308,72,0,164.012657478,164.012890309,nan,0,0,common_seven_coordinate_v1,-0.0871362835169,-0.083888836205,-0.0171174798161,-0.0603144653141,0.0373559221625,0.0239625051618,-0.00558079686016,0,3,3,3.57627868652e-07,0,0,0,5150005
5.43800025829,2719,-2.25256098929e-06,0,0,3.67401139556e-06,nan,nan,nan,nan,33.4666838171,92.6835418795,50.2002476424,75.5204528105,187.655867194,44.9873732578,2732.64315911,-0.0240801293403,-0.756980419159,0.113663285971,72,0,164.012992173,164.012890309,nan,0,0,common_seven_coordinate_v1,0.00539052113891,-0.237781539559,0.0289885811508,-0.261276364326,-0.0237737335265,0.108568228781,-0.0607007220387,0,3,4,8.94069671631e-07,0,0,0,5150005
5.50200026133,2751,-2.48347259912e-06,0,0,1.58213133545e-05,nan,nan,nan,nan,36.4370825992,81.2667858554,52.2745358467,62.0842474746,219.592242502,57.0177580812,2776.60996653,-0.0240800008178,-0.756981313229,0.113662838936,72,0,164.012395544,164.012890309,nan,0,0,common_seven_coordinate_v1,0.0406636223197,-0.31681984663,0.0530636236072,-0.3628680408,-0.0481530986726,0.157105341554,-0.0873071849346,0,3,5,7.56978988647e-06,0,0,0,5150005
5.56600026437,2783,-2.36956930166e-06,0,0,2.33922801272e-05,nan,nan,nan,nan,38.4441082133,78.6907985457,54.0256733075,59.8753867962,249.33955865,69.070047175,2818.40958633,-0.0240805260837,-0.756982266903,0.113662429154,72,0,164.011929883,164.012890309,nan,0,0,common_seven_coordinate_v1,0.0652625635266,-0.334242463112,0.0690802037716,-0.38207128644,-0.0615910775959,0.168281286955,-0.0970884338021,0,3,5,1.14440917969e-05,0,0,0,5150005
5.63000026741,2815,-2.28289377446e-06,0,0,2.29669658438e-05,nan,nan,nan,nan,39.2058464058,79.542536696,55.3042591491,59.8753867962,276.363774901,80.9568591649,2857.32047632,-0.0240809116513,-0.756983220577,0.113661915064,72,0,164.012031746,164.012890309,nan,0,0,common_seven_coordinate_v1,0.0751114487648,-0.329417824745,0.0791248753667,-0.380819559097,-0.0665581673384,0.167903393507,-0.100515827537,0,3,6,1.18017196655e-05,0,0,0,5150005
5.69400027045,2847,-2.41586531047e-06,0,0,3.3295727917e-06,nan,nan,nan,nan,27.7412636933,101.070821984,47.5009619549,86.5200709086,300.270330627,92.5064960029,2892.77662523,-0.0240793153644,-0.7569835186,0.113662928343,72,0,164.012861205,164.012890309,nan,0,0,common_seven_coordinate_v1,-0.0727363973856,-0.184767901897,-5.22074915352e-05,-0.190138697624,0.019984992221,0.0752528607845,-0.0360434763134,0,3,8,3.57627868652e-07,0,0,0,5150005
5.75800027349,2879,-2.20092033487e-06,0,0,2.52588279182e-06,nan,nan,nan,nan,27.5096208497,110.604269139,47.0030026918,105.992854515,320.824823575,103.537800896,2924.36243035,-0.0240777693689,-0.756984055042,0.113663420081,72,0,164.013210451,164.012890309,nan,0,0,common_seven_coordinate_v1,-0.0725800395012,-0.12002581358,-0.00783191155642,-0.083957798779,0.0284280478954,0.0364165119827,-0.0153805958107,0,3,3,8.94069671631e-07,0,0,0,5150005
5.82200027653,2911,-2.277373369e-06,0,0,1.83424963325e-05,nan,nan,nan,nan,28.3058270725,117.414958368,47.0533777843,115.827475383,337.967765518,113.851274364,2951.818984,-0.0240771528333,-0.756984651089,0.113663725555,72,0,164.012497407,164.012890309,nan,0,0,common_seven_coordinate_v1,-0.0586998201907,-0.0817783921957,-0.00805087387562,-0.0336322672665,0.0258122086525,0.0187670476735,-0.00618149107322,0,2,3,1.66296958923e-05,0,0,0,5150005
5.88600027957,2943,-2.17375168177e-06,0,0,3.53640848516e-06,nan,nan,nan,nan,29.1758260573,123.446559883,47.2494466521,121.291574033,351.809256244,123.226447613,2975.03569163,-0.0240766834468,-0.756985366344,0.113663703203,72,0,164.013108588,164.012890309,nan,0,0,common_seven_coordinate_v1,-0.0446045026183,-0.0527662858367,-0.00637952098623,-0.00474501075223,0.0214021801949,0.00814981292933,-0.00100268702954,0,2,3,3.27825546265e-06,0,0,0,5150005
5.95000028261,2975,-2.4805706289e-06,0,0,1.72219279193e-06,nan,nan,nan,nan,30.0079882436,129.014108097,47.4603257317,124.622267322,362.60052002,131.429551402,2994.03001554,-0.0240764841437,-0.756985902786,0.1136636585,72,0,164.012715686,164.012890309,nan,0,0,common_seven_coordinate_v1,-0.0316198654473,-0.0285485200584,-0.00437976326793,0.0142491972074,0.016757087782,0.000644134357572,0.00246662297286,0,2,3,7.15255737305e-07,0,0,0,5150005
6.01400028565,3007,-1.95087432076e-06,0,0,1.56207477175e-06,nan,nan,nan,nan,30.6797410303,134.264002554,47.6126660942,126.82491797,370.685942471,138.227551361,3008.91348161,-0.0240764673799,-0.756986796856,0.113663874567,72,0,164.01281755,164.012890309,nan,0,0,common_seven_coordinate_v1,-0.021276358515,-0.00726634077728,-0.00285344617441,0.0280706435442,0.0130231510848,-0.00528515037149,0.0052879746072,0,2,0,8.34465026855e-07,0,0,0,5150005
6.07800028869,3039,-2.0869204036e-06,0,0,1.72219279193e-06,nan,nan,nan,nan,26.604237064,142.548335134,46.3478900201,128.929212224,376.475334633,143.413941259,3019.88911815,-0.0240752995014,-0.756987214088,0.113664470613,72,0,164.012933965,164.012890309,nan,0,0,common_seven_coordinate_v1,-0.0791816785932,0.0224659945816,-0.0156870558858,0.042896758765,0.043622713536,-0.0150032220408,0.0160059090704,0,3,1,3.57627868652e-07,0,0,0,5150005
6.14200029173,3071,-2.18744389713e-06,0,0,1.64017853876e-06,nan,nan,nan,nan,23.9308410528,148.599763634,44.8203609267,130.126005388,380.42612141,147.01737382,3027.44354121,-0.0240751784295,-0.75698775053,0.113664321601,72,0,164.012686582,164.012890309,nan,0,0,common_seven_coordinate_v1,-0.120442323387,0.0431924276054,-0.0301303528249,0.0523521900177,0.0648247152567,-0.0218039043248,0.0255010575056,0,3,1,5.96046447754e-07,0,0,0,5150005
6.20600029477,3103,-2.35911716118e-06,0,0,7.98517930889e-07,nan,nan,nan,nan,24.6985291597,133.492940222,44.6712110715,126.822822494,382.863305276,149.04870477,3031.9117941,-0.0240747258067,-0.756988286972,0.113664716482,72,0,164.012759342,164.012890309,nan,0,0,common_seven_coordinate_v1,-0.110744953156,-0.0116441464052,-0.0310534201562,0.0260175969452,0.0565356053412,-0.00773805147037,0.0173625722528,0,3,3,4.76837158203e-07,0,0,0,5150005
6.27000029781,3135,-2.20979563892e-06,0,0,2.26500856115e-06,nan,nan,nan,nan,31.2736010528,100.70168355,48.984951718,85.5841644807,383.972248528,149.387604324,3033.35976787,-0.0240743122995,-0.756988823414,0.113664969802,72,0,164.013021276,164.012890309,nan,0,0,common_seven_coordinate_v1,-0.0220610033721,-0.186846032739,0.0146851558238,-0.19488132,-0.00526534952223,0.0789906606078,-0.0433290787041,0,3,4,4.76837158203e-07,0,0,0,5150005
6.33400030085,3167,-2.26735801334e-06,0,0,7.33035494704e-06,nan,nan,nan,nan,35.4586081812,84.4796595629,51.4416278747,65.5102267046,383.861101,147.901111632,3031.76208399,-0.0240733977407,-0.756989359856,0.113665379584,72,0,164.012511959,164.012890309,nan,0,0,common_seven_coordinate_v1,0.0290133487433,-0.29418823123,0.0442075915635,-0.335014939308,-0.0406104661524,0.143081322312,-0.0791366547346,0,3,5,4.41074371338e-06,0,0,0,5150005
6.39800030389,3199,-2.44303646468e-06,0,0,2.31375306612e-05,nan,nan,nan,nan,37.7335527446,78.6871969467,53.3451893716,59.7484649916,382.566562621,144.485500641,3027.0521529,-0.0240737125278,-0.756990075111,0.113665238023,72,0,164.012031746,164.012890309,nan,0,0,common_seven_coordinate_v1,0.05633251369,-0.334688216448,0.0634752213955,-0.383062690496,-0.0571669377387,0.168124005198,-0.0949453189969,0,3,5,1.15036964417e-05,0,0,0,5150005
6.46200030693,3231,-2.22588732868e-06,0,0,2.34419712797e-05,nan,nan,nan,nan,39.4234193664,78.6679884186,54.8087882635,59.7484649916,380.072218832,139.084266266,3019.15640011,-0.0240740962327,-0.756990790367,0.113665275276,72,0,164.012104506,164.012890309,nan,0,0,common_seven_coordinate_v1,0.0773072168231,-0.334342837334,0.0757150575519,-0.382898569107,-0.0678120404482,0.169307276607,-0.0999070480466,0,3,6,1.1682510376e-05,0,0,0,5150005
6.52600030997,3263,-2.06275967685e-06,0,0,1.60737999977e-06,nan,nan,nan,nan,29.9243056361,94.1972321016,49.0008860652,73.4050699975,376.321579097,131.691485876,3008.01312551,-0.0240722391754,-0.756990969181,0.113666601479,72,0,164.012773894,164.012890309,nan,0,0,common_seven_coordinate_v1,-0.0432774759829,-0.2347202003,0.0174956247211,-0.272734850645,-0.000709938700311,0.109704650939,-0.0563213787973,0,3,4,9.53674316406e-07,0,0,0,5150005
6.59000031301,3295,-2.19041180571e-06,0,0,1.48397111843e-06,nan,nan,nan,nan,27.3310743069,107.447980554,47.0513150503,99.8064133455,371.207454009,122.354540508,2993.56202595,-0.0240733418614,-0.756991922855,0.113666146994,72,0,164.012657478,164.012890309,nan,0,0,common_seven_coordinate_v1,-0.0764298439026,-0.140407174826,-0.00664360588416,-0.116145581007,0.0276829209179,0.0477058216929,-0.0212950762361,0,3,3,5.36441802979e-07,0,0,0,5150005
6.65400031605,3327,-2.07269249586e-06,0,0,1.83700569778e-06,nan,nan,nan,nan,27.9701162071,114.871188998,46.9668848382,112.513851491,364.552630344,111.186142021,2975.73884018,-0.0240732841194,-0.756992459297,0.113666377962,72,0,164.01274479,164.012890309,nan,0,0,common_seven_coordinate_v1,-0.0644006505609,-0.0954412072897,-0.00863873772323,-0.050479028374,0.0271807629615,0.0246483534575,-0.00908562541008,0,3,3,4.76837158203e-07,0,0,0,5150005
6.71800031909,3359,-2.10704638448e-06,0,0,6.66672758598e-06,nan,nan,nan,nan,28.8379396807,121.143588331,47.1296989417,119.312222523,356.038450263,98.3973804978,2954.43600044,-0.0240738503635,-0.756993174553,0.11366636306,72,0,164.012788446,164.012890309,nan,0,0,common_seven_coordinate_v1,-0.0500400289893,-0.0636083707213,-0.0074174432084,-0.0152034945786,0.0231437496841,0.0119787100703,-0.00274207792245,0,2,3,6.31809234619e-06,0,0,0,5150005
6.78200032213,3391,-2.15764157474e-06,0,0,2.73363093584e-06,nan,nan,nan,nan,29.6889174933,126.881699543,47.342851758,123.313919175,345.122010913,84.338200395,2929.46025729,-0.0240735709667,-0.756993591785,0.113666586578,72,0,164.01274479,164.012890309,nan,0,0,common_seven_coordinate_v1,-0.0365874171257,-0.0377701744437,-0.00545509159565,0.00690307794139,0.0185146536678,0.00348783633672,0.00124904315453,0,2,3,1.13248825073e-06,0,0,0,5150005
6.84600032517,3423,-2.08313576877e-06,0,0,2.06663139579e-06,nan,nan,nan,nan,30.4903078359,132.212095195,47.5394845125,125.875201775,330.949638737,69.5419585099,2900.49146861,-0.0240720231086,-0.756993770599,0.11366764456,72,0,164.012773894,164.012890309,nan,0,0,common_seven_coordinate_v1,-0.0243009645492,-0.0155812446028,-0.00352118769661,0.0223725214601,0.013933237642,-0.00290140556172,0.00415140530095,0,2,0,3.57627868652e-07,0,0,0,5150005
6.91000032821,3455,-2.52921995525e-06,0,0,6.57241798763e-06,nan,nan,nan,nan,28.7831499008,138.886025525,47.0235900139,127.892912133,312.107789796,54.8480165889,2866.95570685,-0.0240707732737,-0.756994068623,0.1136681512,72,0,164.012788446,164.012890309,nan,0,0,common_seven_coordinate_v1,-0.04747864604,0.0094892308116,-0.00882231909782,0.0360759757459,0.027131235227,-0.0105045344681,0.0106603335589,0,2,0,6.31809234619e-06,0,0,0,5150005
6.97400033125,3487,-2.11293809116e-06,0,0,2.26500856115e-06,nan,nan,nan,nan,23.8733155129,147.728555021,45.1686209999,129.947482492,286.082184175,41.6811344621,2827.7633246,-0.0240701213479,-0.756994664669,0.113669000566,72,0,164.012948517,164.012890309,nan,0,0,common_seven_coordinate_v1,-0.121377632022,0.0401184298098,-0.027152871713,0.0508288815618,0.0651092156768,-0.0208840183914,0.0238937493414,0,3,1,2.38418579102e-07,0,0,0,5150005
7.03800033429,3519,-2.15764157474e-06,0,0,1.15341481433e-06,nan,nan,nan,nan,24.1663074121,146.410078742,44.3628778157,129.947482492,249.526259722,31.9147948176,2781.44096956,-0.0240696668625,-0.756995081902,0.11366930604,72,0,164.012701134,164.012890309,nan,0,0,common_seven_coordinate_v1,-0.117158062756,0.0357853136957,-0.0340156257153,0.0498443543911,0.0627241134644,-0.0203003827482,0.0259449500591,0,3,1,5.96046447754e-07,0,0,0,5150005
7.10200033733,3551,-2.03308991331e-06,0,0,9.1850284889e-07,nan,nan,nan,nan,28.0020794889,111.509318231,47.014294978,99.5850496111,201.160772122,26.6459737759,2727.80680098,-0.0240690428764,-0.756995499134,0.113669991493,72,0,164.012890309,164.012890309,nan,0,0,common_seven_coordinate_v1,-0.065933033824,-0.123621866107,-0.00659946352243,-0.112504884601,0.0227143242955,0.0442166030407,-0.0196509454399,0,3,3,4.17232513428e-07,0,0,0,5150005
7.16600034037,3583,-2.11067981581e-06,0,0,2.75550860351e-06,nan,nan,nan,nan,34.27847696,89.2325188033,50.5885109305,71.0408348823,151.260421262,23.9600394707,2675.22060312,-0.0240694023669,-0.75699621439,0.113670140505,72,0,164.012715686,164.012890309,nan,0,0,common_seven_coordinate_v1,0.01503030397,-0.261325091124,0.0342863835394,-0.29295912385,-0.0308426059783,0.122952222824,-0.068144261837,0,3,4,1.31130218506e-06,0,0,0,5150005
7.23000034341,3615,-2.01640341402e-06,0,0,1.99813730433e-05,nan,nan,nan,nan,36.9332883565,79.9935951363,52.604576922,60.6288122071,109.87387941,20.647288693,2630.52107766,-0.0240690428764,-0.756996631622,0.113670840859,72,0,164.012177265,164.012890309,nan,0,0,common_seven_coordinate_v1,0.0465488880873,-0.326176375151,0.0567192286253,-0.374916166067,-0.0518729947507,0.163191586733,-0.0907381996512,0,3,5,1.02519989014e-05,0,0,0,5150005
7.29400034645,3647,-2.24425662054e-06,0,0,2.39677592617e-05,nan,nan,nan,nan,38.8193584513,78.6464152043,54.2592824786,59.6520367253,78.5203883424,16.6773606907,2595.19764222,-0.0240693576634,-0.756997227669,0.113670840859,72,0,164.012191817,164.012890309,nan,0,0,common_seven_coordinate_v1,0.0698449313641,-0.334806919098,0.0712168812752,-0.383695423603,-0.0640752837062,0.16919003427,-0.098185479641,0,3,6,1.18017196655e-05,0,0,0,5150005
7.35800034949,3679,-2.2541164526e-06,0,0,2.28838689509e-05,nan,nan,nan,nan,36.1342572432,83.7582483655,55.2057317691,59.9338345637,55.6647319172,12.8199044411,2568.48451681,-0.0240704640746,-0.756998002529,0.11367058754,72,0,164.012031746,164.012890309,nan,0,0,common_seven_coordinate_v1,0.0383639782667,-0.307779401541,0.0758851915598,-0.375025987625,-0.0478322058916,0.161094024777,-0.0961335524917,0,3,5,1.12652778625e-05,0,0,0,5150005
7.42200035253,3711,-2.21763752961e-06,0,0,1.01534863006e-06,nan,nan,nan,nan,27.4200483545,103.640872112,47.2269457532,91.711517598,39.2883594031,9.5410459835,2548.82918671,-0.0240704603493,-0.756998479366,0.113671168685,72,0,164.013035828,164.012890309,nan,0,0,common_seven_coordinate_v1,-0.0765883401036,-0.166709139943,-0.00367352575995,-0.160194754601,0.0242157168686,0.0637259483337,-0.0297159589827,0,3,8,6.55651092529e-07,0,0,0,5150005
7.48600035557,3743,-2.34560116041e-06,0,0,4.47770116807e-06,nan,nan,nan,nan,27.6576483884,112.165325845,46.92469156,108.374784759,27.6708196907,6.94777145327,2534.61836837,-0.0240708962083,-0.756998956203,0.113671213388,72,0,164.012963069,164.012890309,nan,0,0,common_seven_coordinate_v1,-0.0699067041278,-0.110934697092,-0.00870605837554,-0.0715437978506,0.0281236823648,0.0319647714496,-0.0128331501037,0,3,3,3.57627868652e-07,0,0,0,5150005
7.55000035861,3775,-2.06823460758e-06,0,0,1.35404943649e-05,nan,nan,nan,nan,28.4945326712,118.753909192,47.0259037684,116.963659821,19.4708845811,4.9870127441,2524.45787191,-0.0240717250854,-0.756999790668,0.113671317697,72,0,164.012482855,164.012890309,nan,0,0,common_seven_coordinate_v1,-0.0556479021907,-0.0753233060241,-0.00828076060861,-0.027437556535,0.0248328484595,0.0163891669363,-0.00483149476349,0,2,3,1.26361846924e-05,0,0,0,5150005
7.61400036165,3807,-2.17589877138e-06,0,0,3.82708321922e-06,nan,nan,nan,nan,29.3604061881,124.678772409,47.2318533866,121.836041217,13.6958569783,3.54758071808,2517.24338159,-0.0240701977164,-0.756999909878,0.113672599196,72,0,164.012977621,164.012890309,nan,0,0,common_seven_coordinate_v1,-0.0417514629662,-0.0475334152579,-0.00646434118971,-0.00126992864534,0.0203059278429,0.00661689369008,-0.000136453862069,0,2,3,2.56299972534e-06,0,0,0,5150005
7.67800036469,3839,-2.01147349799e-06,0,0,9.96942617348e-07,nan,nan,nan,nan,30.1823674818,130.163840367,47.4387634313,124.860569485,9.63300226431,2.50961215897,2512.14252785,-0.0240701436996,-0.757000565529,0.113672986627,72,0,164.012963069,164.012890309,nan,0,0,common_seven_coordinate_v1,-0.0290094893426,-0.0240652542561,-0.00447557913139,0.0163485910743,0.0156710930169,-0.000462673371658,0.00310859037563,0,2,11,6.55651092529e-07,0,0,0,5150005
7.74200036773,3871,-2.25028861678e-06,0,0,1.03172226318e-06,nan,nan,nan,nan,30.3674423776,135.657348437,47.4523149023,126.940401969,6.77577827446,1.76971684596,2508.54552723,-0.0240690056235,-0.757000803947,0.113673739135,72,0,164.012788446,164.012890309,nan,0,0,common_seven_coordinate_v1,-0.0254695694894,-0.00228941137902,-0.00435614027083,0.0297628231347,0.0153541089967,-0.00660868221894,0.00661482010037,0,2,0,8.34465026855e-07,0,0,0,5150005
7.80600037077,3903,-2.43447334469e-06,0,0,9.99131430035e-07,nan,nan,nan,nan,25.4879887507,144.518533489,45.8542817796,129.083855427,4.7670978347,1.24545044855,2506.01256266,-0.0240698084235,-0.757001459599,0.113673701882,72,0,164.012832101,164.012890309,nan,0,0,common_seven_coordinate_v1,-0.0961399674416,0.0290009919554,-0.0204523690045,0.0450248010457,0.0521984957159,-0.017091775313,0.0190506279469,0,3,1,2.98023223877e-07,0,0,0,5150005
7.8700003738,3935,-2.2364238248e-06,0,0,1.66455083672e-06,nan,nan,nan,nan,24.0327990468,148.61820091,44.5542027592,129.812397063,3.35494360115,0.875587375049,2504.23047692,-0.0240694619715,-0.757001876831,0.1136745736,72,0,164.012890309,164.012890309,nan,0,0,common_seven_coordinate_v1,-0.118938960135,0.0430028215051,-0.0323862470686,0.0512480102479,0.0639640763402,-0.0216547455639,0.0261813364923,0,3,1,4.17232513428e-07,0,0,0,5150005
7.93400037684,3967,-2.26361657951e-06,0,0,7.85015345173e-07,nan,nan,nan,nan,25.4885253526,125.212623971,45.2118765679,117.095027235,2.36226537709,0.615081489741,2502.97738239,-0.0240689087659,-0.757002174854,0.113675266504,72,0,164.012846653,164.012890309,nan,0,0,common_seven_coordinate_v1,-0.100500896573,-0.0512595996261,-0.0254309996963,-0.0209838226438,0.0472262278199,0.00902032665908,0.00554744526744,0,3,3,3.57627868652e-07,0,0,0,5150005
7.99800037988,3999,-2.38483698922e-06,0,0,1.37775430176e-06,nan,nan,nan,nan,32.6548251905,95.9576427704,49.6526918141,79.3177387095,1.66420647929,0.431971983517,2502.09611841,-0.0240694656968,-0.757002949715,0.113675564528,72,0,164.012701134,164.012890309,nan,0,0,common_seven_coordinate_v1,-0.00460091093555,-0.216914132237,0.0227839425206,-0.235118433833,-0.016960054636,0.0965678170323,-0.0536389797926,0,3,4,4.17232513428e-07,0,0,0,5150005
8.06200038292,4031,-2.00954650609e-06,0,0,1.27859912027e-05,nan,nan,nan,nan,36.0231424565,82.5102761155,51.8168017152,63.1653238088,1.17348167805,0.303129183976,2501.47655606,-0.0240703765303,-0.75700366497,0.113675795496,72,0,164.012482855,164.012890309,nan,0,0,common_seven_coordinate_v1,0.0356547161937,-0.308410286903,0.0486518777907,-0.353618890047,-0.0451509878039,0.152145758271,-0.0839562565088,0,3,5,6.43730163574e-06,0,0,0,5150005
8.12600038596,4063,-2.1658274818e-06,0,0,2.42995520239e-05,nan,nan,nan,nan,38.1446843676,78.6333766882,53.6433217349,59.5861019974,0.82797447476,0.212868712879,2501.0406971,-0.0240673590451,-0.757003366947,0.113677449524,72,0,164.012235473,164.012890309,nan,0,0,common_seven_coordinate_v1,0.0614339746535,-0.33518204093,0.0661163181067,-0.384263306856,-0.0598557181656,0.168918147683,-0.0961929261684,0,3,5,1.23381614685e-05,0,0,0,5150005
8.190000389,4095,-2.16509215534e-06,0,0,2.34447943512e-05,nan,nan,nan,nan,39.7401563532,78.6333766882,55.0042859686,59.5861019974,0.584919803259,0.14940835058,2500.73429197,-0.0240678116679,-0.757003962994,0.113677658141,72,0,164.011871675,164.012890309,nan,0,0,common_seven_coordinate_v1,0.0811221450567,-0.334751754999,0.0774777755141,-0.384076148272,-0.0698778703809,0.169992730021,-0.100793965161,0,3,6,1.19805335999e-05,0,0,0,5150005
8.25400039204,4127,-2.19403227675e-06,0,0,2.41106999965e-06,nan,nan,nan,nan,28.339203709,98.402662843,47.7454996144,80.9018383734,0.413593625126,0.104978610693,2500.51845796,-0.0240659378469,-0.757004022598,0.113679081202,72,0,164.012788446,164.012890309,nan,0,0,common_seven_coordinate_v1,-0.064956612885,-0.204427838326,0.00379114318639,-0.223924994469,0.0135217634961,0.0886084139347,-0.0430061258376,0,3,4,7.7486038208e-07,0,0,0,5150005
8.31800039508,4159,-2.22128460337e-06,0,0,1.14812860375e-06,nan,nan,nan,nan,27.4093708867,109.213251562,46.9461592729,103.094767837,0.293120933748,0.0735848431077,2500.36665238,-0.0240645483136,-0.757004261017,0.113680005074,72,0,164.01274479,164.012890309,nan,0,0,common_seven_coordinate_v1,-0.0746479853988,-0.129126951098,-0.00797690358013,-0.0987493991852,0.0282103717327,0.0414630360901,-0.0178174581379,0,3,3,4.76837158203e-07,0,0,0,5150005
8.38200039812,4191,-2.08264964385e-06,0,0,1.60737999977e-06,nan,nan,nan,nan,28.1523989543,116.269213322,46.9437873107,114.106209367,0.207988037459,0.0517009794976,2500.25955029,-0.024064514786,-0.757004678249,0.113680563867,72,0,164.012657478,164.012890309,nan,0,0,common_seven_coordinate_v1,-0.0613528601825,-0.0881477147341,-0.00889403838664,-0.0421395897865,0.0263776127249,0.0216083470732,-0.00740014621988,0,3,3,3.57627868652e-07,0,0,0,5150005
8.44600040116,4223,-2.1129869765e-06,0,0,4.99294628753e-06,nan,nan,nan,nan,29.0243970085,122.408775496,47.1277016914,120.121141663,0.147941818796,0.0362843479706,2500.18411316,-0.0240645967424,-0.757005274296,0.11368098855,72,0,164.012832101,164.012890309,nan,0,0,common_seven_coordinate_v1,-0.0470962636173,-0.0579123981297,-0.00739577179775,-0.010568048805,0.0220997445285,0.0101150330156,-0.00173670845106,0,2,3,4.88758087158e-06,0,0,0,5150005
8.5100004042,4255,-2.12038867176e-06,0,0,1.21809989651e-06,nan,nan,nan,nan,29.8660143017,128.056693939,47.3404797958,123.731602798,0.105451469778,0.025535959125,2500.13102777,-0.0240637175739,-0.75700545311,0.113681979477,72,0,164.012832101,164.012890309,nan,0,0,common_seven_coordinate_v1,-0.0338885933161,-0.0329687260091,-0.0054031717591,0.00976134184748,0.0174501147121,0.00217546592467,0.0019540283829,0,2,3,6.55651092529e-07,0,0,0,5150005
8.57400040724,4287,-2.03098170459e-06,0,0,2.29625720749e-06,nan,nan,nan,nan,30.6548972731,133.310415549,47.5297565572,126.078550238,0.0752819886429,0.0181065953342,2500.09330921,-0.0240628793836,-0.757005870342,0.113682851195,72,0,164.012526511,164.012890309,nan,0,0,common_seven_coordinate_v1,-0.0218591075391,-0.011388191022,-0.00351891457103,0.0242577679455,0.0129179107025,-0.0039059445262,0.00470807682723,0,2,0,4.76837158203e-07,0,0,0,5150005
8.63800041028,4319,-2.34726758208e-06,0,0,1.09266761683e-06,nan,nan,nan,nan,27.6072369161,140.886855661,46.6122546641,128.131709062,0.0540814220074,0.0126470922623,2500.06653368,-0.0240639969707,-0.757006645203,0.113682590425,72,0,164.012875757,164.012890309,nan,0,0,common_seven_coordinate_v1,-0.0644484162331,0.0163139216602,-0.0129051543772,0.0385632254183,0.035881690681,-0.0126945748925,0.0135193606839,0,3,0,2.98023223877e-07,0,0,0,5150005
8.70200041332,4351,-1.91922299564e-06,0,0,1.83700569778e-06,nan,nan,nan,nan,23.7092481257,148.611841723,44.9465987913,129.718246171,0.0390580403575,0.00873733885243,2500.04790723,-0.0240640565753,-0.757007062435,0.113683514297,72,0,164.012802998,164.012890309,nan,0,0,common_seven_coordinate_v1,-0.124021679163,0.0428083725274,-0.029138661921,0.050733037293,0.0664265155792,-0.0214550942183,0.0249410867691,0,3,1,4.17232513428e-07,0,0,0,5150005
8.76600041636,4383,-1.99372880161e-06,0,0,1.71828230577e-06,nan,nan,nan,nan,24.343820769,140.032701893,44.3612007075,129.718246171,0.0282322201173,0.00618079276649,2500.03440306,-0.0240633822978,-0.757007360458,0.113684415817,72,0,164.012992173,164.012890309,nan,0,0,common_seven_coordinate_v1,-0.115233123302,0.0139124337584,-0.0339920297265,0.0432171039283,0.0606245063245,-0.015496625565,0.0230808611959,0,3,1,3.57627868652e-07,0,0,0,5150005
8.8300004194,4415,-1.97137705982e-06,0,0,1.09345239707e-06,nan,nan,nan,nan,29.8037484754,105.193495983,48.0803391838,91.1531242309,0.0204613908039,0.00447950210258,2500.024857,-0.0240625794977,-0.757007539272,0.113685213029,72,0,164.012773894,164.012890309,nan,0,0,common_seven_coordinate_v1,-0.0415241532028,-0.160153269768,0.00498912716284,-0.160726249218,0.00692956987768,0.0640857815742,-0.0331958644092,0,3,4,8.34465026855e-07,0,0,0,5150005
8.89400042244,4447,-1.85961835086e-06,0,0,5.2791010603e-06,nan,nan,nan,nan,34.9620531779,86.3875320647,50.9951751155,67.5345872878,0.0150426995305,0.00320561310829,2500.01833774,-0.0240625813603,-0.757008075714,0.113685965538,72,0,164.012715686,164.012890309,nan,0,0,common_seven_coordinate_v1,0.0230856277049,-0.281122237444,0.0394285842776,-0.319071769714,-0.0366523563862,0.135195285082,-0.0745432749391,0,3,5,3.27825546265e-06,0,0,0,5150005
8.95800042548,4479,-2.28020508075e-06,0,0,2.38728462136e-05,nan,nan,nan,nan,37.3898074031,79.0725025581,52.9546196049,59.7368089075,0.0109337969789,0.00249950438125,2500.0134483,-0.0240622349083,-0.757008314133,0.113686218858,72,0,164.011784364,164.012890309,nan,0,0,common_seven_coordinate_v1,0.0520366206765,-0.332705199718,0.0602220334113,-0.382605552673,-0.0550832860172,0.167314067483,-0.0934384390712,0,3,5,1.23977661133e-05,0,0,0,5150005
9.02200042852,4511,-2.22572339226e-06,0,0,2.38318261836e-05,nan,nan,nan,nan,39.1655703424,78.6206874182,54.5064431208,59.534326283,0.00835653413134,0.00173083858357,2500.00995584,-0.0240623615682,-0.757008850574,0.113686837256,72,0,164.012002642,164.012890309,nan,0,0,common_seven_coordinate_v1,0.0740752667189,-0.335077404976,0.0733769312501,-0.384538769722,-0.0663119778037,0.169771283865,-0.0991844311357,0,3,6,1.18017196655e-05,0,0,0,5150005
9.08600043156,4543,-1.91922299564e-06,0,0,7.0741862146e-06,nan,nan,nan,nan,32.4473658111,89.4943223102,51.64671893,65.8254211885,0.00628374019485,0.00137783928711,2500.00762753,-0.0240630321205,-0.75700956583,0.11368727684,72,0,164.012497407,164.012890309,nan,0,0,common_seven_coordinate_v1,-0.00916672963649,-0.269158661366,0.0432763509452,-0.326801508665,-0.021252701059,0.135140359402,-0.0750563517213,0,3,8,3.93390655518e-06,0,0,0,5150005
9.1500004346,4575,-2.16559078581e-06,0,0,7.56391500545e-07,nan,nan,nan,nan,27.319547371,105.812308902,47.0617269457,96.2004705798,0.00452336301748,0.00130501598417,2500.00576489,-0.0240622311831,-0.75700968504,0.113688111305,72,0,164.012904861,164.012890309,nan,0,0,common_seven_coordinate_v1,-0.0772804021835,-0.151726096869,-0.0059657106176,-0.135353282094,0.0265317931771,0.05452106148,-0.0247252508998,0,3,8,7.15255737305e-07,0,0,0,5150005
9.21400043764,4607,-2.16509215534e-06,0,0,1.33086325604e-06,nan,nan,nan,nan,27.8227853414,113.654001325,46.8924408779,110.531967948,0.00318010751066,0.00124927634904,2500.0043679,-0.0240616612136,-0.757009983063,0.113688856363,72,0,164.01267203,164.012890309,nan,0,0,common_seven_coordinate_v1,-0.067009486258,-0.102499000728,-0.00913535896689,-0.0603981725872,0.0276190359145,0.0280047133565,-0.0106562385336,0,3,3,4.76837158203e-07,0,0,0,5150005
9.27800044068,4639,-2.09688619179e-06,0,0,9.33272440307e-06,nan,nan,nan,nan,28.682019547,120.061129564,47.0316808787,118.07068222,0.00251878295998,0.000959013868318,2500.00343658,-0.0240627452731,-0.757010757923,0.113689132035,72,0,164.012642927,164.012890309,nan,0,0,common_seven_coordinate_v1,-0.0526217482984,-0.0690746828914,-0.00822479277849,-0.0214505624026,0.0238583032042,0.0141225475818,-0.00363052985631,0,2,3,8.225440979e-06,0,0,0,5150005
9.34200044372,4671,-2.08269943869e-06,0,0,3.21475999954e-06,nan,nan,nan,nan,29.5409172395,125.884820591,47.2429892397,122.43562378,0.00215320561381,0.000707522651577,2500.00273809,-0.024060908705,-0.757010877132,0.113690413535,72,0,164.012788446,164.012890309,nan,0,0,common_seven_coordinate_v1,-0.0389536954463,-0.0423788800836,-0.00631316332147,0.00238016992807,0.0192591864616,0.00507861468941,0.000656329561025,0,2,3,1.72853469849e-06,0,0,0,5150005
9.40600044676,4703,-1.98627822101e-06,0,0,1.7744843035e-06,nan,nan,nan,nan,30.3521155729,131.287539261,47.4446060252,125.192222185,0.00187479742841,0.000585265391706,2500.00250526,-0.0240605697036,-0.757011294365,0.113691292703,72,0,164.013181347,164.012890309,nan,0,0,common_seven_coordinate_v1,-0.0264557097107,-0.0196136087179,-0.00435009319335,0.0187793951482,0.0146475927904,-0.00161664676853,0.00370587827638,0,2,12,4.76837158203e-07,0,0,0,5150005
9.4700004498,4735,-2.22296444008e-06,0,0,1.6570875232e-06,nan,nan,nan,nan,29.6379730571,137.324095704,47.2102547064,127.212697407,0.00169199998457,0.000505240627113,2500.0020396,-0.0240610260516,-0.757011651993,0.113691650331,72,0,164.012977621,164.012890309,nan,0,0,common_seven_coordinate_v1,-0.0355259478092,0.0036386854481,-0.0067764702253,0.0322065390646,0.0207147616893,-0.00841542892158,0.00860237050802,0,2,0,1.54972076416e-06,0,0,0,5150005
9.53400045284,4767,-2.037305876e-06,0,0,2.75550860351e-06,nan,nan,nan,nan,24.5208284468,146.353180753,45.3917382401,129.363426822,0.00157741375517,0.000447937520409,2500.0020396,-0.0240621715784,-0.757012605667,0.11369188875,72,0,164.013021276,164.012890309,nan,0,0,common_seven_coordinate_v1,-0.111192204058,0.035171598196,-0.0249016340822,0.0475312024355,0.0598154962063,-0.0191265195608,0.0219486169517,0,3,1,3.57627868652e-07,0,0,0,5150005
9.59800045588,4799,-2.13626412915e-06,0,0,2.06663139579e-06,nan,nan,nan,nan,24.0949921135,148.619859829,44.3755743618,129.640568048,0.0015015746424,0.000411430417513,2500.00180677,-0.0240633171052,-0.757013082504,0.113692060113,72,0,164.012788446,164.012890309,nan,0,0,common_seven_coordinate_v1,-0.11802855134,0.0428725294769,-0.0339102447033,0.0506422668695,0.0634440109134,-0.0215828251094,0.0266610942781,0,3,1,7.7486038208e-07,0,0,0,5150005
9.66200045892,4831,-2.08949404623e-06,0,0,2.75550860351e-06,nan,nan,nan,nan,26.6986189672,117.371237138,46.0703486169,106.997176772,0.00145200429458,0.000387861021078,2500.00180677,-0.0240622237325,-0.757013261318,0.113693185151,72,0,164.012861205,164.012890309,nan,0,0,common_seven_coordinate_v1,-0.0839702859521,-0.0918425247073,-0.0164111945778,-0.0723031684756,0.0347795076668,0.0281876027584,-0.00804932881147,0,3,3,5.96046447754e-07,0,0,0,5150005
9.72600046196,4863,-2.10548751056e-06,0,0,2.05667265618e-06,nan,nan,nan,nan,33.6283810611,91.9810481719,50.141596148,74.2527554394,0.00141956180144,0.000372319924891,2500.00180677,-0.0240599811077,-0.757013201714,0.113694578409,72,0,164.01281755,164.012890309,nan,0,0,common_seven_coordinate_v1,0.00722279632464,-0.243051320314,0.0290606897324,-0.269724756479,-0.0253583826125,0.112097978592,-0.0620900131762,0,3,4,1.07288360596e-06,0,0,0,5150005
9.790000465,4895,-2.09160816667e-06,0,0,1.64579578268e-05,nan,nan,nan,nan,36.5398191207,80.958045146,52.2065274708,61.4510063315,0.00139796851872,0.000362533503218,2500.00180677,-0.0240600481629,-0.75701379776,0.113695159554,72,0,164.011944435,164.012890309,nan,0,0,common_seven_coordinate_v1,0.0417831651866,-0.319593966007,0.0529158450663,-0.367723405361,-0.0491037890315,0.159249454737,-0.0879803597927,0,3,5,9.00030136108e-06,0,0,0,5150005
9.85400046804,4927,-2.30936302614e-06,0,0,2.51305682468e-05,nan,nan,nan,nan,38.5273997381,78.6120872363,53.9433276572,59.4976336288,0.00138419753437,0.000355805440666,2500.00180677,-0.0240606870502,-0.757014214993,0.113695345819,72,0,164.011973538,164.012890309,nan,0,0,common_seven_coordinate_v1,0.0661757588387,-0.335365027189,0.0687040388584,-0.384888887405,-0.0623198747635,0.169448211789,-0.0973325967789,0,3,6,1.2993812561e-05,0,0,0,5150005
9.91800047108,4959,-2.18559944187e-06,0,0,2.5375147743e-05,nan,nan,nan,nan,38.8127264159,80.0107663963,55.2070596314,59.4976336288,0.00137520450583,0.0003514254443,2500.00180677,-0.0240608099848,-0.757014751434,0.113695979118,72,0,164.011886227,164.012890309,nan,0,0,common_seven_coordinate_v1,0.0704190209508,-0.327714294195,0.0782725811005,-0.382949769497,-0.064408056438,0.168176144361,-0.10015553236,0,3,6,1.28149986267e-05,0,0,0,5150005
9.98200047412,4991,-2.14598094317e-06,0,0,1.33086325604e-06,nan,nan,nan,nan,27.6635673799,101.509016531,47.3433574371,87.06949302,0.00136929079186,0.000348608891754,2500.00157394,-0.0240604598075,-0.757015109062,0.113696880639,72,0,164.013108588,164.012890309,nan,0,0,common_seven_coordinate_v1,-0.0738179907203,-0.182101979852,-0.00155189738143,-0.186698183417,0.0207458566874,0.0737327858806,-0.0348481945693,0,3,8,4.76837158203e-07,0,0,0,5150005
10.0460004772,5023,-2.31670264839e-06,0,0,9.31052511532e-07,nan,nan,nan,nan,27.5322108791,110.852604848,46.8885955343,105.984494439,0.00136543842899,0.00034676098104,2500.00157394,-0.024059554562,-0.757015109062,0.113697767258,72,0,164.012861205,164.012890309,nan,0,0,common_seven_coordinate_v1,-0.0722582861781,-0.119010619819,-0.0087844543159,-0.0837028250098,0.0282641146332,0.0361365377903,-0.0149051165208,0,3,3,5.96046447754e-07,0,0,0,5150005
10.1100004802,5055,-2.12912641473e-06,0,0,1.81233372132e-05,nan,nan,nan,nan,28.337841286,117.630406749,46.9492915727,115.573202493,0.00136292777064,0.000345550588143,2500.00157394,-0.0240599885583,-0.757015764713,0.113698415458,72,0,164.012686582,164.012890309,nan,0,0,common_seven_coordinate_v1,-0.0582767501473,-0.0811931118369,-0.00888620782644,-0.0344593636692,0.0255141295493,0.018812622875,-0.00592052889988,0,2,3,1.60336494446e-05,0,0,0,5150005
10.1740004832,5087,-2.29931083595e-06,0,0,4.1102407522e-06,nan,nan,nan,nan,29.2083368549,123.65054863,47.1474850201,120.920987683,0.0013612873051,0.000344762496329,2500.00157394,-0.0240593478084,-0.757016003132,0.113699108362,72,0,164.012904861,164.012890309,nan,0,0,common_seven_coordinate_v1,-0.044196266681,-0.0523554682732,-0.0071889096871,-0.00602468336001,0.0210757702589,0.0083128279075,-0.000823837355711,0,2,3,3.3974647522e-06,0,0,0,5150005
10.2380004863,5119,-2.34877916228e-06,0,0,1.60737999977e-06,nan,nan,nan,nan,30.0397005049,129.210442537,47.3576947115,124.191836221,10.0027282315,-0.810886717773,2509.19163227,-0.0240597780794,-0.757016658783,0.113699518144,72,0,164.012715686,164.012890309,nan,0,0,common_seven_coordinate_v1,-0.0312384627759,-0.0282332506031,-0.00519115105271,0.0127534754574,0.0164265800267,0.000858898623846,0.00261042173952,0,2,3,7.7486038208e-07,0,0,0,5150005
10.3020004893,5151,-2.24479390454e-06,0,0,2.03069726012e-06,nan,nan,nan,nan,30.6603615172,134.486122988,47.4946464237,126.366037875,34.5523476426,0.387600522345,2534.93990749,-0.0240590665489,-0.757016897202,0.113700546324,72,0,164.013021276,164.012890309,nan,0,0,common_seven_coordinate_v1,-0.0216112583876,-0.00690787751228,-0.00381884071976,0.02649830468,0.0130492737517,-0.00509242527187,0.00549990264699,0,2,0,8.34465026855e-07,0,0,0,5150005
10.3660004924,5183,-2.10548751056e-06,0,0,3.09994720737e-06,nan,nan,nan,nan,26.412837542,142.898308695,46.1733070551,128.473882796,64.3688617856,5.95453320784,2570.32341324,-0.0240589175373,-0.757017314434,0.11370139569,72,0,164.012963069,164.012890309,nan,0,0,common_seven_coordinate_v1,-0.0821472257376,0.0231952238828,-0.0172479320318,0.0414383821189,0.0449548102915,-0.0149882370606,0.0165457185358,0,3,1,2.38418579102e-07,0,0,0,5150005
10.4300004954,5215,-2.23214738071e-06,0,0,1.95259349312e-06,nan,nan,nan,nan,23.9585351665,148.622784764,44.6862723038,129.590262077,96.7283340287,14.2571689139,2610.98542251,-0.0240594316274,-0.757017850876,0.113701499999,72,0,164.012759342,164.012890309,nan,0,0,common_seven_coordinate_v1,-0.120108731091,0.0427995622158,-0.0312683656812,0.05036810413,0.064473643899,-0.021417543292,0.0256387367845,0,3,1,4.17232513428e-07,0,0,0,5150005
10.4940004984,5247,-2.08313576877e-06,0,0,2.65552716883e-06,nan,nan,nan,nan,24.806264264,132.023575134,44.6543708676,124.796541058,130.094660562,24.1336329054,2654.22812663,-0.0240587852895,-0.757018089294,0.11370255053,72,0,164.012584719,164.012890309,nan,0,0,common_seven_coordinate_v1,-0.109503336251,-0.0188072044402,-0.0310682598501,0.0167154092342,0.0550448819995,-0.00468428339809,0.0155136203393,0,3,3,3.57627868652e-07,0,0,0,5150005
10.5580005015,5279,-2.27932741836e-06,0,0,3.78882418772e-06,nan,nan,nan,nan,31.5512334055,99.7837778414,49.0264283144,84.0698630782,163.368938956,34.8973953805,2698.26618023,-0.024058310315,-0.757018327713,0.113703146577,72,0,164.012686582,164.012890309,nan,0,0,common_seven_coordinate_v1,-0.0185717642307,-0.192965567112,0.0155948642641,-0.204106554389,-0.0077336570248,0.0827675312757,-0.0452712327242,0,3,4,4.76837158203e-07,0,0,0,5150005
10.6220005045,5311,-2.25701751333e-06,0,0,9.20748243516e-06,nan,nan,nan,nan,35.5666852556,84.0636130306,51.4123021276,64.7982233204,195.687331143,46.1329436803,2741.82017893,-0.0240594837815,-0.757019162178,0.113703578711,72,0,164.012453752,164.012890309,nan,0,0,common_seven_coordinate_v1,0.0302109643817,-0.297546833754,0.044371444732,-0.340346157551,-0.0416156426072,0.145458325744,-0.0800328031182,0,3,5,5.18560409546e-06,0,0,0,5150005
10.6860005076,5343,-1.98627822101e-06,0,0,2.40407225647e-05,nan,nan,nan,nan,37.8155855287,78.6062009865,53.3047968929,59.470996348,226.338437642,57.5704216317,2783.90874155,-0.0240598525852,-0.75701969862,0.113704308867,72,0,164.011915331,164.012890309,nan,0,0,common_seven_coordinate_v1,0.0572690665722,-0.335633307695,0.0633645132184,-0.385164916515,-0.0578312464058,0.169029846787,-0.0952052921057,0,3,6,1.21593475342e-05,0,0,0,5150005
10.7500005106,5375,-2.15872432818e-06,0,0,2.52029949479e-05,nan,nan,nan,nan,39.4899834646,78.6062009865,54.7516101506,59.470996348,254.73482674,69.0151136951,2823.7500228,-0.0240596514195,-0.757020175457,0.113704949617,72,0,164.012002642,164.012890309,nan,0,0,common_seven_coordinate_v1,0.0780317187309,-0.335187733173,0.0754732787609,-0.384976059198,-0.0683766677976,0.170174330473,-0.100102238357,0,3,6,1.25169754028e-05,0,0,0,5150005
10.8140005136,5407,-2.41282941715e-06,0,0,1.5620346403e-06,nan,nan,nan,nan,29.553018976,94.9807072175,48.5747877974,74.5280049159,280.412263237,80.3047223599,2860.71700975,-0.0240599289536,-0.757020533085,0.11370536685,72,0,164.012919413,164.012890309,nan,0,0,common_seven_coordinate_v1,-0.0484509058297,-0.229384288192,0.013374212198,-0.26498067379,0.00234369025566,0.106047980487,-0.0534131005406,0,3,4,1.01327896118e-06,0,0,0,5150005
10.8780005167,5439,-2.07568518817e-06,0,0,1.41958742006e-06,nan,nan,nan,nan,27.3381974694,107.731146272,46.9569167763,100.079545518,303.042470478,91.2830000743,2894.3256475,-0.0240607857704,-0.757021129131,0.113705843687,72,0,164.01312314,164.012890309,nan,0,0,common_seven_coordinate_v1,-0.0762883201241,-0.138888210058,-0.00747920433059,-0.114518940449,0.0277225859463,0.0469973869622,-0.0206602402031,0,3,3,4.76837158203e-07,0,0,0,5150005
10.9420005197,5471,-2.03098170459e-06,0,0,1.59703586178e-06,nan,nan,nan,nan,27.9990763374,115.091082989,46.8885991722,112.461268145,322.450243402,101.780300611,2924.23041537,-0.0240579657257,-0.757020890713,0.113707847893,72,0,164.013152244,164.012890309,nan,0,0,common_seven_coordinate_v1,-0.0639835447073,-0.0946149006486,-0.00927781127393,-0.0504563786089,0.0269610472023,0.0244773589075,-0.00877484865487,0,3,3,4.76837158203e-07,0,0,0,5150005
11.0060005228,5503,-2.06078402698e-06,0,0,7.61502360547e-06,nan,nan,nan,nan,28.8687915599,121.345205116,47.055666073,119.109798106,338.619778631,111.608635052,2950.22828504,-0.024058541283,-0.757021486759,0.113708175719,72,0,164.012963069,164.012890309,nan,0,0,common_seven_coordinate_v1,-0.0496223419905,-0.063033349812,-0.0080061936751,-0.0158147159964,0.0228740051389,0.0119888400659,-0.00255037867464,0,2,3,6.02006912231e-06,0,0,0,5150005
11.0700005258,5535,-2.17263300328e-06,0,0,2.08101869248e-06,nan,nan,nan,nan,29.7189253615,127.072664327,47.268873459,123.036981677,351.687282091,120.562028314,2972.24917449,-0.0240582302213,-0.757021784782,0.113708883524,72,0,164.012875757,164.012890309,nan,0,0,common_seven_coordinate_v1,-0.036199234426,-0.0373232252896,-0.00603814423084,0.00599940679967,0.0182361416519,0.00357563793659,0.00139102083631,0,2,3,1.07288360596e-06,0,0,0,5150005
11.1340005288,5567,-1.98627822101e-06,0,0,9.1850284889e-07,nan,nan,nan,nan,30.519124266,132.394197863,47.4642802146,125.557649881,361.908692867,128.423373098,2990.33196643,-0.0240586604923,-0.757022440434,0.113709487021,72,0,164.012759342,164.012890309,nan,0,0,common_seven_coordinate_v1,-0.0239421054721,-0.0152161438018,-0.00411230931059,0.0213157385588,0.0136565342546,-0.00277401786298,0.00427026720718,0,2,0,2.98023223877e-07,0,0,0,5150005
11.1980005319,5599,-2.11293809116e-06,0,0,9.35064417718e-06,nan,nan,nan,nan,28.5960450128,139.215539093,46.8879225082,127.575462102,369.612971554,134.981688461,3004.594706,-0.0240580625832,-0.757022619247,0.113710455596,72,0,164.012977621,164.012890309,nan,0,0,common_seven_coordinate_v1,-0.050214279443,0.0102920625359,-0.0100443344563,0.0351185016334,0.0284172296524,-0.0105755021796,0.0111386161298,0,2,0,8.225440979e-06,0,0,0,5150005
11.2620005349,5631,-2.023531124e-06,0,0,2.87032139568e-06,nan,nan,nan,nan,23.7876520259,147.964688949,45.0796324003,129.547493998,375.172356144,140.043979627,3015.21620713,-0.0240572206676,-0.757022976875,0.113711223006,72,0,164.012861205,164.012890309,nan,0,0,common_seven_coordinate_v1,-0.122811287642,0.0405246242881,-0.0279521141201,0.0495087355375,0.0656940564513,-0.0207694470882,0.0240938644856,0,3,1,4.76837158203e-07,0,0,0,5150005
11.326000538,5663,-2.13528983295e-06,0,0,7.81037385877e-07,nan,nan,nan,nan,24.1888556047,145.501311636,44.2889140686,129.547493998,379.000994144,143.608660437,3022.60974422,-0.0240573212504,-0.757023334503,0.113711901009,72,0,164.012992173,164.012890309,nan,0,0,common_seven_coordinate_v1,-0.116998776793,0.0323765575886,-0.0346511937678,0.0475212149322,0.0623439587653,-0.0193465799093,0.0255776681006,0,3,1,2.98023223877e-07,0,0,0,5150005
11.390000541,5695,-2.07842367672e-06,0,0,9.64308924267e-07,nan,nan,nan,nan,28.2947112282,110.329674499,47.1272614959,97.7545350906,381.417019526,145.723330206,3027.14039572,-0.0240581855178,-0.757024049759,0.113712348044,72,0,164.012861205,164.012890309,nan,0,0,common_seven_coordinate_v1,-0.0620017647743,-0.130606472492,-0.0051714675501,-0.122487463057,0.0199702382088,0.0480752363801,-0.0220324192196,0,3,3,5.96046447754e-07,0,0,0,5150005
11.454000544,5727,-2.10548751056e-06,0,0,2.87032139568e-06,nan,nan,nan,nan,34.4059008057,88.6713824002,50.587914302,70.1741228113,382.597383577,146.295889863,3028.8931448,-0.024057360366,-0.757024168968,0.113713294268,72,0,164.012861205,164.012890309,nan,0,0,common_seven_coordinate_v1,0.0164794139564,-0.265466123819,0.0347060076892,-0.299122154713,-0.0320289358497,0.12567025423,-0.0693084150553,0,3,4,2.20537185669e-06,0,0,0,5150005
11.5180005471,5759,-2.07592688639e-06,0,0,2.02837745746e-05,nan,nan,nan,nan,37.0191191905,79.7749453341,52.595481975,60.2629879722,382.645201171,145.206679008,3027.85192616,-0.0240572746843,-0.757024645805,0.113714069128,72,0,164.011973538,164.012890309,nan,0,0,common_seven_coordinate_v1,0.047521404922,-0.32801297307,0.0568967349827,-0.377828031778,-0.0525827333331,0.164541915059,-0.0912589728832,0,3,5,1.060962677e-05,0,0,0,5150005
11.5820005501,5791,-2.22185940402e-06,0,0,2.54569222307e-05,nan,nan,nan,nan,38.886704715,78.5994780017,54.2335801583,59.4494158577,381.601188565,142.357210279,3023.95853214,-0.0240578390658,-0.757025063038,0.113714389503,72,0,164.012031746,164.012890309,nan,0,0,common_seven_coordinate_v1,0.0706105679274,-0.335428982973,0.0711722150445,-0.385213464499,-0.0646069943905,0.169838771224,-0.0983828678727,0,3,6,1.22785568237e-05,0,0,0,5150005
11.6460005532,5823,-2.40003100771e-06,0,0,2.12335926335e-05,nan,nan,nan,nan,35.5166921508,84.6337352414,54.713076679,60.3086155024,379.455508664,137.691720738,3017.14707166,-0.0240582004189,-0.75702559948,0.113714903593,72,0,164.01236644,164.012890309,nan,0,0,common_seven_coordinate_v1,0.0305863432586,-0.302708208561,0.0715403482318,-0.371180206537,-0.0437883846462,0.158446982503,-0.0935601890087,0,3,5,1.1146068573e-05,0,0,0,5150005
11.7100005562,5855,-2.33565378949e-06,0,0,1.72219279193e-06,nan,nan,nan,nan,27.3897112493,104.006678157,47.1387902508,92.29722491,376.165407943,131.193941343,3007.35933706,-0.0240585487336,-0.757026135921,0.113715544343,72,0,164.012846653,164.012890309,nan,0,0,common_seven_coordinate_v1,-0.0769506767392,-0.164377868176,-0.00455057621002,-0.156799837947,0.0246448200196,0.06236692518,-0.0287941358984,0,3,8,5.96046447754e-07,0,0,0,5150005
11.7740005592,5887,-2.24901577894e-06,0,0,1.10042788037e-06,nan,nan,nan,nan,27.682777727,112.402900413,46.8629259558,108.515829197,371.647329303,122.89424194,2994.54154447,-0.0240597315133,-0.757026851177,0.11371576786,72,0,164.012992173,164.012890309,nan,0,0,common_seven_coordinate_v1,-0.0695094019175,-0.109807625413,-0.0092303249985,-0.0706469118595,0.0279884878546,0.0315445289016,-0.0124361589551,0,3,3,3.57627868652e-07,0,0,0,5150005
11.8380005623,5919,-2.14274041355e-06,0,0,1.5290457668e-05,nan,nan,nan,nan,28.5249552689,118.962394481,46.9716214866,116.905161121,365.763786249,112.875663035,2978.63944434,-0.0240603238344,-0.757027387619,0.1137162745,72,0,164.012657478,164.012890309,nan,0,0,common_seven_coordinate_v1,-0.0552071370184,-0.0745662748814,-0.00871598813683,-0.0274535249919,0.0246048886329,0.0162514466792,-0.00460944697261,0,2,3,1.21593475342e-05,0,0,0,5150005
11.9020005653,5951,-2.09803692997e-06,0,0,3.26293729813e-06,nan,nan,nan,nan,29.390283089,124.873258756,47.1787243441,121.681543533,358.277204214,101.293655462,2959.57084745,-0.0240615513176,-0.757027983665,0.113716565073,72,0,164.012846653,164.012890309,nan,0,0,common_seven_coordinate_v1,-0.0413395576179,-0.0469478815794,-0.0068818400614,-0.00168710411526,0.0200604200363,0.00659233750775,1.46772217704e-05,0,2,3,2.02655792236e-06,0,0,0,5150005
11.9660005684,5983,-2.14252372643e-06,0,0,1.3246136632e-06,nan,nan,nan,nan,30.2108965116,130.347456434,47.384739446,124.655693071,348.780973582,88.4103865246,2937.19139881,-0.0240600276738,-0.757027983665,0.113717824221,72,0,164.012948517,164.012890309,nan,0,0,common_seven_coordinate_v1,-0.0286310669035,-0.0235835518688,-0.00489714136347,0.015729425475,0.0154258301482,-0.000431421387475,0.00322722014971,0,2,11,6.55651092529e-07,0,0,0,5150005
12.0300005714,6015,-2.18704894905e-06,0,0,2.10880102713e-06,nan,nan,nan,nan,30.2736607409,135.913825943,47.3646250612,126.719198306,336.654687999,74.6177975088,2911.27245873,-0.024061486125,-0.757028758526,0.113717831671,72,0,164.01305038,164.012890309,nan,0,0,common_seven_coordinate_v1,-0.0267987605184,-0.00161338935141,-0.00512480037287,0.0291265621781,0.0159731078893,-0.00666537415236,0.00691907433793,0,2,0,7.7486038208e-07,0,0,0,5150005
12.0940005744,6047,-2.41398561229e-06,0,0,7.36472657081e-07,nan,nan,nan,nan,25.3157159023,144.83454288,45.725468226,128.863335703,320.922175888,60.5064196861,2881.42845966,-0.0240601524711,-0.757028877735,0.113718986511,72,0,164.012773894,164.012890309,nan,0,0,common_seven_coordinate_v1,-0.0988461151719,0.0298236254603,-0.0216318145394,0.044435583055,0.0534729026258,-0.0172326937318,0.019557595253,0,3,1,1.19209289551e-07,0,0,0,5150005
12.1580005775,6079,-2.49638605965e-06,0,0,1.49256709392e-06,nan,nan,nan,nan,24.0439749177,148.621678818,44.4719225925,129.516134621,299.954117509,47.014804295,2846.96882591,-0.0240606069565,-0.757029354572,0.113719381392,72,0,164.012992173,164.012890309,nan,0,0,common_seven_coordinate_v1,-0.118825308979,0.042753636837,-0.0330912955105,0.0501418113708,0.0638007447124,-0.0214399490505,0.0262838080525,0,3,1,3.57627868652e-07,0,0,0,5150005
12.2220005805,6111,-2.34785261455e-06,0,0,1.79638607278e-06,nan,nan,nan,nan,25.6624934991,123.809222714,45.2891254099,115.097660455,270.939490292,35.7075114152,2806.64698221,-0.0240601561964,-0.757030189037,0.113720141351,72,0,164.012919413,164.012890309,nan,0,0,common_seven_coordinate_v1,-0.0982167199254,-0.0585516653955,-0.0245159175247,-0.0307063944638,0.0452523194253,0.0124401245266,0.00330512295477,0,3,3,2.38418579102e-07,0,0,0,5150005
12.2860005836,6143,-2.12038867176e-06,0,0,9.43779696172e-07,nan,nan,nan,nan,32.8400928993,95.2053014771,49.6898464917,78.2091447036,231.090860325,28.0931981251,2759.18398984,-0.024055974558,-0.757030010223,0.113721556962,72,0,164.012861205,164.012890309,nan,0,0,common_seven_coordinate_v1,-0.00237028533593,-0.221996873617,0.0235519371927,-0.242388799787,-0.018627230078,0.0996856167912,-0.0551757179201,0,3,4,7.15255737305e-07,0,0,0,5150005
12.3500005866,6175,-2.18695231524e-06,0,0,1.40417851071e-05,nan,nan,nan,nan,36.1164129572,82.191756519,51.8306369486,62.6979308436,181.376002729,24.7171283263,2706.09301515,-0.0240527503192,-0.757030308247,0.113722734153,72,0,164.012380992,164.012890309,nan,0,0,common_seven_coordinate_v1,0.0367168225348,-0.310899972916,0.0490509979427,-0.357282072306,-0.0459465645254,0.153856188059,-0.0846943631768,0,3,5,7.0333480835e-06,0,0,0,5150005
12.4140005896,6207,-2.12038867176e-06,0,0,2.42994974542e-05,nan,nan,nan,nan,38.2150501537,78.5982629168,53.6432671652,59.4365228608,134.408095619,22.3667884711,2656.77482821,-0.0240490026772,-0.757030427456,0.113723792136,72,0,164.01198809,164.012890309,nan,0,0,common_seven_coordinate_v1,0.0622636936605,-0.335638612509,0.0662404671311,-0.385383307934,-0.0603807494044,0.169412985444,-0.0964026972651,0,3,6,1.20401382446e-05,0,0,0,5150005
12.4780005927,6239,-2.34036747315e-06,0,0,2.46055351454e-05,nan,nan,nan,nan,39.7958319809,78.5982629168,54.9877513549,59.4365228608,96.9484390225,18.9735183085,2615.92189781,-0.0240459293127,-0.757030725479,0.113724693656,72,0,164.011973538,164.012890309,nan,0,0,common_seven_coordinate_v1,0.0817499682307,-0.335211187601,0.0774686411023,-0.385197162628,-0.0703043863177,0.170474812388,-0.100949592888,0,3,6,1.23977661133e-05,0,0,0,5150005
12.5420005957,6271,-2.03843228519e-06,0,0,2.29625720749e-06,nan,nan,nan,nan,28.1814809568,98.9615291473,47.6087916468,81.8588305265,69.0516098985,15.0843115989,2584.13585834,-0.0240434221923,-0.757031142712,0.113725528121,72,0,164.012773894,164.012890309,nan,0,0,common_seven_coordinate_v1,-0.0671146214008,-0.200567051768,0.00228799972683,-0.21791549027,0.0150227854028,0.0860736817122,-0.0414199717343,0,3,8,5.36441802979e-07,0,0,0,5150005
12.6060005988,6303,-2.24875111599e-06,0,0,1.83700569778e-06,nan,nan,nan,nan,27.425807275,109.480053652,46.8932121294,103.430997115,48.8629593747,11.4683680295,2560.33125333,-0.0240414068103,-0.757031559944,0.113726139069,72,0,164.01274479,164.012890309,nan,0,0,common_seven_coordinate_v1,-0.0743459910154,-0.127625882626,-0.00846174266189,-0.0968916043639,0.0282021258026,0.0407363660634,-0.0172909200191,0,3,3,4.17232513428e-07,0,0,0,5150005
12.6700006018,6335,-2.14274041355e-06,0,0,1.50831169776e-06,nan,nan,nan,nan,28.1819902739,116.487157356,46.9029328087,114.176735224,34.4561012753,8.47062256071,2542.92669706,-0.0240384936333,-0.757031798363,0.11372705549,72,0,164.012642927,164.012890309,nan,0,0,common_seven_coordinate_v1,-0.0608981139958,-0.0872056186199,-0.00922923721373,-0.0415990911424,0.0261912103742,0.0213212184608,-0.00713311741129,0,3,3,3.57627868652e-07,0,0,0,5150005
12.7340006048,6367,-2.04588286579e-06,0,0,4.86613316752e-06,nan,nan,nan,nan,29.0543957817,122.608340462,47.0896993647,120.067619719,24.2579408223,6.13641213931,2530.39435484,-0.0240363329649,-0.757032334805,0.113727942109,72,0,164.012701134,164.012890309,nan,0,0,common_seven_coordinate_v1,-0.0466608963907,-0.0571994557977,-0.00769407628104,-0.0105742914602,0.0218797568232,0.0099906604737,-0.00156972976401,0,2,3,4.82797622681e-06,0,0,0,5150005
12.7980006079,6399,-2.38976417677e-06,0,0,2.18144418795e-06,nan,nan,nan,nan,29.8946724797,128.24361329,47.3021027574,123.615231132,17.0667190105,4.39001405539,2521.45668492,-0.0240336880088,-0.757032692432,0.113728553057,72,0,164.012890309,164.012890309,nan,0,0,common_seven_coordinate_v1,-0.0334891453385,-0.0323843806982,-0.00570015329868,0.00949145108461,0.0172268431634,0.00212684785947,0.00207743048668,0,2,3,6.55651092529e-07,0,0,0,5150005
12.8620006109,6431,-1.94902531803e-06,0,0,2.18144418795e-06,nan,nan,nan,nan,30.6759720843,133.490015287,47.4883236166,125.927865156,12.0044433061,3.11629332828,2515.12066461,-0.0240316782147,-0.757033288479,0.113729476929,72,0,164.012701134,164.012890309,nan,0,0,common_seven_coordinate_v1,-0.0215772874653,-0.0108792483807,-0.00384293077514,0.0238482840359,0.0127425566316,-0.00391879305243,0.00482046464458,0,2,0,7.15255737305e-07,0,0,0,5150005
12.926000614,6463,-2.20655215344e-06,0,0,2.75550860351e-06,nan,nan,nan,nan,27.4056692433,141.221287777,46.5021475975,127.988329041,8.44328496896,2.20208630708,2510.64542681,-0.0240301266313,-0.757033765316,0.113729901612,72,0,164.013094036,164.012890309,nan,0,0,common_seven_coordinate_v1,-0.0674390718341,0.0172789823264,-0.0139330904931,0.0382752865553,0.0373464152217,-0.0129166282713,0.0140274642035,0,3,1,2.38418579102e-07,0,0,0,5150005
12.990000617,6495,-2.3104896627e-06,0,0,5.16657837579e-06,nan,nan,nan,nan,23.770480766,148.619743413,44.8669743491,129.494277644,5.93940649196,1.55165355409,2507.49103725,-0.0240270998329,-0.757034063339,0.113730870187,72,0,164.013166795,164.012890309,nan,0,0,common_seven_coordinate_v1,-0.123086839914,0.0426515340805,-0.0297921672463,0.0499187037349,0.0658956319094,-0.0212899316102,0.025054577738,0,3,1,3.57627868652e-07,0,0,0,5150005
13.05400062,6527,-2.05333344638e-06,0,0,1.83700569778e-06,nan,nan,nan,nan,24.397897505,138.718358357,44.3526405434,129.494277644,4.17906221628,1.09158679606,2505.2705314,-0.024024842307,-0.757034480572,0.113731794059,72,0,164.013064932,164.012890309,nan,0,0,common_seven_coordinate_v1,-0.114585787058,0.00916656758636,-0.0340435132384,0.0411666966975,0.0600233748555,-0.0143253542483,0.0223993416876,0,3,3,6.55651092529e-07,0,0,0,5150005
13.1180006231,6559,-2.30551131608e-06,0,0,1.72219279193e-06,nan,nan,nan,nan,30.1122217934,104.195831227,48.2148352603,89.7165009519,2.94162714454,0.767144285874,2503.70870344,-0.0240220632404,-0.757034659386,0.113732524216,72,0,164.012832101,164.012890309,nan,0,0,common_seven_coordinate_v1,-0.0374505855143,-0.166250690818,0.00661056442186,-0.169191107154,0.00425321049988,0.0675867423415,-0.0353619083762,0,3,4,4.76837158203e-07,0,0,0,5150005
13.1820006261,6591,-2.09803692997e-06,0,0,5.8717232605e-06,nan,nan,nan,nan,35.0704685843,85.9393112478,51.0262943862,66.9142100378,2.07163543564,0.53883104556,2502.6104413,-0.0240198802203,-0.757035017014,0.113733381033,72,0,164.012482855,164.012890309,nan,0,0,common_seven_coordinate_v1,0.0243312623352,-0.284415394068,0.040017042309,-0.323723644018,-0.0376065261662,0.137337088585,-0.0755317211151,0,3,5,3.33786010742e-06,0,0,0,5150005
13.2460006292,6623,-2.08313576877e-06,0,0,2.45027040364e-05,nan,nan,nan,nan,37.4661722162,78.9266414358,52.9755270691,59.5374913246,1.45987098676,0.378329133355,2501.83814205,-0.0240181386471,-0.757035493851,0.11373411119,72,0,164.011973538,164.012890309,nan,0,0,common_seven_coordinate_v1,0.0529301948845,-0.333854883909,0.060542691499,-0.384246170521,-0.0556502975523,0.168121144176,-0.0938297063112,0,3,5,1.25765800476e-05,0,0,0,5150005
13.3100006322,6655,-2.30051955441e-06,0,0,2.49787735811e-05,nan,nan,nan,nan,39.2247202399,78.5929441918,54.5099355804,59.4222656218,1.02968942883,0.265486221451,2501.29494816,-0.0240160748363,-0.757035851479,0.113734669983,72,0,164.012148161,164.012890309,nan,0,0,common_seven_coordinate_v1,0.0747649893165,-0.335424989462,0.0735013261437,-0.385379165411,-0.0667423680425,0.170147418976,-0.0993553176522,0,3,6,1.25765800476e-05,0,0,0,5150005
13.3740006352,6687,-2.29556735576e-06,0,0,5.20193498232e-06,nan,nan,nan,nan,31.8697748298,90.4643457034,50.9645797138,67.1377056278,0.726844803012,0.186404847113,2500.91333874,-0.0240134354681,-0.757036268711,0.113735556602,72,0,164.012846653,164.012890309,nan,0,0,common_seven_coordinate_v1,-0.0169198010117,-0.262313514948,0.0369508825243,-0.31689658761,-0.0167885795236,0.130174443126,-0.0709716454148,0,3,4,2.86102294922e-06,0,0,0,5150005
13.4380006383,6719,-2.26088855015e-06,0,0,1.0655008964e-06,nan,nan,nan,nan,27.3146943073,106.135135866,47.0099330414,96.76382615,0.513652878453,0.130876188109,2500.64441934,-0.0240113772452,-0.757036745548,0.113736182451,72,0,164.012832101,164.012890309,nan,0,0,common_seven_coordinate_v1,-0.0772578939795,-0.14965762198,-0.00650320854038,-0.132234305143,0.026762034744,0.0533383116126,-0.0239861439914,0,3,8,2.38418579102e-07,0,0,0,5150005
13.5020006413,6751,-2.33265632232e-06,0,0,2.64069558398e-06,nan,nan,nan,nan,27.8504121525,113.886817417,46.8598627776,110.734137706,0.363476232224,0.0918950675555,2500.45536086,-0.0240093264729,-0.757037401199,0.113736800849,72,0,164.012933965,164.012890309,nan,0,0,common_seven_coordinate_v1,-0.066558405757,-0.101336382329,-0.0094176242128,-0.0592561662197,0.0274853091687,0.0275415442884,-0.010318685323,0,3,3,5.96046447754e-07,0,0,0,5150005
13.5660006444,6783,-2.32274760492e-06,0,0,1.01635941974e-05,nan,nan,nan,nan,28.7123584712,120.268567116,47.0044578833,118.108604511,0.257681477933,0.0644738378242,2500.32218173,-0.0240065269172,-0.757037758827,0.113737635314,72,0,164.012715686,164.012890309,nan,0,0,common_seven_coordinate_v1,-0.0521616861224,-0.0682281479239,-0.00844059698284,-0.0210710354149,0.0236601810902,0.0138978296891,-0.00343619007617,0,2,3,8.82148742676e-06,0,0,0,5150005
13.6300006474,6815,-2.42174201048e-06,0,0,2.41106999965e-06,nan,nan,nan,nan,29.5701265713,126.077546156,47.2162828373,122.393277707,0.182970808282,0.0453278694579,2500.22835098,-0.0240045469254,-0.757037997246,0.113738261163,72,0,164.013094036,164.012890309,nan,0,0,common_seven_coordinate_v1,-0.0385297574103,-0.0416933558881,-0.00651752017438,0.00241039926186,0.019051136449,0.00495741376653,0.000790198508184,0,2,3,1.60932540894e-06,0,0,0,5150005
13.6940006504,6847,-2.18413447328e-06,0,0,2.41106999965e-06,nan,nan,nan,nan,30.3797260131,131.468172185,47.4168555229,125.106860651,0.130314191438,0.0317454293963,2500.16199425,-0.0240009687841,-0.757038354874,0.113739356399,72,0,164.012919413,164.012890309,nan,0,0,common_seven_coordinate_v1,-0.0260680913925,-0.0190316010267,-0.00456072483212,0.0186267215759,0.0144426599145,-0.00168424332514,0.0038108616136,0,2,12,5.96046447754e-07,0,0,0,5150005
13.7580006535,6879,-2.06284244086e-06,0,0,1.60417130246e-06,nan,nan,nan,nan,29.4817164104,137.622846523,47.1319726785,127.121951664,0.0928841075165,0.0224688001538,2500.11542812,-0.0239985063672,-0.757038891315,0.113740116358,72,0,164.012933965,164.012890309,nan,0,0,common_seven_coordinate_v1,-0.0377343893051,0.00455921981484,-0.0075094178319,0.0320989452302,0.021824542433,-0.00863379705697,0.00900035444647,0,2,0,2.14576721191e-06,0,0,0,5150005
13.8220006565,6911,-2.11727342503e-06,0,0,1.29004286009e-06,nan,nan,nan,nan,24.3764898187,146.642341861,45.2910207969,129.268388264,0.0664642598736,0.0158510466974,2500.08213334,-0.0239969901741,-0.757039487362,0.113740645349,72,0,164.012933965,164.012890309,nan,0,0,common_seven_coordinate_v1,-0.113496258855,0.0360168851912,-0.0258364137262,0.0474013984203,0.0609286166728,-0.0193360634148,0.0224140938371,0,3,1,7.15255737305e-07,0,0,0,5150005
13.8860006595,6943,-1.99372880161e-06,0,0,1.14812860375e-06,nan,nan,nan,nan,24.1071538767,148.502658703,44.3283497589,129.473628476,0.047844338269,0.0110221707317,2500.05861744,-0.0239937771112,-0.757039785385,0.113741755486,72,0,164.012788446,164.012890309,nan,0,0,common_seven_coordinate_v1,-0.117887474597,0.0423373654485,-0.0343149416149,0.0499133504927,0.0632931366563,-0.0213782005012,0.0266709644347,0,3,1,7.15255737305e-07,0,0,0,5150005
13.9500006626,6975,-2.34247909248e-06,0,0,1.79638607278e-06,nan,nan,nan,nan,26.940870157,116.108334623,46.2098796561,105.236111267,0.0346003581342,0.00762526575215,2500.0423193,-0.0239917375147,-0.757040083408,0.113741993904,72,0,164.012861205,164.012890309,nan,0,0,common_seven_coordinate_v1,-0.0806601494551,-0.0987544208765,-0.0148625830188,-0.0815177485347,0.0323949605227,0.0316829159856,-0.010407785885,0,3,3,3.57627868652e-07,0,0,0,5150005
14.0140006656,7007,-1.93412415683e-06,0,0,1.59703586178e-06,nan,nan,nan,nan,33.7698293151,91.3643234526,50.1884751429,73.4128261684,0.0250287932602,0.00545158451715,2500.0302121,-0.0239891763777,-0.75704061985,0.113743253052,72,0,164.012628375,164.012890309,nan,0,0,common_seven_coordinate_v1,0.00889087002724,-0.247293204069,0.0298341438174,-0.275586038828,-0.0266193356365,0.114715188742,-0.0633801817894,0,3,4,7.7486038208e-07,0,0,0,5150005
14.0780006687,7039,-1.97615349862e-06,0,0,1.80880597327e-05,nan,nan,nan,nan,36.6239219147,80.7180913398,52.2430455021,61.1423020018,0.0182104624713,0.00395403176867,2500.02206303,-0.0239869430661,-0.757041037083,0.113743849099,72,0,164.012220921,164.012890309,nan,0,0,common_seven_coordinate_v1,0.0427627451718,-0.32142111659,0.053416300565,-0.370236366987,-0.0497658587992,0.160475328565,-0.0885834097862,0,3,5,9.47713851929e-06,0,0,0,5150005
14.1420006717,7071,-2.17999331653e-06,0,0,2.46753716056e-05,nan,nan,nan,nan,38.5909479519,78.5925512901,53.9639986528,59.4157390879,0.0133452857654,0.00289584578539,2500.01600944,-0.023985080421,-0.757041454315,0.113744311035,72,0,164.012148161,164.012890309,nan,0,0,common_seven_coordinate_v1,0.0669374391437,-0.335610210896,0.0689462572336,-0.385500222445,-0.0627641826868,0.169736593962,-0.0975180342793,0,3,6,1.25765800476e-05,0,0,0,5150005
14.2060006747,7103,-2.32509751186e-06,0,0,2.534889245e-05,nan,nan,nan,nan,38.3528604289,80.6094903965,55.2121855435,59.4157390879,0.00983279324629,0.00220725260291,2500.01181848,-0.023983810097,-0.757042169571,0.113744705915,72,0,164.012191817,164.012890309,nan,0,0,common_seven_coordinate_v1,0.0649919360876,-0.324780493975,0.077980838716,-0.38278144598,-0.0616798959672,0.167461320758,-0.0996653810143,0,3,5,1.22785568237e-05,0,0,0,5150005
14.2700006778,7135,-2.46616991717e-06,0,0,4.06139452025e-06,nan,nan,nan,nan,27.5965358014,101.949568489,47.277786507,87.9153813003,0.00755158602317,0.00153868995323,2500.00902452,-0.0239806808531,-0.757042467594,0.113745503128,72,0,164.012977621,164.012890309,nan,0,0,common_seven_coordinate_v1,-0.0746676251292,-0.179039716721,-0.00233607157134,-0.181726381183,0.0215450078249,0.0717757716775,-0.033722884953,0,3,8,4.76837158203e-07,0,0,0,5150005
14.3340006808,7167,-2.52555719271e-06,0,0,1.44067519159e-06,nan,nan,nan,nan,27.5547736237,111.10836931,46.859622671,106.33252532,0.00558058932398,0.00133715449824,2500.00692904,-0.0239775385708,-0.757042646408,0.113746322691,72,0,164.012832101,164.012890309,nan,0,0,common_seven_coordinate_v1,-0.0718566775322,-0.117562815547,-0.00906126387417,-0.0818434730172,0.0282136872411,0.0354433879256,-0.0144613627344,0,3,3,5.36441802979e-07,0,0,0,5150005
14.3980006839,7199,-2.09058634937e-06,0,0,1.75342756847e-05,nan,nan,nan,nan,28.3681856672,117.847579531,46.9294427603,115.701077448,0.00395524013541,0.00129604882382,2500.00529923,-0.0239750426263,-0.75704318285,0.113747514784,72,0,164.012453752,164.012890309,nan,0,0,common_seven_coordinate_v1,-0.0577975697815,-0.0802020132542,-0.00904881674796,-0.0336856804788,0.0253403205425,0.0184782892466,-0.00568650942296,0,2,3,1.50203704834e-05,0,0,0,5150005
14.4620006869,7231,-2.29040847444e-06,0,0,3.7598772451e-06,nan,nan,nan,nan,29.2382173939,123.850128148,47.1294442832,120.944496302,0.00286451107279,0.0011603695782,2500.00390224,-0.0239727068692,-0.757043600082,0.113748021424,72,0,164.012802998,164.012890309,nan,0,0,common_seven_coordinate_v1,-0.0437474660575,-0.0515703819692,-0.00732551468536,-0.00572046265006,0.0208798181266,0.00812141411006,-0.000673863803968,0,2,3,3.33786010742e-06,0,0,0,5150005
14.5260006899,7263,-2.18481000047e-06,0,0,2.29625720749e-06,nan,nan,nan,nan,30.0679730572,129.396721604,47.3390027764,124.161480926,0.00236823227695,0.000846028747059,2500.00320375,-0.0239705070853,-0.75704407692,0.113748818636,72,0,164.012977621,164.012890309,nan,0,0,common_seven_coordinate_v1,-0.0308286901563,-0.027571791783,-0.00532933743671,0.012822702527,0.0162311177701,0.000737686816137,0.00272211339325,0,2,11,7.15255737305e-07,0,0,0,5150005
14.590000693,7295,-2.13528983295e-06,0,0,1.03685727026e-06,nan,nan,nan,nan,30.6254951283,134.700807394,47.4575390399,126.311730128,0.00203856487246,0.000651946163721,2500.00273809,-0.0239680446684,-0.757044434547,0.113749623299,72,0,164.012875757,164.012890309,nan,0,0,common_seven_coordinate_v1,-0.0220853630453,-0.0062028891407,-0.0041428944096,0.026483181864,0.0132950702682,-0.00523304380476,0.00569577189162,0,2,0,5.96046447754e-07,0,0,0,5150005
14.654000696,7327,-2.11293809116e-06,0,0,7.54051882268e-07,nan,nan,nan,nan,26.2208523054,143.225726788,46.0774172097,128.426254378,0.00179582260174,0.000552545953436,2500.00227243,-0.0239656399935,-0.75704485178,0.113750301301,72,0,164.012904861,164.012890309,nan,0,0,common_seven_coordinate_v1,-0.0850592628121,0.0242159087211,-0.0181589387357,0.0415121987462,0.0464021079242,-0.0152801219374,0.0170577839017,0,3,1,2.38418579102e-07,0,0,0,5150005
14.7180006991,7359,-2.27799500863e-06,0,0,1.12401028218e-06,nan,nan,nan,nan,23.979215257,148.620310938,44.6265548817,129.464257043,0.00164289826188,0.000481041262379,2500.0020396,-0.0239634271711,-0.757045328617,0.113750830293,72,0,164.012933965,164.012890309,nan,0,0,common_seven_coordinate_v1,-0.119814030826,0.042684469372,-0.0317747816443,0.0499011874199,0.0642814189196,-0.0213312506676,0.0257571265101,0,3,1,2.38418579102e-07,0,0,0,5150005
14.7820007021,7391,-2.06078402698e-06,0,0,3.67401139556e-06,nan,nan,nan,nan,24.9207350862,130.617161631,44.71783177,123.160614748,0.00154556534238,0.000431971847181,2500.0020396,-0.0239610876888,-0.757045865059,0.1137515679,72,0,164.01281755,164.012890309,nan,0,0,common_seven_coordinate_v1,-0.108071967959,-0.0254378225654,-0.0303837303072,0.00890371482819,0.0536134280264,-0.00194428046234,0.0136376973242,0,3,3,2.98023223877e-07,0,0,0,5150005
14.8460007051,7423,-2.13528983295e-06,0,0,2.72076317742e-06,nan,nan,nan,nan,31.8066449836,98.94665709,49.1369755764,82.9277487355,0.00148011003454,0.000401654570714,2500.00180677,-0.0239588897675,-0.757046163082,0.113752193749,72,0,164.012948517,164.012890309,nan,0,0,common_seven_coordinate_v1,-0.0153199601918,-0.198267564178,0.0169737190008,-0.21132658422,-0.00989891309291,0.0858841836452,-0.0470926500857,0,3,4,7.7486038208e-07,0,0,0,5150005
14.9100007082,7455,-2.29032548305e-06,0,0,1.05161079773e-05,nan,nan,nan,nan,35.6631680916,83.707011072,51.4606654178,64.3454841338,0.0014384586855,0.000380987436044,2500.00180677,-0.023956945166,-0.757046639919,0.113752692938,72,0,164.012482855,164.012890309,nan,0,0,common_seven_coordinate_v1,0.0313329957426,-0.300163328648,0.045030426234,-0.343892723322,-0.0424176715314,0.147152602673,-0.0808716788888,0,3,5,5.54323196411e-06,0,0,0,5150005
14.9740007112,7487,-2.42396049543e-06,0,0,2.4066423066e-05,nan,nan,nan,nan,37.8855875169,78.5896554589,53.3407910552,59.4074845139,0.00141031852863,0.000368214680968,2500.00180677,-0.0239546075463,-0.757047057152,0.113753318787,72,0,164.011973538,164.012890309,nan,0,0,common_seven_coordinate_v1,0.0581274181604,-0.335826426744,0.0637203752995,-0.385639458895,-0.0583091042936,0.169271469116,-0.0954175144434,0,3,6,1.21593475342e-05,0,0,0,5150005
15.0380007143,7519,-2.00117938221e-06,0,0,2.41888992605e-05,nan,nan,nan,nan,39.54398926,78.5896554589,54.7702547919,59.4074845139,0.0013920818942,0.000359693885787,2500.00180677,-0.0239518936723,-0.757047474384,0.113754324615,72,0,164.011886227,164.012890309,nan,0,0,common_seven_coordinate_v1,0.07867064327,-0.335383415222,0.0756831914186,-0.385451644659,-0.0687477737665,0.170402273536,-0.100256383419,0,3,6,1.24573707581e-05,0,0,0,5150005
15.1020007173,7551,-2.37939889303e-06,0,0,2.41106999965e-06,nan,nan,nan,nan,29.2339136649,95.7344236667,48.2935247419,75.8016685722,0.00138038136477,0.00035392894171,2500.00180677,-0.0239497888833,-0.757047951221,0.113754719496,72,0,164.012904861,164.012890309,nan,0,0,common_seven_coordinate_v1,-0.0528446398675,-0.223996311426,0.0104305353016,-0.256475508213,0.00511185312644,0.102266617119,-0.0508721917868,0,3,4,4.76837158203e-07,0,0,0,5150005
15.1660007203,7583,-2.06078402698e-06,0,0,1.95181860363e-06,nan,nan,nan,nan,27.3479399766,108.024774818,46.9264959975,100.597651908,0.00137268862943,0.000350225570767,2500.00180677,-0.0239479020238,-0.757048547268,0.113755501807,72,0,164.012642927,164.012890309,nan,0,0,common_seven_coordinate_v1,-0.0760493203998,-0.137036636472,-0.00781058613211,-0.111736528575,0.0278259869665,0.0459765866399,-0.0200553014874,0,3,3,4.76837158203e-07,0,0,0,5150005
15.2300007234,7615,-2.46600166065e-06,0,0,2.87032139568e-06,nan,nan,nan,nan,28.0283475149,115.319475299,46.8727266707,112.682420877,0.00136764932712,0.000347824130609,2500.00157394,-0.023946242407,-0.757049024105,0.113755837083,72,0,164.013079484,164.012890309,nan,0,0,common_seven_coordinate_v1,-0.0635021477938,-0.0934615135193,-0.00941842608154,-0.0492539145052,0.0268218182027,0.0240154583007,-0.00848454609513,0,3,3,2.98023223877e-07,0,0,0,5150005
15.2940007264,7647,-2.36700816458e-06,0,0,6.1056348386e-06,nan,nan,nan,nan,28.8991050184,121.551274788,47.0436025353,119.194075523,0.00136436983933,0.000346245615512,2500.00157394,-0.0239438023418,-0.757049560547,0.113756626844,72,0,164.012686582,164.012890309,nan,0,0,common_seven_coordinate_v1,-0.0491534210742,-0.0621515996754,-0.00809792615473,-0.0152509408072,0.0226906891912,0.0117272278294,-0.00237759784795,0,2,3,5.24520874023e-06,0,0,0,5150005
15.3580007295,7679,-2.0086299628e-06,0,0,1.83700569778e-06,nan,nan,nan,nan,29.7477927234,127.264036564,47.2568099212,123.053163406,0.00136222977343,0.000345214884456,2500.00157394,-0.0239411070943,-0.75704985857,0.113757714629,72,0,164.012933965,164.012890309,nan,0,0,common_seven_coordinate_v1,-0.0357692539692,-0.036590129137,-0.00612408202142,0.00626054592431,0.0180477946997,0.00340591138229,0.00151219498366,0,2,3,1.25169754028e-06,0,0,0,5150005
15.4220007325,7711,-2.04588286579e-06,0,0,1.95259349312e-06,nan,nan,nan,nan,30.5462781398,132.573011797,47.4510779895,125.536622363,0.00136083122548,0.000344543643616,2500.00157394,-0.0239381622523,-0.757050275803,0.113758482039,72,0,164.012715686,164.012890309,nan,0,0,common_seven_coordinate_v1,-0.023549683392,-0.0145832002163,-0.00420526321977,0.021412262693,0.0134736318141,-0.00289298361167,0.00436580553651,0,2,0,8.94069671631e-07,0,0,0,5150005
15.4860007355,7743,-1.98627822101e-06,0,0,1.05028839243e-05,nan,nan,nan,nan,28.4030811599,139.541865792,46.810713684,127.558116219,0.00135991817807,0.000344105105521,2500.00157394,-0.0239358935505,-0.757050693035,0.113759227097,72,0,164.012599271,164.012890309,nan,0,0,common_seven_coordinate_v1,-0.0529898256063,0.0113561078906,-0.0107938293368,0.0353091619909,0.0298309922218,-0.0108882766217,0.011605521664,0,2,0,9.29832458496e-06,0,0,0,5150005
15.5500007386,7775,-2.32242268794e-06,0,0,1.37775430176e-06,nan,nan,nan,nan,23.7226122408,148.162478581,45.0391271443,129.449806991,6.34119487586,-0.556685336051,2505.78438863,-0.0239339768887,-0.757051110268,0.113759584725,72,0,164.012802998,164.012890309,nan,0,0,common_seven_coordinate_v1,-0.12386418134,0.0410779751837,-0.0283300187439,0.0493008308113,0.0661955848336,-0.0208598542958,0.0242827069014,0,3,1,8.34465026855e-07,0,0,0,5150005
15.6140007416,7807,-2.3545935619e-06,0,0,3.5591986034e-06,nan,nan,nan,nan,24.2099031311,144.529927638,44.2706877948,129.449806991,28.7552029477,-0.393497458617,2528.36174332,-0.0239313319325,-0.757051408291,0.113760441542,72,0,164.012642927,164.012890309,nan,0,0,common_seven_coordinate_v1,-0.116814948618,0.0290132798254,-0.0348067805171,0.0462779439986,0.0620498135686,-0.0185791123658,0.0251707267016,0,3,1,3.57627868652e-07,0,0,0,5150005
15.6780007447,7839,-2.39665882873e-06,0,0,1.95181860363e-06,nan,nan,nan,nan,28.589325666,109.228509245,47.2962783533,96.2515041465,57.2467615712,4.11199971495,2561.35873497,-0.0239292588085,-0.757051885128,0.113761052489,72,0,164.012584719,164.012890309,nan,0,0,common_seven_coordinate_v1,-0.0579953491688,-0.136941865087,-0.00330929760821,-0.130939126015,0.0173319820315,0.0514965802431,-0.0243394095451,0,3,3,4.76837158203e-07,0,0,0,5150005
15.7420007477,7871,-2.23826759793e-06,0,0,2.93021184916e-06,nan,nan,nan,nan,34.5235530403,88.1665910129,50.6453252456,69.5263079251,88.6383495526,11.5492839541,2600.18766858,-0.0239274092019,-0.75705242157,0.113761752844,72,0,164.012904861,164.012890309,nan,0,0,common_seven_coordinate_v1,0.0178576018661,-0.269000053406,0.0355051606894,-0.303886145353,-0.0330503769219,0.127872407436,-0.0704175382853,0,3,4,2.02655792236e-06,0,0,0,5150005
15.8060007507,7903,-2.14274041355e-06,0,0,2.18028944801e-05,nan,nan,nan,nan,37.0965135517,79.600889876,52.6437688677,60.0687380938,121.30234245,20.6997392524,2642.00218953,-0.023925088346,-0.757052719593,0.113762408495,72,0,164.012046298,164.012890309,nan,0,0,common_seven_coordinate_v1,0.0484403334558,-0.329296767712,0.0574282333255,-0.37946498394,-0.0531484335661,0.165381759405,-0.0917407050729,0,3,5,1.09672546387e-05,0,0,0,5150005
15.8700007538,7935,-2.05333344638e-06,0,0,2.45582450589e-05,nan,nan,nan,nan,38.9454253309,78.5884258221,54.2648595001,59.402838815,154.109555297,30.8367525577,2684.94640477,-0.0239225327969,-0.757053136826,0.113763280213,72,0,164.011667948,164.012890309,nan,0,0,common_seven_coordinate_v1,0.0713200420141,-0.33556202054,0.0714723467827,-0.385558664799,-0.0650003999472,0.170017808676,-0.0985541492701,0,3,6,1.20997428894e-05,0,0,0,5150005
15.9340007568,7967,-2.12783925235e-06,0,0,1.83541524166e-05,nan,nan,nan,nan,34.8938410752,85.5616963236,54.1633999092,61.048718635,186.184901395,41.5249087382,2727.7097106,-0.0239201318473,-0.757053434849,0.113763771951,72,0,164.01206085,164.012890309,nan,0,0,common_seven_coordinate_v1,0.0226814392954,-0.296738982201,0.0665722861886,-0.364688932896,-0.0394784212112,0.154708519578,-0.0904219448566,0,3,5,9.53674316406e-06,0,0,0,5150005
15.9980007599,7999,-2.04588286579e-06,0,0,4.24807558375e-06,nan,nan,nan,nan,27.3659970844,104.377395473,47.1002349514,93.0428650463,216.812695726,52.4878341821,2769.3004813,-0.0239180736244,-0.757053971291,0.113764509559,72,0,164.012802998,164.012890309,nan,0,0,common_seven_coordinate_v1,-0.0771729648113,-0.161829426885,-0.00503463344648,-0.152619466186,0.0250829607248,0.0607944466174,-0.0279151797295,0,3,8,4.76837158203e-07,0,0,0,5150005
16.0620007629,8031,-2.37682047555e-06,0,0,1.40586735142e-06,nan,nan,nan,nan,27.7091858152,112.649810035,46.8483158329,108.851345431,245.401141001,63.5318938293,2808.93291347,-0.0239164885134,-0.757054567337,0.113764867187,72,0,164.012759342,164.012890309,nan,0,0,common_seven_coordinate_v1,-0.0690496265888,-0.108427979052,-0.00937899015844,-0.0688863992691,0.0279056951404,0.0309037808329,-0.0120577542111,0,3,3,4.76837158203e-07,0,0,0,5150005
16.1260007659,8063,-2.34710864788e-06,0,0,1.33702151288e-05,nan,nan,nan,nan,28.5557325697,119.177944725,46.9638398499,117.056450108,271.475670161,74.5014767745,2845.97696736,-0.0239138472825,-0.757054924965,0.113765716553,72,0,164.012613823,164.012890309,nan,0,0,common_seven_coordinate_v1,-0.0547166317701,-0.0735655874014,-0.00877810642123,-0.0265920758247,0.0244358368218,0.0159045550972,-0.00440194876865,0,2,3,1.09076499939e-05,0,0,0,5150005
16.190000769,8095,-2.12783925235e-06,0,0,2.53495886682e-06,nan,nan,nan,nan,29.4200290227,125.071965158,47.1719831694,121.74409494,294.686207781,85.2518423926,2879.93811071,-0.0239122416824,-0.757055521011,0.113766141236,72,0,164.012715686,164.012890309,nan,0,0,common_seven_coordinate_v1,-0.0408854447305,-0.0461326017976,-0.00692622363567,-0.00122924894094,0.0198773425072,0.00636993721128,0.000150863284944,0,2,3,2.50339508057e-06,0,0,0,5150005
16.254000772,8127,-2.0160805434e-06,0,0,4.47770116807e-06,nan,nan,nan,nan,30.2389016724,130.532644107,47.3771215184,124.67156921,314.822420478,95.6280782702,2910.45033373,-0.0239083915949,-0.75705575943,0.113767437637,72,0,164.012802998,164.012890309,nan,0,0,common_seven_coordinate_v1,-0.0282173138112,-0.0228857547045,-0.00494606839493,0.0159784462303,0.0152462031692,-0.000589336792473,0.00333044212312,0,2,11,9.53674316406e-07,0,0,0,5150005
16.3180007751,8159,-2.09058634937e-06,0,0,3.44438558386e-06,nan,nan,nan,nan,30.1675499941,136.177928653,47.3201398563,126.722225104,331.824412569,105.460225313,2937.28453107,-0.0239063724875,-0.757056176662,0.11376799643,72,0,164.012904861,164.012890309,nan,0,0,common_seven_coordinate_v1,-0.0282598249614,-0.000706122780684,-0.00555226625875,0.0293619241565,0.0167421288788,-0.00691621936858,0.00722573325038,0,2,0,8.34465026855e-07,0,0,0,5150005
16.3820007781,8191,-2.03098170459e-06,0,0,1.41958742006e-06,nan,nan,nan,nan,25.147190172,145.143960253,45.6398774986,128.868618049,345.778360497,114.557384222,2960.33569612,-0.0239048246294,-0.757056772709,0.11376851052,72,0,164.01312314,164.012890309,nan,0,0,common_seven_coordinate_v1,-0.101462416351,0.0308274291456,-0.0224485062063,0.0446990318596,0.0547822155058,-0.0175452046096,0.0200494211167,0,3,1,3.57627868652e-07,0,0,0,5150005
16.4460007811,8223,-2.2629274099e-06,0,0,1.41958742006e-06,nan,nan,nan,nan,24.0538356593,148.620049004,44.4316392532,129.446387291,356.893229764,122.718091006,2979.61127944,-0.0239024627954,-0.757057249546,0.113768965006,72,0,164.01312314,164.012890309,nan,0,0,common_seven_coordinate_v1,-0.118690744042,0.0426886230707,-0.0334364399314,0.0498836301267,0.0637067332864,-0.0213959831744,0.026375008747,0,3,1,4.17232513428e-07,0,0,0,5150005
16.5100007842,8255,-2.11441783904e-06,0,0,1.95193274521e-06,nan,nan,nan,nan,25.8466716332,122.464669403,45.4140499642,113.354180939,365.462125046,129.739841213,2995.20185217,-0.0238997079432,-0.75705742836,0.113769970834,72,0,164.012570167,164.012890309,nan,0,0,common_seven_coordinate_v1,-0.0957272127271,-0.0654318779707,-0.0231882315129,-0.0394223257899,0.0432815290987,0.0156335290521,0.00107038253918,0,3,3,4.17232513428e-07,0,0,0,5150005
16.5740007872,8287,-2.15764157474e-06,0,0,2.52588279182e-06,nan,nan,nan,nan,33.0130460497,94.5067076827,49.766695156,77.2964558564,371.818896383,135.433176183,3007.25200213,-0.0238972827792,-0.757057905197,0.113770537078,72,0,164.012904861,164.012890309,nan,0,0,common_seven_coordinate_v1,-0.000264136760961,-0.226581394672,0.0245828758925,-0.248537123203,-0.0201286710799,0.10241433233,-0.0566444136202,0,3,4,8.34465026855e-07,0,0,0,5150005
16.6380007903,8319,-2.24311293096e-06,0,0,1.45823241837e-05,nan,nan,nan,nan,36.2044156645,81.9116612547,51.8876840943,62.3696687398,376.327894628,139.662748552,3015.99060185,-0.0238953754306,-0.757058501244,0.113771237433,72,0,164.012220921,164.012890309,nan,0,0,common_seven_coordinate_v1,0.0377517156303,-0.312947183847,0.0497217327356,-0.359949946404,-0.0466375052929,0.155174732208,-0.0853972882032,0,3,5,7.7486038208e-06,0,0,0,5150005
16.7020007933,8351,-2.18962486542e-06,0,0,2.46207382588e-05,nan,nan,nan,nan,38.2800972147,78.5882002674,53.6858060514,59.3998229306,379.359698854,142.507371493,3021.86701447,-0.0238934457302,-0.757058858871,0.113771729171,72,0,164.011973538,164.012890309,nan,0,0,common_seven_coordinate_v1,0.0630632713437,-0.335746228695,0.0666278451681,-0.385655194521,-0.0608108378947,0.169570252299,-0.0965990498662,0,3,6,1.26361846924e-05,0,0,0,5150005
16.7660007963,8383,-2.19608091356e-06,0,0,2.52944391832e-05,nan,nan,nan,nan,39.8460470024,78.5882002674,55.0138574908,59.3998229306,381.146906875,143.953264342,3025.10033362,-0.0238908678293,-0.757059395313,0.113772511482,72,0,164.011944435,164.012890309,nan,0,0,common_seven_coordinate_v1,0.0823487266898,-0.33532255888,0.0777172446251,-0.385470509529,-0.0706370100379,0.170620128512,-0.101091049612,0,3,6,1.25765800476e-05,0,0,0,5150005
16.8300007994,8415,-2.19274306801e-06,0,0,4.70732720714e-06,nan,nan,nan,nan,28.0455315078,99.506265542,47.5227316201,82.9039418022,381.81754644,143.898563692,3025.71617067,-0.0238884557039,-0.757059693336,0.113773070276,72,0,164.013108588,164.012890309,nan,0,0,common_seven_coordinate_v1,-0.0689309760928,-0.196667969227,0.00120677147061,-0.211496323347,0.016404228285,0.083461932838,-0.0399484448135,0,3,8,9.53674316406e-07,0,0,0,5150005
16.8940008024,8447,-1.87451951206e-06,0,0,1.64017853876e-06,nan,nan,nan,nan,27.4442627415,109.753251309,46.8759644718,103.900390968,381.441932404,142.235454405,3023.67750555,-0.0238859523088,-0.757060110569,0.113774076104,72,0,164.013006724,164.012890309,nan,0,0,common_seven_coordinate_v1,-0.0739818438888,-0.125946596265,-0.00866241473705,-0.0944235995412,0.0282224398106,0.039850383997,-0.0167859345675,0,3,3,6.55651092529e-07,0,0,0,5150005
16.9580008055,8479,-2.22469680011e-06,0,0,1.71828230577e-06,nan,nan,nan,nan,28.2122273347,116.71136599,46.896875574,114.398084406,380.033801775,138.886229252,3018.92007701,-0.0238838531077,-0.757060408592,0.113774418831,72,0,164.012715686,164.012890309,nan,0,0,common_seven_coordinate_v1,-0.0604014620185,-0.0860796272755,-0.00928550306708,-0.0404150560498,0.0260458718985,0.020877070725,-0.00687862560153,0,3,3,3.57627868652e-07,0,0,0,5150005
17.0220008085,8511,-2.17624051402e-06,0,0,3.91013145418e-06,nan,nan,nan,nan,29.0846255666,122.812547488,47.0862469228,120.172997413,377.5714722,133.81325698,3011.38474606,-0.0238825529814,-0.757061183453,0.113775096834,72,0,164.013035828,164.012890309,nan,0,0,common_seven_coordinate_v1,-0.0461894050241,-0.0563100911677,-0.0077146673575,-0.00993142556399,0.0217035468668,0.00971684232354,-0.00141361844726,0,2,3,3.8743019104e-06,0,0,0,5150005
17.0860008115,8543,-2.00545650841e-06,0,0,1.41958742006e-06,nan,nan,nan,nan,29.9232651741,128.43341392,47.2982901556,123.661855469,374.002498575,127.015198814,3001.01749599,-0.0238800887018,-0.757061719894,0.113775812089,72,0,164.01312314,164.012890309,nan,0,0,common_seven_coordinate_v1,-0.0330583453178,-0.0316318646073,-0.00571906426921,0.00986970122904,0.017050055787,0.00193434453104,0.00218955916353,0,2,3,1.07288360596e-06,0,0,0,5150005
17.1500008146,8575,-2.06078402698e-06,0,0,8.70885628501e-07,nan,nan,nan,nan,30.690447602,133.674635435,47.4796761409,125.943071907,369.2349419,118.534910143,2987.76989803,-0.0238771121949,-0.757062077522,0.113776616752,72,0,164.012832101,164.012890309,nan,0,0,common_seven_coordinate_v1,-0.0213546715677,-0.0101986061782,-0.0039071473293,0.0240874234587,0.012659384869,-0.00407576654106,0.00493110716343,0,2,0,7.15255737305e-07,0,0,0,5150005
17.2140008176,8607,-1.92667357624e-06,0,0,2.41106999965e-06,nan,nan,nan,nan,27.2040124401,141.555559821,46.4240365545,128.012659843,363.120547263,108.464701043,2971.58514149,-0.0238747764379,-0.757062494755,0.11377736181,72,0,164.013035828,164.012890309,nan,0,0,common_seven_coordinate_v1,-0.0704128593206,0.0183949247003,-0.0146989449859,0.0386289395392,0.0388613715768,-0.0132731366903,0.014529556036,0,3,1,2.38418579102e-07,0,0,0,5150005
17.2780008207,8639,-2.0086299628e-06,0,0,3.67087591258e-06,nan,nan,nan,nan,23.8270895352,148.615246871,44.8174941994,129.438732984,355.394906364,96.9749162323,2952.3698613,-0.0238723531365,-0.757062792778,0.113777980208,72,0,164.012832101,164.012890309,nan,0,0,common_seven_coordinate_v1,-0.122197747231,0.042602814734,-0.0301915593445,0.0497271753848,0.0654434263706,-0.0212486684322,0.0251619648188,0,3,1,2.38418579102e-07,0,0,0,5150005
17.3420008237,8671,-2.26940028369e-06,0,0,1.14812860375e-06,nan,nan,nan,nan,24.4602888415,137.401977554,44.382064516,129.112013383,345.642591128,84.3322777655,2929.97481301,-0.023869978264,-0.757063150406,0.113778501749,72,0,164.012861205,164.012890309,nan,0,0,common_seven_coordinate_v1,-0.113811589777,0.00424128491431,-0.0337526239455,0.0384984016418,0.0593195073307,-0.0129806427285,0.0214871354401,0,3,3,3.57627868652e-07,0,0,0,5150005
17.4060008267,8703,-2.23807546718e-06,0,0,2.75550860351e-06,nan,nan,nan,nan,30.4160348605,103.251404653,48.376416089,88.4607725311,333.240663167,70.9242594894,2904.16483767,-0.023868560791,-0.757063806057,0.113779053092,72,0,164.01267203,164.012890309,nan,0,0,common_seven_coordinate_v1,-0.0334295928478,-0.171938210726,0.00842554681003,-0.176760137081,0.0016843843041,0.0708101764321,-0.0374592617154,0,3,4,5.96046447754e-07,0,0,0,5150005
17.4700008298,8735,-2.25786607189e-06,0,0,5.69685789742e-06,nan,nan,nan,nan,35.1744965883,85.5270700413,51.089846238,66.4137696731,317.212688969,57.3337674723,2874.54645149,-0.0238658264279,-0.75706410408,0.113779753447,72,0,164.012584719,164.012890309,nan,0,0,common_seven_coordinate_v1,0.025551898405,-0.287339657545,0.0408130921423,-0.327573001385,-0.0384750813246,0.139172956347,-0.0764843225479,0,3,5,3.3974647522e-06,0,0,0,5150005
17.5340008328,8767,-2.11293809116e-06,0,0,2.57660376519e-05,nan,nan,nan,nan,37.5388844986,78.8122997619,53.0283432454,59.4421653659,295.941223158,44.4810611953,2840.4223267,-0.0238635092974,-0.757064580917,0.113780483603,72,0,164.011900779,164.012890309,nan,0,0,common_seven_coordinate_v1,0.0538097992539,-0.33463793993,0.0610534995794,-0.385095328093,-0.0561411343515,0.168603241444,-0.0941845774651,0,3,5,1.25765800476e-05,0,0,0,5150005
17.5980008359,8799,-2.12783925235e-06,0,0,2.48061442107e-05,nan,nan,nan,nan,39.280152123,78.5857409937,54.5451621292,59.3958247919,266.688381089,33.8779864251,2800.56637712,-0.023861695081,-0.757065057755,0.113781027496,72,0,164.011871675,164.012890309,nan,0,0,common_seven_coordinate_v1,0.0754360556602,-0.335499227047,0.073818013072,-0.385573357344,-0.067103356123,0.170264258981,-0.0995124429464,0,3,6,1.23381614685e-05,0,0,0,5150005
17.6620008389,8831,-2.14895248973e-06,0,0,4.34939329352e-06,nan,nan,nan,nan,31.3227064908,91.4303236641,50.3504961671,68.5875565978,226.852338528,26.9103456958,2753.7625283,-0.0238597765565,-0.757065534592,0.113781623542,72,0,164.01267203,164.012890309,nan,0,0,common_seven_coordinate_v1,-0.0243007577956,-0.255331933498,0.0311057902873,-0.306265890598,-0.012436199002,0.125027641654,-0.0669783502817,0,3,4,2.74181365967e-06,0,0,0,5150005
17.7260008419,8863,-2.07717425837e-06,0,0,8.21579703825e-07,nan,nan,nan,nan,27.3139103228,106.461280666,46.9856531709,97.416639619,177.594745765,23.998261895,2701.5930973,-0.0238567814231,-0.757065832615,0.113782458007,72,0,164.012861205,164.012890309,nan,0,0,common_seven_coordinate_v1,-0.0771513581276,-0.147471755743,-0.0068197036162,-0.128695935011,0.0269927736372,0.0520469658077,-0.023273056373,0,3,9,8.34465026855e-07,0,0,0,5150005
17.790000845,8895,-2.23309734793e-06,0,0,1.32776358441e-06,nan,nan,nan,nan,27.8791922028,114.126407425,46.8535836262,111.045002996,131.392895128,21.858868422,2653.25163491,-0.0238554105163,-0.757066369057,0.113782912493,72,0,164.012788446,164.012890309,nan,0,0,common_seven_coordinate_v1,-0.0660663023591,-0.100030072033,-0.00948902126402,-0.0576380975544,0.0273770056665,0.0269587729126,-0.00999247934669,0,3,3,4.17232513428e-07,0,0,0,5150005
17.854000848,8927,-2.2470485419e-06,0,0,8.63583954924e-06,nan,nan,nan,nan,28.743299481,120.481854538,47.0032100566,118.263720651,94.6934524109,18.5658627743,2613.25924657,-0.0238525085151,-0.757066547871,0.113783612847,72,0,164.012904861,164.012890309,nan,0,0,common_seven_coordinate_v1,-0.051668047905,-0.0672405138612,-0.00844714045525,-0.0202043335885,0.0234918668866,0.0135577749461,-0.00325023243204,0,2,3,7.92741775513e-06,0,0,0,5150005
17.9180008511,8959,-2.18605282498e-06,0,0,2.34311232816e-06,nan,nan,nan,nan,29.5997015201,126.274797367,47.2154461022,122.472047224,67.4183029332,14.754107724,2582.17216469,-0.0238505396992,-0.757067084312,0.113784328103,72,0,164.012773894,164.012890309,nan,0,0,common_seven_coordinate_v1,-0.0380760505795,-0.0408732369542,-0.00651348475367,0.00292855594307,0.0188748687506,0.00472538452595,0.000916154880542,0,2,3,1.31130218506e-06,0,0,0,5150005
17.9820008541,8991,-2.11293809116e-06,0,0,2.87032139568e-06,nan,nan,nan,nan,30.4075019812,131.651991978,47.4149892398,125.144651975,47.6966270071,11.2110137707,2558.90749395,-0.0238482300192,-0.757067501545,0.113785065711,72,0,164.012919413,164.012890309,nan,0,0,common_seven_coordinate_v1,-0.0256541799754,-0.0183220151812,-0.00456265360117,0.0189588814974,0.0142710814252,-0.00185771426186,0.00390757527202,0,2,12,4.76837158203e-07,0,0,0,5150005
18.0460008571,9023,-2.35185757447e-06,0,0,2.79200889963e-06,nan,nan,nan,nan,29.3174289254,137.929804623,47.0766790386,127.156818053,33.6301091011,8.27617441246,2541.90620035,-0.0238457713276,-0.757067918777,0.113785520196,72,0,164.012802998,164.012890309,nan,0,0,common_seven_coordinate_v1,-0.040039498359,0.00562118412927,-0.00806097406894,0.0324813164771,0.0230287592858,-0.0089636137709,0.00940529908985,0,2,0,3.3974647522e-06,0,0,0,5150005
18.1100008602,9055,-2.19840831051e-06,0,0,3.78882418772e-06,nan,nan,nan,nan,24.2370315391,146.928345202,45.2146487078,129.299238324,23.6757459788,5.99273607804,2529.66862172,-0.0238438211381,-0.757068395615,0.113786235452,72,0,164.012861205,164.012890309,nan,0,0,common_seven_coordinate_v1,-0.115707412362,0.0369645729661,-0.0265633873641,0.0477463677526,0.0620410516858,-0.019640404731,0.0228685289621,0,3,1,2.38418579102e-07,0,0,0,5150005
18.1740008632,9087,-2.18744389713e-06,0,0,1.66927952705e-06,nan,nan,nan,nan,24.1202433244,148.197199451,44.3054086645,129.433974507,16.6571007867,4.28592284152,2520.94306052,-0.0238415729254,-0.757068812847,0.113787002861,72,0,164.012846653,164.012890309,nan,0,0,common_seven_coordinate_v1,-0.117732949555,0.0412889122963,-0.0345114171505,0.0494958870113,0.0631464421749,-0.0211405288428,0.0265952199697,0,3,1,3.57627868652e-07,0,0,0,5150005
18.2380008663,9119,-2.07568518817e-06,0,0,2.64069558398e-06,nan,nan,nan,nan,27.1929820883,114.893395221,46.376579121,103.628764919,11.7163854156,3.04189688904,2514.7581473,-0.0238392483443,-0.757069349289,0.113787807524,72,0,164.013021276,164.012890309,nan,0,0,common_seven_coordinate_v1,-0.0771866217256,-0.105371043086,-0.0130824204534,-0.0900989547372,0.0299941468984,0.0350272208452,-0.0127485394478,0,3,3,5.36441802979e-07,0,0,0,5150005
18.3020008693,9151,-2.41617453867e-06,0,0,1.90200319139e-06,nan,nan,nan,nan,33.905118471,90.7838184503,50.2587245137,72.6829457562,8.24088056106,2.14919623431,2510.39001159,-0.0238369628787,-0.757069706917,0.113788299263,72,0,164.012861205,164.012890309,nan,0,0,common_seven_coordinate_v1,0.0105019090697,-0.2512165308,0.0307585578412,-0.280781805515,-0.0277906730771,0.117090508342,-0.064627289772,0,3,4,1.25169754028e-06,0,0,0,5150005
18.3660008723,9183,-2.05333344638e-06,0,0,1.82755684364e-05,nan,nan,nan,nan,36.7052271031,80.5035306257,52.3034541402,60.913102061,5.7971192291,1.51435222051,2507.31129199,-0.0238346662372,-0.757070064545,0.113789029419,72,0,164.012337336,164.012890309,nan,0,0,common_seven_coordinate_v1,0.0437298342586,-0.322970807552,0.0540628433228,-0.372161865234,-0.0503693185747,0.161463066936,-0.0891597494483,0,3,5,9.47713851929e-06,0,0,0,5150005
18.4300008754,9215,-2.16509215534e-06,0,0,2.56635248661e-05,nan,nan,nan,nan,38.6518186133,78.5878874012,54.008251027,59.3960940023,4.07922607337,1.06518405119,2505.14433719,-0.0238326210529,-0.757070481777,0.113789610565,72,0,164.012046298,164.012890309,nan,0,0,common_seven_coordinate_v1,0.0676857680082,-0.335656702518,0.06933362782,-0.385641485453,-0.0631579831243,0.169836819172,-0.097695954144,0,3,6,1.25765800476e-05,0,0,0,5150005
18.4940008784,9247,-2.35428137785e-06,0,0,2.47447824222e-05,nan,nan,nan,nan,37.8458571504,81.2945581856,55.2409801458,59.3960940023,2.87143961941,0.748602644762,2503.61999497,-0.0238303914666,-0.757070958614,0.113790005445,72,0,164.011929883,164.012890309,nan,0,0,common_seven_coordinate_v1,0.0589842125773,-0.321298092604,0.0777942538261,-0.382052689791,-0.0586191900074,0.16645206511,-0.0991011857986,0,3,5,1.25765800476e-05,0,0,0,5150005
18.5580008815,9279,-2.17999331653e-06,0,0,2.20305219045e-06,nan,nan,nan,nan,27.5398524536,102.382815385,47.2358951811,88.806518761,2.02227488444,0.525852726696,2502.54827552,-0.0238285064697,-0.757071554661,0.113790817559,72,0,164.012802998,164.012890309,nan,0,0,common_seven_coordinate_v1,-0.0753511786461,-0.175963625312,-0.00291984528303,-0.176565557718,0.0222853664309,0.0697893574834,-0.0326518304646,0,3,8,4.17232513428e-07,0,0,0,5150005
18.6220008845,9311,-2.26268775805e-06,0,0,1.37775430176e-06,nan,nan,nan,nan,27.5787879218,111.368346552,46.8506514153,106.752260763,1.42530973335,0.369135221945,2501.79436989,-0.0238254033029,-0.757071852684,0.113791555166,72,0,164.012773894,164.012890309,nan,0,0,common_seven_coordinate_v1,-0.0714157149196,-0.116019077599,-0.00917672179639,-0.079664170742,0.0281751323491,0.0346698500216,-0.0140334423631,0,3,3,5.96046447754e-07,0,0,0,5150005
18.6860008875,9343,-2.12904137697e-06,0,0,1.67618491105e-05,nan,nan,nan,nan,28.3991485048,118.069336168,46.9290243927,115.911876492,1.00537795333,0.259071697428,2501.26444735,-0.0238242056221,-0.757072508335,0.113792181015,72,0,164.01274479,164.012890309,nan,0,0,common_seven_coordinate_v1,-0.0572919659317,-0.0791075974703,-0.00905486103147,-0.0325614735484,0.0251871906221,0.0180592127144,-0.00546092214063,0,2,3,1.37090682983e-05,0,0,0,5150005
18.7500008906,9375,-2.13149837691e-06,0,0,3.63641174772e-06,nan,nan,nan,nan,29.2684489978,124.053432955,47.1307030239,121.056080388,0.709698838364,0.181918437647,2500.89145266,-0.0238214731216,-0.757072746754,0.113792859018,72,0,164.012919413,164.012890309,nan,0,0,common_seven_coordinate_v1,-0.0432753972709,-0.0506844706833,-0.00730636995286,-0.005057788454,0.0207064021379,0.00784763228148,-0.000530744669959,0,2,3,3.09944152832e-06,0,0,0,5150005
18.8140008936,9407,-2.0086299628e-06,0,0,2.18144418795e-06,nan,nan,nan,nan,30.0964547932,129.585780087,47.3396066809,124.221784063,0.501635213368,0.127674141481,2500.62928535,-0.0238191410899,-0.757073163986,0.113793626428,72,0,164.012759342,164.012890309,nan,0,0,common_seven_coordinate_v1,-0.0303978361189,-0.0268133636564,-0.00531187234446,0.0132521148771,0.0160595793277,0.000536787614692,0.0028270909097,0,2,11,6.55651092529e-07,0,0,0,5150005
18.8780008967,9439,-2.26760585065e-06,0,0,1.60737999977e-06,nan,nan,nan,nan,30.5789653794,134.925518068,47.4366752314,126.350787468,0.3550066765,0.0896555008012,2500.44465065,-0.0238182153553,-0.757073879242,0.113793887198,72,0,164.012628375,164.012890309,nan,0,0,common_seven_coordinate_v1,-0.0227034389973,-0.00537911895663,-0.00434307847172,0.0268370117992,0.0136494198814,-0.00546255242079,0.00590419210494,0,2,0,8.34465026855e-07,0,0,0,5150005
18.9420008997,9471,-2.17254273593e-06,0,0,3.5591986034e-06,nan,nan,nan,nan,26.0320739471,143.552126247,45.9993425466,128.472383949,0.251642433113,0.0629446716971,2500.31449832,-0.0238148197532,-0.757074058056,0.113794870675,72,0,164.012919413,164.012890309,nan,0,0,common_seven_coordinate_v1,-0.0879180058837,0.0253173336387,-0.0189206991345,0.0419429838657,0.0478549264371,-0.0156440492719,0.0175639130175,0,3,1,3.57627868652e-07,0,0,0,5150005
19.0060009027,9503,-2.17254273593e-06,0,0,1.21282334931e-06,nan,nan,nan,nan,23.9967594098,148.617808009,44.5851001132,129.432213726,0.178707765031,0.0442390728495,2500.22299588,-0.0238124839962,-0.757074415684,0.11379545182,72,0,164.012846653,164.012890309,nan,0,0,common_seven_coordinate_v1,-0.119552187622,0.0426524989307,-0.0321260429919,0.0497886128724,0.0641387104988,-0.0213184822351,0.0258700139821,0,3,1,2.38418579102e-07,0,0,0,5150005
19.0700009058,9535,-2.18744389713e-06,0,0,1.14812860375e-06,nan,nan,nan,nan,25.0462308031,129.230960738,44.8070059065,121.566590678,0.127291741592,0.030980707777,2500.15826896,-0.0238103214651,-0.757074773312,0.113796114922,72,0,164.013021276,164.012890309,nan,0,0,common_seven_coordinate_v1,-0.106454312801,-0.0320136845112,-0.0294616762549,0.00119713367894,0.0521130114794,0.000806999276392,0.0116921328008,0,3,3,2.98023223877e-07,0,0,0,5150005
19.1340009088,9567,-2.38389566221e-06,0,0,1.60737999977e-06,nan,nan,nan,nan,32.0444596582,98.1474659056,49.255999329,81.8916887511,0.0907157300389,0.0219603464302,2500.11263415,-0.0238083470613,-0.757075190544,0.11379674077,72,0,164.012832101,164.012890309,nan,0,0,common_seven_coordinate_v1,-0.0123019237071,-0.203297168016,0.0183909609914,-0.217994391918,-0.0118978843093,0.0888109728694,-0.0488364174962,0,3,4,7.15255737305e-07,0,0,0,5150005
19.1980009119,9599,-2.15764157474e-06,0,0,1.06928791865e-05,nan,nan,nan,nan,35.7570570486,83.3747326396,51.5270585311,63.9621939627,0.0649416946885,0.0154711230493,2500.08027069,-0.0238061919808,-0.757075607777,0.113797441125,72,0,164.01236644,164.012890309,nan,0,0,common_seven_coordinate_v1,0.0324395745993,-0.302541792393,0.0458003692329,-0.346954256296,-0.043169144541,0.1486543715,-0.0816825181246,0,3,5,5.66244125366e-06,0,0,0,5150005
19.2620009149,9631,-2.12038867176e-06,0,0,2.49303557212e-05,nan,nan,nan,nan,37.9534794774,78.5850570537,53.3943748451,59.3917466176,0.0467840237661,0.0107358664181,2500.05745329,-0.02380412817,-0.757076144218,0.113798260689,72,0,164.012017194,164.012890309,nan,0,0,common_seven_coordinate_v1,0.0589741207659,-0.335864007473,0.0641847252846,-0.385752528906,-0.0587475933135,0.169367849827,-0.0956222116947,0,3,6,1.22785568237e-05,0,0,0,5150005
19.3260009179,9663,-2.23214738071e-06,0,0,2.4869101253e-05,nan,nan,nan,nan,39.5959577872,78.5850570537,54.8065836483,59.3917466176,0.0338662431432,0.0074199815181,2500.04115514,-0.0238024983555,-0.757076501846,0.113798752427,72,0,164.012002642,164.012890309,nan,0,0,common_seven_coordinate_v1,0.0792997553945,-0.335423827171,0.0759988129139,-0.385565012693,-0.0690804347396,0.170484051108,-0.100401453674,0,3,6,1.23381614685e-05,0,0,0,5150005
19.390000921,9695,-2.13142789107e-06,0,0,2.64069558398e-06,nan,nan,nan,nan,28.958726034,96.4504361036,48.0836570205,77.0781261963,0.0245090419071,0.00531532240444,2500.02974644,-0.0238003116101,-0.757077038288,0.113799504936,72,0,164.012832101,164.012890309,nan,0,0,common_seven_coordinate_v1,-0.0566129982471,-0.218820363283,0.00811333674937,-0.248113393784,0.00757774151862,0.0986432358623,-0.048605017364,0,3,4,5.96046447754e-07,0,0,0,5150005
19.454000924,9727,-1.98627822101e-06,0,0,1.72219279193e-06,nan,nan,nan,nan,27.3601672234,108.320688014,46.9115766464,101.164878288,0.017849743017,0.00385875420505,2500.0218302,-0.023797634989,-0.757077455521,0.113800369203,72,0,164.012919413,164.012890309,nan,0,0,common_seven_coordinate_v1,-0.0757609456778,-0.135122165084,-0.00801567547023,-0.108733817935,0.0279271677136,0.0449024885893,-0.0194674860686,0,3,3,3.57627868652e-07,0,0,0,5150005
19.5180009271,9759,-2.13884027289e-06,0,0,1.48397111843e-06,nan,nan,nan,nan,28.0584481516,115.552458738,46.8716898467,112.964153232,0.013067599447,0.0028456090817,2500.0157766,-0.023795619607,-0.757077932358,0.113800853491,72,0,164.012832101,164.012890309,nan,0,0,common_seven_coordinate_v1,-0.062994338572,-0.0922267064452,-0.00943959504366,-0.0477900654078,0.0266949050128,0.0234887823462,-0.00820134207606,0,3,3,4.76837158203e-07,0,0,0,5150005
19.5820009301,9791,-2.33931223192e-06,0,0,7.23045559425e-06,nan,nan,nan,nan,28.9299241558,121.761462651,47.0461127406,119.343982078,0.0096649630521,0.00215127649028,2500.01181848,-0.0237934067845,-0.757078289986,0.113801307976,72,0,164.012773894,164.012890309,nan,0,0,common_seven_coordinate_v1,-0.0486634075642,-0.0611884817481,-0.00807201769203,-0.0144156394526,0.0225226972252,0.0114017734304,-0.00220953882672,0,2,3,5.18560409546e-06,0,0,0,5150005
19.6460009331,9823,-2.56699877355e-06,0,0,2.64069558398e-06,nan,nan,nan,nan,29.7770129691,127.458784846,47.2592837468,123.137273476,0.00742033900991,0.00151026968709,2500.00879169,-0.0237915702164,-0.757078766823,0.113801687956,72,0,164.012730238,164.012890309,nan,0,0,common_seven_coordinate_v1,-0.0353208817542,-0.0357789956033,-0.00609277840704,0.00679433951154,0.0178762394935,0.00317458529025,0.00162920355797,0,2,3,8.94069671631e-07,0,0,0,5150005
19.7100009362,9855,-2.2180306587e-06,0,0,1.49256709392e-06,nan,nan,nan,nan,30.5736648443,132.754517836,47.4524022138,125.584629131,0.00546681144797,0.00133124034019,2500.00669621,-0.0237885043025,-0.757079064846,0.113802738488,72,0,164.013021276,164.012890309,nan,0,0,common_seven_coordinate_v1,-0.0231408514082,-0.0138760637492,-0.00418119318783,0.0217806100845,0.0133085716516,-0.0030714450404,0.00445717666298,0,2,0,6.55651092529e-07,0,0,0,5150005
19.7740009392,9887,-2.10548751056e-06,0,0,1.1930133951e-05,nan,nan,nan,nan,28.2069795503,139.873140142,46.7458085041,127.611550852,0.00386362231097,0.00129482558009,2500.00529923,-0.0237862318754,-0.757079422474,0.113803401589,72,0,164.012788446,164.012890309,nan,0,0,common_seven_coordinate_v1,-0.0558092966676,0.0124999592081,-0.011444776319,0.0357748046517,0.0312912613153,-0.0112630724907,0.0120774777606,0,2,0,1.12652778625e-05,0,0,0,5150005
19.8380009423,9919,-2.21801929001e-06,0,0,2.39555379267e-06,nan,nan,nan,nan,23.6813466472,148.329607327,45.0042061857,129.426523927,0.0028206990077,0.00114142006957,2500.00390224,-0.0237842518836,-0.75708001852,0.113803952932,72,0,164.012497407,164.012890309,nan,0,0,common_seven_coordinate_v1,-0.124526135623,0.0416020527482,-0.0286507159472,0.0493557192385,0.0665296465158,-0.0209847744554,0.0244741234928,0,3,1,7.15255737305e-07,0,0,0,5150005
19.9020009453,9951,-2.29225429393e-06,0,0,1.48397111843e-06,nan,nan,nan,nan,24.2342011916,143.486176967,44.2683340225,129.426523927,0.0023446804498,0.000828897783745,2500.00320375,-0.0237819943577,-0.757080316544,0.113804593682,72,0,164.012904861,164.012890309,nan,0,0,common_seven_coordinate_v1,-0.116574808955,0.0254568252712,-0.0348238833249,0.0452473312616,0.0617447011173,-0.0178104713559,0.0247201081365,0,3,1,3.57627868652e-07,0,0,0,5150005
19.9660009483,9983,-2.1264370389e-06,0,0,3.09994720737e-06,nan,nan,nan,nan,28.8889332296,108.16584836,47.4777298223,94.848961453,0.00202004435401,0.000644060249577,2500.00273809,-0.0237803105265,-0.757080972195,0.113805308938,72,0,164.012613823,164.012890309,nan,0,0,common_seven_coordinate_v1,-0.0539219491184,-0.143053710461,-0.00134600012098,-0.138957247138,0.0147010488436,0.0548039786518,-0.026610692963,0,3,3,2.38418579102e-07,0,0,0,5150005
19.9980009499,9999,-2.22543076234e-06,0,0,1.48397111843e-06,nan,nan,nan,nan,32.6595036313,95.8981690928,49.5779931953,79.0378762758,0.00188917259614,0.000590923199262,2500.00250526,-0.0237789750099,-0.757081210613,0.113805562258,72,0,164.012701134,164.012890309,nan,0,0,common_seven_coordinate_v1,-0.0046116784215,-0.217597290874,0.0222642533481,-0.236780688167,-0.0171093381941,0.0971435010433,-0.0536773689091,0,3,4,7.15255737305e-07,0,0,0,5150005
20.0000009499,10000,-2.36898790718e-06,0,0,7.2295085829e-07,nan,nan,nan,nan,32.8187634295,95.277930086,49.6613829455,78.2567512942,0.001881794498,0.000588017634584,2500.00250526,-0.0237788166851,-0.757081091404,0.113805547357,72,0,164.012802998,164.012890309,nan,0,0,common_seven_coordinate_v1,-0.00264843646437,-0.221592694521,0.0232909228653,-0.242023378611,-0.0184694621712,0.099485732615,-0.0549986436963,0,3,4,1.07288360596e-06,0,0,0,5150005
