[0/1] Planning build
Test Suite 'Selected tests' started at 2026-09-10 22:47:25.166.
Test Suite 'NumiBrainPackageTests.xctest' started at 2026-09-10 22:47:25.172.
Test Suite 'MetalNumanXBridgeV1EndToEndTests' started at 2026-09-10 22:47:25.172.
Test Case '-[NumiBrainMetalTests.MetalNumanXBridgeV1EndToEndTests testPreparedRecruitmentSixMillisecondHorizon]' started.
2026-09-10 22:47:25.198 xctest[21551:6858726] Metal API Validation Enabled
mrnx authored world=5255941730332563749 expected=5255941730332563749 physics=5255941730332563749 env=1 rate=0 flags=265 nv=160 nq=161 attachments=12 proxies=0 dt=9.99999975e-05 expected_dt=9.99999975e-05 gravity=0,0,-9.81000042 human=0,0,-9.81000042
mrnx authored world=5255941730332563749 expected=5255941730332563749 physics=5255941730332563749 env=1 rate=0 flags=265 nv=160 nq=161 attachments=12 proxies=0 dt=9.99999975e-05 expected_dt=9.99999975e-05 gravity=0,0,-9.81000042 human=0,0,-9.81000042
mrnx_matter_status code=0 object=4294967295 index=4294967295 fgmres=10 contacts=0 diagnostics=[0.999998629,0,0,0]
mrnx_human_status code=0 index=4294967295 contacts=0 iterations=12 contact_accel=[0,0,0,152.115417] factor_assist=[0.0102696475,9.85555363,0,0]
mrnx_matter_status code=0 object=4294967295 index=4294967295 fgmres=10 contacts=0 diagnostics=[0.999999642,0,0,0]
mrnx_human_status code=0 index=4294967295 contacts=0 iterations=12 contact_accel=[0,0,0,365.770874] factor_assist=[0.0102696475,9.85555363,0,0]
mrnx_matter_status code=0 object=4294967295 index=4294967295 fgmres=10 contacts=0 diagnostics=[0.999998629,0,0,0]
mrnx_human_status code=0 index=4294967295 contacts=0 iterations=12 contact_accel=[0,0,0,279.762421] factor_assist=[0.0102696475,9.85555363,0,0]
mrnx_matter_status code=0 object=4294967295 index=4294967295 fgmres=10 contacts=0 diagnostics=[0.999999881,0,0,0]
mrnx_human_status code=0 index=4294967295 contacts=0 iterations=12 contact_accel=[0,0,0,70.3557434] factor_assist=[0.0102696475,9.85555363,0,0]
mrnx_matter_status code=0 object=4294967295 index=4294967295 fgmres=10 contacts=0 diagnostics=[0.999998629,0,0,0]
mrnx_human_status code=0 index=4294967295 contacts=0 iterations=12 contact_accel=[0,0,0,272.455872] factor_assist=[0.0102696475,9.85555363,0,0]
Context leak detected, CoreAnalytics returned false
mrnx_matter_status code=0 object=4294967295 index=4294967295 fgmres=10 contacts=0 diagnostics=[0.999998629,0,0,0]
mrnx_human_status code=0 index=4294967295 contacts=0 iterations=12 contact_accel=[0,0,0,389.077759] factor_assist=[0.0102696475,9.85555363,0,0]
mrnx_matter_status code=0 object=4294967295 index=4294967295 fgmres=10 contacts=0 diagnostics=[0.999998629,0,0,0]
mrnx_human_status code=0 index=4294967295 contacts=0 iterations=12 contact_accel=[0,0,0,346.024933] factor_assist=[0.0102696475,9.85555363,0,0]
mrnx_matter_status code=0 object=4294967295 index=4294967295 fgmres=10 contacts=0 diagnostics=[0.999998629,0,0,0]
mrnx_human_status code=0 index=4294967295 contacts=0 iterations=12 contact_accel=[0,0,0,75.3662796] factor_assist=[0.0102696475,9.85555363,0,0]
Context leak detected, CoreAnalytics returned false
mrnx_matter_status code=0 object=4294967295 index=4294967295 fgmres=10 contacts=0 diagnostics=[0.999999881,0,0,0]
mrnx_human_status code=0 index=4294967295 contacts=0 iterations=12 contact_accel=[0,0,0,100.369171] factor_assist=[0.0102696475,9.85555363,0,0]
mrnx_matter_status code=0 object=4294967295 index=4294967295 fgmres=10 contacts=0 diagnostics=[0.999999881,0,0,0]
mrnx_human_status code=0 index=4294967295 contacts=0 iterations=12 contact_accel=[0,0,0,129.416962] factor_assist=[0.0102696475,9.85555363,0,0]
Context leak detected, CoreAnalytics returned false
mrnx_matter_status code=0 object=4294967295 index=4294967295 fgmres=10 contacts=0 diagnostics=[0.999999881,0,0,0]
mrnx_human_status code=0 index=4294967295 contacts=0 iterations=12 contact_accel=[0,0,0,138.484406] factor_assist=[0.0102696475,9.85555363,0,0]
mrnx_matter_status code=0 object=4294967295 index=4294967295 fgmres=10 contacts=0 diagnostics=[0.999998391,0,0,0]
mrnx_human_status code=0 index=4294967295 contacts=0 iterations=12 contact_accel=[0,0,0,542.137207] factor_assist=[0.0102696475,9.85555363,0,0]
mrnx_matter_status code=0 object=4294967295 index=4294967295 fgmres=10 contacts=0 diagnostics=[0.999998391,0,0,0]
mrnx_human_status code=0 index=4294967295 contacts=0 iterations=12 contact_accel=[0,0,0,629.697083] factor_assist=[0.0102696475,9.85555363,0,0]
Context leak detected, CoreAnalytics returned false
mrnx_matter_status code=0 object=4294967295 index=4294967295 fgmres=8 contacts=0 diagnostics=[0.999998391,0,0,0]
mrnx_human_status code=0 index=4294967295 contacts=0 iterations=12 contact_accel=[0,0,0,251.000687] factor_assist=[0.0102696475,9.85555363,0,0]
mrnx_matter_status code=0 object=4294967295 index=4294967295 fgmres=10 contacts=0 diagnostics=[0.999998629,0,0,0]
mrnx_human_status code=0 index=4294967295 contacts=0 iterations=12 contact_accel=[0,0,0,122.351372] factor_assist=[0.0102696475,9.85555363,0,0]
Context leak detected, CoreAnalytics returned false
mrnx_matter_status code=0 object=4294967295 index=4294967295 fgmres=10 contacts=0 diagnostics=[0.999999642,0,0,0]
mrnx_human_status code=0 index=4294967295 contacts=0 iterations=12 contact_accel=[0,0,0,178.256607] factor_assist=[0.0102696475,9.85555363,0,0]
mrnx_matter_status code=0 object=4294967295 index=4294967295 fgmres=10 contacts=0 diagnostics=[0.999999881,0,0,0]
mrnx_human_status code=0 index=4294967295 contacts=0 iterations=12 contact_accel=[0,0,0,539.611023] factor_assist=[0.0102696475,9.85555363,0,0]
mrnx_matter_status code=0 object=4294967295 index=4294967295 fgmres=10 contacts=0 diagnostics=[0.999998629,0,0,0]
mrnx_human_status code=0 index=4294967295 contacts=0 iterations=12 contact_accel=[0,0,0,696.65863] factor_assist=[0.0102696475,9.85555363,0,0]
Context leak detected, CoreAnalytics returned false
mrnx_matter_status code=0 object=4294967295 index=4294967295 fgmres=6 contacts=0 diagnostics=[0.999998629,0,0,0]
mrnx_human_status code=0 index=4294967295 contacts=0 iterations=12 contact_accel=[0,0,0,477.728241] factor_assist=[0.0102696475,9.85555363,0,0]
mrnx_matter_status code=0 object=4294967295 index=4294967295 fgmres=9 contacts=0 diagnostics=[0.999998391,0,0,0]
mrnx_human_status code=0 index=4294967295 contacts=0 iterations=12 contact_accel=[0,0,0,298.141144] factor_assist=[0.0102696475,9.85555363,0,0]
Context leak detected, CoreAnalytics returned false
mrnx_matter_status code=0 object=4294967295 index=4294967295 fgmres=10 contacts=0 diagnostics=[0.999999642,0,0,0]
mrnx_human_status code=0 index=4294967295 contacts=0 iterations=12 contact_accel=[0,0,0,531.244873] factor_assist=[0.0102696475,9.85555363,0,0]
mrnx_matter_status code=0 object=4294967295 index=4294967295 fgmres=10 contacts=0 diagnostics=[0.999999642,0,0,0]
mrnx_human_status code=0 index=4294967295 contacts=0 iterations=12 contact_accel=[0,0,0,615.492981] factor_assist=[0.0102696475,9.85555363,0,0]
mrnx_matter_status code=0 object=4294967295 index=4294967295 fgmres=10 contacts=0 diagnostics=[0.999999881,0,0,0]
mrnx_human_status code=0 index=4294967295 contacts=0 iterations=12 contact_accel=[0,0,0,515.82605] factor_assist=[0.0102696475,9.85555363,0,0]
Context leak detected, CoreAnalytics returned false
mrnx_matter_status code=0 object=4294967295 index=4294967295 fgmres=10 contacts=0 diagnostics=[0.999998391,0,0,0]
mrnx_human_status code=0 index=4294967295 contacts=0 iterations=12 contact_accel=[0,0,0,642.867859] factor_assist=[0.0102696475,9.85555363,0,0]
mrnx_matter_status code=0 object=4294967295 index=4294967295 fgmres=10 contacts=0 diagnostics=[0.999998391,0,0,0]
mrnx_human_status code=0 index=4294967295 contacts=0 iterations=12 contact_accel=[0,0,0,622.855042] factor_assist=[0.0102696475,9.85555363,0,0]
Context leak detected, CoreAnalytics returned false
mrnx_matter_status code=0 object=4294967295 index=4294967295 fgmres=10 contacts=0 diagnostics=[0.999999642,0,0,0]
mrnx_human_status code=0 index=4294967295 contacts=0 iterations=12 contact_accel=[0,0,0,446.718292] factor_assist=[0.0102696475,9.85555363,0,0]
GateB risk-diagnostics body=none:value=0.0 joint=none:value=0.0 drives=row=0:feature=0:value=0.0009995699
GateB motor-command excitationMax=0.0 riskMin=0.0 riskMax=0.0 controlMode=2 controlFlags=0x1 inhibitionKind=7 inhibitionFlags=0x0 inhibitionPriority=0.0 predictedInformation=3.823573 unsupportedUncertainty=1.0 activeVisionCommand=0.0 activeVisionConfidence=0.0
GateB physical-token words=3de3821a65ee1e8a,763155e92e9b5a18,adfdde0aeed00fb1,00000000000000c8,0000000000000001,0000000000000000,0000000000000000,cbaf2fa0b7d51d62
GateB physical-proprio-validity=1023,1023,1023,1023,1023,1023,1023,1023
GateB risk-diagnostics body=none:value=0.0 joint=row=53:feature=31:value=0.4292014 drives=row=6:feature=0:value=0.061099842
GateB motor-command excitationMax=0.20283616 riskMin=0.79716384 riskMax=0.79716384 controlMode=2 controlFlags=0x1 inhibitionKind=7 inhibitionFlags=0x0 inhibitionPriority=0.0 predictedInformation=8.9245514e-05 unsupportedUncertainty=2.0688603e-05 activeVisionCommand=0.0 activeVisionConfidence=0.0
GateB physical-token words=393e3e637e71b868,3e9a0e72c1fb3ce7,ea8ccd4bfb394bab,000000000000012c,0000000000000002,0000000000000000,0000000000000000,7a6d5419a4bc53d9
GateB physical-proprio-validity=1023,1023,1023,1023,1023,1023,1023,1023
GateB risk-diagnostics body=none:value=0.0 joint=row=53:feature=31:value=0.4285711 drives=row=6:feature=0:value=0.06109972
GateB motor-command excitationMax=0.20328349 riskMin=0.7967165 riskMax=0.7967165 controlMode=2 controlFlags=0x1 inhibitionKind=7 inhibitionFlags=0x0 inhibitionPriority=0.0 predictedInformation=8.9245514e-05 unsupportedUncertainty=2.0688603e-05 activeVisionCommand=0.0 activeVisionConfidence=0.0
GateB physical-token words=b985d7e2bb6898a4,af962e63c5ccf295,7750dfb684143bb4,0000000000000190,0000000000000003,0000000000000000,0000000000000000,0faf069258e99971
GateB physical-proprio-validity=1023,1023,1023,1023,1023,1023,1023,1023
GateB risk-diagnostics body=none:value=0.0 joint=row=53:feature=31:value=0.42794183 drives=row=6:feature=0:value=0.061099596
GateB motor-command excitationMax=0.20373058 riskMin=0.7962694 riskMax=0.7962694 controlMode=2 controlFlags=0x1 inhibitionKind=7 inhibitionFlags=0x0 inhibitionPriority=0.0 predictedInformation=8.9245514e-05 unsupportedUncertainty=2.0688603e-05 activeVisionCommand=0.0 activeVisionConfidence=0.0
GateB physical-token words=640b1ba6bc6e214d,33d3f4aa83ea1d47,11af055322eaf26b,00000000000001f4,0000000000000004,0000000000000000,0000000000000000,fdcea94bc7e38e79
GateB physical-proprio-validity=1023,1023,1023,1023,1023,1023,1023,1023
GateB risk-diagnostics body=none:value=0.0 joint=row=53:feature=31:value=0.4273136 drives=row=6:feature=0:value=0.061099473
GateB motor-command excitationMax=0.2041775 riskMin=0.7958225 riskMax=0.7958225 controlMode=2 controlFlags=0x1 inhibitionKind=7 inhibitionFlags=0x0 inhibitionPriority=0.0 predictedInformation=8.9245514e-05 unsupportedUncertainty=2.0688603e-05 activeVisionCommand=0.0 activeVisionConfidence=0.0
GateB physical-token words=5248bfb0fc345c1b,78f7b25c0ee78744,cf15f661491e4f47,0000000000000258,0000000000000005,0000000000000000,0000000000000000,f6bc7c6af421de52
GateB physical-proprio-validity=1023,1023,1023,1023,1023,1023,1023,1023
GateB risk-diagnostics body=none:value=0.0 joint=row=53:feature=31:value=0.42668635 drives=row=6:feature=0:value=0.06109935
GateB motor-command excitationMax=0.20462418 riskMin=0.7953758 riskMax=0.7953758 controlMode=2 controlFlags=0x1 inhibitionKind=7 inhibitionFlags=0x0 inhibitionPriority=0.0 predictedInformation=8.9245514e-05 unsupportedUncertainty=2.0688603e-05 activeVisionCommand=0.0 activeVisionConfidence=0.0
GateB physical-token words=68746af2edb341bf,3acdc5cdf82b1d3f,f88f6b214f42c364,00000000000002bc,0000000000000006,0000000000000000,0000000000000000,6a4d1e1acae6805b
GateB physical-proprio-validity=1023,1023,1023,1023,1023,1023,1023,1023
GateB risk-diagnostics body=none:value=0.0 joint=row=53:feature=31:value=0.42606008 drives=row=6:feature=0:value=0.061099228
GateB motor-command excitationMax=0.20507073 riskMin=0.79492927 riskMax=0.79492927 controlMode=2 controlFlags=0x1 inhibitionKind=7 inhibitionFlags=0x0 inhibitionPriority=0.0 predictedInformation=8.9245514e-05 unsupportedUncertainty=2.0688603e-05 activeVisionCommand=0.0 activeVisionConfidence=0.0
GateB physical-token words=1e57aa8e8bf15dcf,8c363f12df052a33,88874e397f2a2ccb,0000000000000320,0000000000000007,0000000000000000,0000000000000000,ae81c19b74ec341b
GateB physical-proprio-validity=1023,1023,1023,1023,1023,1023,1023,1023
GateB risk-diagnostics body=none:value=0.0 joint=row=53:feature=31:value=0.42543492 drives=row=6:feature=0:value=0.061099105
GateB motor-command excitationMax=0.20551705 riskMin=0.79448295 riskMax=0.79448295 controlMode=2 controlFlags=0x1 inhibitionKind=7 inhibitionFlags=0x0 inhibitionPriority=0.0 predictedInformation=8.9245514e-05 unsupportedUncertainty=2.0688603e-05 activeVisionCommand=0.0 activeVisionConfidence=0.0
GateB physical-token words=2a51b7ce785a37f1,28441347f0e7be41,2575e812b060d396,0000000000000384,0000000000000008,0000000000000000,0000000000000000,898021fb5a07abde
GateB physical-proprio-validity=1023,1023,1023,1023,1023,1023,1023,1023
GateB risk-diagnostics body=none:value=0.0 joint=row=53:feature=31:value=0.4248107 drives=row=6:feature=0:value=0.06109898
GateB motor-command excitationMax=0.20596313 riskMin=0.79403687 riskMax=0.79403687 controlMode=2 controlFlags=0x1 inhibitionKind=7 inhibitionFlags=0x0 inhibitionPriority=0.0 predictedInformation=8.9245514e-05 unsupportedUncertainty=2.0688603e-05 activeVisionCommand=0.0 activeVisionConfidence=0.0
GateB physical-token words=ddce4fe98afa9a12,4f9f29bf1d101544,6a4600a395ef500c,00000000000003e8,0000000000000009,0000000000000000,0000000000000000,084a188d2320e1c0
GateB physical-proprio-validity=1023,1023,1023,1023,1023,1023,1023,1023
GateB risk-diagnostics body=none:value=0.0 joint=row=53:feature=31:value=0.42418757 drives=row=6:feature=0:value=0.06109886
GateB motor-command excitationMax=0.20640898 riskMin=0.793591 riskMax=0.793591 controlMode=2 controlFlags=0x1 inhibitionKind=7 inhibitionFlags=0x0 inhibitionPriority=0.0 predictedInformation=8.9245514e-05 unsupportedUncertainty=2.0688603e-05 activeVisionCommand=0.0 activeVisionConfidence=0.0
GateB physical-token words=61822215ce9d1c16,07989ac6d696b7e5,09ac8658f272b905,000000000000044c,000000000000000a,0000000000000000,0000000000000000,f8a5ada0cca43fff
GateB physical-proprio-validity=1023,1023,1023,1023,1023,1023,1023,1023
GateB risk-diagnostics body=none:value=0.0 joint=row=53:feature=31:value=0.42356536 drives=row=6:feature=0:value=0.061098736
GateB motor-command excitationMax=0.2068547 riskMin=0.7931453 riskMax=0.7931453 controlMode=2 controlFlags=0x1 inhibitionKind=7 inhibitionFlags=0x0 inhibitionPriority=0.0 predictedInformation=8.9245514e-05 unsupportedUncertainty=2.0688603e-05 activeVisionCommand=0.0 activeVisionConfidence=0.0
GateB physical-token words=6562353ded4925dc,a869271003c82767,1e2ab18c8050fcd8,00000000000004b0,000000000000000b,0000000000000000,0000000000000000,137686d710c16c71
GateB physical-proprio-validity=1023,1023,1023,1023,1023,1023,1023,1023
GateB risk-diagnostics body=none:value=0.0 joint=row=53:feature=31:value=0.42294422 drives=row=6:feature=0:value=0.061098613
GateB motor-command excitationMax=0.20730019 riskMin=0.7926998 riskMax=0.7926998 controlMode=2 controlFlags=0x1 inhibitionKind=7 inhibitionFlags=0x0 inhibitionPriority=0.0 predictedInformation=8.9245514e-05 unsupportedUncertainty=2.0688603e-05 activeVisionCommand=0.0 activeVisionConfidence=0.0
GateB physical-token words=00259a920b7dd4c2,b8cdcd1d0c802cdf,d899e57040f229d6,0000000000000514,000000000000000c,0000000000000000,0000000000000000,6f440c7873c7dff1
GateB physical-proprio-validity=1023,1023,1023,1023,1023,1023,1023,1023
GateB risk-diagnostics body=none:value=0.0 joint=row=53:feature=31:value=0.42232406 drives=row=6:feature=0:value=0.06109849
GateB motor-command excitationMax=0.20774555 riskMin=0.79225445 riskMax=0.79225445 controlMode=2 controlFlags=0x1 inhibitionKind=7 inhibitionFlags=0x0 inhibitionPriority=0.0 predictedInformation=8.9245514e-05 unsupportedUncertainty=2.0688603e-05 activeVisionCommand=0.0 activeVisionConfidence=0.0
GateB physical-token words=6742e6e10b7e1606,1f21eef24919e5fa,619b5483a281598c,0000000000000578,000000000000000d,0000000000000000,0000000000000000,209f758f06a9a8e9
GateB physical-proprio-validity=1023,1023,1023,1023,1023,1023,1023,1023
GateB risk-diagnostics body=none:value=0.0 joint=row=53:feature=31:value=0.4217049 drives=row=6:feature=0:value=0.061098367
GateB motor-command excitationMax=0.20819062 riskMin=0.7918094 riskMax=0.7918094 controlMode=2 controlFlags=0x1 inhibitionKind=7 inhibitionFlags=0x0 inhibitionPriority=0.0 predictedInformation=8.9245514e-05 unsupportedUncertainty=2.0688603e-05 activeVisionCommand=0.0 activeVisionConfidence=0.0
GateB physical-token words=184ba6e1fb32db5f,6a6cc3d4b5a7ccde,f0d0872318be2fec,00000000000005dc,000000000000000e,0000000000000000,0000000000000000,5a29309f52e0f4a4
GateB physical-proprio-validity=1023,1023,1023,1023,1023,1023,1023,1023
GateB risk-diagnostics body=none:value=0.0 joint=row=53:feature=31:value=0.42108676 drives=row=6:feature=0:value=0.061098244
GateB motor-command excitationMax=0.20863551 riskMin=0.7913645 riskMax=0.7913645 controlMode=2 controlFlags=0x1 inhibitionKind=7 inhibitionFlags=0x0 inhibitionPriority=0.0 predictedInformation=8.9245514e-05 unsupportedUncertainty=2.0688603e-05 activeVisionCommand=0.0 activeVisionConfidence=0.0
GateB physical-token words=7135754be4ff0471,da810a8d108fd9a4,62fd766176b28fe2,0000000000000640,000000000000000f,0000000000000000,0000000000000000,d5f5994839ae11a6
GateB physical-proprio-validity=1023,1023,1023,1023,1023,1023,1023,1023
GateB risk-diagnostics body=none:value=0.0 joint=row=53:feature=31:value=0.42046958 drives=row=6:feature=0:value=0.06109812
GateB motor-command excitationMax=0.20908022 riskMin=0.7909198 riskMax=0.7909198 controlMode=2 controlFlags=0x1 inhibitionKind=7 inhibitionFlags=0x0 inhibitionPriority=0.0 predictedInformation=8.9245514e-05 unsupportedUncertainty=2.0688603e-05 activeVisionCommand=0.0 activeVisionConfidence=0.0
GateB physical-token words=f97dddfc617f5289,aeff86b14034a9c5,68dac0b72ecf8f3f,00000000000006a4,0000000000000010,0000000000000000,0000000000000000,9f53754deaa65682
GateB physical-proprio-validity=1023,1023,1023,1023,1023,1023,1023,1023
GateB risk-diagnostics body=none:value=0.0 joint=row=53:feature=31:value=0.41985342 drives=row=6:feature=0:value=0.061098
GateB motor-command excitationMax=0.20952475 riskMin=0.79047525 riskMax=0.79047525 controlMode=2 controlFlags=0x1 inhibitionKind=7 inhibitionFlags=0x0 inhibitionPriority=0.0 predictedInformation=8.9245514e-05 unsupportedUncertainty=2.0688603e-05 activeVisionCommand=0.0 activeVisionConfidence=0.0
GateB physical-token words=d70c70b681edf541,99b9d8f54b2b38c1,504fee3779d0a66e,0000000000000708,0000000000000011,0000000000000000,0000000000000000,9ffce8c777164092
GateB physical-proprio-validity=1023,1023,1023,1023,1023,1023,1023,1023
GateB risk-diagnostics body=none:value=0.0 joint=row=53:feature=31:value=0.41923824 drives=row=6:feature=0:value=0.061097875
GateB motor-command excitationMax=0.20996904 riskMin=0.79003096 riskMax=0.79003096 controlMode=2 controlFlags=0x1 inhibitionKind=7 inhibitionFlags=0x0 inhibitionPriority=0.0 predictedInformation=8.9245514e-05 unsupportedUncertainty=2.0688603e-05 activeVisionCommand=0.0 activeVisionConfidence=0.0
GateB physical-token words=faa35550ca014703,4f8329035c47e8fc,c8b679386c0d8721,000000000000076c,0000000000000012,0000000000000000,0000000000000000,2269530fd53daf39
GateB physical-proprio-validity=1023,1023,1023,1023,1023,1023,1023,1023
GateB risk-diagnostics body=none:value=0.0 joint=row=53:feature=31:value=0.41862407 drives=row=6:feature=0:value=0.061097752
GateB motor-command excitationMax=0.2104131 riskMin=0.7895869 riskMax=0.7895869 controlMode=2 controlFlags=0x1 inhibitionKind=7 inhibitionFlags=0x0 inhibitionPriority=0.0 predictedInformation=8.9245514e-05 unsupportedUncertainty=2.0688603e-05 activeVisionCommand=0.0 activeVisionConfidence=0.0
GateB physical-token words=8affdbcd127699b4,f0eae1cf4e622367,e3f760fa767087b8,00000000000007d0,0000000000000013,0000000000000000,0000000000000000,26e120e36633d20b
GateB physical-proprio-validity=1023,1023,1023,1023,1023,1023,1023,1023
GateB risk-diagnostics body=none:value=0.0 joint=row=53:feature=31:value=0.41801092 drives=row=6:feature=0:value=0.06109763
GateB motor-command excitationMax=0.21085703 riskMin=0.78914297 riskMax=0.78914297 controlMode=2 controlFlags=0x1 inhibitionKind=7 inhibitionFlags=0x0 inhibitionPriority=0.0 predictedInformation=8.9245514e-05 unsupportedUncertainty=2.0688603e-05 activeVisionCommand=0.0 activeVisionConfidence=0.0
GateB physical-token words=826507f789a87aac,016eae11499c64de,11643b6aa9b5c9d6,0000000000000834,0000000000000014,0000000000000000,0000000000000000,3f959bb5d12df5bc
GateB physical-proprio-validity=1023,1023,1023,1023,1023,1023,1023,1023
GateB risk-diagnostics body=none:value=0.0 joint=row=53:feature=31:value=0.41739872 drives=row=6:feature=0:value=0.061097506
GateB motor-command excitationMax=0.21130073 riskMin=0.78869927 riskMax=0.78869927 controlMode=2 controlFlags=0x1 inhibitionKind=7 inhibitionFlags=0x0 inhibitionPriority=0.0 predictedInformation=8.9245514e-05 unsupportedUncertainty=2.0688603e-05 activeVisionCommand=0.0 activeVisionConfidence=0.0
GateB physical-token words=aa84a9c7b559cbfe,2ded0234340fabfa,1b72a0abfd3d11bc,0000000000000898,0000000000000015,0000000000000000,0000000000000000,05a3434048bd9497
GateB physical-proprio-validity=1023,1023,1023,1023,1023,1023,1023,1023
GateB risk-diagnostics body=none:value=0.0 joint=row=53:feature=31:value=0.4167875 drives=row=6:feature=0:value=0.061097383
GateB motor-command excitationMax=0.21174419 riskMin=0.7882558 riskMax=0.7882558 controlMode=2 controlFlags=0x1 inhibitionKind=7 inhibitionFlags=0x0 inhibitionPriority=0.0 predictedInformation=8.9245514e-05 unsupportedUncertainty=2.0688603e-05 activeVisionCommand=0.0 activeVisionConfidence=0.0
GateB physical-token words=79a8a0a9d52b0247,e7673439e759a0a8,7a366d5e6743c87b,00000000000008fc,0000000000000016,0000000000000000,0000000000000000,3a19457d3df417b2
GateB physical-proprio-validity=1023,1023,1023,1023,1023,1023,1023,1023
GateB risk-diagnostics body=none:value=0.0 joint=row=53:feature=31:value=0.4161773 drives=row=6:feature=0:value=0.06109726
GateB motor-command excitationMax=0.21218753 riskMin=0.7878125 riskMax=0.7878125 controlMode=2 controlFlags=0x1 inhibitionKind=7 inhibitionFlags=0x0 inhibitionPriority=0.0 predictedInformation=8.9245514e-05 unsupportedUncertainty=2.0688603e-05 activeVisionCommand=0.0 activeVisionConfidence=0.0
GateB physical-token words=88061c5c0b35599f,835cb0c69c83d364,41e4ac93d4eec18f,0000000000000960,0000000000000017,0000000000000000,0000000000000000,d62283001c6f38b1
GateB physical-proprio-validity=1023,1023,1023,1023,1023,1023,1023,1023
GateB risk-diagnostics body=none:value=0.0 joint=row=53:feature=31:value=0.41556808 drives=row=6:feature=0:value=0.061097138
GateB motor-command excitationMax=0.21263063 riskMin=0.7873694 riskMax=0.7873694 controlMode=2 controlFlags=0x1 inhibitionKind=7 inhibitionFlags=0x0 inhibitionPriority=0.0 predictedInformation=8.9245514e-05 unsupportedUncertainty=2.0688603e-05 activeVisionCommand=0.0 activeVisionConfidence=0.0
GateB physical-token words=126328faefe7d351,e09e9d142d030a2e,0843581024732461,00000000000009c4,0000000000000018,0000000000000000,0000000000000000,4364783310034816
GateB physical-proprio-validity=1023,1023,1023,1023,1023,1023,1023,1023
GateB risk-diagnostics body=none:value=0.0 joint=row=53:feature=31:value=0.41495985 drives=row=6:feature=0:value=0.061097015
GateB motor-command excitationMax=0.21307349 riskMin=0.7869265 riskMax=0.7869265 controlMode=2 controlFlags=0x1 inhibitionKind=7 inhibitionFlags=0x0 inhibitionPriority=0.0 predictedInformation=8.9245514e-05 unsupportedUncertainty=2.0688603e-05 activeVisionCommand=0.0 activeVisionConfidence=0.0
GateB physical-token words=b64d09fbe28a6c1f,2b1bb4208ba72bd8,9b99fedf317e395c,0000000000000a28,0000000000000019,0000000000000000,0000000000000000,4295a712e25c17cd
GateB physical-proprio-validity=1023,1023,1023,1023,1023,1023,1023,1023
GateB risk-diagnostics body=none:value=0.0 joint=row=53:feature=31:mrnx_matter_status code=0 object=4294967295 index=4294967295 fgmres=10 contacts=0 diagnostics=[0.999999642,0,0,0]
mrnx_human_status code=0 index=4294967295 contacts=0 iterations=12 contact_accel=[0,0,0,408.269104] factor_assist=[0.0102696475,9.85555363,0,0]
mrnx_matter_status code=0 object=4294967295 index=4294967295 fgmres=10 contacts=0 diagnostics=[0.999998391,0,0,0]
mrnx_human_status code=0 index=4294967295 contacts=0 iterations=12 contact_accel=[0,0,0,159.248444] factor_assist=[0.0102696475,9.85555363,0,0]
Context leak detected, CoreAnalytics returned false
mrnx_matter_status code=0 object=4294967295 index=4294967295 fgmres=10 contacts=0 diagnostics=[0.999998391,0,0,0]
mrnx_human_status code=0 index=4294967295 contacts=0 iterations=12 contact_accel=[0,0,0,171.190842] factor_assist=[0.0102696475,9.85555363,0,0]
mrnx_matter_status code=0 object=4294967295 index=4294967295 fgmres=10 contacts=0 diagnostics=[0.999998391,0,0,0]
mrnx_human_status code=0 index=4294967295 contacts=0 iterations=12 contact_accel=[0,0,0,189.468369] factor_assist=[0.0102696475,9.85555363,0,0]
Context leak detected, CoreAnalytics returned false
mrnx_matter_status code=0 object=4294967295 index=4294967295 fgmres=10 contacts=0 diagnostics=[0.999998629,0,0,0]
mrnx_human_status code=0 index=4294967295 contacts=0 iterations=12 contact_accel=[0,0,0,147.453735] factor_assist=[0.0102696475,9.85555363,0,0]
mrnx_matter_status code=0 object=4294967295 index=4294967295 fgmres=10 contacts=0 diagnostics=[0.999999642,0,0,0]
mrnx_human_status code=0 index=4294967295 contacts=0 iterations=12 contact_accel=[0,0,0,607.910767] factor_assist=[0.0102696475,9.85555363,0,0]
mrnx_matter_status code=0 object=4294967295 index=4294967295 fgmres=6 contacts=0 diagnostics=[0.999998391,0,0,0]
mrnx_human_status code=0 index=4294967295 contacts=0 iterations=12 contact_accel=[0,0,0,399.840393] factor_assist=[0.0102696475,9.85555363,0,0]
Context leak detected, CoreAnalytics returned false
mrnx_matter_status code=0 object=4294967295 index=4294967295 fgmres=10 contacts=0 diagnostics=[0.999998391,0,0,0]
mrnx_human_status code=0 index=4294967295 contacts=0 iterations=12 contact_accel=[0,0,0,282.016724] factor_assist=[0.0102696475,9.85555363,0,0]
mrnx_matter_status code=0 object=4294967295 index=4294967295 fgmres=8 contacts=0 diagnostics=[0.999999881,0,0,0]
mrnx_human_status code=0 index=4294967295 contacts=0 iterations=12 contact_accel=[0,0,0,179.193314] factor_assist=[0.0102696475,9.85555363,0,0]
Context leak detected, CoreAnalytics returned false
mrnx_matter_status code=0 object=4294967295 index=4294967295 fgmres=10 contacts=0 diagnostics=[0.999999642,0,0,0]
mrnx_human_status code=0 index=4294967295 contacts=0 iterations=12 contact_accel=[0,0,0,144.307281] factor_assist=[0.0102696475,9.85555363,0,0]
mrnx_matter_status code=0 object=4294967295 index=4294967295 fgmres=10 contacts=0 diagnostics=[0.999998391,0,0,0]
mrnx_human_status code=0 index=4294967295 contacts=0 iterations=12 contact_accel=[0,0,0,162.741989] factor_assist=[0.0102696475,9.85555363,0,0]
mrnx_matter_status code=0 object=4294967295 index=4294967295 fgmres=10 contacts=0 diagnostics=[0.999998629,0,0,0]
mrnx_human_status code=0 index=4294967295 contacts=0 iterations=12 contact_accel=[0,0,0,128.91095] factor_assist=[0.0102696475,9.85555363,0,0]
Context leak detected, CoreAnalytics returned false
mrnx_matter_status code=0 object=4294967295 index=4294967295 fgmres=10 contacts=0 diagnostics=[0.999998629,0,0,0]
mrnx_human_status code=0 index=4294967295 contacts=0 iterations=12 contact_accel=[0,0,0,91.9620819] factor_assist=[0.0102696475,9.85555363,0,0]
mrnx_matter_status code=0 object=4294967295 index=4294967295 fgmres=10 contacts=0 diagnostics=[0.999999881,0,0,0]
mrnx_human_status code=0 index=4294967295 contacts=0 iterations=12 contact_accel=[0,0,0,137.763763] factor_assist=[0.0102696475,9.85555363,0,0]
Context leak detected, CoreAnalytics returned false
mrnx_matter_status code=0 object=4294967295 index=4294967295 fgmres=10 contacts=0 diagnostics=[0.999998391,0,0,0]
mrnx_human_status code=0 index=4294967295 contacts=0 iterations=12 contact_accel=[0,0,0,153.509277] factor_assist=[0.0102696475,9.85555363,0,0]
mrnx_matter_status code=0 object=4294967295 index=4294967295 fgmres=10 contacts=0 diagnostics=[0.999999881,0,0,0]
mrnx_human_status code=0 index=4294967295 contacts=0 iterations=12 contact_accel=[0,0,0,147.126541] factor_assist=[0.0102696475,9.85555363,0,0]
mrnx_matter_status code=0 object=4294967295 index=4294967295 fgmres=10 contacts=0 diagnostics=[0.999998391,0,0,0]
mrnx_human_status code=0 index=4294967295 contacts=0 iterations=12 contact_accel=[0,0,0,204.873535] factor_assist=[0.0102696475,9.85555363,0,0]
Context leak detected, CoreAnalytics returned false
mrnx_matter_status code=0 object=4294967295 index=4294967295 fgmres=10 contacts=0 diagnostics=[0.999998629,0,0,0]
mrnx_human_status code=0 index=4294967295 contacts=0 iterations=12 contact_accel=[0,0,0,491.032898] factor_assist=[0.0102696475,9.85555363,0,0]
mrnx_matter_status code=0 object=4294967295 index=4294967295 fgmres=10 contacts=0 diagnostics=[0.999998629,0,0,0]
mrnx_human_status code=0 index=4294967295 contacts=0 iterations=12 contact_accel=[0,0,0,408.77243] factor_assist=[0.0102696475,9.85555363,0,0]
Context leak detected, CoreAnalytics returned false
mrnx_matter_status code=0 object=4294967295 index=4294967295 fgmres=10 contacts=0 diagnostics=[0.999998629,0,0,0]
mrnx_human_status code=0 index=4294967295 contacts=0 iterations=12 contact_accel=[0,0,0,273.444977] factor_assist=[0.0102696475,9.85555363,0,0]
mrnx_matter_status code=0 object=4294967295 index=4294967295 fgmres=9 contacts=0 diagnostics=[0.999999642,0,0,0]
mrnx_human_status code=0 index=4294967295 contacts=0 iterations=12 contact_accel=[0,0,0,204.018829] factor_assist=[0.0102696475,9.85555363,0,0]
mrnx_matter_status code=0 object=4294967295 index=4294967295 fgmres=10 contacts=0 diagnostics=[0.999998629,0,0,0]
mrnx_human_status code=0 index=4294967295 contacts=0 iterations=12 contact_accel=[0,0,0,608.587463] factor_assist=[0.0102696475,9.85555363,0,0]
Context leak detected, CoreAnalytics returned false
mrnx_matter_status code=0 object=4294967295 index=4294967295 fgmres=5 contacts=0 diagnostics=[0.999999881,0,0,0]
mrnx_human_status code=0 index=4294967295 contacts=0 iterations=12 contact_accel=[0,0,0,488.636993] factor_assist=[0.0102696475,9.85555363,0,0]
mrnx_matter_status code=0 object=4294967295 index=4294967295 fgmres=10 contacts=0 diagnostics=[0.999999642,0,0,0]
mrnx_human_status code=0 index=4294967295 contacts=0 iterations=12 contact_accel=[0,0,0,388.055847] factor_assist=[0.0102696475,9.85555363,0,0]
Context leak detected, CoreAnalytics returned false
mrnx_matter_status code=0 object=4294967295 index=4294967295 fgmres=10 contacts=0 diagnostics=[0.999998391,0,0,0]
mrnx_human_status code=0 index=4294967295 contacts=0 iterations=12 contact_accel=[0,0,0,278.717194] factor_assist=[0.0102696475,9.85555363,0,0]
value=0.41435257 drives=row=6:feature=0:value=0.06109689
GateB motor-command excitationMax=0.21351612 riskMin=0.7864839 riskMax=0.7864839 controlMode=2 controlFlags=0x1 inhibitionKind=7 inhibitionFlags=0x0 inhibitionPriority=0.0 predictedInformation=8.9245514e-05 unsupportedUncertainty=2.0688603e-05 activeVisionCommand=0.0 activeVisionConfidence=0.0
GateB physical-token words=6fcbf31ea699e363,db5d4c092f4910cb,fed72899ff72ae4b,0000000000000a8c,000000000000001a,0000000000000000,0000000000000000,b32804ddbace6698
GateB physical-proprio-validity=1023,1023,1023,1023,1023,1023,1023,1023
GateB risk-diagnostics body=none:value=0.0 joint=row=53:feature=31:value=0.4137463 drives=row=6:feature=0:value=0.06109677
GateB motor-command excitationMax=0.21395862 riskMin=0.7860414 riskMax=0.7860414 controlMode=2 controlFlags=0x1 inhibitionKind=7 inhibitionFlags=0x0 inhibitionPriority=0.0 predictedInformation=8.9245514e-05 unsupportedUncertainty=2.0688603e-05 activeVisionCommand=0.0 activeVisionConfidence=0.0
GateB physical-token words=7f5c2232a17a626c,8f854bf68dda4e2b,514ab47cc3e2771d,0000000000000af0,000000000000001b,0000000000000000,0000000000000000,3193416960e61aae
GateB physical-proprio-validity=1023,1023,1023,1023,1023,1023,1023,1023
GateB risk-diagnostics body=none:value=0.0 joint=row=53:feature=31:value=0.413141 drives=row=6:feature=0:value=0.061096646
GateB motor-command excitationMax=0.21440089 riskMin=0.7855991 riskMax=0.7855991 controlMode=2 controlFlags=0x1 inhibitionKind=7 inhibitionFlags=0x0 inhibitionPriority=0.0 predictedInformation=8.9245514e-05 unsupportedUncertainty=2.0688603e-05 activeVisionCommand=0.0 activeVisionConfidence=0.0
GateB physical-token words=d0c57dd70ce16f0a,91ddb4b8c0d59987,c41dc90ec025de1a,0000000000000b54,000000000000001c,0000000000000000,0000000000000000,e5f81f9c96ffc1d0
GateB physical-proprio-validity=1023,1023,1023,1023,1023,1023,1023,1023
GateB risk-diagnostics body=none:value=0.0 joint=row=53:feature=31:value=0.41253668 drives=row=6:feature=0:value=0.061096523
GateB motor-command excitationMax=0.21484298 riskMin=0.785157 riskMax=0.785157 controlMode=2 controlFlags=0x1 inhibitionKind=7 inhibitionFlags=0x0 inhibitionPriority=0.0 predictedInformation=8.9245514e-05 unsupportedUncertainty=2.0688603e-05 activeVisionCommand=0.0 activeVisionConfidence=0.0
GateB physical-token words=04b393c554ebc176,5b07a85fcbadbc54,ad4b37515d622f08,0000000000000bb8,000000000000001d,0000000000000000,0000000000000000,d402f25a619b0dcc
GateB physical-proprio-validity=1023,1023,1023,1023,1023,1023,1023,1023
GateB risk-diagnostics body=none:value=0.0 joint=row=53:feature=31:value=0.41193336 drives=row=6:feature=0:value=0.0610964
GateB motor-command excitationMax=0.21528482 riskMin=0.7847152 riskMax=0.7847152 controlMode=2 controlFlags=0x1 inhibitionKind=7 inhibitionFlags=0x0 inhibitionPriority=0.0 predictedInformation=8.9245514e-05 unsupportedUncertainty=2.0688603e-05 activeVisionCommand=0.0 activeVisionConfidence=0.0
GateB physical-token words=56eee56deb2243f2,8058658c44874028,c9c160d42085802d,0000000000000c1c,000000000000001e,0000000000000000,0000000000000000,1fc9355d32e016f6
GateB physical-proprio-validity=1023,1023,1023,1023,1023,1023,1023,1023
GateB risk-diagnostics body=none:value=0.0 joint=row=53:feature=31:value=0.41133097 drives=row=6:feature=0:value=0.061096277
GateB motor-command excitationMax=0.2157265 riskMin=0.7842735 riskMax=0.7842735 controlMode=2 controlFlags=0x1 inhibitionKind=7 inhibitionFlags=0x0 inhibitionPriority=0.0 predictedInformation=8.9245514e-05 unsupportedUncertainty=2.0688603e-05 activeVisionCommand=0.0 activeVisionConfidence=0.0
GateB physical-token words=f297dfbac5b25a10,9b498646afa659bc,65a2d87b275e5a24,0000000000000c80,000000000000001f,0000000000000000,0000000000000000,27ba7fe4a44ebc09
GateB physical-proprio-validity=1023,1023,1023,1023,1023,1023,1023,1023
GateB risk-diagnostics body=none:value=0.0 joint=row=53:feature=31:value=0.41072956 drives=row=6:feature=0:value=0.061096154
GateB motor-command excitationMax=0.21616799 riskMin=0.783832 riskMax=0.783832 controlMode=2 controlFlags=0x1 inhibitionKind=7 inhibitionFlags=0x0 inhibitionPriority=0.0 predictedInformation=8.9245514e-05 unsupportedUncertainty=2.0688603e-05 activeVisionCommand=0.0 activeVisionConfidence=0.0
GateB physical-token words=fa5d840b9d31a001,748d1ec339dc5b44,4530633d8297f07b,0000000000000ce4,0000000000000020,0000000000000000,0000000000000000,60eea29699cd9f00
GateB physical-proprio-validity=1023,1023,1023,1023,1023,1023,1023,1023
GateB risk-diagnostics body=none:value=0.0 joint=row=53:feature=31:value=0.41012913 drives=row=6:feature=0:value=0.06109603
GateB motor-command excitationMax=0.21660924 riskMin=0.78339076 riskMax=0.78339076 controlMode=2 controlFlags=0x1 inhibitionKind=7 inhibitionFlags=0x0 inhibitionPriority=0.0 predictedInformation=8.9245514e-05 unsupportedUncertainty=2.0688603e-05 activeVisionCommand=0.0 activeVisionConfidence=0.0
GateB physical-token words=4562c7ce27a38f41,5c5ce21822ad82f6,2f79d70f7767dd01,0000000000000d48,0000000000000021,0000000000000000,0000000000000000,d0252c4c12787a45
GateB physical-proprio-validity=1023,1023,1023,1023,1023,1023,1023,1023
GateB risk-diagnostics body=none:value=0.0 joint=row=53:feature=31:value=0.40952966 drives=row=6:feature=0:value=0.06109591
GateB motor-command excitationMax=0.21705031 riskMin=0.7829497 riskMax=0.7829497 controlMode=2 controlFlags=0x1 inhibitionKind=7 inhibitionFlags=0x0 inhibitionPriority=0.0 predictedInformation=8.9245514e-05 unsupportedUncertainty=2.0688603e-05 activeVisionCommand=0.0 activeVisionConfidence=0.0
GateB physical-token words=9b0a2b9543097eb3,46da9c49280e14d1,a87b8ea694dccd91,0000000000000dac,0000000000000022,0000000000000000,0000000000000000,735e7cc75ab69ce4
GateB physical-proprio-validity=1023,1023,1023,1023,1023,1023,1023,1023
GateB risk-diagnostics body=none:value=0.0 joint=row=53:feature=31:value=0.40893114 drives=row=6:feature=0:value=0.061095785
GateB motor-command excitationMax=0.21749115 riskMin=0.78250885 riskMax=0.78250885 controlMode=2 controlFlags=0x1 inhibitionKind=7 inhibitionFlags=0x0 inhibitionPriority=0.0 predictedInformation=8.9245514e-05 unsupportedUncertainty=2.0688603e-05 activeVisionCommand=0.0 activeVisionConfidence=0.0
GateB physical-token words=c0ff568f77311a95,f7004786d88a7019,aef6b2294bbedcfb,0000000000000e10,0000000000000023,0000000000000000,0000000000000000,ca73f8623e9ff98a
GateB physical-proprio-validity=1023,1023,1023,1023,1023,1023,1023,1023
GateB risk-diagnostics body=none:value=0.0 joint=row=53:feature=31:value=0.4083336 drives=row=6:feature=0:value=0.061095662
GateB motor-command excitationMax=0.2179318 riskMin=0.7820682 riskMax=0.7820682 controlMode=2 controlFlags=0x1 inhibitionKind=7 inhibitionFlags=0x0 inhibitionPriority=0.0 predictedInformation=8.9245514e-05 unsupportedUncertainty=2.0688603e-05 activeVisionCommand=0.0 activeVisionConfidence=0.0
GateB physical-token words=9ed8d337a1a7e1ad,b888530e65a64a5d,59c6dc314090bb50,0000000000000e74,0000000000000024,0000000000000000,0000000000000000,96739e753f597954
GateB physical-proprio-validity=1023,1023,1023,1023,1023,1023,1023,1023
GateB risk-diagnostics body=none:value=0.0 joint=row=53:feature=31:value=0.40773705 drives=row=6:feature=0:value=0.06109554
GateB motor-command excitationMax=0.21837223 riskMin=0.7816278 riskMax=0.7816278 controlMode=2 controlFlags=0x1 inhibitionKind=7 inhibitionFlags=0x0 inhibitionPriority=0.0 predictedInformation=8.9245514e-05 unsupportedUncertainty=2.0688603e-05 activeVisionCommand=0.0 activeVisionConfidence=0.0
GateB physical-token words=bb385c44d918598e,bbc8a4d1b9db2b76,7fcd4a7209c993b7,0000000000000ed8,0000000000000025,0000000000000000,0000000000000000,f1118b8833e4424f
GateB physical-proprio-validity=1023,1023,1023,1023,1023,1023,1023,1023
GateB risk-diagnostics body=none:value=0.0 joint=row=53:feature=31:value=0.40714142 drives=row=6:feature=0:value=0.061095417
GateB motor-command excitationMax=0.21881247 riskMin=0.78118753 riskMax=0.78118753 controlMode=2 controlFlags=0x1 inhibitionKind=7 inhibitionFlags=0x0 inhibitionPriority=0.0 predictedInformation=8.9245514e-05 unsupportedUncertainty=2.0688603e-05 activeVisionCommand=0.0 activeVisionConfidence=0.0
GateB physical-token words=5ccf0969ff86b5d4,33968dbb53dafe15,3b69cc0effc66b37,0000000000000f3c,0000000000000026,0000000000000000,0000000000000000,2b8161a513d7b1c2
GateB physical-proprio-validity=1023,1023,1023,1023,1023,1023,1023,1023
GateB risk-diagnostics body=none:value=0.0 joint=row=53:feature=31:value=0.40654677 drives=row=6:feature=0:value=0.061095294
GateB motor-command excitationMax=0.21925253 riskMin=0.7807475 riskMax=0.7807475 controlMode=2 controlFlags=0x1 inhibitionKind=7 inhibitionFlags=0x0 inhibitionPriority=0.0 predictedInformation=8.9245514e-05 unsupportedUncertainty=2.0688603e-05 activeVisionCommand=0.0 activeVisionConfidence=0.0
GateB physical-token words=25e5dbf49d3ab848,2342838a7b63c037,bda94c7f10e5f501,0000000000000fa0,0000000000000027,0000000000000000,0000000000000000,51edc10d5b2358cf
GateB physical-proprio-validity=1023,1023,1023,1023,1023,1023,1023,1023
GateB risk-diagnostics body=none:value=0.0 joint=row=53:feature=31:value=0.40595305 drives=row=6:feature=0:value=0.06109517
GateB motor-command excitationMax=0.21969241 riskMin=0.7803076 riskMax=0.7803076 controlMode=2 controlFlags=0x1 inhibitionKind=7 inhibitionFlags=0x0 inhibitionPriority=0.0 predictedInformation=8.9245514e-05 unsupportedUncertainty=2.0688603e-05 activeVisionCommand=0.0 activeVisionConfidence=0.0
GateB physical-token words=64aa435f5a387968,554bd346ea807a53,68f31f46884955e1,0000000000001004,0000000000000028,0000000000000000,0000000000000000,5e197dcf2af6afce
GateB physical-proprio-validity=1023,1023,1023,1023,1023,1023,1023,1023
GateB risk-diagnostics body=none:value=0.0 joint=row=53:feature=31:value=0.4053603 drives=row=6:feature=0:value=0.061095048
GateB motor-command excitationMax=0.22013205 riskMin=0.77986795 riskMax=0.77986795 controlMode=2 controlFlags=0x1 inhibitionKind=7 inhibitionFlags=0x0 inhibitionPriority=0.0 predictedInformation=8.9245514e-05 unsupportedUncertainty=2.0688603e-05 activeVisionCommand=0.0 activeVisionConfidence=0.0
GateB physical-token words=ba611d2ad8953042,2146835708981d70,8c947f29eb6bc526,0000000000001068,0000000000000029,0000000000000000,0000000000000000,837fe9d8514dbef3
GateB physical-proprio-validity=1023,1023,1023,1023,1023,1023,1023,1023
GateB risk-diagnostics body=none:value=0.0 joint=row=53:feature=31:value=0.40476853 drives=row=6:feature=0:value=0.061094925
GateB motor-command excitationMax=0.2205714 riskMin=0.7794286 riskMax=0.7794286 controlMode=2 controlFlags=0x1 inhibitionKind=7 inhibitionFlags=0x0 inhibitionPriority=0.0 predictedInformation=8.9245514e-05 unsupportedUncertainty=2.0688603e-05 activeVisionCommand=0.0 activeVisionConfidence=0.0
GateB physical-token words=6318242c6a15231b,fb69ff7b924c85f7,612b393a7ad92896,00000000000010cc,000000000000002a,0000000000000000,0000000000000000,6c45cc507e0eeae2
GateB physical-proprio-validity=1023,1023,1023,1023,1023,1023,1023,1023
GateB risk-diagnostics body=none:value=0.0 joint=row=53:feature=31:value=0.40417767 drives=row=6:feature=0:value=0.061094802
GateB motor-command excitationMax=0.22101068 riskMin=0.7789893 riskMax=0.7789893 controlMode=2 controlFlags=0x1 inhibitionKind=7 inhibitionFlags=0x0 inhibitionPriority=0.0 predictedInformation=8.9245514e-05 unsupportedUncertainty=2.0688603e-05 activeVisionCommand=0.0 activeVisionConfidence=0.0
GateB physical-token words=365f4ba8f30fdd03,0a886b366ce7fae4,1336ea0b2bad83ee,0000000000001130,000000000000002b,0000000000000000,0000000000000000,d32499afe1e4bfdf
GateB physical-proprio-validity=1023,1023,1023,1023,1023,1023,1023,1023
GateB risk-diagnostics body=none:value=0.0 joint=row=53:feature=31:value=0.4035878 drives=row=6:feature=0:value=0.06109468
GateB motor-command excitationMax=0.22144973 riskMin=0.77855027 riskMax=0.77855027 controlMode=2 controlFlags=0x1 inhibitionKind=7 inhibitionFlags=0x0 inhibitionPriority=0.0 predictedInformation=8.9245514e-05 unsupportedUncertainty=2.0688603e-05 activeVisionCommand=0.0 activeVisionConfidence=0.0
GateB physical-token words=8a9eb4f0508edbb5,75d147d82b66a35d,c26e1263640dfdf4,0000000000001194,000000000000002c,0000000000000000,0000000000000000,ea5776b51603f3e6
GateB physical-proprio-validity=1023,1023,1023,1023,1023,1023,1023,1023
GateB risk-diagnostics body=none:value=0.0 joint=row=53:feature=31:value=0.40299886 drives=row=6:feature=0:value=0.061094556
GateB motor-command excitationMax=0.22188854 riskMin=0.77811146 riskMax=0.77811146 controlMode=2 controlFlags=0x1 inhibitionKind=7 inhibitionFlags=0x0 inhibitionPriority=0.0 predictedInformation=8.9245514e-05 unsupportedUncertainty=2.0688603e-05 activeVisionCommand=0.0 activeVisionConfidence=0.0
GateB physical-token words=655ddc337e535b96,3ebdd11bac3d4872,4807df0bd7653adb,00000000000011f8,000000000000002d,0000000000000000,0000000000000000,a1450c29ffb33055
GateB physical-proprio-validity=1023,1023,1023,1023,1023,1023,1023,1023
GateB risk-diagnostics body=none:value=0.0 joint=row=53:feature=31:value=0.40241084 drives=row=6:feature=0:value=0.061094433
GateB motor-command excitationMax=0.22232711 riskMin=0.7776729 riskMax=0.7776729 controlMode=2 controlFlags=0x1 inhibitionKind=7 inhibitionFlags=0x0 inhibitionPriority=0.0 predictedInformation=8.9245514e-05 unsupportedUncertainty=2.0688603e-05 activeVisionCommand=0.0 activeVisionConfidence=0.0
GateB physical-token words=96b650c9d2db8c0e,21445fc8364c3c54,37cde69bf9423ff0,000000000000125c,000000000000002e,0000000000000000,0000000000000000,d5b92e69ce19153f
GateB physical-proprio-validity=1023,1023,1023,1023,1023,1023,1023,1023
GateB risk-diagnostics body=none:value=0.0 joint=row=53:feature=31:value=0.4018238 drives=row=6:feature=0:value=0.06109431
GateB motor-command excitationMax=0.22276556 riskMin=0.77723444 riskMax=0.77723444 controlMode=2 controlFlags=0x1 inhibitionKind=7 inhibitionFlags=0x0 inhibitionPriority=0.0 predictedInformation=8.9245514e-05 unsupportedUncertainty=2.0688603e-05 activeVisionCommand=0.0 activeVisionConfidence=0.0
GateB physical-token words=9c1a65081546dde0,258bd69fc5c1ee7a,94c115bc3ec99088,00000000000012c0,000000000000002f,0000000000000000,0000000000000000,4f1818a4c2c1c760
GateB physical-proprio-validity=1023,1023,1023,1023,1023,1023,1023,1023
GateB risk-diagnostics body=none:value=0.0 joint=row=53:feature=31:value=0.4012377 drives=row=6:feature=0:value=0.061094187
GateB motor-command excitationMax=0.22320378 riskMin=0.7767962 riskMax=0.7767962 controlMode=2 controlFlags=0x1 inhibitionKind=7 inhibitionFlags=0x0 inhibitionPriority=0.0 predictedInformation=8.9245514e-05 unsupportedUncertainty=2.0688603e-05 activeVisionCommand=0.0 activeVisionConfidence=0.0
GateB physical-token words=634d248fdb62e19e,66d65252959b551d,779d0d369eefb2ee,0000000000001324,0000000000000030,0000000000000000,0000000000000000,ce619c1d9e15e726
GateB physical-proprio-validity=1023,1023,1023,1023,1023,1023,1023,1023
GateB risk-diagnostics body=none:value=0.0 joint=row=53:feature=31:value=0.40065253 drives=row=6:feature=0:value=0.061094064
GateB motor-command excitationMax=0.22364175 riskMin=0.77635825 riskMax=0.77635825 controlMode=2 controlFlags=0x1 inhibitionKind=7 inhibitionFlags=0x0 inhibitionPriority=0.0 predictedInformation=8.9245514e-05 unsupportedUncertainty=2.0688603e-05 activeVisionCommand=0.0 activeVisionConfidence=0.0
GateB physical-token words=91b5b7b718a6a94a,b886e57989f6055a,180c34aa6a389f77,0000000000001388,0000000000000031,0000000000000000,0000000000000000,2856085c0f4133d1
GateB physical-proprio-validity=1023,1023,1023,1023,1023,1023,1023,1023
GateB risk-diagnostics body=none:value=0.0 joint=row=53:feature=31:value=0.40006828 drives=row=6:feature=0:value=0.06109394
GateB motor-command excitationMax=0.22407949 riskMin=0.7759205 riskMax=0.7759205 controlMode=2 controlFlags=0x1 inhibitionKind=7 inhibitionFlags=0x0 inhibitionPriority=0.0 predictedInformation=8.9245514e-05 unsupportedUncertainty=2.0688603e-05 activeVisionCommand=0.0 activeVisionConfidence=0.0
GateB physical-token words=f84fc9918bb906e3,cc56107eff9a6eff,d7ddd47067b7dfc4,00000000000013ec,0000000000000032,0000000000000000,0000000000000000,0027a7cce5776246
GateB physical-proprio-validity=1023,1023,1023,1023,1023,1023,1023,1023
GateB risk-diagnostics body=none:value=0.0 joint=row=53:feature=31:value=0.39948502 drmrnx_matter_status code=0 object=4294967295 index=4294967295 fgmres=10 contacts=0 diagnostics=[0.999999642,0,0,0]
mrnx_human_status code=0 index=4294967295 contacts=0 iterations=12 contact_accel=[0,0,0,401.805481] factor_assist=[0.0102696475,9.85555363,0,0]
mrnx_matter_status code=0 object=4294967295 index=4294967295 fgmres=10 contacts=0 diagnostics=[0.999999642,0,0,0]
mrnx_human_status code=0 index=4294967295 contacts=0 iterations=12 contact_accel=[0,0,0,315.459686] factor_assist=[0.0102696475,9.85555363,0,0]
Context leak detected, CoreAnalytics returned false
mrnx_matter_status code=0 object=4294967295 index=4294967295 fgmres=10 contacts=0 diagnostics=[0.999998629,0,0,0]
mrnx_human_status code=0 index=4294967295 contacts=0 iterations=12 contact_accel=[0,0,0,125.072105] factor_assist=[0.0102696475,9.85555363,0,0]
mrnx_matter_status code=0 object=4294967295 index=4294967295 fgmres=10 contacts=0 diagnostics=[0.999999881,0,0,0]
mrnx_human_status code=0 index=4294967295 contacts=0 iterations=12 contact_accel=[0,0,0,236.097641] factor_assist=[0.0102696475,9.85555363,0,0]
Context leak detected, CoreAnalytics returned false
mrnx_matter_status code=0 object=4294967295 index=4294967295 fgmres=10 contacts=0 diagnostics=[0.999998391,0,0,0]
mrnx_human_status code=0 index=4294967295 contacts=0 iterations=12 contact_accel=[0,0,0,184.11998] factor_assist=[0.0102696475,9.85555363,0,0]
mrnx_matter_status code=0 object=4294967295 index=4294967295 fgmres=9 contacts=0 diagnostics=[0.999998629,0,0,0]
mrnx_human_status code=0 index=4294967295 contacts=0 iterations=12 contact_accel=[0,0,0,122.137817] factor_assist=[0.0102696475,9.85555363,0,0]
mrnx_matter_status code=0 object=4294967295 index=4294967295 fgmres=10 contacts=0 diagnostics=[0.999998391,0,0,0]
mrnx_human_status code=0 index=4294967295 contacts=0 iterations=12 contact_accel=[0,0,0,98.5535889] factor_assist=[0.0102696475,9.85555363,0,0]
Context leak detected, CoreAnalytics returned false
mrnx_matter_status code=0 object=4294967295 index=4294967295 fgmres=10 contacts=0 diagnostics=[0.999999642,0,0,0]
mrnx_human_status code=0 index=4294967295 contacts=0 iterations=12 contact_accel=[0,0,0,77.7298737] factor_assist=[0.0102696475,9.85555363,0,0]
mrnx_matter_status code=0 object=4294967295 index=4294967295 fgmres=9 contacts=0 diagnostics=[0.999998391,0,0,0]
mrnx_human_status code=0 index=4294967295 contacts=0 iterations=12 contact_accel=[0,0,0,93.6250534] factor_assist=[0.0102696475,9.85555363,0,0]
Context leak detected, CoreAnalytics returned false
mrnx_matter_status code=0 object=4294967295 index=4294967295 fgmres=10 contacts=0 diagnostics=[0.999999881,0,0,0]
mrnx_human_status code=0 index=4294967295 contacts=0 iterations=12 contact_accel=[0,0,0,73.1371155] factor_assist=[0.0102696475,9.85555363,0,0]
mrnx_matter_status code=0 object=4294967295 index=4294967295 fgmres=10 contacts=0 diagnostics=[0.999998629,0,0,0]
mrnx_human_status code=0 index=4294967295 contacts=0 iterations=12 contact_accel=[0,0,0,218.432434] factor_assist=[0.0102696475,9.85555363,0,0]
mrnx_matter_status code=0 object=4294967295 index=4294967295 fgmres=10 contacts=0 diagnostics=[0.999998391,0,0,0]
mrnx_human_status code=0 index=4294967295 contacts=0 iterations=12 contact_accel=[0,0,0,234.856277] factor_assist=[0.0102696475,9.85555363,0,0]
Context leak detected, CoreAnalytics returned false
mrnx_matter_status code=0 object=4294967295 index=4294967295 fgmres=10 contacts=0 diagnostics=[0.999998391,0,0,0]
mrnx_human_status code=0 index=4294967295 contacts=0 iterations=12 contact_accel=[0,0,0,139.167831] factor_assist=[0.0102696475,9.85555363,0,0]
mrnx authored world=5255941730332563749 expected=5255941730332563749 physics=5255941730332563749 env=1 rate=0 flags=265 nv=160 nq=161 attachments=12 proxies=0 dt=9.99999975e-05 expected_dt=9.99999975e-05 gravity=0,0,-9.81000042 human=0,0,-9.81000042
mrnx_matter_status code=0 object=4294967295 index=4294967295 fgmres=10 contacts=0 diagnostics=[0.999998629,0,0,0]
mrnx_human_status code=0 index=4294967295 contacts=0 iterations=12 contact_accel=[0,0,0,152.115417] factor_assist=[0.0102696475,9.85555363,0,0]
Context leak detected, CoreAnalytics returned false
mrnx_matter_status code=0 object=4294967295 index=4294967295 fgmres=10 contacts=0 diagnostics=[0.999999642,0,0,0]
mrnx_human_status code=0 index=4294967295 contacts=0 iterations=12 contact_accel=[0,0,0,365.770874] factor_assist=[0.0102696475,9.85555363,0,0]
mrnx_matter_status code=0 object=4294967295 index=4294967295 fgmres=10 contacts=0 diagnostics=[0.999998629,0,0,0]
mrnx_human_status code=0 index=4294967295 contacts=0 iterations=12 contact_accel=[0,0,0,279.762421] factor_assist=[0.0102696475,9.85555363,0,0]
mrnx_matter_status code=0 object=4294967295 index=4294967295 fgmres=10 contacts=0 diagnostics=[0.999999881,0,0,0]
mrnx_human_status code=0 index=4294967295 contacts=0 iterations=12 contact_accel=[0,0,0,70.3557434] factor_assist=[0.0102696475,9.85555363,0,0]
Context leak detected, CoreAnalytics returned false
mrnx_matter_status code=0 object=4294967295 index=4294967295 fgmres=10 contacts=0 diagnostics=[0.999998629,0,0,0]
mrnx_human_status code=0 index=4294967295 contacts=0 iterations=12 contact_accel=[0,0,0,272.455872] factor_assist=[0.0102696475,9.85555363,0,0]
mrnx_matter_status code=0 object=4294967295 index=4294967295 fgmres=10 contacts=0 diagnostics=[0.999998629,0,0,0]
mrnx_human_status code=0 index=4294967295 contacts=0 iterations=12 contact_accel=[0,0,0,389.077759] factor_assist=[0.0102696475,9.85555363,0,0]
Context leak detected, CoreAnalytics returned false
mrnx_matter_status code=0 object=4294967295 index=4294967295 fgmres=10 contacts=0 diagnostics=[0.999998629,0,0,0]
mrnx_human_status code=0 index=4294967295 contacts=0 iterations=12 contact_accel=[0,0,0,346.024933] factor_assist=[0.0102696475,9.85555363,0,0]
mrnx_matter_status code=0 object=4294967295 index=4294967295 fgmres=10 contacts=0 diagnostics=[0.999998629,0,0,0]
mrnx_human_status code=0 index=4294967295 contacts=0 iterations=12 contact_accel=[0,0,0,75.3662796] factor_assist=[0.0102696475,9.85555363,0,0]
mrnx_matter_status code=0 object=4294967295 index=4294967295 fgmres=10 contacts=0 diagnostics=[0.999999881,0,0,0]
mrnx_human_status code=0 index=4294967295 contacts=0 iterations=12 contact_accel=[0,0,0,100.369171] factor_assist=[0.0102696475,9.85555363,0,0]
Context leak detected, CoreAnalytics returned false
mrnx_matter_status code=0 object=4294967295 index=4294967295 fgmres=10 contacts=0 diagnostics=[0.999999881,0,0,0]
mrnx_human_status code=0 index=4294967295 contacts=0 iterations=12 contact_accel=[0,0,0,129.416962] factor_assist=[0.0102696475,9.85555363,0,0]
mrnx_matter_status code=0 object=4294967295 index=4294967295 fgmres=10 contacts=0 diagnostics=[0.999999881,0,0,0]
mrnx_human_status code=0 index=4294967295 contacts=0 iterations=12 contact_accel=[0,0,0,138.484406] factor_assist=[0.0102696475,9.85555363,0,0]
Context leak detected, CoreAnalytics returned false
mrnx_matter_status code=0 object=4294967295 index=4294967295 fgmres=10 contacts=0 diagnostics=[0.999998391,0,0,0]
mrnx_human_status code=0 index=4294967295 contacts=0 iterations=12 contact_accel=[0,0,0,542.137207] factor_assist=[0.0102696475,9.85555363,0,0]
ives=row=6:feature=0:value=0.06109382
GateB motor-command excitationMax=0.22451717 riskMin=0.77548283 riskMax=0.77548283 controlMode=2 controlFlags=0x1 inhibitionKind=7 inhibitionFlags=0x0 inhibitionPriority=0.0 predictedInformation=8.9245514e-05 unsupportedUncertainty=2.0688603e-05 activeVisionCommand=0.0 activeVisionConfidence=0.0
GateB physical-token words=41f98f924d5d46d9,363b7708bff7a9c8,47d35f76bdf44d6b,0000000000001450,0000000000000033,0000000000000000,0000000000000000,dcdd3d4e74e2cb1c
GateB physical-proprio-validity=1023,1023,1023,1023,1023,1023,1023,1023
GateB risk-diagnostics body=none:value=0.0 joint=row=53:feature=31:value=0.39890268 drives=row=6:feature=0:value=0.061093695
GateB motor-command excitationMax=0.22495455 riskMin=0.77504545 riskMax=0.77504545 controlMode=2 controlFlags=0x1 inhibitionKind=7 inhibitionFlags=0x0 inhibitionPriority=0.0 predictedInformation=8.9245514e-05 unsupportedUncertainty=2.0688603e-05 activeVisionCommand=0.0 activeVisionConfidence=0.0
GateB physical-token words=914af0bb3fb12d55,0ce50f6d0f39c4ef,4a41b8524aae87c0,00000000000014b4,0000000000000034,0000000000000000,0000000000000000,5c99cff121b8fd32
GateB physical-proprio-validity=1023,1023,1023,1023,1023,1023,1023,1023
GateB risk-diagnostics body=none:value=0.0 joint=row=53:feature=31:value=0.39832127 drives=row=6:feature=0:value=0.061093573
GateB motor-command excitationMax=0.22539169 riskMin=0.7746083 riskMax=0.7746083 controlMode=2 controlFlags=0x1 inhibitionKind=7 inhibitionFlags=0x0 inhibitionPriority=0.0 predictedInformation=8.9245514e-05 unsupportedUncertainty=2.0688603e-05 activeVisionCommand=0.0 activeVisionConfidence=0.0
GateB physical-token words=0436e4cbd73b72b5,9620ab5d1175f41a,3b4fe370724de337,0000000000001518,0000000000000035,0000000000000000,0000000000000000,b88f5a0deabe6026
GateB physical-proprio-validity=1023,1023,1023,1023,1023,1023,1023,1023
GateB risk-diagnostics body=none:value=0.0 joint=row=53:feature=31:value=0.39774078 drives=row=6:feature=0:value=0.06109345
GateB motor-command excitationMax=0.22582865 riskMin=0.77417135 riskMax=0.77417135 controlMode=2 controlFlags=0x1 inhibitionKind=7 inhibitionFlags=0x0 inhibitionPriority=0.0 predictedInformation=8.9245514e-05 unsupportedUncertainty=2.0688603e-05 activeVisionCommand=0.0 activeVisionConfidence=0.0
GateB physical-token words=0315cdeb52cd10a7,d57d1b4324fad613,622ed2d77df8a4c7,000000000000157c,0000000000000036,0000000000000000,0000000000000000,e68422c28a4db687
GateB physical-proprio-validity=1023,1023,1023,1023,1023,1023,1023,1023
GateB risk-diagnostics body=none:value=0.0 joint=row=53:feature=31:value=0.39716122 drives=row=6:feature=0:value=0.061093327
GateB motor-command excitationMax=0.22626543 riskMin=0.77373457 riskMax=0.77373457 controlMode=2 controlFlags=0x1 inhibitionKind=7 inhibitionFlags=0x0 inhibitionPriority=0.0 predictedInformation=8.9245514e-05 unsupportedUncertainty=2.0688603e-05 activeVisionCommand=0.0 activeVisionConfidence=0.0
GateB physical-token words=fc6ff705c8a28158,0279f3864418224f,1f6169df774d7678,00000000000015e0,0000000000000037,0000000000000000,0000000000000000,c61df19e3fd41225
GateB physical-proprio-validity=1023,1023,1023,1023,1023,1023,1023,1023
GateB risk-diagnostics body=none:value=0.0 joint=row=53:feature=31:value=0.3965826 drives=row=6:feature=0:value=0.061093204
GateB motor-command excitationMax=0.22670197 riskMin=0.773298 riskMax=0.773298 controlMode=2 controlFlags=0x1 inhibitionKind=7 inhibitionFlags=0x0 inhibitionPriority=0.0 predictedInformation=8.9245514e-05 unsupportedUncertainty=2.0688603e-05 activeVisionCommand=0.0 activeVisionConfidence=0.0
GateB physical-token words=9d58ec6ef52ad10c,1992bc777130e4bd,9f0a3398a1046b0b,0000000000001644,0000000000000038,0000000000000000,0000000000000000,09c54cf8ef8b7d6e
GateB physical-proprio-validity=1023,1023,1023,1023,1023,1023,1023,1023
GateB risk-diagnostics body=none:value=0.0 joint=row=53:feature=31:value=0.39600492 drives=row=6:feature=0:value=0.06109308
GateB motor-command excitationMax=0.22713834 riskMin=0.77286166 riskMax=0.77286166 controlMode=2 controlFlags=0x1 inhibitionKind=7 inhibitionFlags=0x0 inhibitionPriority=0.0 predictedInformation=8.9245514e-05 unsupportedUncertainty=2.0688603e-05 activeVisionCommand=0.0 activeVisionConfidence=0.0
GateB physical-token words=984682dc3ee112f2,341dc70ff4fa73d6,bd5afbe844443f84,00000000000016a8,0000000000000039,0000000000000000,0000000000000000,ab6ff23c90fee0fb
GateB physical-proprio-validity=1023,1023,1023,1023,1023,1023,1023,1023
GateB risk-diagnostics body=none:value=0.0 joint=row=53:feature=31:value=0.39542815 drives=row=6:feature=0:value=0.061092958
GateB motor-command excitationMax=0.22757453 riskMin=0.7724255 riskMax=0.7724255 controlMode=2 controlFlags=0x1 inhibitionKind=7 inhibitionFlags=0x0 inhibitionPriority=0.0 predictedInformation=8.9245514e-05 unsupportedUncertainty=2.0688603e-05 activeVisionCommand=0.0 activeVisionConfidence=0.0
GateB physical-token words=71b5dfb9b55e6db8,1d29156cc0d448a8,ca51c836d22dce36,000000000000170c,000000000000003a,0000000000000000,0000000000000000,694c7f0ade5f235c
GateB physical-proprio-validity=1023,1023,1023,1023,1023,1023,1023,1023
GateB risk-diagnostics body=none:value=0.0 joint=row=53:feature=31:value=0.3948523 drives=row=6:feature=0:value=0.061092835
GateB motor-command excitationMax=0.22801042 riskMin=0.7719896 riskMax=0.7719896 controlMode=2 controlFlags=0x1 inhibitionKind=7 inhibitionFlags=0x0 inhibitionPriority=0.0 predictedInformation=8.9245514e-05 unsupportedUncertainty=2.0688603e-05 activeVisionCommand=0.0 activeVisionConfidence=0.0
GateB physical-token words=10c0bd14854c270c,642fa2a77e70e08c,ca8d4207118a8e07,0000000000001770,000000000000003b,0000000000000000,0000000000000000,5c4bbe003e462691
GateB physical-proprio-validity=1023,1023,1023,1023,1023,1023,1023,1023
GateB risk-diagnostics body=none:value=0.0 joint=row=53:feature=31:value=0.3942774 drives=row=6:feature=0:value=0.061092712
GateB motor-command excitationMax=0.22844619 riskMin=0.7715538 riskMax=0.7715538 controlMode=2 controlFlags=0x1 inhibitionKind=7 inhibitionFlags=0x0 inhibitionPriority=0.0 predictedInformation=8.9245514e-05 unsupportedUncertainty=2.0688603e-05 activeVisionCommand=0.0 activeVisionConfidence=0.0
GateB physical-token words=a8b0e92fc04f06b5,8bb692188d2df0f3,fcbf52cb09a5d869,00000000000017d4,000000000000003c,0000000000000000,0000000000000000,a02c9762a5100e28
GateB physical-proprio-validity=1023,1023,1023,1023,1023,1023,1023,1023
GateB risk-diagnostics body=none:value=0.0 joint=row=53:feature=31:value=0.39370337 drives=row=6:feature=0:value=0.06109259
GateB motor-command excitationMax=0.22888172 riskMin=0.7711183 riskMax=0.7711183 controlMode=2 controlFlags=0x1 inhibitionKind=7 inhibitionFlags=0x0 inhibitionPriority=0.0 predictedInformation=8.9245514e-05 unsupportedUncertainty=2.0688603e-05 activeVisionCommand=0.0 activeVisionConfidence=0.0
GateB physical-token words=e191ad0ffaca9d7f,8eb04b209292cd5e,e1474eed56ee8413,0000000000001838,000000000000003d,0000000000000000,0000000000000000,51e37db8806fa5b9
GateB physical-proprio-validity=1023,1023,1023,1023,1023,1023,1023,1023
GateB risk-diagnostics body=none:value=0.0 joint=row=53:feature=31:value=0.3931303 drives=row=6:feature=0:value=0.061092466
GateB motor-command excitationMax=0.22931707 riskMin=0.77068293 riskMax=0.77068293 controlMode=2 controlFlags=0x1 inhibitionKind=7 inhibitionFlags=0x0 inhibitionPriority=0.0 predictedInformation=8.9245514e-05 unsupportedUncertainty=2.0688603e-05 activeVisionCommand=0.0 activeVisionConfidence=0.0
GateB physical-token words=7743fa78deca542f,16e379a3e525c080,a5a16aa87b0a2779,000000000000189c,000000000000003e,0000000000000000,0000000000000000,7f301d6986da772d
GateB physical-proprio-validity=1023,1023,1023,1023,1023,1023,1023,1023
GateB risk-diagnostics body=none:value=0.0 joint=row=53:feature=31:value=0.39255813 drives=row=6:feature=0:value=0.061092343
GateB motor-command excitationMax=0.22975218 riskMin=0.7702478 riskMax=0.7702478 controlMode=2 controlFlags=0x1 inhibitionKind=7 inhibitionFlags=0x0 inhibitionPriority=0.0 predictedInformation=8.9245514e-05 unsupportedUncertainty=2.0688603e-05 activeVisionCommand=0.0 activeVisionConfidence=0.0
GateB physical-token words=0e2e06fafdca9937,16c1e837e0f31833,60d70c556a0c10a7,0000000000001900,000000000000003f,0000000000000000,0000000000000000,28fee133b3a24f3e
GateB physical-proprio-validity=1023,1023,1023,1023,1023,1023,1023,1023
GateB risk-diagnostics body=none:value=0.0 joint=row=53:feature=31:value=0.39198688 drives=row=6:feature=0:value=0.06109222
GateB motor-command excitationMax=0.23018712 riskMin=0.7698129 riskMax=0.7698129 controlMode=2 controlFlags=0x1 inhibitionKind=7 inhibitionFlags=0x0 inhibitionPriority=0.0 predictedInformation=8.9245514e-05 unsupportedUncertainty=2.0688603e-05 activeVisionCommand=0.0 activeVisionConfidence=0.0
GateB physical-token words=3db3511312e84af9,504b7862692462be,9313f5223c220c82,0000000000001964,0000000000000040,0000000000000000,0000000000000000,cdc11d275ca2c583
GateB physical-proprio-validity=1023,1023,1023,1023,1023,1023,1023,1023
GateB risk-diagnostics body=none:value=0.0 joint=none:value=0.0 drives=row=0:feature=0:value=0.0009995699
GateB motor-command excitationMax=0.0 riskMin=0.0 riskMax=0.0 controlMode=2 controlFlags=0x1 inhibitionKind=7 inhibitionFlags=0x0 inhibitionPriority=0.0 predictedInformation=3.823573 unsupportedUncertainty=1.0 activeVisionCommand=0.0 activeVisionConfidence=0.0
GateB physical-token words=3de3821a65ee1e8a,763155e92e9b5a18,adfdde0aeed00fb1,00000000000000c8,0000000000000001,0000000000000000,0000000000000000,cbaf2fa0b7d51d62
GateB physical-proprio-validity=1023,1023,1023,1023,1023,1023,1023,1023
GateB risk-diagnostics body=none:value=0.0 joint=row=53:feature=31:value=0.4292014 drives=row=6:feature=0:value=0.061099842
GateB motor-command excitationMax=0.20283616 riskMin=0.79716384 riskMax=0.79716384 controlMode=2 controlFlags=0x1 inhibitionKind=7 inhibitionFlags=0x0 inhibitionPriority=0.0 predictedInformation=8.9245514e-05 unsupportedUncertainty=2.0688603e-05 activeVisionCommand=0.0 activeVisionConfidence=0.0
GateB physical-token words=393e3e637e71b868,3e9a0e72c1fb3ce7,ea8ccd4bfb394bab,000000000000012c,0000000000000002,0000000000000000,0000000000000000,7a6d5419a4bc53d9
GateB physical-proprio-validity=1023,1023,1023,1023,1023,1023,1023,1023
GateB risk-diagnostics body=none:value=0.0 joint=row=53:feature=31:value=0.4285711 drives=row=6:feature=0:value=0.06109972
GateB motor-command excitationMax=0.20328349 riskMin=0.7967165 riskMax=0.7967165 controlMode=2 controlFlags=0x1 inhibitionKind=7 inhibitionFlags=0x0 inhibitionPriority=0.0 predictedInformation=8.9245514e-05 unsupportedUncertainty=2.0688603e-05 activeVisionCommand=0.0 activeVisionConfidence=0.0
GateB physical-token words=b985d7e2bb6898a4,af962e63c5ccf295,7750dfb684143bb4,0000000000000190,0000000000000003,0000000000000000,0000000000000000,0faf069258e99971
GateB physical-proprio-validity=1023,1023,1023,1023,1023,1023,1023,1023
GateB risk-diagnostics body=none:value=0.0 joint=row=53:feature=31:value=0.42794183 drives=row=6:feature=0:value=0.061099596
GateB motor-command excitationMax=0.20373058 riskMin=0.7962694 riskMax=0.7962694 controlMode=2 controlFlags=0x1 inhibitionKind=7 inhibitionFlags=0x0 inhibitionPriority=0.0 predictedInformation=8.9245514e-05 unsupportedUncertainty=2.0688603e-05 activeVisionCommand=0.0 activeVisionConfidence=0.0
GateB physical-token words=640b1ba6bc6e214d,33d3f4aa83ea1d47,11af055322eaf26b,00000000000001f4,0000000000000004,0000000000000000,0000000000000000,fdcea94bc7e38e79
GateB physical-proprio-validity=1023,1023,1023,1023,1023,1023,1023,1023
GateB risk-diagnostics body=none:value=0.0 joint=row=53:feature=31:value=0.4273136 drives=row=6:feature=0:value=0.061099473
GateB motor-command excitationMax=0.2041775 riskMin=0.7958225 riskMax=0.7958225 controlMode=2 controlFlags=0x1 inhibitionKind=7 inhibitionFlags=0x0 inhibitionPriority=0.0 predictedInformation=8.9245514e-05 unsupportedUncertainty=2.0688603e-05 activeVisionCommand=0.0 activeVisionConfidence=0.0
GateB physical-token words=5248bfb0fc345c1b,78f7b25c0ee78744,cf15f661491e4f47,0000000000000258,0000000000000005,0000000000000000,0000000000000000,f6bc7c6af421de52
GateB physical-proprio-validity=1023,1023,1023,1023,1023,1023,1023,1023
GateB risk-diagnostics body=none:value=0.0 joint=row=53:feature=31:value=0.42668635 drives=row=6:feature=0:value=0.06109935
GateB motor-command excitationMax=0.20462418 riskMin=0.7953758 riskMax=0.7953758 controlMode=2 controlFlags=0x1 inhibitionKind=7 inhibitionFlags=0x0 inhibitionPriority=0.0 predictedInformation=8.9245514e-05 unsupportedUncertainty=2.0688603e-05 activeVisionCommand=0.0 activeVisionConfidence=0.0
GateB physical-token words=68746af2edb341bf,3acdc5cdf82b1d3f,f88f6b214f42c364,00000000000002bc,0000000000000006,0000000000000000,0000000000000000,6a4d1e1acae6805b
GateB physical-proprio-validity=1023,1023,1023,1023,1023,1023,1023,1023
GateB risk-diagnostics body=none:value=0.0 joint=row=53:feature=31:value=0.42606008 drives=row=6:feature=0:value=0.061099228
GateB motor-command excitationMax=0.20507073 riskMin=0.79492927 riskMax=0.79492927 controlMode=2 controlFlags=0x1 inhibitionKind=7 inhibitionFlags=0x0 inhibitionPriority=0.0 predictedInformation=8.9245514e-05 unsupportedUncertainty=2.0688603e-05 activeVisionCommand=0.0 activeVisionConfidence=0.0
GateB physical-token words=1e57aa8e8bf15dcf,8c363f12df052a33,88874e397f2a2ccb,0000000000000320,0000000000000007,0000000000000000,0000000000000000,ae81c19b74ec341b
GateB physical-proprio-validity=1023,1023,1023,1023,1023,1023,1023,1023
GateB risk-diagnostics body=none:value=0.0 joint=row=53:feature=31:value=0.42543492 drives=row=6:feature=0:value=0.061099105
GateB motor-command excitationMax=0.20551705 riskMin=0.79448295 riskMax=0.79448295 controlMode=2 controlFlags=0x1 inhibitionKind=7 inhibitionFlags=0x0 inhibitionPriority=0.0 predictedInformation=8.9245514e-05 unsupportedUncertainty=2.0688603e-05 activeVisionCommand=0.0 activeVisionConfidence=0.0
GateB physical-token words=2a51b7ce785a37f1,28441347f0e7be41,2575e812b060d396,0000000000000384,0000000000000008,0000000000000000,0000000000000000,898021fb5a07abde
GateB physical-proprio-validity=1023,1023,1023,1023,1023,1023,1023,1023
GateB risk-diagnostics body=none:value=0.0 joint=row=53:feature=31:value=0.4248107 drives=row=6:feature=0:value=0.06109898
GateB motor-command excitationMax=0.20596313 riskMin=0.79403687 riskMax=0.79403687 controlMode=2 controlFlags=0x1 inhibitionKind=7 inhibitionFlags=0x0 inhibitionPriority=0.0 predictedInformation=8.9245514e-05 unsupportedUncertainty=2.0688603e-05 activeVisionCommand=0.0 activeVisionConfidence=0.0
GateB physical-token words=ddce4fe98afa9a12,4f9f29bf1d101544,6a4600a395ef500c,00000000000003e8,0000000000000009,0000000000000000,0000000000000000,084a188d2320e1c0
GateB physical-proprio-validity=1023,1023,1023,1023,1023,1023,1023,1023
GateB risk-diagnostics body=none:value=0.0 joint=row=53:feature=31:value=0.42418757 drives=row=6:feature=0:value=0.06109886
GateB motor-command excitationMax=0.20640898 riskMin=0.793591 riskMax=0.793591 controlMode=2 controlFlags=0x1 inhibitionKind=7 inhibitionFlags=0x0 inhibitionPriority=0.0 predictedInformation=8.9245514e-05 unsupportedUncertainty=2.0688603e-05 activeVisionCommand=0.0 activeVisionConfidence=0.0
GateB physical-token words=61822215ce9d1c16,07989ac6d696b7e5,09ac8658f272b905,000000000000044c,000000000000000a,0000000000000000,0000000000000000,f8a5ada0cca43fff
GateB physical-proprio-validity=1023,1023,1023,1023,1023,1023,1023,1023
GateB risk-diagnostics body=none:value=0.0 joint=row=53:feature=31:value=0.42356536 drives=row=6:feature=0:value=0.061098736
GateB motor-command excitationMax=0.2068547 riskMin=0.7931453 riskMax=0.7931453 controlMode=2 controlFlags=0x1 inhibitionKind=7 inhibitionFlags=0x0 inhibitionPriority=0.0 predictedInformation=8.9245514e-05 unsupportedUncertainty=2.0688603e-05 activeVisionCommand=0.0 activeVisionConfidence=0.0
GateB physical-token words=6562353ded4925dc,a869271003c82767,1e2ab18c8050fcd8,00000000000004b0,000000000000000b,0000000000000000,0000000000000000,137686d710c16c71
GateB physical-proprio-validity=1023,1023,1023,1023,1023,1023,1023,1023
GateB risk-diagnostics body=none:value=0.0 joint=row=53:feature=31:value=0.42294422 drives=row=6:feature=0:value=0.061098613
GateB motor-command excitamrnx_matter_status code=0 object=4294967295 index=4294967295 fgmres=10 contacts=0 diagnostics=[0.999998391,0,0,0]
mrnx_human_status code=0 index=4294967295 contacts=0 iterations=12 contact_accel=[0,0,0,629.697083] factor_assist=[0.0102696475,9.85555363,0,0]
mrnx_matter_status code=0 object=4294967295 index=4294967295 fgmres=8 contacts=0 diagnostics=[0.999998391,0,0,0]
mrnx_human_status code=0 index=4294967295 contacts=0 iterations=12 contact_accel=[0,0,0,251.000687] factor_assist=[0.0102696475,9.85555363,0,0]
Context leak detected, CoreAnalytics returned false
mrnx_matter_status code=0 object=4294967295 index=4294967295 fgmres=10 contacts=0 diagnostics=[0.999998629,0,0,0]
mrnx_human_status code=0 index=4294967295 contacts=0 iterations=12 contact_accel=[0,0,0,122.351372] factor_assist=[0.0102696475,9.85555363,0,0]
mrnx_matter_status code=0 object=4294967295 index=4294967295 fgmres=10 contacts=0 diagnostics=[0.999999642,0,0,0]
mrnx_human_status code=0 index=4294967295 contacts=0 iterations=12 contact_accel=[0,0,0,178.256607] factor_assist=[0.0102696475,9.85555363,0,0]
Context leak detected, CoreAnalytics returned false
mrnx_matter_status code=0 object=4294967295 index=4294967295 fgmres=10 contacts=0 diagnostics=[0.999999881,0,0,0]
mrnx_human_status code=0 index=4294967295 contacts=0 iterations=12 contact_accel=[0,0,0,539.611023] factor_assist=[0.0102696475,9.85555363,0,0]
mrnx_matter_status code=0 object=4294967295 index=4294967295 fgmres=10 contacts=0 diagnostics=[0.999998629,0,0,0]
mrnx_human_status code=0 index=4294967295 contacts=0 iterations=12 contact_accel=[0,0,0,696.65863] factor_assist=[0.0102696475,9.85555363,0,0]
mrnx_matter_status code=0 object=4294967295 index=4294967295 fgmres=6 contacts=0 diagnostics=[0.999998629,0,0,0]
mrnx_human_status code=0 index=4294967295 contacts=0 iterations=12 contact_accel=[0,0,0,477.728241] factor_assist=[0.0102696475,9.85555363,0,0]
Context leak detected, CoreAnalytics returned false
mrnx_matter_status code=0 object=4294967295 index=4294967295 fgmres=9 contacts=0 diagnostics=[0.999998391,0,0,0]
mrnx_human_status code=0 index=4294967295 contacts=0 iterations=12 contact_accel=[0,0,0,298.141144] factor_assist=[0.0102696475,9.85555363,0,0]
mrnx_matter_status code=0 object=4294967295 index=4294967295 fgmres=10 contacts=0 diagnostics=[0.999999642,0,0,0]
mrnx_human_status code=0 index=4294967295 contacts=0 iterations=12 contact_accel=[0,0,0,531.244873] factor_assist=[0.0102696475,9.85555363,0,0]
Context leak detected, CoreAnalytics returned false
mrnx_matter_status code=0 object=4294967295 index=4294967295 fgmres=10 contacts=0 diagnostics=[0.999999642,0,0,0]
mrnx_human_status code=0 index=4294967295 contacts=0 iterations=12 contact_accel=[0,0,0,615.492981] factor_assist=[0.0102696475,9.85555363,0,0]
mrnx_matter_status code=0 object=4294967295 index=4294967295 fgmres=10 contacts=0 diagnostics=[0.999999881,0,0,0]
mrnx_human_status code=0 index=4294967295 contacts=0 iterations=12 contact_accel=[0,0,0,515.82605] factor_assist=[0.0102696475,9.85555363,0,0]
mrnx_matter_status code=0 object=4294967295 index=4294967295 fgmres=10 contacts=0 diagnostics=[0.999998391,0,0,0]
mrnx_human_status code=0 index=4294967295 contacts=0 iterations=12 contact_accel=[0,0,0,642.867859] factor_assist=[0.0102696475,9.85555363,0,0]
Context leak detected, CoreAnalytics returned false
mrnx_matter_status code=0 object=4294967295 index=4294967295 fgmres=10 contacts=0 diagnostics=[0.999998391,0,0,0]
mrnx_human_status code=0 index=4294967295 contacts=0 iterations=12 contact_accel=[0,0,0,622.855042] factor_assist=[0.0102696475,9.85555363,0,0]
mrnx_matter_status code=0 object=4294967295 index=4294967295 fgmres=10 contacts=0 diagnostics=[0.999999642,0,0,0]
mrnx_human_status code=0 index=4294967295 contacts=0 iterations=12 contact_accel=[0,0,0,446.718292] factor_assist=[0.0102696475,9.85555363,0,0]
Context leak detected, CoreAnalytics returned false
mrnx_matter_status code=0 object=4294967295 index=4294967295 fgmres=10 contacts=0 diagnostics=[0.999999642,0,0,0]
mrnx_human_status code=0 index=4294967295 contacts=0 iterations=12 contact_accel=[0,0,0,408.269104] factor_assist=[0.0102696475,9.85555363,0,0]
mrnx_matter_status code=0 object=4294967295 index=4294967295 fgmres=10 contacts=0 diagnostics=[0.999998391,0,0,0]
mrnx_human_status code=0 index=4294967295 contacts=0 iterations=12 contact_accel=[0,0,0,159.248444] factor_assist=[0.0102696475,9.85555363,0,0]
mrnx_matter_status code=0 object=4294967295 index=4294967295 fgmres=10 contacts=0 diagnostics=[0.999998391,0,0,0]
mrnx_human_status code=0 index=4294967295 contacts=0 iterations=12 contact_accel=[0,0,0,171.190842] factor_assist=[0.0102696475,9.85555363,0,0]
Context leak detected, CoreAnalytics returned false
mrnx_matter_status code=0 object=4294967295 index=4294967295 fgmres=10 contacts=0 diagnostics=[0.999998391,0,0,0]
mrnx_human_status code=0 index=4294967295 contacts=0 iterations=12 contact_accel=[0,0,0,189.468369] factor_assist=[0.0102696475,9.85555363,0,0]
mrnx_matter_status code=0 object=4294967295 index=4294967295 fgmres=10 contacts=0 diagnostics=[0.999998629,0,0,0]
mrnx_human_status code=0 index=4294967295 contacts=0 iterations=12 contact_accel=[0,0,0,147.453735] factor_assist=[0.0102696475,9.85555363,0,0]
Context leak detected, CoreAnalytics returned false
mrnx_matter_status code=0 object=4294967295 index=4294967295 fgmres=10 contacts=0 diagnostics=[0.999999642,0,0,0]
mrnx_human_status code=0 index=4294967295 contacts=0 iterations=12 contact_accel=[0,0,0,607.910767] factor_assist=[0.0102696475,9.85555363,0,0]
mrnx_matter_status code=0 object=4294967295 index=4294967295 fgmres=6 contacts=0 diagnostics=[0.999998391,0,0,0]
mrnx_human_status code=0 index=4294967295 contacts=0 iterations=12 contact_accel=[0,0,0,399.840393] factor_assist=[0.0102696475,9.85555363,0,0]
mrnx_matter_status code=0 object=4294967295 index=4294967295 fgmres=10 contacts=0 diagnostics=[0.999998391,0,0,0]
mrnx_human_status code=0 index=4294967295 contacts=0 iterations=12 contact_accel=[0,0,0,282.016724] factor_assist=[0.0102696475,9.85555363,0,0]
Context leak detected, CoreAnalytics returned false
mrnx_matter_status code=0 object=4294967295 index=4294967295 fgmres=8 contacts=0 diagnostics=[0.999999881,0,0,0]
mrnx_human_status code=0 index=4294967295 contacts=0 iterations=12 contact_accel=[0,0,0,179.193314] factor_assist=[0.0102696475,9.85555363,0,0]
mrnx_matter_status code=0 object=4294967295 index=4294967295 fgmres=10 contacts=0 diagnostics=[0.999999642,0,0,0]
mrnx_human_status code=0 index=4294967295 contacts=0 iterations=12 contact_accel=[0,0,0,144.307281] factor_assist=[0.0102696475,9.85555363,0,0]
Context leak detected, CoreAnalytics returned false
mrnx_matter_status code=0 object=4294967295 index=4294967295 fgmres=10 contacts=0 diagnostics=[0.999998391,0,0,0]
mrnx_human_status code=0 index=4294967295 contacts=0 iterations=12 contact_accel=[0,0,0,162.741989] factor_assist=[0.0102696475,9.85555363,0,0]
tionMax=0.20730019 riskMin=0.7926998 riskMax=0.7926998 controlMode=2 controlFlags=0x1 inhibitionKind=7 inhibitionFlags=0x0 inhibitionPriority=0.0 predictedInformation=8.9245514e-05 unsupportedUncertainty=2.0688603e-05 activeVisionCommand=0.0 activeVisionConfidence=0.0
GateB physical-token words=00259a920b7dd4c2,b8cdcd1d0c802cdf,d899e57040f229d6,0000000000000514,000000000000000c,0000000000000000,0000000000000000,6f440c7873c7dff1
GateB physical-proprio-validity=1023,1023,1023,1023,1023,1023,1023,1023
GateB risk-diagnostics body=none:value=0.0 joint=row=53:feature=31:value=0.42232406 drives=row=6:feature=0:value=0.06109849
GateB motor-command excitationMax=0.20774555 riskMin=0.79225445 riskMax=0.79225445 controlMode=2 controlFlags=0x1 inhibitionKind=7 inhibitionFlags=0x0 inhibitionPriority=0.0 predictedInformation=8.9245514e-05 unsupportedUncertainty=2.0688603e-05 activeVisionCommand=0.0 activeVisionConfidence=0.0
GateB physical-token words=6742e6e10b7e1606,1f21eef24919e5fa,619b5483a281598c,0000000000000578,000000000000000d,0000000000000000,0000000000000000,209f758f06a9a8e9
GateB physical-proprio-validity=1023,1023,1023,1023,1023,1023,1023,1023
GateB risk-diagnostics body=none:value=0.0 joint=row=53:feature=31:value=0.4217049 drives=row=6:feature=0:value=0.061098367
GateB motor-command excitationMax=0.20819062 riskMin=0.7918094 riskMax=0.7918094 controlMode=2 controlFlags=0x1 inhibitionKind=7 inhibitionFlags=0x0 inhibitionPriority=0.0 predictedInformation=8.9245514e-05 unsupportedUncertainty=2.0688603e-05 activeVisionCommand=0.0 activeVisionConfidence=0.0
GateB physical-token words=184ba6e1fb32db5f,6a6cc3d4b5a7ccde,f0d0872318be2fec,00000000000005dc,000000000000000e,0000000000000000,0000000000000000,5a29309f52e0f4a4
GateB physical-proprio-validity=1023,1023,1023,1023,1023,1023,1023,1023
GateB risk-diagnostics body=none:value=0.0 joint=row=53:feature=31:value=0.42108676 drives=row=6:feature=0:value=0.061098244
GateB motor-command excitationMax=0.20863551 riskMin=0.7913645 riskMax=0.7913645 controlMode=2 controlFlags=0x1 inhibitionKind=7 inhibitionFlags=0x0 inhibitionPriority=0.0 predictedInformation=8.9245514e-05 unsupportedUncertainty=2.0688603e-05 activeVisionCommand=0.0 activeVisionConfidence=0.0
GateB physical-token words=7135754be4ff0471,da810a8d108fd9a4,62fd766176b28fe2,0000000000000640,000000000000000f,0000000000000000,0000000000000000,d5f5994839ae11a6
GateB physical-proprio-validity=1023,1023,1023,1023,1023,1023,1023,1023
GateB risk-diagnostics body=none:value=0.0 joint=row=53:feature=31:value=0.42046958 drives=row=6:feature=0:value=0.06109812
GateB motor-command excitationMax=0.20908022 riskMin=0.7909198 riskMax=0.7909198 controlMode=2 controlFlags=0x1 inhibitionKind=7 inhibitionFlags=0x0 inhibitionPriority=0.0 predictedInformation=8.9245514e-05 unsupportedUncertainty=2.0688603e-05 activeVisionCommand=0.0 activeVisionConfidence=0.0
GateB physical-token words=f97dddfc617f5289,aeff86b14034a9c5,68dac0b72ecf8f3f,00000000000006a4,0000000000000010,0000000000000000,0000000000000000,9f53754deaa65682
GateB physical-proprio-validity=1023,1023,1023,1023,1023,1023,1023,1023
GateB risk-diagnostics body=none:value=0.0 joint=row=53:feature=31:value=0.41985342 drives=row=6:feature=0:value=0.061098
GateB motor-command excitationMax=0.20952475 riskMin=0.79047525 riskMax=0.79047525 controlMode=2 controlFlags=0x1 inhibitionKind=7 inhibitionFlags=0x0 inhibitionPriority=0.0 predictedInformation=8.9245514e-05 unsupportedUncertainty=2.0688603e-05 activeVisionCommand=0.0 activeVisionConfidence=0.0
GateB physical-token words=d70c70b681edf541,99b9d8f54b2b38c1,504fee3779d0a66e,0000000000000708,0000000000000011,0000000000000000,0000000000000000,9ffce8c777164092
GateB physical-proprio-validity=1023,1023,1023,1023,1023,1023,1023,1023
GateB risk-diagnostics body=none:value=0.0 joint=row=53:feature=31:value=0.41923824 drives=row=6:feature=0:value=0.061097875
GateB motor-command excitationMax=0.20996904 riskMin=0.79003096 riskMax=0.79003096 controlMode=2 controlFlags=0x1 inhibitionKind=7 inhibitionFlags=0x0 inhibitionPriority=0.0 predictedInformation=8.9245514e-05 unsupportedUncertainty=2.0688603e-05 activeVisionCommand=0.0 activeVisionConfidence=0.0
GateB physical-token words=faa35550ca014703,4f8329035c47e8fc,c8b679386c0d8721,000000000000076c,0000000000000012,0000000000000000,0000000000000000,2269530fd53daf39
GateB physical-proprio-validity=1023,1023,1023,1023,1023,1023,1023,1023
GateB risk-diagnostics body=none:value=0.0 joint=row=53:feature=31:value=0.41862407 drives=row=6:feature=0:value=0.061097752
GateB motor-command excitationMax=0.2104131 riskMin=0.7895869 riskMax=0.7895869 controlMode=2 controlFlags=0x1 inhibitionKind=7 inhibitionFlags=0x0 inhibitionPriority=0.0 predictedInformation=8.9245514e-05 unsupportedUncertainty=2.0688603e-05 activeVisionCommand=0.0 activeVisionConfidence=0.0
GateB physical-token words=8affdbcd127699b4,f0eae1cf4e622367,e3f760fa767087b8,00000000000007d0,0000000000000013,0000000000000000,0000000000000000,26e120e36633d20b
GateB physical-proprio-validity=1023,1023,1023,1023,1023,1023,1023,1023
GateB risk-diagnostics body=none:value=0.0 joint=row=53:feature=31:value=0.41801092 drives=row=6:feature=0:value=0.06109763
GateB motor-command excitationMax=0.21085703 riskMin=0.78914297 riskMax=0.78914297 controlMode=2 controlFlags=0x1 inhibitionKind=7 inhibitionFlags=0x0 inhibitionPriority=0.0 predictedInformation=8.9245514e-05 unsupportedUncertainty=2.0688603e-05 activeVisionCommand=0.0 activeVisionConfidence=0.0
GateB physical-token words=826507f789a87aac,016eae11499c64de,11643b6aa9b5c9d6,0000000000000834,0000000000000014,0000000000000000,0000000000000000,3f959bb5d12df5bc
GateB physical-proprio-validity=1023,1023,1023,1023,1023,1023,1023,1023
GateB risk-diagnostics body=none:value=0.0 joint=row=53:feature=31:value=0.41739872 drives=row=6:feature=0:value=0.061097506
GateB motor-command excitationMax=0.21130073 riskMin=0.78869927 riskMax=0.78869927 controlMode=2 controlFlags=0x1 inhibitionKind=7 inhibitionFlags=0x0 inhibitionPriority=0.0 predictedInformation=8.9245514e-05 unsupportedUncertainty=2.0688603e-05 activeVisionCommand=0.0 activeVisionConfidence=0.0
GateB physical-token words=aa84a9c7b559cbfe,2ded0234340fabfa,1b72a0abfd3d11bc,0000000000000898,0000000000000015,0000000000000000,0000000000000000,05a3434048bd9497
GateB physical-proprio-validity=1023,1023,1023,1023,1023,1023,1023,1023
GateB risk-diagnostics body=none:value=0.0 joint=row=53:feature=31:value=0.4167875 drives=row=6:feature=0:value=0.061097383
GateB motor-command excitationMax=0.21174419 riskMin=0.7882558 riskMax=0.7882558 controlMode=2 controlFlags=0x1 inhibitionKind=7 inhibitionFlags=0x0 inhibitionPriority=0.0 predictedInformation=8.9245514e-05 unsupportedUncertainty=2.0688603e-05 activeVisionCommand=0.0 activeVisionConfidence=0.0
GateB physical-token words=79a8a0a9d52b0247,e7673439e759a0a8,7a366d5e6743c87b,00000000000008fc,0000000000000016,0000000000000000,0000000000000000,3a19457d3df417b2
GateB physical-proprio-validity=1023,1023,1023,1023,1023,1023,1023,1023
GateB risk-diagnostics body=none:value=0.0 joint=row=53:feature=31:value=0.4161773 drives=row=6:feature=0:value=0.06109726
GateB motor-command excitationMax=0.21218753 riskMin=0.7878125 riskMax=0.7878125 controlMode=2 controlFlags=0x1 inhibitionKind=7 inhibitionFlags=0x0 inhibitionPriority=0.0 predictedInformation=8.9245514e-05 unsupportedUncertainty=2.0688603e-05 activeVisionCommand=0.0 activeVisionConfidence=0.0
GateB physical-token words=88061c5c0b35599f,835cb0c69c83d364,41e4ac93d4eec18f,0000000000000960,0000000000000017,0000000000000000,0000000000000000,d62283001c6f38b1
GateB physical-proprio-validity=1023,1023,1023,1023,1023,1023,1023,1023
GateB risk-diagnostics body=none:value=0.0 joint=row=53:feature=31:value=0.41556808 drives=row=6:feature=0:value=0.061097138
GateB motor-command excitationMax=0.21263063 riskMin=0.7873694 riskMax=0.7873694 controlMode=2 controlFlags=0x1 inhibitionKind=7 inhibitionFlags=0x0 inhibitionPriority=0.0 predictedInformation=8.9245514e-05 unsupportedUncertainty=2.0688603e-05 activeVisionCommand=0.0 activeVisionConfidence=0.0
GateB physical-token words=126328faefe7d351,e09e9d142d030a2e,0843581024732461,00000000000009c4,0000000000000018,0000000000000000,0000000000000000,4364783310034816
GateB physical-proprio-validity=1023,1023,1023,1023,1023,1023,1023,1023
GateB risk-diagnostics body=none:value=0.0 joint=row=53:feature=31:value=0.41495985 drives=row=6:feature=0:value=0.061097015
GateB motor-command excitationMax=0.21307349 riskMin=0.7869265 riskMax=0.7869265 controlMode=2 controlFlags=0x1 inhibitionKind=7 inhibitionFlags=0x0 inhibitionPriority=0.0 predictedInformation=8.9245514e-05 unsupportedUncertainty=2.0688603e-05 activeVisionCommand=0.0 activeVisionConfidence=0.0
GateB physical-token words=b64d09fbe28a6c1f,2b1bb4208ba72bd8,9b99fedf317e395c,0000000000000a28,0000000000000019,0000000000000000,0000000000000000,4295a712e25c17cd
GateB physical-proprio-validity=1023,1023,1023,1023,1023,1023,1023,1023
GateB risk-diagnostics body=none:value=0.0 joint=row=53:feature=31:value=0.41435257 drives=row=6:feature=0:value=0.06109689
GateB motor-command excitationMax=0.21351612 riskMin=0.7864839 riskMax=0.7864839 controlMode=2 controlFlags=0x1 inhibitionKind=7 inhibitionFlags=0x0 inhibitionPriority=0.0 predictedInformation=8.9245514e-05 unsupportedUncertainty=2.0688603e-05 activeVisionCommand=0.0 activeVisionConfidence=0.0
GateB physical-token words=6fcbf31ea699e363,db5d4c092f4910cb,fed72899ff72ae4b,0000000000000a8c,000000000000001a,0000000000000000,0000000000000000,b32804ddbace6698
GateB physical-proprio-validity=1023,1023,1023,1023,1023,1023,1023,1023
GateB risk-diagnostics body=none:value=0.0 joint=row=53:feature=31:value=0.4137463 drives=row=6:feature=0:value=0.06109677
GateB motor-command excitationMax=0.21395862 riskMin=0.7860414 riskMax=0.7860414 controlMode=2 controlFlags=0x1 inhibitionKind=7 inhibitionFlags=0x0 inhibitionPriority=0.0 predictedInformation=8.9245514e-05 unsupportedUncertainty=2.0688603e-05 activeVisionCommand=0.0 activeVisionConfidence=0.0
GateB physical-token words=7f5c2232a17a626c,8f854bf68dda4e2b,514ab47cc3e2771d,0000000000000af0,000000000000001b,0000000000000000,0000000000000000,3193416960e61aae
GateB physical-proprio-validity=1023,1023,1023,1023,1023,1023,1023,1023
GateB risk-diagnostics body=none:value=0.0 joint=row=53:feature=31:value=0.413141 drives=row=6:feature=0:value=0.061096646
GateB motor-command excitationMax=0.21440089 riskMin=0.7855991 riskMax=0.7855991 controlMode=2 controlFlags=0x1 inhibitionKind=7 inhibitionFlags=0x0 inhibitionPriority=0.0 predictedInformation=8.9245514e-05 unsupportedUncertainty=2.0688603e-05 activeVisionCommand=0.0 activeVisionConfidence=0.0
GateB physical-token words=d0c57dd70ce16f0a,91ddb4b8c0d59987,c41dc90ec025de1a,0000000000000b54,000000000000001c,0000000000000000,0000000000000000,e5f81f9c96ffc1d0
GateB physical-proprio-validity=1023,1023,1023,1023,1023,1023,1023,1023
GateB risk-diagnostics body=none:value=0.0 joint=row=53:feature=31:value=0.41253668 drives=row=6:feature=0:value=0.061096523
GateB motor-command excitationMax=0.21484298 riskMin=0.785157 riskMax=0.785157 controlMode=2 controlFlags=0x1 inhibitionKind=7 inhibitionFlags=0x0 inhibitionPriority=0.0 predictedInformation=8.9245514e-05 unsupportedUncertainty=2.0688603e-05 activeVisionCommand=0.0 activeVisionConfidence=0.0
GateB physical-token words=04b393c554ebc176,5b07a85fcbadbc54,ad4b37515d622f08,0000000000000bb8,000000000000001d,0000000000000000,0000000000000000,d402f25a619b0dcc
GateB physical-proprio-validity=1023,1023,1023,1023,1023,1023,1023,1023
GateB risk-diagnostics body=none:value=0.0 joint=row=53:feature=31:value=0.41193336 drives=row=6:feature=0:value=0.0610964
GateB motor-command excitationMax=0.21528482 riskMin=0.7847152 riskMax=0.7847152 controlMode=2 controlFlags=0x1 inhibitionKind=7 inhibitionFlags=0x0 inhibitionPriority=0.0 predictedInformation=8.9245514e-05 unsupportedUncertainty=2.0688603e-05 activeVisionCommand=0.0 activeVisionConfidence=0.0
GateB physical-token words=56eee56deb2243f2,8058658c44874028,c9c160d42085802d,0000000000000c1c,000000000000001e,0000000000000000,0000000000000000,1fc9355d32e016f6
GateB physical-proprio-validity=1023,1023,1023,1023,1023,1023,1023,1023
GateB risk-diagnostics body=none:value=0.0 joint=row=53:feature=31:value=0.41133097 drives=row=6:feature=0:value=0.061096277
GateB motor-command excitationMax=0.2157265 riskMin=0.7842735 riskMax=0.7842735 controlMode=2 controlFlags=0x1 inhibitionKind=7 inhibitionFlags=0x0 inhibitionPriority=0.0 predictedInformation=8.9245514e-05 unsupportedUncertainty=2.0688603e-05 activeVisionCommand=0.0 activeVisionConfidence=0.0
GateB physical-token words=f297dfbac5b25a10,9b498646afa659bc,65a2d87b275e5a24,0000000000000c80,000000000000001f,0000000000000000,0000000000000000,27ba7fe4a44ebc09
GateB physical-proprio-validity=1023,1023,1023,1023,1023,1023,1023,1023
GateB risk-diagnostics body=none:value=0.0 joint=row=53:feature=31:value=0.41072956 drives=row=6:feature=0:value=0.061096154
GateB motor-command excitationMax=0.21616799 riskMin=0.783832 riskMax=0.783832 controlMode=2 controlFlags=0x1 inhibitionKind=7 inhibitionFlags=0x0 inhibitionPriority=0.0 predictedInformation=8.9245514e-05 unsupportedUncertainty=2.0688603e-05 activeVisionCommand=0.0 activeVisionConfidence=0.0
GateB physical-token words=fa5d840b9d31a001,748d1ec339dc5b44,4530633d8297f07b,0000000000000ce4,0000000000000020,0000000000000000,0000000000000000,60eea29699cd9f00
GateB physical-proprio-validity=1023,1023,1023,1023,1023,1023,1023,1023
GateB risk-diagnostics body=none:value=0.0 joint=row=53:feature=31:value=0.41012913 drives=row=6:feature=0:value=0.06109603
GateB motor-command excitationMax=0.21660924 riskMin=0.78339076 riskMax=0.78339076 controlMode=2 controlFlags=0x1 inhibitionKind=7 inhibitionFlags=0x0 inhibitionPriority=0.0 predictedInformation=8.9245514e-05 unsupportedUncertainty=2.0688603e-05 activeVisionCommand=0.0 activeVisionConfidence=0.0
GateB physical-token words=4562c7ce27a38f41,5c5ce21822ad82f6,2f79d70f7767dd01,0000000000000d48,0000000000000021,0000000000000000,0000000000000000,d0252c4c12787a45
GateB physical-proprio-validity=1023,1023,1023,1023,1023,1023,1023,1023
GateB risk-diagnostics body=none:value=0.0 joint=row=53:feature=31:value=0.40952966 drives=row=6:feature=0:value=0.06109591
GateB motor-command excitationMax=0.21705031 riskMin=0.7829497 riskMax=0.7829497 controlMode=2 controlFlags=0x1 inhibitionKind=7 inhibitionFlags=0x0 inhibitionPriority=0.0 predictedInformation=8.9245514e-05 unsupportedUncertainty=2.0688603e-05 activeVisionCommand=0.0 activeVisionConfidence=0.0
GateB physical-token words=9b0a2b9543097eb3,46da9c49280e14d1,a87b8ea694dccd91,0000000000000dac,0000000000000022,0000000000000000,0000000000000000,735e7cc75ab69ce4
GateB physical-proprio-validity=1023,1023,1023,1023,1023,1023,1023,1023
GateB risk-diagnostics body=none:value=0.0 joint=row=53:feature=31:value=0.40893114 drives=row=6:feature=0:value=0.061095785
GateB motor-command excitationMax=0.21749115 riskMin=0.78250885 riskMax=0.78250885 controlMode=2 controlFlags=0x1 inhibitionKind=7 inhibitionFlags=0x0 inhibitionPriority=0.0 predictedInformation=8.9245514e-05 unsupportedUncertainty=2.0688603e-05 activeVisionCommand=0.0 activeVisionConfidence=0.0
GateB physical-token words=c0ff568f77311a95,f7004786d88a7019,aef6b2294bbedcfb,0000000000000e10,0000000000000023,0000000000000000,0000000000000000,ca73f8623e9ff98a
GateB physical-proprio-validity=1023,1023,1023,1023,1023,1023,1023,1023
GateB risk-diagnostics body=none:value=0.0 joint=row=53:feature=31:value=0.4083336 drives=row=6:feature=0:value=0.061095662
GateB motor-command excitationMax=0.2179318 riskMin=0.7820682 riskMax=0.7820682 controlMode=2 controlFlags=0x1 inhibitionKind=7 inhibitionFlags=0x0 inhibitionPriority=0.0 predictedInformation=8.9245514e-05 unsupportedUncertainty=2.0688603e-05 activeVisionCommand=0.0 activeVisionConfidence=0.0
GateB physical-token words=9ed8d337a1a7e1ad,b888530e65a64a5d,59c6dc314090bb50,0000000000000e74,0000000000000024,0000000000000000,0000000000000000,96739e753f597954
GateB physical-proprio-validity=1023,1023,1023,1023,1023,1023,1023,1023
GateB risk-diagnostics body=none:value=0.0 joint=row=53:feature=31:value=0.40773705 drives=row=6:feature=0:value=0.06109554
GateB motor-command excitationMax=0.21837223 riskmrnx_matter_status code=0 object=4294967295 index=4294967295 fgmres=10 contacts=0 diagnostics=[0.999998629,0,0,0]
mrnx_human_status code=0 index=4294967295 contacts=0 iterations=12 contact_accel=[0,0,0,128.91095] factor_assist=[0.0102696475,9.85555363,0,0]
mrnx_matter_status code=0 object=4294967295 index=4294967295 fgmres=10 contacts=0 diagnostics=[0.999998629,0,0,0]
mrnx_human_status code=0 index=4294967295 contacts=0 iterations=12 contact_accel=[0,0,0,91.9620819] factor_assist=[0.0102696475,9.85555363,0,0]
Context leak detected, CoreAnalytics returned false
mrnx_matter_status code=0 object=4294967295 index=4294967295 fgmres=10 contacts=0 diagnostics=[0.999999881,0,0,0]
mrnx_human_status code=0 index=4294967295 contacts=0 iterations=12 contact_accel=[0,0,0,137.763763] factor_assist=[0.0102696475,9.85555363,0,0]
mrnx_matter_status code=0 object=4294967295 index=4294967295 fgmres=10 contacts=0 diagnostics=[0.999998391,0,0,0]
mrnx_human_status code=0 index=4294967295 contacts=0 iterations=12 contact_accel=[0,0,0,153.509277] factor_assist=[0.0102696475,9.85555363,0,0]
Context leak detected, CoreAnalytics returned false
mrnx_matter_status code=0 object=4294967295 index=4294967295 fgmres=10 contacts=0 diagnostics=[0.999999881,0,0,0]
mrnx_human_status code=0 index=4294967295 contacts=0 iterations=12 contact_accel=[0,0,0,147.126541] factor_assist=[0.0102696475,9.85555363,0,0]
mrnx_matter_status code=0 object=4294967295 index=4294967295 fgmres=10 contacts=0 diagnostics=[0.999998391,0,0,0]
mrnx_human_status code=0 index=4294967295 contacts=0 iterations=12 contact_accel=[0,0,0,204.873535] factor_assist=[0.0102696475,9.85555363,0,0]
mrnx_matter_status code=0 object=4294967295 index=4294967295 fgmres=10 contacts=0 diagnostics=[0.999998629,0,0,0]
mrnx_human_status code=0 index=4294967295 contacts=0 iterations=12 contact_accel=[0,0,0,491.032898] factor_assist=[0.0102696475,9.85555363,0,0]
Context leak detected, CoreAnalytics returned false
mrnx_matter_status code=0 object=4294967295 index=4294967295 fgmres=10 contacts=0 diagnostics=[0.999998629,0,0,0]
mrnx_human_status code=0 index=4294967295 contacts=0 iterations=12 contact_accel=[0,0,0,408.77243] factor_assist=[0.0102696475,9.85555363,0,0]
mrnx_matter_status code=0 object=4294967295 index=4294967295 fgmres=10 contacts=0 diagnostics=[0.999998629,0,0,0]
mrnx_human_status code=0 index=4294967295 contacts=0 iterations=12 contact_accel=[0,0,0,273.444977] factor_assist=[0.0102696475,9.85555363,0,0]
Context leak detected, CoreAnalytics returned false
mrnx_matter_status code=0 object=4294967295 index=4294967295 fgmres=9 contacts=0 diagnostics=[0.999999642,0,0,0]
mrnx_human_status code=0 index=4294967295 contacts=0 iterations=12 contact_accel=[0,0,0,204.018829] factor_assist=[0.0102696475,9.85555363,0,0]
mrnx_matter_status code=0 object=4294967295 index=4294967295 fgmres=10 contacts=0 diagnostics=[0.999998629,0,0,0]
mrnx_human_status code=0 index=4294967295 contacts=0 iterations=12 contact_accel=[0,0,0,608.587463] factor_assist=[0.0102696475,9.85555363,0,0]
mrnx_matter_status code=0 object=4294967295 index=4294967295 fgmres=5 contacts=0 diagnostics=[0.999999881,0,0,0]
mrnx_human_status code=0 index=4294967295 contacts=0 iterations=12 contact_accel=[0,0,0,488.636993] factor_assist=[0.0102696475,9.85555363,0,0]
Context leak detected, CoreAnalytics returned false
mrnx_matter_status code=0 object=4294967295 index=4294967295 fgmres=10 contacts=0 diagnostics=[0.999999642,0,0,0]
mrnx_human_status code=0 index=4294967295 contacts=0 iterations=12 contact_accel=[0,0,0,388.055847] factor_assist=[0.0102696475,9.85555363,0,0]
mrnx_matter_status code=0 object=4294967295 index=4294967295 fgmres=10 contacts=0 diagnostics=[0.999998391,0,0,0]
mrnx_human_status code=0 index=4294967295 contacts=0 iterations=12 contact_accel=[0,0,0,278.717194] factor_assist=[0.0102696475,9.85555363,0,0]
Context leak detected, CoreAnalytics returned false
mrnx_matter_status code=0 object=4294967295 index=4294967295 fgmres=10 contacts=0 diagnostics=[0.999999642,0,0,0]
mrnx_human_status code=0 index=4294967295 contacts=0 iterations=12 contact_accel=[0,0,0,401.805481] factor_assist=[0.0102696475,9.85555363,0,0]
mrnx_matter_status code=0 object=4294967295 index=4294967295 fgmres=10 contacts=0 diagnostics=[0.999999642,0,0,0]
mrnx_human_status code=0 index=4294967295 contacts=0 iterations=12 contact_accel=[0,0,0,315.459686] factor_assist=[0.0102696475,9.85555363,0,0]
mrnx_matter_status code=0 object=4294967295 index=4294967295 fgmres=10 contacts=0 diagnostics=[0.999998629,0,0,0]
mrnx_human_status code=0 index=4294967295 contacts=0 iterations=12 contact_accel=[0,0,0,125.072105] factor_assist=[0.0102696475,9.85555363,0,0]
Context leak detected, CoreAnalytics returned false
mrnx_matter_status code=0 object=4294967295 index=4294967295 fgmres=10 contacts=0 diagnostics=[0.999999881,0,0,0]
mrnx_human_status code=0 index=4294967295 contacts=0 iterations=12 contact_accel=[0,0,0,236.097641] factor_assist=[0.0102696475,9.85555363,0,0]
mrnx_matter_status code=0 object=4294967295 index=4294967295 fgmres=10 contacts=0 diagnostics=[0.999998391,0,0,0]
mrnx_human_status code=0 index=4294967295 contacts=0 iterations=12 contact_accel=[0,0,0,184.11998] factor_assist=[0.0102696475,9.85555363,0,0]
Context leak detected, CoreAnalytics returned false
mrnx_matter_status code=0 object=4294967295 index=4294967295 fgmres=9 contacts=0 diagnostics=[0.999998629,0,0,0]
mrnx_human_status code=0 index=4294967295 contacts=0 iterations=12 contact_accel=[0,0,0,122.137817] factor_assist=[0.0102696475,9.85555363,0,0]
mrnx_matter_status code=0 object=4294967295 index=4294967295 fgmres=10 contacts=0 diagnostics=[0.999998391,0,0,0]
mrnx_human_status code=0 index=4294967295 contacts=0 iterations=12 contact_accel=[0,0,0,98.5535889] factor_assist=[0.0102696475,9.85555363,0,0]
mrnx_matter_status code=0 object=4294967295 index=4294967295 fgmres=10 contacts=0 diagnostics=[0.999999642,0,0,0]
mrnx_human_status code=0 index=4294967295 contacts=0 iterations=12 contact_accel=[0,0,0,77.7298737] factor_assist=[0.0102696475,9.85555363,0,0]
Context leak detected, CoreAnalytics returned false
mrnx_matter_status code=0 object=4294967295 index=4294967295 fgmres=9 contacts=0 diagnostics=[0.999998391,0,0,0]
mrnx_human_status code=0 index=4294967295 contacts=0 iterations=12 contact_accel=[0,0,0,93.6250534] factor_assist=[0.0102696475,9.85555363,0,0]
mrnx_matter_status code=0 object=4294967295 index=4294967295 fgmres=10 contacts=0 diagnostics=[0.999999881,0,0,0]
mrnx_human_status code=0 index=4294967295 contacts=0 iterations=12 contact_accel=[0,0,0,73.1371155] factor_assist=[0.0102696475,9.85555363,0,0]
Context leak detected, CoreAnalytics returned false
mrnx_matter_status code=0 object=4294967295 index=4294967295 fgmres=10 contacts=0 diagnostics=[0.999998629,0,0,0]
mrnx_human_status code=0 index=4294967295 contacts=0 iterations=12 contact_accel=[0,0,0,218.432434] factor_assist=[0.0102696475,9.85555363,0,0]
Min=0.7816278 riskMax=0.7816278 controlMode=2 controlFlags=0x1 inhibitionKind=7 inhibitionFlags=0x0 inhibitionPriority=0.0 predictedInformation=8.9245514e-05 unsupportedUncertainty=2.0688603e-05 activeVisionCommand=0.0 activeVisionConfidence=0.0
GateB physical-token words=bb385c44d918598e,bbc8a4d1b9db2b76,7fcd4a7209c993b7,0000000000000ed8,0000000000000025,0000000000000000,0000000000000000,f1118b8833e4424f
GateB physical-proprio-validity=1023,1023,1023,1023,1023,1023,1023,1023
GateB risk-diagnostics body=none:value=0.0 joint=row=53:feature=31:value=0.40714142 drives=row=6:feature=0:value=0.061095417
GateB motor-command excitationMax=0.21881247 riskMin=0.78118753 riskMax=0.78118753 controlMode=2 controlFlags=0x1 inhibitionKind=7 inhibitionFlags=0x0 inhibitionPriority=0.0 predictedInformation=8.9245514e-05 unsupportedUncertainty=2.0688603e-05 activeVisionCommand=0.0 activeVisionConfidence=0.0
GateB physical-token words=5ccf0969ff86b5d4,33968dbb53dafe15,3b69cc0effc66b37,0000000000000f3c,0000000000000026,0000000000000000,0000000000000000,2b8161a513d7b1c2
GateB physical-proprio-validity=1023,1023,1023,1023,1023,1023,1023,1023
GateB risk-diagnostics body=none:value=0.0 joint=row=53:feature=31:value=0.40654677 drives=row=6:feature=0:value=0.061095294
GateB motor-command excitationMax=0.21925253 riskMin=0.7807475 riskMax=0.7807475 controlMode=2 controlFlags=0x1 inhibitionKind=7 inhibitionFlags=0x0 inhibitionPriority=0.0 predictedInformation=8.9245514e-05 unsupportedUncertainty=2.0688603e-05 activeVisionCommand=0.0 activeVisionConfidence=0.0
GateB physical-token words=25e5dbf49d3ab848,2342838a7b63c037,bda94c7f10e5f501,0000000000000fa0,0000000000000027,0000000000000000,0000000000000000,51edc10d5b2358cf
GateB physical-proprio-validity=1023,1023,1023,1023,1023,1023,1023,1023
GateB risk-diagnostics body=none:value=0.0 joint=row=53:feature=31:value=0.40595305 drives=row=6:feature=0:value=0.06109517
GateB motor-command excitationMax=0.21969241 riskMin=0.7803076 riskMax=0.7803076 controlMode=2 controlFlags=0x1 inhibitionKind=7 inhibitionFlags=0x0 inhibitionPriority=0.0 predictedInformation=8.9245514e-05 unsupportedUncertainty=2.0688603e-05 activeVisionCommand=0.0 activeVisionConfidence=0.0
GateB physical-token words=64aa435f5a387968,554bd346ea807a53,68f31f46884955e1,0000000000001004,0000000000000028,0000000000000000,0000000000000000,5e197dcf2af6afce
GateB physical-proprio-validity=1023,1023,1023,1023,1023,1023,1023,1023
GateB risk-diagnostics body=none:value=0.0 joint=row=53:feature=31:value=0.4053603 drives=row=6:feature=0:value=0.061095048
GateB motor-command excitationMax=0.22013205 riskMin=0.77986795 riskMax=0.77986795 controlMode=2 controlFlags=0x1 inhibitionKind=7 inhibitionFlags=0x0 inhibitionPriority=0.0 predictedInformation=8.9245514e-05 unsupportedUncertainty=2.0688603e-05 activeVisionCommand=0.0 activeVisionConfidence=0.0
GateB physical-token words=ba611d2ad8953042,2146835708981d70,8c947f29eb6bc526,0000000000001068,0000000000000029,0000000000000000,0000000000000000,837fe9d8514dbef3
GateB physical-proprio-validity=1023,1023,1023,1023,1023,1023,1023,1023
GateB risk-diagnostics body=none:value=0.0 joint=row=53:feature=31:value=0.40476853 drives=row=6:feature=0:value=0.061094925
GateB motor-command excitationMax=0.2205714 riskMin=0.7794286 riskMax=0.7794286 controlMode=2 controlFlags=0x1 inhibitionKind=7 inhibitionFlags=0x0 inhibitionPriority=0.0 predictedInformation=8.9245514e-05 unsupportedUncertainty=2.0688603e-05 activeVisionCommand=0.0 activeVisionConfidence=0.0
GateB physical-token words=6318242c6a15231b,fb69ff7b924c85f7,612b393a7ad92896,00000000000010cc,000000000000002a,0000000000000000,0000000000000000,6c45cc507e0eeae2
GateB physical-proprio-validity=1023,1023,1023,1023,1023,1023,1023,1023
GateB risk-diagnostics body=none:value=0.0 joint=row=53:feature=31:value=0.40417767 drives=row=6:feature=0:value=0.061094802
GateB motor-command excitationMax=0.22101068 riskMin=0.7789893 riskMax=0.7789893 controlMode=2 controlFlags=0x1 inhibitionKind=7 inhibitionFlags=0x0 inhibitionPriority=0.0 predictedInformation=8.9245514e-05 unsupportedUncertainty=2.0688603e-05 activeVisionCommand=0.0 activeVisionConfidence=0.0
GateB physical-token words=365f4ba8f30fdd03,0a886b366ce7fae4,1336ea0b2bad83ee,0000000000001130,000000000000002b,0000000000000000,0000000000000000,d32499afe1e4bfdf
GateB physical-proprio-validity=1023,1023,1023,1023,1023,1023,1023,1023
GateB risk-diagnostics body=none:value=0.0 joint=row=53:feature=31:value=0.4035878 drives=row=6:feature=0:value=0.06109468
GateB motor-command excitationMax=0.22144973 riskMin=0.77855027 riskMax=0.77855027 controlMode=2 controlFlags=0x1 inhibitionKind=7 inhibitionFlags=0x0 inhibitionPriority=0.0 predictedInformation=8.9245514e-05 unsupportedUncertainty=2.0688603e-05 activeVisionCommand=0.0 activeVisionConfidence=0.0
GateB physical-token words=8a9eb4f0508edbb5,75d147d82b66a35d,c26e1263640dfdf4,0000000000001194,000000000000002c,0000000000000000,0000000000000000,ea5776b51603f3e6
GateB physical-proprio-validity=1023,1023,1023,1023,1023,1023,1023,1023
GateB risk-diagnostics body=none:value=0.0 joint=row=53:feature=31:value=0.40299886 drives=row=6:feature=0:value=0.061094556
GateB motor-command excitationMax=0.22188854 riskMin=0.77811146 riskMax=0.77811146 controlMode=2 controlFlags=0x1 inhibitionKind=7 inhibitionFlags=0x0 inhibitionPriority=0.0 predictedInformation=8.9245514e-05 unsupportedUncertainty=2.0688603e-05 activeVisionCommand=0.0 activeVisionConfidence=0.0
GateB physical-token words=655ddc337e535b96,3ebdd11bac3d4872,4807df0bd7653adb,00000000000011f8,000000000000002d,0000000000000000,0000000000000000,a1450c29ffb33055
GateB physical-proprio-validity=1023,1023,1023,1023,1023,1023,1023,1023
GateB risk-diagnostics body=none:value=0.0 joint=row=53:feature=31:value=0.40241084 drives=row=6:feature=0:value=0.061094433
GateB motor-command excitationMax=0.22232711 riskMin=0.7776729 riskMax=0.7776729 controlMode=2 controlFlags=0x1 inhibitionKind=7 inhibitionFlags=0x0 inhibitionPriority=0.0 predictedInformation=8.9245514e-05 unsupportedUncertainty=2.0688603e-05 activeVisionCommand=0.0 activeVisionConfidence=0.0
GateB physical-token words=96b650c9d2db8c0e,21445fc8364c3c54,37cde69bf9423ff0,000000000000125c,000000000000002e,0000000000000000,0000000000000000,d5b92e69ce19153f
GateB physical-proprio-validity=1023,1023,1023,1023,1023,1023,1023,1023
GateB risk-diagnostics body=none:value=0.0 joint=row=53:feature=31:value=0.4018238 drives=row=6:feature=0:value=0.06109431
GateB motor-command excitationMax=0.22276556 riskMin=0.77723444 riskMax=0.77723444 controlMode=2 controlFlags=0x1 inhibitionKind=7 inhibitionFlags=0x0 inhibitionPriority=0.0 predictedInformation=8.9245514e-05 unsupportedUncertainty=2.0688603e-05 activeVisionCommand=0.0 activeVisionConfidence=0.0
GateB physical-token words=9c1a65081546dde0,258bd69fc5c1ee7a,94c115bc3ec99088,00000000000012c0,000000000000002f,0000000000000000,0000000000000000,4f1818a4c2c1c760
GateB physical-proprio-validity=1023,1023,1023,1023,1023,1023,1023,1023
GateB risk-diagnostics body=none:value=0.0 joint=row=53:feature=31:value=0.4012377 drives=row=6:feature=0:value=0.061094187
GateB motor-command excitationMax=0.22320378 riskMin=0.7767962 riskMax=0.7767962 controlMode=2 controlFlags=0x1 inhibitionKind=7 inhibitionFlags=0x0 inhibitionPriority=0.0 predictedInformation=8.9245514e-05 unsupportedUncertainty=2.0688603e-05 activeVisionCommand=0.0 activeVisionConfidence=0.0
GateB physical-token words=634d248fdb62e19e,66d65252959b551d,779d0d369eefb2ee,0000000000001324,0000000000000030,0000000000000000,0000000000000000,ce619c1d9e15e726
GateB physical-proprio-validity=1023,1023,1023,1023,1023,1023,1023,1023
GateB risk-diagnostics body=none:value=0.0 joint=row=53:feature=31:value=0.40065253 drives=row=6:feature=0:value=0.061094064
GateB motor-command excitationMax=0.22364175 riskMin=0.77635825 riskMax=0.77635825 controlMode=2 controlFlags=0x1 inhibitionKind=7 inhibitionFlags=0x0 inhibitionPriority=0.0 predictedInformation=8.9245514e-05 unsupportedUncertainty=2.0688603e-05 activeVisionCommand=0.0 activeVisionConfidence=0.0
GateB physical-token words=91b5b7b718a6a94a,b886e57989f6055a,180c34aa6a389f77,0000000000001388,0000000000000031,0000000000000000,0000000000000000,2856085c0f4133d1
GateB physical-proprio-validity=1023,1023,1023,1023,1023,1023,1023,1023
GateB risk-diagnostics body=none:value=0.0 joint=row=53:feature=31:value=0.40006828 drives=row=6:feature=0:value=0.06109394
GateB motor-command excitationMax=0.22407949 riskMin=0.7759205 riskMax=0.7759205 controlMode=2 controlFlags=0x1 inhibitionKind=7 inhibitionFlags=0x0 inhibitionPriority=0.0 predictedInformation=8.9245514e-05 unsupportedUncertainty=2.0688603e-05 activeVisionCommand=0.0 activeVisionConfidence=0.0
GateB physical-token words=f84fc9918bb906e3,cc56107eff9a6eff,d7ddd47067b7dfc4,00000000000013ec,0000000000000032,0000000000000000,0000000000000000,0027a7cce5776246
GateB physical-proprio-validity=1023,1023,1023,1023,1023,1023,1023,1023
GateB risk-diagnostics body=none:value=0.0 joint=row=53:feature=31:value=0.39948502 drives=row=6:feature=0:value=0.06109382
GateB motor-command excitationMax=0.22451717 riskMin=0.77548283 riskMax=0.77548283 controlMode=2 controlFlags=0x1 inhibitionKind=7 inhibitionFlags=0x0 inhibitionPriority=0.0 predictedInformation=8.9245514e-05 unsupportedUncertainty=2.0688603e-05 activeVisionCommand=0.0 activeVisionConfidence=0.0
GateB physical-token words=41f98f924d5d46d9,363b7708bff7a9c8,47d35f76bdf44d6b,0000000000001450,0000000000000033,0000000000000000,0000000000000000,dcdd3d4e74e2cb1c
GateB physical-proprio-validity=1023,1023,1023,1023,1023,1023,1023,1023
GateB risk-diagnostics body=none:value=0.0 joint=row=53:feature=31:value=0.39890268 drives=row=6:feature=0:value=0.061093695
GateB motor-command excitationMax=0.22495455 riskMin=0.77504545 riskMax=0.77504545 controlMode=2 controlFlags=0x1 inhibitionKind=7 inhibitionFlags=0x0 inhibitionPriority=0.0 predictedInformation=8.9245514e-05 unsupportedUncertainty=2.0688603e-05 activeVisionCommand=0.0 activeVisionConfidence=0.0
GateB physical-token words=914af0bb3fb12d55,0ce50f6d0f39c4ef,4a41b8524aae87c0,00000000000014b4,0000000000000034,0000000000000000,0000000000000000,5c99cff121b8fd32
GateB physical-proprio-validity=1023,1023,1023,1023,1023,1023,1023,1023
GateB risk-diagnostics body=none:value=0.0 joint=row=53:feature=31:value=0.39832127 drives=row=6:feature=0:value=0.061093573
GateB motor-command excitationMax=0.22539169 riskMin=0.7746083 riskMax=0.7746083 controlMode=2 controlFlags=0x1 inhibitionKind=7 inhibitionFlags=0x0 inhibitionPriority=0.0 predictedInformation=8.9245514e-05 unsupportedUncertainty=2.0688603e-05 activeVisionCommand=0.0 activeVisionConfidence=0.0
GateB physical-token words=0436e4cbd73b72b5,9620ab5d1175f41a,3b4fe370724de337,0000000000001518,0000000000000035,0000000000000000,0000000000000000,b88f5a0deabe6026
GateB physical-proprio-validity=1023,1023,1023,1023,1023,1023,1023,1023
GateB risk-diagnostics body=none:value=0.0 joint=row=53:feature=31:value=0.39774078 drives=row=6:feature=0:value=0.06109345
GateB motor-command excitationMax=0.22582865 riskMin=0.77417135 riskMax=0.77417135 controlMode=2 controlFlags=0x1 inhibitionKind=7 inhibitionFlags=0x0 inhibitionPriority=0.0 predictedInformation=8.9245514e-05 unsupportedUncertainty=2.0688603e-05 activeVisionCommand=0.0 activeVisionConfidence=0.0
GateB physical-token words=0315cdeb52cd10a7,d57d1b4324fad613,622ed2d77df8a4c7,000000000000157c,0000000000000036,0000000000000000,0000000000000000,e68422c28a4db687
GateB physical-proprio-validity=1023,1023,1023,1023,1023,1023,1023,1023
GateB risk-diagnostics body=none:value=0.0 joint=row=53:feature=31:value=0.39716122 drives=row=6:feature=0:value=0.061093327
GateB motor-command excitationMax=0.22626543 riskMin=0.77373457 riskMax=0.77373457 controlMode=2 controlFlags=0x1 inhibitionKind=7 inhibitionFlags=0x0 inhibitionPriority=0.0 predictedInformation=8.9245514e-05 unsupportedUncertainty=2.0688603e-05 activeVisionCommand=0.0 activeVisionConfidence=0.0
GateB physical-token words=fc6ff705c8a28158,0279f3864418224f,1f6169df774d7678,00000000000015e0,0000000000000037,0000000000000000,0000000000000000,c61df19e3fd41225
GateB physical-proprio-validity=1023,1023,1023,1023,1023,1023,1023,1023
GateB risk-diagnostics body=none:value=0.0 joint=row=53:feature=31:value=0.3965826 drives=row=6:feature=0:value=0.061093204
GateB motor-command excitationMax=0.22670197 riskMin=0.773298 riskMax=0.773298 controlMode=2 controlFlags=0x1 inhibitionKind=7 inhibitionFlags=0x0 inhibitionPriority=0.0 predictedInformation=8.9245514e-05 unsupportedUncertainty=2.0688603e-05 activeVisionCommand=0.0 activeVisionConfidence=0.0
GateB physical-token words=9d58ec6ef52ad10c,1992bc777130e4bd,9f0a3398a1046b0b,0000000000001644,0000000000000038,0000000000000000,0000000000000000,09c54cf8ef8b7d6e
GateB physical-proprio-validity=1023,1023,1023,1023,1023,1023,1023,1023
GateB risk-diagnostics body=none:value=0.0 joint=row=53:feature=31:value=0.39600492 drives=row=6:feature=0:value=0.06109308
GateB motor-command excitationMax=0.22713834 riskMin=0.77286166 riskMax=0.77286166 controlMode=2 controlFlags=0x1 inhibitionKind=7 inhibitionFlags=0x0 inhibitionPriority=0.0 predictedInformation=8.9245514e-05 unsupportedUncertainty=2.0688603e-05 activeVisionCommand=0.0 activeVisionConfidence=0.0
GateB physical-token words=984682dc3ee112f2,341dc70ff4fa73d6,bd5afbe844443f84,00000000000016a8,0000000000000039,0000000000000000,0000000000000000,ab6ff23c90fee0fb
GateB physical-proprio-validity=1023,1023,1023,1023,1023,1023,1023,1023
GateB risk-diagnostics body=none:value=0.0 joint=row=53:feature=31:value=0.39542815 drives=row=6:feature=0:value=0.061092958
GateB motor-command excitationMax=0.22757453 riskMin=0.7724255 riskMax=0.7724255 controlMode=2 controlFlags=0x1 inhibitionKind=7 inhibitionFlags=0x0 inhibitionPriority=0.0 predictedInformation=8.9245514e-05 unsupportedUncertainty=2.0688603e-05 activeVisionCommand=0.0 activeVisionConfidence=0.0
GateB physical-token words=71b5dfb9b55e6db8,1d29156cc0d448a8,ca51c836d22dce36,000000000000170c,000000000000003a,0000000000000000,0000000000000000,694c7f0ade5f235c
GateB physical-proprio-validity=1023,1023,1023,1023,1023,1023,1023,1023
GateB risk-diagnostics body=none:value=0.0 joint=row=53:feature=31:value=0.3948523 drives=row=6:feature=0:value=0.061092835
GateB motor-command excitationMax=0.22801042 riskMin=0.7719896 riskMax=0.7719896 controlMode=2 controlFlags=0x1 inhibitionKind=7 inhibitionFlags=0x0 inhibitionPriority=0.0 predictedInformation=8.9245514e-05 unsupportedUncertainty=2.0688603e-05 activeVisionCommand=0.0 activeVisionConfidence=0.0
GateB physical-token words=10c0bd14854c270c,642fa2a77e70e08c,ca8d4207118a8e07,0000000000001770,000000000000003b,0000000000000000,0000000000000000,5c4bbe003e462691
GateB physical-proprio-validity=1023,1023,1023,1023,1023,1023,1023,1023
GateB risk-diagnostics body=none:value=0.0 joint=row=53:feature=31:value=0.3942774 drives=row=6:feature=0:value=0.061092712
GateB motor-command excitationMax=0.22844619 riskMin=0.7715538 riskMax=0.7715538 controlMode=2 controlFlags=0x1 inhibitionKind=7 inhibitionFlags=0x0 inhibitionPriority=0.0 predictedInformation=8.9245514e-05 unsupportedUncertainty=2.0688603e-05 activeVisionCommand=0.0 activeVisionConfidence=0.0
GateB physical-token words=a8b0e92fc04f06b5,8bb692188d2df0f3,fcbf52cb09a5d869,00000000000017d4,000000000000003c,0000000000000000,0000000000000000,a02c9762a5100e28
GateB physical-proprio-validity=1023,1023,1023,1023,1023,1023,1023,1023
GateB risk-diagnostics body=none:value=0.0 joint=row=53:feature=31:value=0.39370337 drives=row=6:feature=0:value=0.06109259
GateB motor-command excitationMax=0.22888172 riskMin=0.7711183 riskMax=0.7711183 controlMode=2 controlFlags=0x1 inhibitionKind=7 inhibitionFlags=0x0 inhibitionPriority=0.0 predictedInformation=8.9245514e-05 unsupportedUncertainty=2.0688603e-05 activeVisionCommand=0.0 activeVisionConfidence=0.0
GateB physical-token words=e191ad0ffaca9d7f,8eb04b209292cd5e,e1474eed56ee8413,0000000000001838,000000000000003d,0000000000000000,0000000000000000,51e37db8806fa5b9
GateB physical-proprio-validity=1023,1023,1023,1023,1023,1023,1023,1023
GateB risk-diagnostics body=none:value=0.0 joint=row=53:feature=31:value=0.3931303 drives=row=6:feature=0:value=0.061092466
GateB motor-command excitationMax=0.22931707 riskMin=0.mrnx_matter_status code=0 object=4294967295 index=4294967295 fgmres=10 contacts=0 diagnostics=[0.999998391,0,0,0]
mrnx_human_status code=0 index=4294967295 contacts=0 iterations=12 contact_accel=[0,0,0,234.856277] factor_assist=[0.0102696475,9.85555363,0,0]
mrnx_matter_status code=0 object=4294967295 index=4294967295 fgmres=10 contacts=0 diagnostics=[0.999998391,0,0,0]
mrnx_human_status code=0 index=4294967295 contacts=0 iterations=12 contact_accel=[0,0,0,139.167831] factor_assist=[0.0102696475,9.85555363,0,0]
Context leak detected, CoreAnalytics returned false
mrnx authored world=5255941730332563749 expected=5255941730332563749 physics=5255941730332563749 env=1 rate=0 flags=265 nv=160 nq=161 attachments=12 proxies=0 dt=9.99999975e-05 expected_dt=9.99999975e-05 gravity=0,0,-9.81000042 human=0,0,-9.81000042
mrnx_matter_status code=0 object=4294967295 index=4294967295 fgmres=10 contacts=0 diagnostics=[0.999998629,0,0,0]
mrnx_human_status code=0 index=4294967295 contacts=0 iterations=12 contact_accel=[0,0,0,152.115417] factor_assist=[0.0102696475,9.85555363,0,0]
mrnx_matter_status code=0 object=4294967295 index=4294967295 fgmres=10 contacts=0 diagnostics=[0.999999642,0,0,0]
mrnx_human_status code=0 index=4294967295 contacts=0 iterations=12 contact_accel=[0,0,0,365.770874] factor_assist=[0.0102696475,9.85555363,0,0]
Context leak detected, CoreAnalytics returned false
mrnx_matter_status code=0 object=4294967295 index=4294967295 fgmres=10 contacts=0 diagnostics=[0.999998629,0,0,0]
mrnx_human_status code=0 index=4294967295 contacts=0 iterations=12 contact_accel=[0,0,0,279.765289] factor_assist=[0.0102696475,9.85555363,0,0]
mrnx_matter_status code=0 object=4294967295 index=4294967295 fgmres=10 contacts=0 diagnostics=[0.999999642,0,0,0]
mrnx_human_status code=0 index=4294967295 contacts=0 iterations=12 contact_accel=[0,0,0,67.5596313] factor_assist=[0.0102696475,9.85555363,0,0]
mrnx_matter_status code=0 object=4294967295 index=4294967295 fgmres=10 contacts=0 diagnostics=[0.999999642,0,0,0]
mrnx_human_status code=0 index=4294967295 contacts=0 iterations=12 contact_accel=[0,0,0,292.381531] factor_assist=[0.0102696475,9.85555363,0,0]
Context leak detected, CoreAnalytics returned false
mrnx_matter_status code=0 object=4294967295 index=4294967295 fgmres=10 contacts=0 diagnostics=[0.999998391,0,0,0]
mrnx_human_status code=0 index=4294967295 contacts=0 iterations=12 contact_accel=[0,0,0,177.579147] factor_assist=[0.0102696475,9.85555363,0,0]
mrnx_matter_status code=0 object=4294967295 index=4294967295 fgmres=10 contacts=0 diagnostics=[0.999999881,0,0,0]
mrnx_human_status code=0 index=4294967295 contacts=0 iterations=12 contact_accel=[0,0,0,234.215698] factor_assist=[0.0102696475,9.85555363,0,0]
Context leak detected, CoreAnalytics returned false
mrnx_matter_status code=0 object=4294967295 index=4294967295 fgmres=10 contacts=0 diagnostics=[0.999998629,0,0,0]
mrnx_human_status code=0 index=4294967295 contacts=0 iterations=12 contact_accel=[0,0,0,369.317017] factor_assist=[0.0102696475,9.85555363,0,0]
mrnx_matter_status code=0 object=4294967295 index=4294967295 fgmres=10 contacts=0 diagnostics=[0.999998391,0,0,0]
mrnx_human_status code=0 index=4294967295 contacts=0 iterations=12 contact_accel=[0,0,0,232.839066] factor_assist=[0.0102696475,9.85555363,0,0]
mrnx_matter_status code=0 object=4294967295 index=4294967295 fgmres=10 contacts=0 diagnostics=[0.999998391,0,0,0]
mrnx_human_status code=0 index=4294967295 contacts=0 iterations=12 contact_accel=[0,0,0,205.084824] factor_assist=[0.0102696475,9.85555363,0,0]
Context leak detected, CoreAnalytics returned false
mrnx_matter_status code=0 object=4294967295 index=4294967295 fgmres=10 contacts=0 diagnostics=[0.999998391,0,0,0]
mrnx_human_status code=0 index=4294967295 contacts=0 iterations=12 contact_accel=[0,0,0,622.110962] factor_assist=[0.0102696475,9.85555363,0,0]
mrnx_matter_status code=0 object=4294967295 index=4294967295 fgmres=10 contacts=0 diagnostics=[0.999999881,0,0,0]
mrnx_human_status code=0 index=4294967295 contacts=0 iterations=12 contact_accel=[0,0,0,575.467712] factor_assist=[0.0102696475,9.85555363,0,0]
Context leak detected, CoreAnalytics returned false
mrnx_matter_status code=0 object=4294967295 index=4294967295 fgmres=10 contacts=0 diagnostics=[0.999998391,0,0,0]
mrnx_human_status code=0 index=4294967295 contacts=0 iterations=12 contact_accel=[0,0,0,220.079514] factor_assist=[0.0102696475,9.85555363,0,0]
mrnx_matter_status code=0 object=4294967295 index=4294967295 fgmres=10 contacts=0 diagnostics=[0.999998391,0,0,0]
mrnx_human_status code=0 index=4294967295 contacts=0 iterations=12 contact_accel=[0,0,0,383.403107] factor_assist=[0.0102696475,9.85555363,0,0]
mrnx_matter_status code=0 object=4294967295 index=4294967295 fgmres=9 contacts=0 diagnostics=[0.999999642,0,0,0]
mrnx_human_status code=0 index=4294967295 contacts=0 iterations=12 contact_accel=[0,0,0,426.733978] factor_assist=[0.0102696475,9.85555363,0,0]
Context leak detected, CoreAnalytics returned false
mrnx_matter_status code=0 object=4294967295 index=4294967295 fgmres=8 contacts=0 diagnostics=[0.999998629,0,0,0]
mrnx_human_status code=0 index=4294967295 contacts=0 iterations=12 contact_accel=[0,0,0,224.819946] factor_assist=[0.0102696475,9.85555363,0,0]
mrnx_matter_status code=0 object=4294967295 index=4294967295 fgmres=10 contacts=0 diagnostics=[0.999999881,0,0,0]
mrnx_human_status code=0 index=4294967295 contacts=0 iterations=12 contact_accel=[0,0,0,439.022919] factor_assist=[0.0102696475,9.85555363,0,0]
Context leak detected, CoreAnalytics returned false
mrnx_matter_status code=0 object=4294967295 index=4294967295 fgmres=10 contacts=0 diagnostics=[0.999999881,0,0,0]
mrnx_human_status code=0 index=4294967295 contacts=0 iterations=12 contact_accel=[0,0,0,240.873322] factor_assist=[0.0102696475,9.85555363,0,0]
mrnx_matter_status code=0 object=4294967295 index=4294967295 fgmres=10 contacts=0 diagnostics=[0.999998391,0,0,0]
mrnx_human_status code=0 index=4294967295 contacts=0 iterations=12 contact_accel=[0,0,0,79.2732239] factor_assist=[0.0102696475,9.85555363,0,0]
mrnx_matter_status code=0 object=4294967295 index=4294967295 fgmres=10 contacts=0 diagnostics=[0.999998629,0,0,0]
mrnx_human_status code=0 index=4294967295 contacts=0 iterations=12 contact_accel=[0,0,0,99.5569229] factor_assist=[0.0102696475,9.85555363,0,0]
Context leak detected, CoreAnalytics returned false
mrnx_matter_status code=0 object=4294967295 index=4294967295 fgmres=10 contacts=0 diagnostics=[0.999999642,0,0,0]
mrnx_human_status code=0 index=4294967295 contacts=0 iterations=12 contact_accel=[0,0,0,209.68103] factor_assist=[0.0102696475,9.85555363,0,0]
mrnx_matter_status code=0 object=4294967295 index=4294967295 fgmres=10 contacts=0 diagnostics=[0.999999642,0,0,0]
mrnx_human_status code=0 index=4294967295 contacts=0 iterations=12 contact_accel=[0,0,0,132.17775] factor_assist=[0.0102696475,9.85555363,0,0]
Context leak detected, CoreAnalytics returned false
mrnx_matter_status code=0 object=4294967295 index=4294967295 fgmres=10 contacts=0 diagnostics=[0.999998391,0,0,0]
mrnx_human_status code=0 index=4294967295 contacts=0 iterations=12 contact_accel=[0,0,0,127.129883] factor_assist=[0.0102696475,9.85555363,0,0]
77068293 riskMax=0.77068293 controlMode=2 controlFlags=0x1 inhibitionKind=7 inhibitionFlags=0x0 inhibitionPriority=0.0 predictedInformation=8.9245514e-05 unsupportedUncertainty=2.0688603e-05 activeVisionCommand=0.0 activeVisionConfidence=0.0
GateB physical-token words=7743fa78deca542f,16e379a3e525c080,a5a16aa87b0a2779,000000000000189c,000000000000003e,0000000000000000,0000000000000000,7f301d6986da772d
GateB physical-proprio-validity=1023,1023,1023,1023,1023,1023,1023,1023
GateB risk-diagnostics body=none:value=0.0 joint=row=53:feature=31:value=0.39255813 drives=row=6:feature=0:value=0.061092343
GateB motor-command excitationMax=0.22975218 riskMin=0.7702478 riskMax=0.7702478 controlMode=2 controlFlags=0x1 inhibitionKind=7 inhibitionFlags=0x0 inhibitionPriority=0.0 predictedInformation=8.9245514e-05 unsupportedUncertainty=2.0688603e-05 activeVisionCommand=0.0 activeVisionConfidence=0.0
GateB physical-token words=0e2e06fafdca9937,16c1e837e0f31833,60d70c556a0c10a7,0000000000001900,000000000000003f,0000000000000000,0000000000000000,28fee133b3a24f3e
GateB physical-proprio-validity=1023,1023,1023,1023,1023,1023,1023,1023
GateB risk-diagnostics body=none:value=0.0 joint=row=53:feature=31:value=0.39198688 drives=row=6:feature=0:value=0.06109222
GateB motor-command excitationMax=0.23018712 riskMin=0.7698129 riskMax=0.7698129 controlMode=2 controlFlags=0x1 inhibitionKind=7 inhibitionFlags=0x0 inhibitionPriority=0.0 predictedInformation=8.9245514e-05 unsupportedUncertainty=2.0688603e-05 activeVisionCommand=0.0 activeVisionConfidence=0.0
GateB physical-token words=3db3511312e84af9,504b7862692462be,9313f5223c220c82,0000000000001964,0000000000000040,0000000000000000,0000000000000000,cdc11d275ca2c583
GateB physical-proprio-validity=1023,1023,1023,1023,1023,1023,1023,1023
GateB risk-diagnostics body=none:value=0.0 joint=none:value=0.0 drives=row=6:feature=0:value=0.27493876
GateB motor-command excitationMax=0.0 riskMin=0.5 riskMax=0.5 controlMode=2 controlFlags=0x1 inhibitionKind=7 inhibitionFlags=0x0 inhibitionPriority=0.0 predictedInformation=0.0 unsupportedUncertainty=0.0 activeVisionCommand=0.0 activeVisionConfidence=0.0
GateB physical-token words=3de3821a65ee1e8a,763155e92e9b5a18,adfdde0aeed00fb1,00000000000000c8,0000000000000001,0000000000000000,0000000000000000,cbaf2fa0b7d51d62
GateB physical-proprio-validity=1023,1023,1023,1023,1023,1023,1023,1023
GateB risk-diagnostics body=none:value=0.0 joint=row=53:feature=31:value=0.42907748 drives=row=6:feature=0:value=0.2749382
GateB motor-command excitationMax=0.0 riskMin=0.7971071 riskMax=0.7986651 controlMode=2 controlFlags=0x1 inhibitionKind=7 inhibitionFlags=0x0 inhibitionPriority=0.0 predictedInformation=8.9359e-05 unsupportedUncertainty=2.0714913e-05 activeVisionCommand=0.0 activeVisionConfidence=0.0
GateB physical-token words=393e3e637e71b868,3e9a0e72c1fb3ce7,256e0e31ad87c31d,000000000000012c,0000000000000002,0000000000000000,0000000000000000,f7874f23ebbcd2e3
GateB physical-proprio-validity=1023,1023,1023,1023,1023,1023,1023,1023
GateB risk-diagnostics body=none:value=0.0 joint=row=53:feature=31:value=0.42844763 drives=row=6:feature=0:value=0.27493763
GateB motor-command excitationMax=0.0 riskMin=0.79665995 riskMax=0.79821795 controlMode=2 controlFlags=0x1 inhibitionKind=7 inhibitionFlags=0x0 inhibitionPriority=0.0 predictedInformation=8.9359e-05 unsupportedUncertainty=2.0714913e-05 activeVisionCommand=0.0 activeVisionConfidence=0.0
GateB physical-token words=b985d7e2bb6898a4,af962e63c5ccf295,43df077fa26f7862,0000000000000190,0000000000000003,0000000000000000,0000000000000000,e8b5eb20617195e1
GateB physical-proprio-validity=1023,1023,1023,1023,1023,1023,1023,1023
GateB risk-diagnostics body=none:value=0.0 joint=row=53:feature=31:value=0.42781883 drives=row=6:feature=0:value=0.27493706
GateB motor-command excitationMax=0.0 riskMin=0.79621303 riskMax=0.79777104 controlMode=2 controlFlags=0x1 inhibitionKind=7 inhibitionFlags=0x0 inhibitionPriority=0.0 predictedInformation=8.9359e-05 unsupportedUncertainty=2.0714913e-05 activeVisionCommand=0.0 activeVisionConfidence=0.0
GateB physical-token words=640b1ba6bc6e214d,33d3f4aa83ea1d47,2b898d49b00808f4,00000000000001f4,0000000000000004,0000000000000000,0000000000000000,02094e39b5b91286
GateB physical-proprio-validity=1023,1023,1023,1023,1023,1023,1023,1023
GateB risk-diagnostics body=none:value=0.0 joint=row=53:feature=31:value=0.42719108 drives=row=6:feature=0:value=0.2749365
GateB motor-command excitationMax=0.0 riskMin=0.7957663 riskMax=0.7973243 controlMode=2 controlFlags=0x1 inhibitionKind=7 inhibitionFlags=0x0 inhibitionPriority=0.0 predictedInformation=8.9359e-05 unsupportedUncertainty=2.0714913e-05 activeVisionCommand=0.0 activeVisionConfidence=0.0
GateB physical-token words=5248bfb0fc345c1b,78f7b25c0ee78744,d395260a3ac73c97,0000000000000258,0000000000000005,0000000000000000,0000000000000000,a8561a3b1448dbc8
GateB physical-proprio-validity=1023,1023,1023,1023,1023,1023,1023,1023
GateB risk-diagnostics body=none:value=0.0 joint=row=53:feature=31:value=0.42656428 drives=row=6:feature=0:value=0.27493593
GateB motor-command excitationMax=0.0 riskMin=0.79531974 riskMax=0.79687774 controlMode=2 controlFlags=0x1 inhibitionKind=7 inhibitionFlags=0x0 inhibitionPriority=0.0 predictedInformation=8.9359e-05 unsupportedUncertainty=2.0714913e-05 activeVisionCommand=0.0 activeVisionConfidence=0.0
GateB physical-token words=68746af2edb341bf,3acdc5cdf82b1d3f,6f477d9abcad9d53,00000000000002bc,0000000000000006,0000000000000000,0000000000000000,a33b724861125194
GateB physical-proprio-validity=1023,1023,1023,1023,1023,1023,1023,1023
GateB risk-diagnostics body=none:value=0.0 joint=row=53:feature=31:value=0.42593852 drives=row=6:feature=0:value=0.27493536
GateB motor-command excitationMax=0.0 riskMin=0.79487336 riskMax=0.7964314 controlMode=2 controlFlags=0x1 inhibitionKind=7 inhibitionFlags=0x0 inhibitionPriority=0.0 predictedInformation=8.9359e-05 unsupportedUncertainty=2.0714913e-05 activeVisionCommand=0.0 activeVisionConfidence=0.0
GateB physical-token words=1e57aa8e8bf15dcf,8c363f12df052a33,62510e6ff944b2dc,0000000000000320,0000000000000007,0000000000000000,0000000000000000,fede25be9c3519c4
GateB physical-proprio-validity=1023,1023,1023,1023,1023,1023,1023,1023
GateB risk-diagnostics body=none:value=0.0 joint=row=53:feature=31:value=0.4253138 drives=row=6:feature=0:value=0.2749348
GateB motor-command excitationMax=0.0 riskMin=0.7944273 riskMax=0.7959852 controlMode=2 controlFlags=0x1 inhibitionKind=7 inhibitionFlags=0x0 inhibitionPriority=0.0 predictedInformation=8.9359e-05 unsupportedUncertainty=2.0714913e-05 activeVisionCommand=0.0 activeVisionConfidence=0.0
GateB physical-token words=2a51b7ce785a37f1,28441347f0e7be41,dc56198149b30150,0000000000000384,0000000000000008,0000000000000000,0000000000000000,283057d0b4a54fba
GateB physical-proprio-validity=1023,1023,1023,1023,1023,1023,1023,1023
GateB risk-diagnostics body=none:value=0.0 joint=row=53:feature=31:value=0.42469004 drives=row=6:feature=0:value=0.27493423
GateB motor-command excitationMax=0.0 riskMin=0.7939813 riskMax=0.79553926 controlMode=2 controlFlags=0x1 inhibitionKind=7 inhibitionFlags=0x0 inhibitionPriority=0.0 predictedInformation=8.9359e-05 unsupportedUncertainty=2.0714913e-05 activeVisionCommand=0.0 activeVisionConfidence=0.0
GateB physical-token words=ddce4fe98afa9a12,4f9f29bf1d101544,2ea151bf299ea08f,00000000000003e8,0000000000000009,0000000000000000,0000000000000000,f2497a490c412706
GateB physical-proprio-validity=1023,1023,1023,1023,1023,1023,1023,1023
GateB risk-diagnostics body=none:value=0.0 joint=row=53:feature=31:value=0.42406735 drives=row=6:feature=0:value=0.27493367
GateB motor-command excitationMax=0.0 riskMin=0.7935356 riskMax=0.7950936 controlMode=2 controlFlags=0x1 inhibitionKind=7 inhibitionFlags=0x0 inhibitionPriority=0.0 predictedInformation=8.9359e-05 unsupportedUncertainty=2.0714913e-05 activeVisionCommand=0.0 activeVisionConfidence=0.0
GateB physical-token words=61822215ce9d1c16,07989ac6d696b7e5,89051502d9635003,000000000000044c,000000000000000a,0000000000000000,0000000000000000,c43c1baaadde2c0c
GateB physical-proprio-validity=1023,1023,1023,1023,1023,1023,1023,1023
GateB risk-diagnostics body=none:value=0.0 joint=row=53:feature=31:value=0.4234456 drives=row=6:feature=0:value=0.2749331
GateB motor-command excitationMax=0.0 riskMin=0.79309 riskMax=0.79464805 controlMode=2 controlFlags=0x1 inhibitionKind=7 inhibitionFlags=0x0 inhibitionPriority=0.0 predictedInformation=8.9359e-05 unsupportedUncertainty=2.0714913e-05 activeVisionCommand=0.0 activeVisionConfidence=0.0
GateB physical-token words=6562353ded4925dc,a869271003c82767,6a3a5da93ecdc1fb,00000000000004b0,000000000000000b,0000000000000000,0000000000000000,e766548adb881f7f
GateB physical-proprio-validity=1023,1023,1023,1023,1023,1023,1023,1023
GateB risk-diagnostics body=none:value=0.0 joint=row=53:feature=31:value=0.4228249 drives=row=6:feature=0:value=0.27493253
GateB motor-command excitationMax=0.0 riskMin=0.7926447 riskMax=0.7942027 controlMode=2 controlFlags=0x1 inhibitionKind=7 inhibitionFlags=0x0 inhibitionPriority=0.0 predictedInformation=8.9359e-05 unsupportedUncertainty=2.0714913e-05 activeVisionCommand=0.0 activeVisionConfidence=0.0
GateB physical-token words=00259a920b7dd4c2,b8cdcd1d0c802cdf,63890d5061b26887,0000000000000514,000000000000000c,0000000000000000,0000000000000000,eedd07c33d0c99b1
GateB physical-proprio-validity=1023,1023,1023,1023,1023,1023,1023,1023
GateB risk-diagnostics body=none:value=0.0 joint=row=53:feature=31:value=0.4222052 drives=row=6:feature=0:value=0.27493197
GateB motor-command excitationMax=0.0 riskMin=0.79219955 riskMax=0.79375756 controlMode=2 controlFlags=0x1 inhibitionKind=7 inhibitionFlags=0x0 inhibitionPriority=0.0 predictedInformation=8.9359e-05 unsupportedUncertainty=2.0714913e-05 activeVisionCommand=0.0 activeVisionConfidence=0.0
GateB physical-token words=6742e6e10b7e1606,1f21eef24919e5fa,777ab451dbfb32be,0000000000000578,000000000000000d,0000000000000000,0000000000000000,14887a9181a07dda
GateB physical-proprio-validity=1023,1023,1023,1023,1023,1023,1023,1023
GateB risk-diagnostics body=none:value=0.0 joint=row=53:feature=31:value=0.42158648 drives=row=6:feature=0:value=0.2749314
GateB motor-command excitationMax=0.0 riskMin=0.7917546 riskMax=0.7933126 controlMode=2 controlFlags=0x1 inhibitionKind=7 inhibitionFlags=0x0 inhibitionPriority=0.0 predictedInformation=8.9359e-05 unsupportedUncertainty=2.0714913e-05 activeVisionCommand=0.0 activeVisionConfidence=0.0
GateB physical-token words=184ba6e1fb32db5f,6a6cc3d4b5a7ccde,114ed205f26cad70,00000000000005dc,000000000000000e,0000000000000000,0000000000000000,c0e6a477678298c6
GateB physical-proprio-validity=1023,1023,1023,1023,1023,1023,1023,1023
GateB risk-diagnostics body=none:value=0.0 joint=row=53:feature=31:value=0.42096877 drives=row=6:feature=0:value=0.27493083
GateB motor-command excitationMax=0.0 riskMin=0.79130983 riskMax=0.79286784 controlMode=2 controlFlags=0x1 inhibitionKind=7 inhibitionFlags=0x0 inhibitionPriority=0.0 predictedInformation=8.9359e-05 unsupportedUncertainty=2.0714913e-05 activeVisionCommand=0.0 activeVisionConfidence=0.0
GateB physical-token words=7135754be4ff0471,da810a8d108fd9a4,8ab231c35c941099,0000000000000640,000000000000000f,0000000000000000,0000000000000000,2e47f8f1d3c02bd8
GateB physical-proprio-validity=1023,1023,1023,1023,1023,1023,1023,1023
GateB risk-diagnostics body=none:value=0.0 joint=row=53:feature=31:value=0.4203521 drives=row=6:feature=0:value=0.27493027
GateB motor-command excitationMax=0.0 riskMin=0.7908653 riskMax=0.79242337 controlMode=2 controlFlags=0x1 inhibitionKind=7 inhibitionFlags=0x0 inhibitionPriority=0.0 predictedInformation=8.9359e-05 unsupportedUncertainty=2.0714913e-05 activeVisionCommand=0.0 activeVisionConfidence=0.0
GateB physical-token words=f97dddfc617f5289,aeff86b14034a9c5,101d25c66de81622,00000000000006a4,0000000000000010,0000000000000000,0000000000000000,a63ab4bef31e554f
GateB physical-proprio-validity=1023,1023,1023,1023,1023,1023,1023,1023
GateB risk-diagnostics body=none:value=0.0 joint=row=53:feature=31:value=0.4197364 drives=row=6:feature=0:value=0.2749297
GateB motor-command excitationMax=0.0 riskMin=0.790421 riskMax=0.791979 controlMode=2 controlFlags=0x1 inhibitionKind=7 inhibitionFlags=0x0 inhibitionPriority=0.0 predictedInformation=8.9359e-05 unsupportedUncertainty=2.0714913e-05 activeVisionCommand=0.0 activeVisionConfidence=0.0
GateB physical-token words=d70c70b681edf541,99b9d8f54b2b38c1,47489892b937676a,0000000000000708,0000000000000011,0000000000000000,0000000000000000,432cf4c1277b84cf
GateB physical-proprio-validity=1023,1023,1023,1023,1023,1023,1023,1023
GateB risk-diagnostics body=none:value=0.0 joint=row=53:feature=31:value=0.41912165 drives=row=6:feature=0:value=0.27492914
GateB motor-command excitationMax=0.0 riskMin=0.78997684 riskMax=0.7915348 controlMode=2 controlFlags=0x1 inhibitionKind=7 inhibitionFlags=0x0 inhibitionPriority=0.0 predictedInformation=8.9359e-05 unsupportedUncertainty=2.0714913e-05 activeVisionCommand=0.0 activeVisionConfidence=0.0
GateB physical-token words=faa35550ca014703,4f8329035c47e8fc,deb845b0cf787514,000000000000076c,0000000000000012,0000000000000000,0000000000000000,1da8ac5b3a12daca
GateB physical-proprio-validity=1023,1023,1023,1023,1023,1023,1023,1023
GateB risk-diagnostics body=none:value=0.0 joint=row=53:feature=31:value=0.41850793 drives=row=6:feature=0:value=0.27492857
GateB motor-command excitationMax=0.0 riskMin=0.7895329 riskMax=0.7910909 controlMode=2 controlFlags=0x1 inhibitionKind=7 inhibitionFlags=0x0 inhibitionPriority=0.0 predictedInformation=8.9359e-05 unsupportedUncertainty=2.0714913e-05 activeVisionCommand=0.0 activeVisionConfidence=0.0
GateB physical-token words=8affdbcd127699b4,f0eae1cf4e622367,df377191f5c6e762,00000000000007d0,0000000000000013,0000000000000000,0000000000000000,2dc108c6352845aa
GateB physical-proprio-validity=1023,1023,1023,1023,1023,1023,1023,1023
GateB risk-diagnostics body=none:value=0.0 joint=row=53:feature=31:value=0.4178952 drives=row=6:feature=0:value=0.274928
GateB motor-command excitationMax=0.0 riskMin=0.7890892 riskMax=0.7906472 controlMode=2 controlFlags=0x1 inhibitionKind=7 inhibitionFlags=0x0 inhibitionPriority=0.0 predictedInformation=8.9359e-05 unsupportedUncertainty=2.0714913e-05 activeVisionCommand=0.0 activeVisionConfidence=0.0
GateB physical-token words=826507f789a87aac,016eae11499c64de,8bd4c583f77b178d,0000000000000834,0000000000000014,0000000000000000,0000000000000000,28c5202897b0dd2c
GateB physical-proprio-validity=1023,1023,1023,1023,1023,1023,1023,1023
GateB risk-diagnostics body=none:value=0.0 joint=row=53:feature=31:value=0.41728348 drives=row=6:feature=0:value=0.27492744
GateB motor-command excitationMax=0.0 riskMin=0.7886456 riskMax=0.79020363 controlMode=2 controlFlags=0x1 inhibitionKind=7 inhibitionFlags=0x0 inhibitionPriority=0.0 predictedInformation=8.9359e-05 unsupportedUncertainty=2.0714913e-05 activeVisionCommand=0.0 activeVisionConfidence=0.0
GateB physical-token words=aa84a9c7b559cbfe,2ded0234340fabfa,643d2496e00f21cb,0000000000000898,0000000000000015,0000000000000000,0000000000000000,194208f27327fe3e
GateB physical-proprio-validity=1023,1023,1023,1023,1023,1023,1023,1023
GateB risk-diagnostics body=none:value=0.0 joint=row=53:feature=31:value=0.4166727 drives=row=6:feature=0:value=0.27492687
GateB motor-command excitationMax=0.0 riskMin=0.78820235 riskMax=0.78976035 controlMode=2 controlFlags=0x1 inhibitionKind=7 inhibitionFlags=0x0 inhibitionPriority=0.0 predictedInformation=8.9359e-05 unsupportedUncertainty=2.0714913e-05 activeVisionCommand=0.0 activeVisionConfidence=0.0
GateB physical-token words=79a8a0a9d52b0247,e7673439e759a0a8,03685554190e47aa,00000000000008fc,0000000000000016,0000000000000000,0000000000000000,31dbecfa30eda032
GateB physical-proprio-validity=1023,1023,1023,1023,1023,1023,1023,1023
GateB risk-diagnostics body=none:value=0.0 joint=row=53:feature=31:value=0.41606292 drives=row=6:feature=0:value=0.2749263
GateB motor-command excitationMax=0.0 riskMin=0.7877592 riskMax=0.7893172 controlMode=2 controlFlags=0x1 inhibitionKind=7 inhibitionFlags=0x0 inhibitionPriority=0.0 predictedInformation=8.9359e-05 unsupportedUncertainty=2.0714913e-05 activeVisionCommand=0.0 activeVisionConfidence=0.0
GateB physical-token words=88061c5c0b35599f,835cb0c69c83d364,f9306cc60153mrnx_matter_status code=0 object=4294967295 index=4294967295 fgmres=10 contacts=0 diagnostics=[0.999999881,0,0,0]
mrnx_human_status code=0 index=4294967295 contacts=0 iterations=12 contact_accel=[0,0,0,157.070633] factor_assist=[0.0102696475,9.85555363,0,0]
mrnx_matter_status code=0 object=4294967295 index=4294967295 fgmres=10 contacts=0 diagnostics=[0.999998391,0,0,0]
mrnx_human_status code=0 index=4294967295 contacts=0 iterations=12 contact_accel=[0,0,0,534.821594] factor_assist=[0.0102696475,9.85555363,0,0]
Context leak detected, CoreAnalytics returned false
mrnx_matter_status code=0 object=4294967295 index=4294967295 fgmres=8 contacts=0 diagnostics=[0.999998629,0,0,0]
mrnx_human_status code=0 index=4294967295 contacts=0 iterations=12 contact_accel=[0,0,0,641.686829] factor_assist=[0.0102696475,9.85555363,0,0]
mrnx_matter_status code=0 object=4294967295 index=4294967295 fgmres=8 contacts=0 diagnostics=[0.999998391,0,0,0]
mrnx_human_status code=0 index=4294967295 contacts=0 iterations=12 contact_accel=[0,0,0,265.699188] factor_assist=[0.0102696475,9.85555363,0,0]
Context leak detected, CoreAnalytics returned false
mrnx_matter_status code=0 object=4294967295 index=4294967295 fgmres=10 contacts=0 diagnostics=[0.999998629,0,0,0]
mrnx_human_status code=0 index=4294967295 contacts=0 iterations=12 contact_accel=[0,0,0,123.583076] factor_assist=[0.0102696475,9.85555363,0,0]
mrnx_matter_status code=0 object=4294967295 index=4294967295 fgmres=10 contacts=0 diagnostics=[0.999998629,0,0,0]
mrnx_human_status code=0 index=4294967295 contacts=0 iterations=12 contact_accel=[0,0,0,151.878693] factor_assist=[0.0102696475,9.85555363,0,0]
mrnx_matter_status code=0 object=4294967295 index=4294967295 fgmres=10 contacts=0 diagnostics=[0.999999881,0,0,0]
mrnx_human_status code=0 index=4294967295 contacts=0 iterations=12 contact_accel=[0,0,0,195.311142] factor_assist=[0.0102696475,9.85555363,0,0]
Context leak detected, CoreAnalytics returned false
mrnx_matter_status code=0 object=4294967295 index=4294967295 fgmres=10 contacts=0 diagnostics=[0.999998391,0,0,0]
mrnx_human_status code=0 index=4294967295 contacts=0 iterations=12 contact_accel=[0,0,0,123.561882] factor_assist=[0.0102696475,9.85555363,0,0]
mrnx_matter_status code=0 object=4294967295 index=4294967295 fgmres=10 contacts=0 diagnostics=[0.999999642,0,0,0]
mrnx_human_status code=0 index=4294967295 contacts=0 iterations=12 contact_accel=[0,0,0,121.707253] factor_assist=[0.0102696475,9.85555363,0,0]
Context leak detected, CoreAnalytics returned false
mrnx_matter_status code=0 object=4294967295 index=4294967295 fgmres=10 contacts=0 diagnostics=[0.999999642,0,0,0]
mrnx_human_status code=0 index=4294967295 contacts=0 iterations=12 contact_accel=[0,0,0,98.2896347] factor_assist=[0.0102696475,9.85555363,0,0]
mrnx_matter_status code=0 object=4294967295 index=4294967295 fgmres=10 contacts=0 diagnostics=[0.999998629,0,0,0]
mrnx_human_status code=0 index=4294967295 contacts=0 iterations=12 contact_accel=[0,0,0,194.351074] factor_assist=[0.0102696475,9.85555363,0,0]
mrnx_matter_status code=0 object=4294967295 index=4294967295 fgmres=10 contacts=0 diagnostics=[0.999998391,0,0,0]
mrnx_human_status code=0 index=4294967295 contacts=0 iterations=12 contact_accel=[0,0,0,221.750595] factor_assist=[0.0102696475,9.85555363,0,0]
Context leak detected, CoreAnalytics returned false
mrnx_matter_status code=0 object=4294967295 index=4294967295 fgmres=10 contacts=0 diagnostics=[0.999998629,0,0,0]
mrnx_human_status code=0 index=4294967295 contacts=0 iterations=12 contact_accel=[0,0,0,127.55191] factor_assist=[0.0102696475,9.85555363,0,0]
mrnx_matter_status code=0 object=4294967295 index=4294967295 fgmres=10 contacts=0 diagnostics=[0.999998629,0,0,0]
mrnx_human_status code=0 index=4294967295 contacts=0 iterations=12 contact_accel=[0,0,0,156.086761] factor_assist=[0.0102696475,9.85555363,0,0]
Context leak detected, CoreAnalytics returned false
mrnx_matter_status code=0 object=4294967295 index=4294967295 fgmres=10 contacts=0 diagnostics=[0.999998629,0,0,0]
mrnx_human_status code=0 index=4294967295 contacts=0 iterations=12 contact_accel=[0,0,0,115.79377] factor_assist=[0.0102696475,9.85555363,0,0]
mrnx_matter_status code=0 object=4294967295 index=4294967295 fgmres=10 contacts=0 diagnostics=[0.999999642,0,0,0]
mrnx_human_status code=0 index=4294967295 contacts=0 iterations=12 contact_accel=[0,0,0,252.735535] factor_assist=[0.0102696475,9.85555363,0,0]
mrnx_matter_status code=0 object=4294967295 index=4294967295 fgmres=10 contacts=0 diagnostics=[0.999999642,0,0,0]
mrnx_human_status code=0 index=4294967295 contacts=0 iterations=12 contact_accel=[0,0,0,409.472046] factor_assist=[0.0102696475,9.85555363,0,0]
Context leak detected, CoreAnalytics returned false
mrnx_matter_status code=0 object=4294967295 index=4294967295 fgmres=10 contacts=0 diagnostics=[0.999999642,0,0,0]
mrnx_human_status code=0 index=4294967295 contacts=0 iterations=12 contact_accel=[0,0,0,183.99852] factor_assist=[0.0102696475,9.85555363,0,0]
mrnx_matter_status code=0 object=4294967295 index=4294967295 fgmres=10 contacts=0 diagnostics=[0.999998391,0,0,0]
mrnx_human_status code=0 index=4294967295 contacts=0 iterations=12 contact_accel=[0,0,0,206.491974] factor_assist=[0.0102696475,9.85555363,0,0]
Context leak detected, CoreAnalytics returned false
mrnx_matter_status code=0 object=4294967295 index=4294967295 fgmres=10 contacts=0 diagnostics=[0.999998629,0,0,0]
mrnx_human_status code=0 index=4294967295 contacts=0 iterations=12 contact_accel=[0,0,0,174.097137] factor_assist=[0.0102696475,9.85555363,0,0]
mrnx_matter_status code=0 object=4294967295 index=4294967295 fgmres=10 contacts=0 diagnostics=[0.999998629,0,0,0]
mrnx_human_status code=0 index=4294967295 contacts=0