time_s,lung_volume_ml,airflow_ml_s,alveolar_pa,pleural_pa,diaphragm_mm,rib_mm,PaO2_mmhg,PaCO2_mmhg,SaO2,oxygen_balance_error_stpd_ml,co2_balance_error_stpd_ml,breaths,tidal_ml,lv_mmhg,rv_mmhg,aorta_mmhg,pulmonary_artery_mmhg,lv_ml,rv_ml,blood_ml,blood_error_ml,aortic_ejected_ml,pulmonary_ejected_ml,complete_filling_ejection_cycles,last_lv_stroke_ml
0.0320000015199,2501.94966793,144.204095704,-19.2256355286,-510.514160156,0.0724901929498,0.00229107681662,99.999961853,40.0000152588,0.972220242023,0.000116415321827,0.000232830643654,0,0,7.01906240117,0.968647712069,82.9146486242,13.1435573448,121.774704894,141.845215694,5149.99963343,0.000931322574615,0,0,0,0
0.0640000030398,2509.26287845,295.484322123,-39.3946762085,-534.269104004,0.360934972763,0.00399388093501,100.000053406,40.0000114441,0.972220301628,0.000116415321827,0.000232830643654,0,0,7.28122091632,1.19429222804,81.0829381924,12.5380135535,124.315018184,146.197897266,5149.99963343,0.000931322574615,0,0,0,0
0.0960000045598,2520.7453873,410.064822063,-54.6708221436,-555.175476074,0.787905812263,0.0174625050277,100.000236511,40.0000190735,0.972220420837,0.000116415321827,0.000232830643654,0,0,7.51204522458,1.42603431337,79.3712009887,12.0133311978,126.551705762,150.668201968,5150.00009909,0.000931322574615,0,0,0,0
0.12800000608,2535.42303108,497.765431646,-66.3632736206,-574.064819336,1.29368007183,0.0513507053256,100.000236511,40.0000267029,0.972220420837,0.000116415321827,0.000232830643654,0,0,10.1017307847,2.29766329567,77.7106496277,11.5623502661,127.785053337,153.882661834,5149.99963343,0.00139698386192,0,0,0,0
0.1600000076,2552.52514035,563.834153581,-75.1717147827,-591.259033203,1.85257220268,0.103516429663,100.000053406,40.0000114441,0.972220301628,0.000116415321827,0.000232830643654,0,0,27.7938411666,7.36609406435,76.0894764994,11.186474377,127.785053337,153.912580572,5149.99963343,0.00139698386192,0,0,0,0
0.19200000912,2571.44425996,613.068754319,-81.7357940674,-607.09979248,2.45004677773,0.169885680079,100.000320435,40.0000267029,0.972220480442,0.000116415321827,0.000232830643654,0,0,60.3892740267,15.5825969928,74.5049787453,12.5369862475,127.785053337,148.083403474,5149.99916777,0.00139698386192,0,5.82918937653,0,0
0.224000010639,2591.70751087,649.202789646,-86.5532684326,-621.852966309,3.07559418678,0.246961832047,100.000144958,40.0000152588,0.972220361233,0.000116415321827,0.000232830643654,0,0,92.1186073425,21.2529050225,87.159894596,17.4982150697,115.690439998,128.344705445,5149.99916777,0.00139698386192,12.0946069728,25.5678878602,0,0
0.256000012159,2612.94399388,674.915034324,-89.9812850952,-635.693908691,3.72093772888,0.332007229328,99.999961853,40.0000038147,0.972220242023,0.000116415321827,0.000232830643654,0,0,105.92497026,24.1341577926,101.832278316,21.2729384055,94.4683561102,110.679815407,5150.00056475,0.00139698386192,33.316668123,43.232794269,0,0
0.288000013679,2634.85615142,692.230416462,-92.2898101807,-648.746704102,4.37928199768,0.422900259495,99.999961853,40.0000038147,0.972220242023,0.000116415321827,0.000232830643654,0,0,111.628228992,25.1764998327,108.915672322,23.2258324917,79.1903803474,98.0905242614,5149.99963343,0.00139698386192,48.5946511617,55.8220817766,0,0
0.320000015199,2657.20230527,702.682242263,-93.6832733154,-661.097167969,5.04484701157,0.518020510674,99.999961853,40.0000038147,0.972220242023,0.000116415321827,0.000232830643654,0,0,113.385233584,25.1129936427,111.723048788,23.8458455495,69.4798800396,89.7221107152,5150.00056475,0.00139698386192,58.3051514695,64.1904844088,0,0
0.352000016719,2679.78059128,707.294791937,-94.2982330322,-672.78302002,5.7126660347,0.616067409515,99.9998245239,39.9999961853,0.972220122814,0.000116415321827,0.000232830643654,0,0,112.945854252,24.3867926682,112.027915125,23.6160805934,63.7796911178,84.4368769322,5150.00009909,0.00139698386192,64.0053331153,69.4757472957,0,0
0.384000018239,2702.42081024,706.971506588,-94.2551345825,-683.841186523,6.3784031868,0.716013967991,99.9998245239,39.9999961853,0.972220122814,0.000116415321827,0.000232830643654,0,0,110.934107068,23.2445840311,110.583841496,22.8548688102,61.0067363596,81.4427621663,5149.99963343,0.00139698386192,66.7782878736,72.4698475096,0,0
0.416000019759,2724.97558035,702.364312019,-93.6408920288,-694.286254883,7.03821372986,0.817008435726,99.9998245239,39.9999885559,0.972220122814,0.000116415321827,0.000232830643654,0,0,100.204278455,20.4786312539,107.666065342,21.605664695,60.6856992817,80.7880787761,5150.00103042,0.00139698386192,67.0993249514,73.1245163479,1,67.0993249514
0.448000021279,2747.31754325,693.967507686,-92.5214080811,-704.121704102,7.6886548996,0.918354511261,99.9998245239,39.9999961853,0.972220122814,0.000116415321827,0.000232830643654,0,0,68.0834921046,13.1578086979,105.242135882,20.3912644625,60.6856992817,80.7880787761,5150.00056475,0.00139698386192,67.0993249514,73.1245163479,1,67.0993249514
0.480000022799,2769.33331043,682.22254049,-90.9555435181,-713.350891113,8.32663536072,1.01945638657,99.9998245239,40,0.972220122814,0.000116415321827,0.000232830643654,0,0,29.6336418621,4.39449284328,102.991394469,19.3713455278,60.6856992817,80.7880787761,5150.00009909,0.00139698386192,67.0993249514,73.1245163479,1,67.0993249514
0.512000024319,2790.92229903,667.535932735,-88.9974899292,-721.978637695,8.94937992096,1.11979711056,99.9998245239,39.9999961853,0.972220122814,0.000116415321827,0.000232830643654,0,0,5.07648211934,-0.758181196126,100.810934703,18.5102964469,65.9464130877,89.6454585018,5150.00056475,0.00139698386192,67.0993249514,73.1245163479,1,67.0993249514
0.544000025839,2811.99486926,650.17392626,-86.6827392578,-729.996520996,9.55439662933,1.21891367435,100.000053406,40.0000114441,0.972220301628,0.000116415321827,0.000232830643654,0,0,3.28243591244,-1.16842874615,98.6828840258,17.6675978716,85.5667967699,100.621015008,5150.00103042,0.00139698386192,67.0993249514,73.1245163479,1,67.0993249514
0.576000027359,2832.4695304,630.397058558,-84.046043396,-737.399169922,10.1394720078,1.31637907028,100.000053406,40.0000114441,0.972220301628,0.000116415321827,0.000232830643654,0,0,4.64177419105,-0.865206831848,96.6028182445,16.7727282652,98.7387829809,106.47016461,5150.00149608,0.00139698386192,67.0993249514,73.1245163479,1,67.0993249514
0.608000028878,2852.27433778,608.447182458,-81.1196365356,-744.18371582,10.702624321,1.41181075573,100.000144958,40.0000152588,0.972220361233,0.000116415321827,0.000232830643654,0,0,5.58329054066,-0.647892524735,94.5686278114,15.885558876,107.86207713,110.662156658,5150.00056475,0.00139698386192,67.0993249514,73.1245163479,1,67.0993249514
0.640000030398,2871.34386599,584.607827477,-77.9413146973,-750.355773926,11.24214077,1.50483977795,100.000053406,40.0000114441,0.972220301628,0.000116415321827,0.000232830643654,0,0,6.25131458944,-0.464647014465,92.5791700545,15.0458222747,114.335227408,114.196962386,5150.00009909,0.00139698386192,67.0993249514,73.1245163479,1,67.0993249514
0.672000031918,2889.61990736,558.999890927,-74.5271987915,-755.903015137,11.7565450668,1.59510719776,100.000053406,40.0000152588,0.972220301628,0.000116415321827,0.000232830643654,0,0,6.7364690114,-0.298044897425,90.63337555,14.2731160176,119.036376418,117.410716484,5150.00056475,0.00186264514923,67.0993249514,73.1245163479,1,67.0993249514
0.704000033438,2907.05100633,531.887577381,-70.9125213623,-760.835327148,12.2446069717,1.68226420879,100.000144958,40.0000152588,0.972220361233,0.000116415321827,0.000232830643654,0,0,7.09744758981,-0.141345507939,88.7302554474,13.5749663573,122.534256661,120.433447591,5150.00103042,0.00186264514923,67.0993249514,73.1245163479,1,67.0993249514
0.736000034958,2923.59152809,503.46122589,-67.1226577759,-765.155822754,12.7053489685,1.76596701145,100.000053406,40.0000114441,0.972220301628,0.000116415321827,0.000232830643654,0,0,7.37256737409,0.00824993090366,86.8688868191,12.9518658878,125.200167531,123.319143313,5150.00056475,0.00186264514923,67.0993249514,73.1245163479,1,67.0993249514
0.768000036478,2939.20258991,473.871361464,-63.1776618958,-768.865478516,13.1379909515,1.84588062763,99.9998703003,40.0000038147,0.972220122814,0.000116415321827,0.000232830643654,0,0,7.58707060982,0.15199179057,85.048427311,12.4004342048,127.278704895,126.091923448,5150.00056475,0.00186264514923,67.0993249514,73.1245163479,1,67.0993249514
0.800000037998,2953.84973288,443.312543212,-59.1034889221,-771.973266602,13.542011261,1.92165827751,99.999961853,40.0000038147,0.972220242023,0.000232830643654,0.000232830643654,0,0,7.75779385376,0.290508086754,83.2679320213,11.9153031307,128.933010274,128.763902467,5150.00056475,0.00186264514923,67.0993249514,73.1245163479,1,67.0993249514
0.832000039518,2967.50548296,412.008637795,-54.929977417,-774.495605469,13.917098999,1.99296998978,99.999961853,40.0000114441,0.972220242023,0.000232830643654,0.000232830643654,0,0,7.89612674331,0.424172977204,81.5265512707,11.4902712897,130.273459945,131.342298118,5150.00009909,0.00186264514923,67.0993249514,73.1245163479,1,67.0993249514
0.864000041038,2980.14655709,379.99037886,-50.6612243652,-776.425170898,14.2631120682,2.0594792366,100.000053406,40.0000114441,0.972220301628,0.000232830643654,0.000232830643654,0,0,8.01012658058,0.553810246665,79.8234939788,11.1190173621,131.378110382,133.843001095,5150.00009909,0.00186264514923,67.0993249514,73.1245163479,1,67.0993249514
0.896000042558,2991.75432883,347.463297658,-46.3246383667,-777.780273438,14.5801610947,2.12084007263,100.000053406,40.0000152588,0.972220301628,0.000232830643654,0.000232830643654,0,0,8.1196244003,0.722715104017,78.1580056891,10.7966968951,132.439148729,137.101174914,5150.00103042,0.00186264514923,67.0993249514,73.1245163479,1,67.0993249514
0.928000044078,3002.31506117,314.575416269,-41.9399452209,-778.573852539,14.8684597015,2.17672538757,99.9998703003,40,0.972220122814,0.000232830643654,0.000232830643654,0,0,8.23775452048,0.953379925771,76.5292660217,10.5215418601,133.583831484,141.550699482,5150.00103042,0.00186264514923,67.0993249514,73.1245163479,1,67.0993249514
0.960000045598,3011.81920804,281.463231659,-37.525352478,-778.819458008,15.1283941269,2.226821661,99.9998703003,40,0.972220122814,0.000232830643654,0.000232830643654,0,0,8.35556692659,1.18287249019,74.9364692464,10.2902689066,134.725429234,145.977610373,5150.00056475,0.00186264514923,67.0993249514,73.1245163479,1,67.0993249514
0.992000047117,3020.25978453,248.167634709,-33.0863037109,-778.519104004,15.360490799,2.27079463005,99.9998703003,39.9999961853,0.972220122814,0.000232830643654,0.000232830643654,0,0,13.5619135279,2.63388901803,73.3790879761,10.0983247433,135.111811687,148.509483552,5149.99963343,0.00186264514923,67.0993249514,73.1245163479,1,67.0993249514
1.02400004864,3027.63562649,215.147534618,-28.6839828491,-777.733398438,15.5653476715,2.30836892128,99.9997329712,39.9999885559,0.97222006321,0.000232830643654,0.000232830643654,0,0,36.0868284929,8.38782543421,71.85634578,9.94508859172,135.111811687,148.509483552,5150.00009909,0.00186264514923,67.0993249514,73.1245163479,1,67.0993249514
1.05600005016,3033.99469703,184.526434168,-24.6015052795,-776.768981934,15.7443504333,2.33976387978,99.999961853,39.9997253418,0.972220242023,0.000232830643654,0.000232830643654,0,0,73.2844952497,15.9019536545,71.4624169563,12.5567815737,134.506190079,138.776056701,5150.00056475,0.00186264514923,67.7049465594,82.8579286463,1,67.0993249514
1.08800005168,3039.40149024,155.40435561,-20.7188796997,-775.537475586,15.8990936279,2.36540460587,100.00856781,39.9927597046,0.972226500511,0.000232830643654,0.000465661287308,0,0,97.6983329848,20.6631324844,92.4549777301,17.2861798405,112.363944936,119.932949019,5149.99963343,0.00186264514923,89.8471771507,101.70105088,1,67.0993249514
1.1200000532,3043.88720542,126.807208289,-16.9062404633,-773.924316406,16.0306873322,2.38533496857,100.012825012,39.988986969,0.972229599953,0.000232830643654,0.000465661287308,0,0,108.874411611,23.012068605,105.005441646,20.5272607344,91.4913034649,104.387938336,5150.00056475,0.00186264514923,110.71984045,117.246061563,1,67.0993249514
1.15200005472,3047.46022448,98.2851925073,-13.1036167145,-771.873657227,16.139875412,2.39939045906,100.014862061,39.9872741699,0.972231090069,0.000232830643654,0.000465661287308,0,0,113.378560673,23.7966905132,110.889462289,22.1213320284,77.2952771513,93.5219431994,5150.00056475,0.00186264514923,124.915881315,128.112049424,1,67.0993249514
1.18400005624,3050.11868477,69.6111455909,-9.28072452545,-769.354309082,16.2272815704,2.40728068352,100.015678406,39.9864387512,0.972231686115,0.000232830643654,0.000465661287308,0,0,114.542005795,23.6380257543,113.044739323,22.5617936029,68.4621554683,86.3700333866,5150.00009909,0.00186264514923,133.74898117,135.263981065,1,67.0993249514
1.21600005776,3051.8558342,40.7146981161,-5.42818069458,-766.353515625,16.2933750153,2.40869069099,100.016395569,39.986038208,0.972232162952,0.000232830643654,0.000465661287308,0,0,113.717077233,22.9053001964,112.923791894,22.2688722168,63.4089374216,81.9314955152,5150.00103042,0.00186264514923,138.802206493,139.702504384,1,67.0993249514
1.24800005928,3052.66212672,11.4574868348,-1.52753949165,-762.848205566,16.3385620117,2.40330171585,100.016899109,39.9858779907,0.972232580185,0.000232830643654,0.000465661287308,0,0,111.344912277,21.7935664732,111.12086068,21.5096894088,61.1608920735,79.547848145,5150.00009909,0.00186264514923,141.050273669,142.086166306,1,67.0993249514
1.2800000608,3052.52708495,-18.1359901035,2.41793346405,-758.836547852,16.3631706238,2.39079928398,100.016899109,39.9859275818,0.972232580185,0.000232830643654,0.000465661287308,0,0,95.6972653881,18.2591118856,108.144405392,20.3111419181,61.1046561971,79.3127110228,5150.00056475,0.00186264514923,141.106502269,142.321310705,2,74.0071336622
1.31200006232,3051.43930018,-48.0331182189,6.4038901329,-754.317199707,16.3674125671,2.37089943886,100.017127991,39.9859771729,0.972232699394,0.000232830643654,0.000465661287308,0,0,60.284899003,10.6006096304,105.755649719,19.2458951655,61.1046561971,79.3127110228,5150.00056475,0.00186264514923,141.106502269,142.321310705,2,74.0071336622
1.34400006384,3049.38619956,-78.442360973,10.4581232071,-749.256286621,16.3512439728,2.34341859818,100.017036438,39.9859848022,0.97223263979,0.000232830643654,0.000465661287308,0,0,22.7283545178,2.59897343193,103.502022326,18.3512526286,61.1046561971,79.9327317509,5150.00056475,0.00186264514923,141.106502269,142.321310705,2,74.0071336622
1.37600006536,3046.35311477,-109.305401566,14.5728578568,-743.65435791,16.3142757416,2.30827236176,100.017219543,39.9860076904,0.972232758999,0.000232830643654,0.000465661287308,0,0,3.04570322118,-1.3100795503,101.312780101,17.5864681644,70.3943151166,91.5751879802,5150.00103042,0.00186264514923,141.106502269,142.321310705,2,74.0071336622
1.40800006688,3042.32467897,-140.581076266,18.7426052094,-737.509277344,16.2559700012,2.26542615891,100.017219543,39.9860229492,0.972232758999,0.000232830643654,0.000465661287308,0,0,3.58037457136,-1.14136021691,99.1750240371,16.7966712708,88.4538239916,101.14316683,5150.00009909,0.00186264514923,141.106502269,142.321310705,2,74.0071336622
1.4400000684,3037.2866895,-172.364554601,22.9800548553,-730.801574707,16.1756877899,2.21490907669,100.017311096,39.986038208,0.972232878208,0.000232830643654,0.000465661287308,0,0,4.8043650535,-0.86238580329,97.0850917232,15.9593491134,100.314289739,106.524581497,5150.00009909,0.00186264514923,141.106502269,142.321310705,2,74.0071336622
1.47200006992,3031.2249437,-204.555661185,27.2718505859,-723.537475586,16.0726413727,2.15681433678,100.017356873,39.9860687256,0.972232878208,0.000232830643654,0.000465661287308,0,0,5.65506736819,-0.65214647122,95.0412032283,15.1336779979,108.557593194,110.580098408,5150.00103042,0.00186264514923,141.106502269,142.321310705,2,74.0071336622
1.50400007144,3024.12477322,-237.227985053,31.6278018951,-715.700073242,15.9458427429,2.09131360054,100.017311096,39.9860725403,0.972232878208,0.000232830643654,0.000465661287308,0,0,6.25995192572,-0.470679747725,93.0421426322,14.3546577459,114.418922749,114.08059072,5150.00009909,0.00186264514923,141.106502269,142.321310705,2,74.0071336622
1.53600007296,3015.97104408,-270.400632871,36.0504570007,-707.279418945,15.7940645218,2.01865839958,100.017448425,39.9860916138,0.972232937813,0.000232830643654,0.000465661287308,0,0,6.70023358429,-0.303927529098,91.0869137596,13.6393194796,118.685253256,117.297240649,5150.00056475,0.00186264514923,141.106502269,142.321310705,2,74.0071336622
1.56800007448,3006.74675964,-304.131943267,40.5475959778,-698.259277344,15.6158266068,1.93918251991,100.017356873,39.9861068726,0.972232878208,0.000232830643654,0.000465661287308,0,0,7.02857459564,-0.146353052514,89.1746449566,12.9938865494,121.866876725,120.336851978,5150.00056475,0.00186264514923,141.106502269,142.321310705,2,74.0071336622
1.600000076,2996.43189646,-338.487443514,45.1279563904,-688.62121582,15.4092359543,1.85334968567,100.017356873,39.9861221313,0.972232878208,0.000232830643654,0.000465661287308,0,0,7.27937048364,0.00437696313609,87.304376672,12.418380014,124.297090224,123.24443378,5150.00056475,0.00186264514923,141.106502269,142.321310705,2,74.0071336622
1.63200007752,2985.00456847,-373.643910279,49.8150978088,-678.330932617,15.1720552444,1.76172244549,100.017356873,39.9861373901,0.972232878208,0.000232830643654,0.000465661287308,0,0,7.47530942069,0.149333367296,85.475200628,11.909366364,126.195736811,126.040642499,5150.00056475,0.00186264514923,141.106502269,142.321310705,2,74.0071336622
1.66400007904,2972.43823297,-409.679545555,54.6194572449,-667.364868164,14.9015016556,1.66501164436,100.017311096,39.9861373901,0.972232878208,0.000232830643654,0.000465661287308,0,0,7.6315391347,0.289072507857,83.6861719228,11.4617713304,127.709601657,128.736210172,5150.00056475,0.00186264514923,141.106502269,142.321310705,2,74.0071336622
1.69600008056,2958.69959518,-446.853635367,59.5755958557,-655.672241211,14.5941762924,1.56408834457,100.017219543,39.9861412048,0.972232758999,0.000232830643654,0.000465661287308,0,0,7.7583194096,0.423936093668,81.936455527,11.0697552003,128.938103444,131.337728817,5149.99963343,0.00186264514923,141.106502269,142.321310705,2,74.0071336622
1.72800008208,2943.74930672,-485.394702991,64.7139816284,-643.20324707,14.2459383011,1.46001446247,100.017219543,39.9861564636,0.972232758999,0.000232830643654,0.000465661287308,0,0,7.86395247113,0.557499895878,80.2252090863,10.7274773454,129.961685161,133.914174512,5149.99963343,0.00186264514923,141.106502269,142.321310705,2,74.0071336622
1.7600000836,2927.53730901,-525.645795278,70.0803527832,-629.887573242,13.8517131805,1.35407555103,100.016990662,39.9861526489,0.97223263979,0.000232830643654,0.000465661287308,0,0,7.97093513076,0.744427530253,78.5517074434,10.4311746392,130.99834905,137.520008138,5150.00056475,0.00186264514923,141.106502269,142.321310705,2,74.0071336622
1.79200008512,2910.00213474,-568.035757169,75.7318878174,-615.638000488,13.4052791595,1.24783754349,100.016899109,39.9861602783,0.972232580185,0.000232830643654,0.000465661287308,0,0,8.08579288757,0.982027411541,76.9151009192,10.1793958519,132.111323182,142.103308463,5150.00009909,0.00186264514923,141.106502269,142.321310705,2,74.0071336622
1.82400008664,2891.06741548,-613.059150055,81.7345123291,-600.351013184,12.8991174698,1.1431593895,100.016899109,39.9861831665,0.972232580185,0.000232830643654,0.000465661287308,0,0,8.19796609783,1.20644227334,75.3147522544,9.96849596988,133.19827849,146.432270412,5150.00056475,0.00186264514923,141.106502269,142.321310705,2,74.0071336622
1.85600008816,2870.6388548,-661.288620904,88.1645812988,-583.904174805,12.3240995407,1.04227519035,100.016899109,39.9861869812,0.972232580185,0.000232830643654,0.000465661287308,0,0,16.6322363849,3.46953424946,73.7498996677,9.79497281347,133.343914058,148.13488815,5150.00056475,0.00186264514923,141.106502269,142.321310705,2,74.0071336622
1.88800008968,2848.60515967,-713.239074685,95.0907363892,-566.174194336,11.6694898605,0.947798550129,100.016807556,39.9861907959,0.97223252058,0.000232830643654,0.000465661287308,0,0,42.3214040372,10.0874180862,72.2198692756,9.69538639091,133.343914058,148.004211951,5150.00009909,0.00186264514923,141.106502269,142.451986903,2,74.0071336622
1.9200000912,2824.84199852,-768.934143707,102.516136169,-547.096923828,10.9234037399,0.862614810467,100.029899597,39.9755439758,0.972242057323,0.000232830643654,0.000465661287308,0,0,79.5752851257,16.9941282768,75.638091787,13.4468964562,130.048880237,134.069472551,5150.00103042,0.00186264514923,144.401521538,156.386740855,2,74.0071336622
1.95200009272,2799.27602969,-825.369672384,110.040260315,-527.03704834,10.0779218674,0.788800358772,100.094276428,39.9231643677,0.97228884697,0.000232830643654,0.000465661287308,0,0,100.43203641,21.119529205,95.4620361161,17.938174894,106.930798211,115.589878988,5150.00056475,0.00186264514923,167.519581737,174.866348971,2,74.0071336622
1.98400009423,2771.90608904,-881.714047864,117.552223206,-506.104675293,9.13284778595,0.726417958736,100.125709534,39.8976402283,0.972311675549,0.000232830643654,0.000465661287308,0,0,109.794548184,23.0417268015,106.270254953,20.7652661132,87.6193953445,101.190264104,5149.99963343,0.00186264514923,186.830991879,189.265949302,2,74.0071336622
2.01600009575,2742.78526194,-929.593632463,123.935646057,-485.442382812,8.09023475647,0.675491094589,100.140022278,39.8858604431,0.972322106361,0.000232830643654,0.000465661287308,0,0,113.400762203,23.5699690198,111.165454185,22.0518341355,74.7878730181,91.2942050491,5150.00056475,0.00186264514923,199.662492378,199.161979253,2,74.0071336622
2.04800009727,2713.09213713,-917.293597013,122.295776367,-472.522735596,7.00133228302,0.634314119816,100.147315979,39.8800544739,0.972327411175,0.000232830643654,0.000465661287308,0,0,114.071342156,23.2605484765,112.749468501,22.2971020734,66.9119253871,84.8480485729,5150.00056475,0.00186264514923,207.538425457,205.608143006,2,74.0071336622
2.08000009879,2684.60693769,-861.421052832,114.846717834,-466.004577637,5.96078872681,0.593122065067,100.150993347,39.8772087097,0.972330033779,0.000232830643654,0.000465661287308,0,0,112.906007231,22.437498731,112.242232035,21.88504432,62.5378379482,80.9228949947,5150.00149608,0.00186264514923,211.912498344,209.533274756,2,74.0071336622
2.11200010031,2658.32734294,-783.534662332,104.462715149,-463.502838135,5.02478075027,0.545131206512,100.152305603,39.8763389587,0.972330987453,0.000232830643654,0.000465661287308,0,0,109.742454064,21.1527545888,109.954053466,21.0312321614,60.9388080193,79.0073900134,5150.00103042,0.00186264514923,213.511535549,211.448787013,3,72.4050842109
2.14400010183,2634.71971266,-696.672825143,92.8820877075,-463.507873535,4.21148967743,0.490542799234,100.151985168,39.8766822815,0.972330749035,0.000232830643654,0.000465661287308,0,0,88.9461032454,16.6667472747,107.203949768,19.8216333484,60.9388080193,78.9857003838,5150.00149608,0.00186264514923,213.511535549,211.470469367,3,72.4050842109
2.17600010335,2613.9204856,-609.159178566,81.2145614624,-464.976867676,3.51766514778,0.432982474566,100.151756287,39.8768386841,0.972330629826,0.000232830643654,0.000465661287308,0,0,51.5222094206,8.62373774562,104.868833752,18.8004179205,60.9388080193,78.9857003838,5150.00009909,0.00186264514923,213.511535549,211.470469367,3,72.4050842109
2.20800010487,2595.85748427,-525.966752321,70.1231460571,-467.211425781,2.93086028099,0.37643429637,100.151573181,39.8769569397,0.972330451012,0.000232830643654,0.000465661287308,0,0,16.2408108185,1.41272820545,102.641172846,17.9427327633,60.9388080193,81.4167869976,5150.00056475,0.00186264514923,213.511535549,211.470469367,3,72.4050842109
2.24000010639,2580.34304716,-449.732964626,59.9594726562,-469.767852783,2.43699526787,0.323638856411,100.151390076,39.8770637512,0.972330331802,0.000232830643654,0.000465661287308,0,0,2.21957934025,-1.48600856675,100.47297483,17.1922426855,74.5577708585,94.1528851399,5150.00196174,0.00186264514923,213.511535549,211.470469367,3,72.4050842109
2.27200010791,2567.13130511,-381.660356652,50.8838729858,-472.36529541,2.02306580544,0.275911271572,100.151077271,39.8771743774,0.972330093384,0.000232830643654,0.000465661287308,0,0,3.81109312753,-1.07736795636,98.3548785827,16.393595578,90.6894856598,102.377576695,5150.00056475,0.00186264514923,213.511535549,211.470469367,3,72.4050842109
2.30400010943,2555.9545029,-321.998551954,42.9296150208,-474.839202881,1.67738425732,0.233664870262,100.150856018,39.8772735596,0.972329974174,0.000232830643654,0.000465661287308,0,0,4.92411579012,-0.817963230207,96.2839175528,15.5626203772,101.474674011,107.381492853,5150.00056475,0.00186264514923,213.511535549,211.470469367,3,72.4050842109
2.33600011095,2546.54791206,-270.421587629,36.0532531738,-477.103210449,1.38953614235,0.196827471256,100.150947571,39.877407074,0.972330033779,0.000232830643654,0.000465661287308,0,0,5.70190593017,-0.614647913215,94.2585681775,14.7531920503,109.011460154,111.30344501,5150.00009909,0.00186264514923,213.511535549,211.470469367,3,72.4050842109
2.36800011247,2538.66356798,-226.285759709,30.1689586639,-479.121582031,1.15035438538,0.165079250932,100.150947571,39.8775177002,0.972330033779,0.000232830643654,0.000465661287308,0,0,6.25784420874,-0.435939585343,92.2776584857,13.9950841596,114.398499136,114.750728244,5149.99963343,0.00186264514923,213.511535549,211.470469367,3,72.4050842109
2.40000011399,2532.07585774,-188.822334167,25.1742458344,-480.886108398,0.951910555363,0.137969449162,100.150764465,39.8776168823,0.972329854965,0.000232830643654,0.000465661287308,0,0,6.6647407108,-0.270376648539,90.3401410279,13.3021818172,118.341326015,117.944437079,5150.00056475,0.00186264514923,213.511535549,211.470469367,3,72.4050842109
2.43200011551,2526.58547834,-157.208152814,20.9593658447,-482.408843994,0.787423610687,0.114999428391,100.150672913,39.8777313232,0.972329795361,0.000232830643654,0.000465661287308,0,0,6.96986890953,-0.113374373451,88.445092877,12.6789485854,121.298020531,120.97301078,5150.00149608,0.00186264514923,213.511535549,211.470469367,3,72.4050842109
2.46400011703,2522.01850526,-130.660555442,17.4199771881,-483.70892334,0.651182293892,0.0956516191363,100.150535583,39.8778305054,0.972329735756,0.000232830643654,0.000465661287308,0,0,7.20417388074,0.0370331529574,86.5916716785,12.1244093474,123.568432173,123.874371639,5150.00103042,0.00186264514923,213.511535549,211.470469367,3,72.4050842109
2.49600011855,2518.22569408,-108.444030047,14.4580173492,-484.811157227,0.538407206535,0.0794268250465,100.150352478,39.8779296875,0.972329556942,0.000232830643654,0.000465661287308,0,0,7.38812712314,0.181770031133,84.7789032315,11.6346947672,125.350939925,126.66634575,5150.00009909,0.00186264514923,213.511535549,211.470469367,3,72.4050842109
2.52800012007,2515.07945359,-89.9118240341,11.9872589111,-485.739196777,0.445090681314,0.0658711269498,100.150123596,39.8780250549,0.972329437733,0.000232830643654,0.000465661287308,0,0,7.53542742367,0.321328869531,83.0059891305,11.2044934344,126.778279082,129.358435515,5150.00056475,0.00186264514923,213.511535549,211.470469367,3,72.4050842109
2.56000012159,2512.47221604,-74.4845237932,9.93045520782,-486.517608643,0.367897748947,0.0545777752995,100.150032043,39.878112793,0.972329378128,0.000232830643654,0.000465661287308,0,0,7.65539424249,0.456031795714,81.2720357475,10.8280050073,127.94075883,131.956854602,5150.00103042,0.00186264514923,213.511535549,211.470469367,3,72.4050842109
2.59200012311,2510.31271182,-61.66514504,8.22134494781,-487.167816162,0.304069280624,0.0451854579151,100.149848938,39.8782119751,0.972329199314,0.000232830643654,0.000465661287308,0,0,7.75776638568,0.595541577846,79.5762300275,10.4995857119,128.932748339,134.647998493,5150.00009909,0.00186264514923,213.511535549,211.470469367,3,72.4050842109
2.62400012463,2508.5255038,-51.0225290782,6.80244541168,-487.710388184,0.251302808523,0.0373862199485,100.149757385,39.8783035278,0.972329139709,0.000232830643654,0.000465661287308,0,0,7.86560604926,0.79889197386,77.9177882147,10.2163019579,129.97770682,138.570627314,5150.00056475,0.00186264514923,213.511535549,211.470469367,3,72.4050842109
2.65600012615,2507.04726204,-42.1999575337,5.62619924545,-488.161834717,0.207686588168,0.0309206042439,100.149757385,39.87840271,0.972329139709,0.000232830643654,0.000465661287308,0,0,7.9796361014,1.03936072394,76.2959045788,9.97652122587,131.082662847,143.209268572,5150.00009909,0.00186264514923,213.511535549,211.470469367,3,72.4050842109
2.68800012767,2505.82490116,-34.8927642335,4.65198659897,-488.536682129,0.171638637781,0.0255650710315,100.149627686,39.8784942627,0.972329080105,0.000232830643654,0.000465661287308,0,0,8.34997992008,1.32501256943,74.7099638351,9.7760125167,132.067099912,147.375787492,5150.00103042,0.00186264514923,213.511535549,211.470469367,3,72.4050842109
2.72000012919,2504.81418334,-28.8437950076,3.84552359581,-488.84753418,0.141850277781,0.0211320444942,100.149360657,39.8785743713,0.972328841686,0.000232830643654,0.000465661287308,0,0,20.4960075584,4.54902319903,73.1592481512,9.61259028717,132.067099912,148.283244926,5150.00056475,0.00186264514923,213.511535549,211.470469367,3,72.4050842109
2.75200013071,2503.97855416,-23.8397296926,3.17836976051,-489.104949951,0.117238678038,0.0174631457776,100.149360657,39.8786582947,0.972328841686,0.000232830643654,0.000465661287308,0,0,49.2132979481,11.779492726,71.6430543442,9.99654270595,132.067099912,146.503210999,5150.00056475,0.00186264514923,213.511535549,213.250503293,3,72.4050842109
2.78400013223,2503.2882113,-19.6991968551,2.62634396553,-489.318481445,0.0969046503305,0.0144289061427,100.206207275,39.8348808289,0.9723700881,0.000232830643654,0.000465661287308,0,0,84.7181731483,18.0531141394,79.8840262919,14.4456677198,124.57932462,129.76238213,5150.00056475,0.00186264514923,220.999325393,229.991332162,3,72.4050842109
2.81600013375,2502.71777622,-16.2781234394,2.17023825645,-489.494903564,0.0801061764359,0.0119197620079,100.323356628,39.745223999,0.972454667091,0.000232830643654,0.000465661287308,0,0,102.353732257,21.6127130031,97.6997979488,18.6257960411,101.575598819,111.90330406,5150.00103042,0.00186264514923,244.003065745,247.850402957,3,72.4050842109
2.84800013527,2502.246527,-13.448712707,1.79301452637,-489.641052246,0.0662267431617,0.00984681583941,100.377845764,39.7035827637,0.972493946552,0.000232830643654,0.000465661287308,0,0,110.075337837,23.1623702506,106.884668186,21.0703759998,83.8547712192,98.5549995676,5150.00056475,0.00232830643654,261.723907897,261.198729277,3,72.4050842109
2.88000013679,2501.85700133,-11.1121880764,1.48150348663,-489.761566162,0.054758515209,0.00813418999314,100.403617859,39.6840705872,0.972512483597,0.000232830643654,0.000465661287308,0,0,112.881088193,23.4649549056,110.885323766,22.083823456,72.321810876,89.5082848729,5150.00196174,0.00232830643654,273.256882792,270.245451247,3,72.4050842109
2.91200013831,2501.53499655,-9.17992565519,1.22388958931,-489.861297607,0.0452855452895,0.00671900715679,100.416130066,39.6743240356,0.972521483898,0.000232830643654,0.000465661287308,0,0,113.102371007,23.018847726,111.946851341,22.1546654534,65.3503011563,83.6791659822,5150.00103042,0.00232830643654,280.228385236,276.074541034,3,72.4050842109
2.94400013983,2501.26933679,-7.5865141298,1.01145219803,-489.943481445,0.0374551154673,0.00555038871244,100.422195435,39.6696205139,0.972525835037,0.000232830643654,0.000465661287308,0,0,111.618596854,22.1093101675,111.079519396,21.6328342839,61.6249672021,80.2115755505,5150.00103042,0.00232830643654,283.953704638,279.542116914,3,72.4050842109
2.97600014135,2501.04977749,-6.26791916147,0.835653960705,-490.01159668,0.0309823229909,0.00458605727181,100.423332214,39.6688804626,0.972526609898,0.000232830643654,0.000465661287308,0,0,106.590723156,20.5284913042,108.46530576,20.6541009813,60.6053508818,78.8462202763,5150.00056475,0.00232830643654,284.973270027,280.907435808,4,71.4617781341
3.00800014287,2500.86816959,-5.17853095516,0.690414130688,-490.067810059,0.0256372503936,0.0037882628385,100.42250824,39.669467926,0.972526013851,0.000232830643654,0.000465661287308,0,0,81.134819893,15.0409009112,105.893854424,19.4807508716,60.6053508818,78.8462202763,5150.00103042,0.00232830643654,284.973270027,280.907435808,4,71.4617781341
3.04000014439,2500.71822666,-4.28021940024,0.570649087429,-490.114044189,0.0212217401713,0.00312850391492,100.422111511,39.6697845459,0.972525775433,0.000232830643654,0.000465661287308,0,0,42.7515101473,6.76651771237,103.6099389,18.4953116962,60.6053508818,78.8462202763,5150.00149608,0.00232830643654,284.973270027,280.907435808,4,71.4617781341
3.07200014591,2500.59436075,-3.53676114173,0.471529453993,-490.152435303,0.0175694059581,0.00258453423157,100.4217453,39.67004776,0.972525477409,0.000232830643654,0.000465661287308,0,0,10.760106672,0.428395163727,101.414536502,17.6676674574,60.8170303167,83.7283369037,5150.00149608,0.00232830643654,284.973270027,280.907435808,4,71.4617781341
3.10400014743,2500.49168244,-2.92318804895,0.389726430178,-490.183868408,0.0145494537428,0.00213575107045,100.421424866,39.6702957153,0.972525238991,0.000232830643654,0.000465661287308,0,0,2.52548763232,-1.3856569294,99.2749272581,16.9165950563,78.2319693826,96.4306818787,5150.00056475,0.00232830643654,284.973270027,280.907435808,4,71.4617781341
3.13600014895,2500.40716492,-2.41572843152,0.322070688009,-490.210083008,0.0120524652302,0.00176511250902,100.421012878,39.6705360413,0.972525000572,0.000232830643654,0.000465661287308,0,0,4.02620684124,-1.01407578838,97.1842404877,16.1061055461,92.7739383769,103.598482383,5150.00103042,0.00232830643654,284.973270027,280.907435808,4,71.4617781341
3.16800015047,2500.33708289,-1.997651907,0.266331732273,-490.23147583,0.00998817477375,0.00145877222531,100.42061615,39.6707725525,0.972524702549,0.000232830643654,0.000465661287308,0,0,5.04792859728,-0.770603118148,95.139773332,15.2777883393,102.674421214,108.295069367,5150.00056475,0.00232830643654,284.973270027,280.907435808,4,71.4617781341
3.20000015199,2500.27934089,-1.6513877199,0.220166951418,-490.249328613,0.0082810819149,0.00120577029884,100.420433044,39.6710281372,0.97252458334,0.000232830643654,0.000465661287308,0,0,5.76560485456,-0.573437502636,93.1402805716,14.4795990332,109.628701466,112.098394311,5150.00056475,0.00232830643654,284.973270027,280.907435808,4,71.4617781341
3.23200015351,2500.23137778,-1.3664321159,0.182175993919,-490.263763428,0.00686837825924,0.000996851129457,100.420021057,39.6712493896,0.972524225712,0.000232830643654,0.000465661287308,0,0,6.28130377624,-0.39750336453,91.1846195346,13.7369245384,114.62582188,115.492162877,5150.00103042,0.00232830643654,284.973270027,280.907435808,4,71.4617781341
3.26400015503,2500.19179657,-1.12962720777,0.150604605675,-490.275970459,0.00569915724918,0.000824430084322,100.419792175,39.6714859009,0.972524106503,0.000232830643654,0.000465661287308,0,0,6.66083291929,-0.233414104272,89.2718086949,13.0610221878,118.303461932,118.657444546,5150.00103042,0.00232830643654,284.973270027,280.907435808,4,71.4617781341
3.29600015655,2500.15920028,-0.934874151426,0.12463966012,-490.285949707,0.00472929608077,0.000682957004756,100.419425964,39.671710968,0.972523808479,0.000232830643654,0.000465661287308,0,0,6.94701180848,-0.0773574319823,87.4008958261,12.4547852854,121.076533105,121.667777421,5150.00103042,0.00232830643654,284.973270027,280.907435808,4,71.4617781341
3.32800015807,2500.13219193,-0.774592081143,0.103270471096,-490.294067383,0.00392722105607,0.000565314025152,100.419212341,39.6719398499,0.97252368927,0.000232830643654,0.000465661287308,0,0,7.16792014157,0.072325888607,85.5710605483,11.9164284062,123.217134387,124.555168441,5150.00056475,0.00232830643654,284.973270027,280.907435808,4,71.4617781341
3.36000015959,2500.10960735,-0.639852373752,0.0853066444397,-490.300964355,0.00326571241021,0.000467125355499,100.419029236,39.6721725464,0.972523570061,0.000232830643654,0.000465661287308,0,0,7.34217669559,0.216435128415,83.7814092335,11.4416463872,124.905680423,127.335035359,5150.00009909,0.00232830643654,284.973270027,280.907435808,4,71.4617781341
3.39200016111,2500.09121373,-0.529147769157,0.0705472454429,-490.306671143,0.0027162283659,0.000387244246667,100.418754578,39.6723823547,0.972523331642,0.000232830643654,0.000465661287308,0,0,7.48228951643,0.35541838188,82.0310995272,11.0249822376,126.263374113,130.016022013,5150.00056475,0.00232830643654,284.973270027,280.907435808,4,71.4617781341
3.42400016263,2500.07584691,-0.437955691268,0.0583892986178,-490.311340332,0.00225867889822,0.000322261679685,100.418617249,39.6726074219,0.972523272038,0.000232830643654,0.000465661287308,0,0,7.59679751308,0.489577411559,80.3192085023,10.6606026537,127.37295765,132.603949169,5150.00056475,0.00232830643654,284.973270027,280.907435808,4,71.4617781341
3.45600016415,2500.06304123,-0.363142305559,0.0484150014818,-490.315032959,0.00187988567632,0.000268095405772,100.418388367,39.6728134155,0.972523093224,0.000232830643654,0.000465661287308,0,0,7.69813410984,0.638551605158,78.6450110015,10.3431394579,128.354906337,135.477661388,5150.00009909,0.00232830643654,284.973270027,280.907435808,4,71.4617781341
3.48800016567,2500.05233102,-0.302215852344,0.0402921400964,-490.317901611,0.00156907585915,0.000221836307901,100.418113708,39.6730270386,0.97252291441,0.000232830643654,0.000465661287308,0,0,7.80743507502,0.856094812897,77.0076353712,10.0704025292,129.414038383,139.674069942,5150.00056475,0.00232830643654,284.973270027,280.907435808,4,71.4617781341
3.52000016719,2500.04371628,-0.250196990237,0.03335686028,-490.320587158,0.00131218752358,0.000182905598194,100.41784668,39.6732215881,0.972522675991,0.000232830643654,0.000465661287308,0,0,7.92080406215,1.09602873666,75.4064956259,9.84032352137,130.512577016,144.302393892,5150.00009909,0.00232830643654,284.973270027,280.907435808,4,71.4617781341
3.55200016871,2500.03649853,-0.208796279821,0.0278372187167,-490.322570801,0.00110059743747,0.000149764178786,100.417533875,39.6734199524,0.972522497177,0.000232830643654,0.000465661287308,0,0,9.35019142636,1.64973077055,73.8407494111,9.64831068788,131.254812004,148.122184328,5150.00149608,0.00232830643654,284.973270027,280.907435808,4,71.4617781341
3.58400017023,2500.03044493,-0.172110517838,0.0229461863637,-490.324493408,0.000922815874219,0.000123103644,100.417259216,39.673614502,0.972522258759,0.000232830643654,0.000465661287308,0,0,25.1476620161,5.8324223211,72.3097814421,9.49340173049,131.254812004,148.42566452,5150.00056475,0.00232830643654,284.973270027,280.907435808,4,71.4617781341
3.61600017175,2500.02532266,-0.142198487652,0.0189582426101,-490.32598877,0.000774212530814,0.000102007521491,100.417167664,39.6738166809,0.972522199154,0.000232830643654,0.000465661287308,0,0,56.7765445806,13.350211578,70.8129984083,10.6938967077,131.254812004,143.787357956,5150.00056475,0.00232830643654,284.973270027,285.545713268,4,71.4617781341
3.64800017327,2500.02136454,-0.118514549285,0.0158006437123,-490.327178955,0.00064824114088,8.56101323734e-05,100.521629333,39.6013755798,0.972597122192,0.000232830643654,0.000465661287308,0,0,89.0510459426,19.0021745959,83.9150505758,15.4386606159,118.877636851,125.573671539,5150.00009909,0.00232830643654,297.350459732,303.759385133,4,71.4617781341
3.68000017479,2500.01787208,-0.098039819818,0.0130709027871,-490.328216553,0.000539930071682,7.3346447607e-05,100.6404953,39.5189857483,0.972682058811,0.000232830643654,0.000465661287308,0,0,103.881733674,22.0469210125,99.5628586105,19.2591640771,96.6449078987,108.545442345,5150.00056475,0.00232830643654,319.583225064,320.78762888,4,71.4617781341
3.71200017631,2500.01507811,-0.0803988342568,0.0107189649716,-490.329193115,0.000452872831374,6.24871972832e-05,100.694801331,39.4813957214,0.972720742226,0.000232830643654,0.000465661287308,0,0,110.192688779,23.2665438417,107.311587999,21.3466737068,80.4635492386,96.2088888627,5150.00056475,0.00232830643654,335.764576448,333.124160534,4,71.4617781341
3.74400017783,2500.01251698,-0.0663978028115,0.00885231420398,-490.329803467,0.000384784798371,5.20664543728e-05,100.72076416,39.4634742737,0.972739160061,0.000232830643654,0.000465661287308,0,0,112.303914345,23.3702578004,110.526466181,22.115067476,70.1200551703,87.9465951584,5150.00103042,0.00232830643654,346.108077792,341.38650517,4,71.4617781341
3.77600017935,2500.01065433,-0.0553508634482,0.00737950950861,-490.330352783,0.000328251800966,4.34393150499e-05,100.733772278,39.454498291,0.972748398781,0.000232830643654,0.000465661287308,0,0,112.117409776,22.8027783522,111.115257193,22.0306837176,63.9762220089,82.6866016723,5150.00056475,0.00232830643654,352.251867298,346.646411344,4,71.4617781341
3.80800018087,2500.00925735,-0.0463890330593,0.00618469668552,-490.330871582,0.000278285879176,3.73796683562e-05,100.73992157,39.4503250122,0.972752809525,0.000232830643654,0.000465661287308,0,0,110.32986801,21.8147645025,109.908815377,21.4104033038,60.8564914728,79.6480890131,5150.00009909,0.00232830643654,355.3716233,349.684880348,4,71.4617781341
3.84000018239,2500.00786036,-0.0392187651244,0.00522873969749,-490.33114624,0.00023356260499,3.33790740115e-05,100.739570618,39.4504203796,0.972752571106,0.000232830643654,0.000465661287308,0,0,102.309673464,19.7087798454,107.102413112,20.3274451363,60.2966065344,78.7728931755,5150.00103042,0.00232830643654,355.931551894,350.560061634,5,70.9581727278
3.87200018391,2500.00669621,-0.033405729738,0.00445373170078,-490.331329346,0.000193935469724,3.06750625896e-05,100.738471985,39.4510116577,0.972751736641,0.000232830643654,0.000465661287308,0,0,72.8553779903,13.3302367937,104.652861432,19.1953227765,60.2966065344,78.7728931755,5150.00149608,0.00232830643654,355.931551894,350.560061634,5,70.9581727278
3.90400018543,2500.00553206,-0.0285368706443,0.00380460382439,-490.331420898,0.000159314615303,2.86778649752e-05,100.738243103,39.4513931274,0.972751617432,0.000232830643654,0.000465661287308,0,0,34.4246693339,5.00778583645,102.411459164,18.2445135192,60.2966065344,78.7728931755,5150.00103042,0.00232830643654,355.931551894,350.560061634,5,70.9581727278
3.93600018695,2500.00483356,-0.0233995045562,0.00311967777088,-490.331787109,0.000131284308736,2.66331462626e-05,100.737709045,39.4517211914,0.972751200199,0.000232830643654,0.000465661287308,0,0,6.84233188916,-0.39874566546,100.245707637,17.4448262874,62.7164918114,86.4806352183,5150.0024274,0.00232830643654,355.931551894,350.560061634,5,70.9581727278
3.96800018847,2500.00413507,-0.0190069044947,0.00253404583782,-490.332000732,0.000111407993245,2.37184485741e-05,100.737388611,39.4520454407,0.972751021385,0.000232830643654,0.000465661287308,0,0,2.86548746822,-1.28558935773,98.1329365344,16.6843689606,81.5265666461,98.3609861578,5150.00103042,0.00232830643654,355.931551894,350.560061634,5,70.9581727278
4.00000018999,2500.00343658,-0.0153242432077,0.00204306468368,-490.33215332,9.75349612418e-05,2.04344396479e-05,100.737205505,39.4523620605,0.972750842571,0.000232830643654,0.000465661287308,0,0,4.23476186527,-0.954966607695,96.0679305832,15.8645000182,94.7948356043,104.738697701,5150.00196174,0.00232830643654,355.931551894,350.560061634,5,70.9581727278
4.03200019151,2500.00320375,-0.0123319221501,0.00164412136655,-490.332427979,8.69254290592e-05,1.75617260538e-05,100.736755371,39.452671051,0.972750544548,0.000232830643654,0.000465661287308,0,0,5.17688388593,-0.724653720655,94.0485655859,15.0398900861,103.923994175,109.1814338,5150.00103042,0.00232830643654,355.931551894,350.560061634,5,70.9581727278
4.06400019303,2500.00273809,-0.0099367962747,0.00132479739841,-490.332550049,7.80020127422e-05,1.5408395484e-05,100.73639679,39.4529800415,0.972750306129,0.000232830643654,0.000465661287308,0,0,5.84196335705,-0.532931247613,92.0735157501,14.2526962505,110.368615424,112.879759399,5150.00103042,0.00232830643654,355.931551894,350.560061634,5,70.9581727278
4.09600019455,2500.00273809,-0.00798517163503,0.00106460216921,-490.332794189,7.03371042619e-05,1.38675895869e-05,100.736030579,39.4532699585,0.972750008106,0.000232830643654,0.000465661287308,0,0,6.32238686085,-0.359671040798,90.1417409513,13.5245010937,115.023918625,116.221948701,5150.0024274,0.00232830643654,355.931551894,350.560061634,5,70.9581727278
4.12800019607,2500.00227243,-0.0064975562708,0.000866269750986,-490.332763672,6.39113422949e-05,1.27139528558e-05,100.735710144,39.4535636902,0.972749769688,0.000232830643654,0.000465661287308,0,0,6.67788372703,-0.197165572593,88.2523182622,12.864241812,118.468684377,119.356678624,5150.0024274,0.00232830643654,355.931551894,350.560061634,5,70.9581727278
4.16000019759,2500.0020396,-0.00525973264942,0.000701240147464,-490.332824707,5.87231770623e-05,1.17760919238e-05,100.735305786,39.4538459778,0.972749531269,0.000232830643654,0.000465661287308,0,0,6.94738125409,-0.0422427309488,86.4042881313,12.2735756459,121.080112876,122.345139971,5150.00149608,0.00232830643654,355.931551894,350.560061634,5,70.9581727278
4.19200019911,2500.0020396,-0.0042380090548,0.000565021473449,-490.332946777,5.46017945453e-05,1.09890443127e-05,100.734947205,39.4541320801,0.972749233246,0.000232830643654,0.000465661287308,0,0,7.15645862936,0.106504414687,84.5968375037,11.7499801103,123.10607417,125.214472064,5150.00196174,0.00232830643654,355.931551894,350.560061634,5,70.9581727278
4.22400020063,2500.0020396,-0.00343873418629,0.000458460272057,-490.333068848,5.13222548761e-05,1.03257480077e-05,100.734535217,39.4544029236,0.972748935223,0.000232830643654,0.000465661287308,0,0,7.32212820524,0.249776278775,82.8290361271,11.2888002823,124.711412354,127.978186356,5150.00149608,0.00279396772385,355.931551894,350.560061634,5,70.9581727278
4.25600020215,2500.00180677,-0.0027768420896,0.000370215217117,-490.33303833,4.86952303618e-05,9.78012030828e-06,100.73412323,39.4546661377,0.972748696804,0.000232830643654,0.000465661287308,0,0,7.45585561417,0.387976491806,81.0999683991,10.8844280964,126.007231302,130.644068122,5150.00149608,0.00279396772385,355.931551894,350.560061634,5,70.9581727278
4.28800020367,2500.00157394,-0.00224283236427,0.000299019768136,-490.332977295,4.65936500404e-05,9.33481169341e-06,100.733589172,39.4549293518,0.972748279572,0.000232830643654,0.000465661287308,0,0,7.56552098916,0.521429448887,79.4090410092,10.5310128525,127.069884911,133.218374685,5150.00149608,0.00279396772385,355.931551894,350.560061634,5,70.9581727278
4.32000020519,2500.00157394,-0.00181205317418,0.000241587258643,-490.33303833,4.48594910267e-05,8.98738016986e-06,100.733360291,39.4552001953,0.972748100758,0.000232830643654,0.000465661287308,0,0,7.66742754847,0.683628605134,77.7552138331,10.2236514992,128.057363327,136.347196531,5150.00149608,0.00279396772385,355.931551894,350.560061634,5,70.9581727278
4.35200020671,2500.00157394,-0.00146489753661,0.000195303640794,-490.333099365,4.34407738794e-05,8.71373413247e-06,100.73299408,39.4554519653,0.972747862339,0.000232830643654,0.000465661287308,0,0,7.77814861315,0.912362249521,76.1378935601,9.96071060174,129.130246933,140.759468195,5150.0024274,0.00279396772385,355.931551894,350.560061634,5,70.9581727278
4.38400020823,2500.00157394,-0.00118426468632,0.000157888993272,-490.333129883,4.22947741754e-05,8.49209209264e-06,100.732627869,39.4556999207,0.97274762392,0.000232830643654,0.000465661287308,0,0,7.89053607439,1.14894518255,74.5562891099,9.73953491272,130.219283164,145.323152537,5150.00196174,0.00279396772385,355.931551894,350.560061634,5,70.9581727278
4.41600020975,2500.0013411,-0.000957054657746,0.000127596809762,-490.33303833,4.13754569308e-05,8.31003308122e-06,100.732093811,39.4559402466,0.972747206688,0.000232830643654,0.000465661287308,0,0,11.1973691313,2.17653709518,73.0097558982,9.55556839408,130.734566483,148.506791447,5150.00149608,0.00279396772385,355.931551894,350.560061634,5,70.9581727278
4.44800021127,2500.0013411,-0.000771278374501,0.000102828678791,-490.333068848,4.06562248827e-05,8.15664407128e-06,100.731773376,39.4561882019,0.972747027874,0.000232830643654,0.000465661287308,0,0,30.5485320329,7.30816984498,71.497561443,9.40837155663,130.734566483,148.521285155,5150.00196174,0.00279396772385,355.931551894,350.560061634,5,70.9581727278
4.48000021279,2500.0013411,-0.000624778007108,8.32968944451e-05,-490.333068848,4.00691606046e-05,8.03235434432e-06,100.731361389,39.4564247131,0.972746729851,0.000232830643654,0.000465661287308,0,0,64.9435175335,14.7920932541,70.019112434,11.6068705225,130.734566483,140.312869917,5150.0024274,0.00279396772385,355.931551894,358.768447768,5,70.9581727278
4.51200021431,2500.0013411,-0.00050518983441,6.7353117629e-05,-490.333099365,3.95769275201e-05,7.93927119958e-06,100.851402283,39.3868141174,0.972831845284,0.000232830643654,0.000465661287308,0,0,92.7580348359,19.8336387285,87.6146853497,16.3828390798,113.29472909,121.522338304,5150.00196174,0.00279396772385,373.371382011,377.558957553,5,70.9581727278
4.54400021583,2500.0013411,-0.000408719391665,5.44914473721e-05,-490.333099365,3.91753492295e-05,7.86539931141e-06,100.939201355,39.3361167908,0.972893834114,0.000232830643654,0.000465661287308,0,0,105.172974931,22.4093421226,101.1927263,19.820468702,92.2010804061,105.451101263,5150.00196174,0.00279396772385,394.464994315,393.630150938,5,70.9581727278
4.57600021735,2500.0013411,-0.000330494187573,4.40622752649e-05,-490.333129883,3.88544467569e-05,7.80400841904e-06,100.979194641,39.3130264282,0.972922027111,0.000232830643654,0.000465661287308,0,0,110.290929266,23.3351224697,107.693350297,21.5765521976,77.4770669523,94.0837198868,5150.00196174,0.00279396772385,409.189029597,404.997525038,5,70.9581727278
4.60800021887,2500.0013411,-0.000267027511214,3.56007476512e-05,-490.333129883,3.85992389056e-05,7.7526556197e-06,100.998771667,39.3018455505,0.972935855389,0.000232830643654,0.000465661287308,0,0,111.799344114,23.262401656,110.219651442,22.1242088515,68.213463237,86.551415734,5150.00149608,0.00279396772385,418.452662416,412.529858295,5,70.9581727278
4.64000022039,2500.0013411,-0.000215653273017,2.87514103547e-05,-490.333129883,3.83947590308e-05,7.71048053139e-06,101.008735657,39.2962646484,0.972942829132,0.000232830643654,0.000465661287308,0,0,111.238497291,22.5865203643,110.377611187,21.9009226987,62.8246561973,81.8224798422,5150.00103042,0.00279396772385,423.841498559,417.258765083,5,70.9581727278
4.67200022191,2500.0013411,-0.000174171260747,2.32209295064e-05,-490.333129883,3.82293364964e-05,7.67653818912e-06,101.013084412,39.2938041687,0.972945928574,0.000232830643654,0.000465661287308,0,0,109.155853173,21.5268514622,108.847046083,21.1918068671,60.2714208071,79.1913844296,5150.00149608,0.00279396772385,426.394719398,419.889867771,5,70.9581727278
4.70400022343,2500.0013411,-0.000140708125707,1.8759543309e-05,-490.333129883,3.80948986276e-05,7.64946071286e-06,101.012046814,39.2944946289,0.972945153713,0.000232830643654,0.000465661287308,0,0,97.0989869069,18.6650845448,105.952321138,20.0310902409,60.0554049015,78.7259850767,5150.00196174,0.00279396772385,426.610698923,420.35523802,6,70.6791761331
4.73600022495,2500.0013411,-0.000113701825732,1.51589993038e-05,-490.3331604,3.79857810913e-05,7.62779063734e-06,101.011360168,39.2949523926,0.972944676876,0.000232830643654,0.000465661287308,0,0,64.3566016752,11.5467264249,103.588682272,18.9392873531,60.0554049015,78.7259850767,5150.00149608,0.00279396772385,426.610698923,420.35523802,6,70.6791761331
4.76800022647,2500.0013411,-9.18848747089e-05,1.22503115563e-05,-490.3331604,3.78975310014e-05,7.61031333241e-06,101.011039734,39.2952728271,0.972944498062,0.000232830643654,0.000465661287308,0,0,26.7428613324,3.39451412893,101.381054749,18.0223352455,60.0554049015,78.8379038568,5150.00056475,0.00279396772385,426.610698923,420.35523802,6,70.6791761331
4.80000022799,2500.0013411,-7.42483158289e-05,9.89896307146e-06,-490.3331604,3.78263357561e-05,7.596136129e-06,101.010726929,39.2955741882,0.972944259644,0.000232830643654,0.000465661287308,0,0,4.08737824491,-1.0359176007,99.2402222606,17.2461149059,66.1550511722,89.4161639735,5150.00009909,0.00279396772385,426.610698923,420.35523802,6,70.6791761331
4.83200022951,2500.0013411,-5.99897423403e-05,7.9979754446e-06,-490.3331604,3.77689320885e-05,7.58462965678e-06,101.010368347,39.2958488464,0.972944021225,0.000232830643654,0.000465661287308,0,0,3.17834312323,-1.19953611251,97.1503851693,16.471418129,84.5581380418,100.020952232,5149.99963343,0.00279396772385,426.610698923,420.35523802,6,70.6791761331
4.86400023103,2500.0013411,-4.84672545153e-05,6.46177022645e-06,-490.3331604,3.77225915145e-05,7.57531552154e-06,101.00995636,39.2961235046,0.972943723202,0.000232830643654,0.000465661287308,0,0,4.4352540936,-0.900244193082,95.1074782003,15.6454512739,96.7376035987,105.794293631,5150.00056475,0.00279396772385,426.610698923,420.35523802,6,70.6791761331
4.89600023255,2500.0013411,-3.91563413638e-05,5.22041682416e-06,-490.3331604,3.76851348847e-05,7.5677944551e-06,101.009773254,39.2964134216,0.972943603992,0.000232830643654,0.000465661287308,0,0,5.30626218295,-0.680850094869,93.1095529514,14.8262470589,105.177670775,110.026405309,5150.00009909,0.00279396772385,426.610698923,420.35523802,6,70.6791761331
4.92800023407,2500.0013411,-3.16353887531e-05,4.21770573666e-06,-490.3331604,3.76548523491e-05,7.56172721594e-06,101.00945282,39.2966766357,0.972943365574,0.000232830643654,0.000465661287308,0,0,5.92418858262,-0.493907753628,91.1555253492,14.0506557383,111.165376438,113.632522698,5149.99963343,0.00279396772385,426.610698923,420.35523802,6,70.6791761331
4.96000023559,2500.0013411,-2.55598563148e-05,3.40770111507e-06,-490.3331604,3.76303760277e-05,7.55683140596e-06,101.008918762,39.2969169617,0.972942948341,0.000232830643654,0.000465661287308,0,0,6.37289515768,-0.323154695386,89.2442087729,13.3368840679,115.513343189,116.92634871,5150.00056475,0.00279396772385,426.610698923,420.35523802,6,70.6791761331
4.99200023711,2500.0013411,-2.06522906415e-05,2.75341267297e-06,-490.3331604,3.76105963369e-05,7.55287555876e-06,101.008415222,39.2971687317,0.972942650318,0.000232830643654,0.000465661287308,0,0,6.70670597843,-0.162250787645,87.3747828426,12.6919345758,118.74797201,120.030184917,5150.00009909,0.00279396772385,426.610698923,420.35523802,6,70.6791761331
5.02400023863,2500.01600944,5.15174087923,-0.686842381954,-491.027191162,0.000540071574505,4.28881721746e-05,101.008003235,39.297416687,0.972942352295,0.000232830643654,0.000465661287308,1,552.722485736,6.96108095664,-0.00854474686446,85.5463319558,12.1163080964,121.212862723,122.995174024,5150.00056475,0.00279396772385,426.610698923,420.35523802,6,70.6791761331
5.05600024015,2503.09915282,180.687216925,-24.0896511078,-515.941772461,0.117839850485,0.00255509582348,101.007652283,39.2976646423,0.972942113876,0.000232830643654,0.000465661287308,1,552.722485736,7.15938581058,0.139164371086,83.7580357326,11.6068577041,123.134435853,125.844482682,5150.00009909,0.00279396772385,426.610698923,420.35523802,6,70.6791761331
5.08800024167,2511.33507118,318.878999678,-42.513710022,-538.404174805,0.44153046608,0.00494932709262,101.007331848,39.2979011536,0.972941875458,0.000232830643654,0.000465661287308,1,552.722485736,7.31719951693,0.281489516485,82.0089565962,11.1586373139,124.663652969,128.58993432,5149.99963343,0.00279396772385,426.610698923,420.35523802,6,70.6791761331
5.12000024319,2523.41269515,424.772151746,-56.6316375732,-558.444152832,0.883863866329,0.0219365730882,101.006690979,39.2981262207,0.972941398621,0.000232830643654,0.000465661287308,1,552.722485736,7.44506111839,0.418801823982,80.2983034658,10.7659408912,125.902632135,131.238688482,5150.00056475,0.00279396772385,426.610698923,420.35523802,6,70.6791761331
5.15200024471,2538.4388864,505.570089445,-67.4038162231,-576.58416748,1.39629685879,0.0588582232594,101.006416321,39.2983589172,0.972941219807,0.000232830643654,0.000465661287308,1,552.722485736,7.5506520622,0.552542938341,78.6252339873,10.4229699251,126.925806399,133.818553877,5150.00009909,0.00279396772385,426.610698923,420.35523802,6,70.6791761331
5.18400024623,2555.69722503,566.345290281,-75.5065078735,-593.149169922,1.95727777481,0.112754896283,101.005973816,39.2985839844,0.972940921783,0.000232830643654,0.000465661287308,1,552.722485736,7.65413116883,0.730508540903,76.9890010289,10.1254512989,127.928520669,137.251510751,5150.00056475,0.00279396772385,426.610698923,420.35523802,6,70.6791761331
5.21600024775,2574.62519221,611.558847595,-81.5344848633,-608.458129883,2.55371665955,0.179708302021,101.005516052,39.2988052368,0.972940564156,0.000232830643654,0.000465661287308,1,552.722485736,7.76596926856,0.967010729232,75.3887329372,9.87194019163,129.0122309,141.813638038,5150.00056475,0.00279396772385,426.610698923,420.35523802,6,70.6791761331
5.24800024927,2594.78529915,644.584710244,-85.9375762939,-622.746398926,3.17589783669,0.256466388702,101.00528717,39.2990341187,0.972940444946,0.000232830643654,0.000465661287308,1,552.722485736,7.87690733104,1.19806107687,73.8239242994,9.65921642937,130.087224534,146.270598634,5150.00056475,0.00279396772385,426.610698923,420.35523802,6,70.6791761331
5.28000025079,2615.83155952,667.910906486,-89.0474777222,-636.175964355,3.81604528427,0.34050861001,101.005012512,39.2992591858,0.972940206528,0.000232830643654,0.000465661287308,1,552.722485736,13.8632392294,2.90210309928,72.2936961372,9.48324952986,130.376516609,148.568346049,5150.00009909,0.00279396772385,426.610698923,420.35523802,6,70.6791761331
5.31200025231,2637.4864392,683.416554239,-91.114730835,-648.86126709,4.46772432327,0.429891526699,101.004615784,39.2994651794,0.972939968109,0.000232830643654,0.000465661287308,1,552.722485736,36.6517369292,8.9657693035,70.7975943117,9.34327679621,130.376516609,148.568346049,5150.00056475,0.00279396772385,426.610698923,420.35523802,6,70.6791761331
5.34400025383,2659.52362679,692.387286108,-92.3107299805,-660.862854004,5.12549066544,0.523109197617,101.00919342,39.2978782654,0.97294318676,0.000232830643654,0.000465661287308,1,552.722485736,73.0400879782,16.1006888416,70.8660520801,12.6235793548,129.495703732,136.402013595,5150.00103042,0.00279396772385,427.491526352,432.521512266,6,70.6791761331
5.37600025535,2681.75359815,695.893482771,-92.7781829834,-672.23034668,5.78461885452,0.618968307972,101.098243713,39.2660369873,0.973005712032,0.000232830643654,0.000465661287308,1,552.722485736,95.9266128295,20.5503870226,90.9347772466,17.2561096229,107.966727228,117.644187412,5150.00103042,0.00279396772385,449.020502856,451.279309345,6,70.6791761331
5.40800025687,2704.01453599,694.785849191,-92.6305084229,-682.99798584,6.44097328186,0.716503679752,101.145805359,39.2489967346,0.973039090633,0.000232830643654,0.000465661287308,1,552.722485736,106.274356852,22.7002839761,102.626384035,20.3058955157,88.211367256,102.593730844,5150.00009909,0.00279396772385,468.775891932,466.329802293,6,70.6791761331
5.44000025839,2726.16860457,689.555658028,-91.9332122803,-693.163513184,7.09088516235,0.814943671227,101.167778015,39.2411727905,0.973054468632,0.000232830643654,0.000465661287308,1,552.722485736,110.384320722,23.3641250948,108.045908537,21.7565157021,74.8523452785,92.1476748772,5150.00056475,0.00279396772385,482.134899357,476.775865536,6,70.6791761331
5.47200025991,2748.09473194,680.778641254,-90.7630386353,-702.744445801,7.73106336594,0.913634419441,101.17842865,39.237323761,0.973061919212,0.000232830643654,0.000465661287308,1,552.722485736,111.363766364,23.1342997089,109.964161718,22.1052485547,66.5710467729,85.2961456985,5150.00056475,0.00279396772385,490.416248795,483.627372887,6,70.6791761331
5.50400026143,2769.6848847,668.858294375,-89.173789978,-711.741577148,8.35858440399,1.01200759411,101.183540344,39.2353858948,0.973065495491,0.000232830643654,0.000465661287308,1,552.722485736,110.454463199,22.3610971952,109.724918445,21.7573031202,61.8758131168,81.0655255918,5150.00103042,0.00279396772385,495.111511555,487.85796389,6,70.6791761331
5.53600026295,2790.84523208,654.146133456,-87.2123260498,-720.155700684,8.97079086304,1.10959208012,101.185493469,39.2346763611,0.973066866398,0.000232830643654,0.000465661287308,1,552.722485736,107.960105595,21.2033361339,107.831869969,20.9639152336,59.8856968281,78.8366742199,5150.00056475,0.00279396772385,497.101689689,490.086851642,6,70.6791761331
5.56800026447,2811.49032526,636.853976175,-84.9068908691,-727.973205566,9.56534385681,1.20594549179,101.184631348,39.2352485657,0.973066210747,0.000232830643654,0.000465661287308,1,552.722485736,91.05351258,17.4106212088,104.987239469,19.7540563895,59.8753867962,78.6907985457,5150.00009909,0.00279396772385,497.111992445,490.232778247,7,70.5011480022
5.60000026599,2831.5440286,617.359241005,-82.3078079224,-735.20715332,10.1401157379,1.3006850481,101.183952332,39.2354774475,0.973065793514,0.000232830643654,0.000465661287308,1,552.722485736,55.7939016552,9.72253125851,102.685268263,18.7016921643,59.8753867962,78.6907985457,5150.00103042,0.00279396772385,497.111992445,490.232778247,7,70.5011480022
5.63200026751,2850.93765706,595.794990659,-79.4328155518,-741.841491699,10.6932430267,1.39344358444,101.183677673,39.2356681824,0.973065555096,0.000232830643654,0.000465661287308,1,552.722485736,19.8401376751,2.11732691209,100.504552129,17.8178519058,59.8753867962,79.9924164312,5150.00056475,0.00279396772385,497.111992445,490.232778247,7,70.5011480022
5.66400026903,2869.61067468,572.423858102,-76.3169174194,-747.881530762,11.2231321335,1.48387384415,101.183357239,39.2358398438,0.973065376282,0.000232830643654,0.000465661287308,1,552.722485736,2.44632097693,-1.41591186983,98.3845587537,17.0578981604,70.3672121745,92.3098123167,5150.00103042,0.00279396772385,497.111992445,490.232778247,7,70.5011480022
5.69600027055,2887.50836626,547.471339814,-72.9901885986,-753.330627441,11.7283754349,1.57164859772,101.18296051,39.2359924316,0.973065078259,0.000232830643654,0.000465661287308,1,552.722485736,3.46879055132,-1.12385378247,96.3141324356,16.2678796911,87.3725730344,101.480865851,5150.00103042,0.00279396772385,497.111992445,490.232778247,7,70.5011480022
5.72800027207,2904.58207019,521.088659298,-69.4727859497,-758.185058594,12.2078456879,1.65643429756,101.182594299,39.2361564636,0.97306483984,0.000232830643654,0.000465661287308,1,552.722485736,4.62633163912,-0.84903597535,94.2898524841,15.4389517775,98.5891456367,106.782099465,5150.00196174,0.00279396772385,497.111992445,490.232778247,7,70.5011480022
5.76000027359,2920.79057544,493.473606184,-65.7910842896,-762.450927734,12.660610199,1.7379219532,101.182319641,39.2363243103,0.973064601421,0.000232830643654,0.000465661287308,1,552.722485736,5.43304749365,-0.638767973476,92.3101440627,14.6268984181,106.406223495,110.838169348,5150.00196174,0.00279396772385,497.111992445,490.232778247,7,70.5011480022
5.79200027511,2936.09662913,464.774551801,-61.9648551941,-766.129699707,13.085975647,1.81578850746,101.181999207,39.2364807129,0.973064422607,0.000232830643654,0.000465661287308,1,552.722485736,6.0082038111,-0.456021466573,90.3738791492,13.8637061867,111.979483336,114.363348985,5150.00103042,0.00279396772385,497.111992445,490.232778247,7,70.5011480022
5.82400027663,2950.46973042,435.226480477,-58.0254364014,-769.237854004,13.4834756851,1.88971436024,101.181556702,39.2366218567,0.97306406498,0.000232830643654,0.000465661287308,1,552.722485736,6.42804052343,-0.287597930015,88.4799736702,13.1646152869,116.047704068,117.612238682,5150.00149608,0.00279396772385,497.111992445,490.232778247,7,70.5011480022
5.85600027815,2963.88380229,404.947990319,-53.9886360168,-771.778442383,13.8528261185,1.95938766003,101.181144714,39.2367706299,0.973063826561,0.000232830643654,0.000465661287308,1,552.722485736,6.74203175445,-0.128261605303,86.6275266728,12.5348895177,119.090276712,120.685836009,5150.00196174,0.00279396772385,497.111992445,490.232778247,7,70.5011480022
5.88800027966,2976.31812282,374.049908714,-49.869228363,-773.755981445,14.1939496994,2.02449154854,101.180961609,39.2369232178,0.973063647747,0.000232830643654,0.000465661287308,1,552.722485736,6.98252894543,0.0242057406268,84.8156738283,11.974015226,121.420693176,123.626930872,5150.00149608,0.00279396772385,497.111992445,490.232778247,7,70.5011480022
5.92000028118,2987.75639385,342.731684214,-45.6938056946,-775.189147949,14.50694561,2.08471417427,101.180732727,39.2370758057,0.973063528538,0.000232830643654,0.000465661287308,1,552.722485736,7.17089951214,0.170832329391,83.0436167313,11.4783647947,123.246005387,126.455357531,5150.00103042,0.00279396772385,497.111992445,490.232778247,7,70.5011480022
5.9520002827,2998.18743952,311.115960358,-41.4787254333,-776.088745117,14.7920799255,2.13975477219,101.180458069,39.2372207642,0.973063349724,0.000232830643654,0.000465661287308,1,552.722485736,7.32143005833,0.312163945923,81.3104178047,11.0427403483,124.704645714,129.181644297,5150.00103042,0.00279396772385,497.111992445,490.232778247,7,70.5011480022
5.98400028422,3007.60101527,279.236817732,-37.2285194397,-776.454345703,15.0497264862,2.1892991066,101.180107117,39.2373695374,0.973063051701,0.000232830643654,0.000465661287308,1,552.722485736,7.44381910358,0.448537818073,79.6153372419,10.6613726754,125.890597701,131.812295876,5150.00149608,0.00279396772385,497.111992445,490.232778247,7,70.5011480022
6.01600028574,3015.99339582,247.254443821,-32.964553833,-776.305419922,15.2804021835,2.23305463791,101.179878235,39.2374916077,0.973062932491,0.000232830643654,0.000465661287308,1,552.722485736,7.54651033425,0.585177243564,77.9574301409,10.3284980582,126.885672216,134.44806973,5150.00196174,0.00279396772385,497.111992445,490.232778247,7,70.5011480022
6.04800028726,3023.3617872,215.317602851,-28.7066574097,-775.660400391,15.4846868515,2.27074146271,101.179420471,39.2376213074,0.973062574863,0.000232830643654,0.000465661287308,1,552.722485736,7.65192822919,0.779398910881,76.3360738921,10.0406738313,127.90717301,138.194605825,5150.00149608,0.00279396772385,497.111992445,490.232778247,7,70.5011480022
6.08000028878,3029.73366342,185.266238987,-24.700138092,-774.778320312,15.6636552811,2.30237221718,101.179100037,39.2377510071,0.973062396049,0.000232830643654,0.000465661287308,1,552.722485736,7.76446493364,1.02016179826,74.7503821923,9.79636819169,128.997649881,142.838922329,5150.00103042,0.00279396772385,497.111992445,490.232778247,7,70.5011480022
6.1120002903,3035.17980501,157.080416102,-20.9423370361,-773.690917969,15.8189649582,2.32843017578,101.178833008,39.2378845215,0.973062157631,0.000232830643654,0.000465661287308,1,552.722485736,7.88046536239,1.24595258173,73.1998130048,9.59178505135,130.052256281,147.158047184,5150.00149608,0.00279396772385,497.111992445,490.232778247,7,70.5011480022
6.14400029182,3039.73862901,129.648280563,-17.2850189209,-772.268920898,15.9518032074,2.34905958176,101.17842865,39.2380180359,0.973061919212,0.000232830643654,0.000465661287308,1,552.722485736,17.3252724053,3.8380432007,71.6836704716,9.42387728513,130.12601994,148.599763634,5150.00149608,0.00279396772385,497.111992445,490.232778247,7,70.5011480022
6.17600029334,3043.42457093,102.439582406,-13.6574897766,-770.448730469,16.0630054474,2.36415672302,101.178062439,39.2381401062,0.973061621189,0.000232830643654,0.000465661287308,1,552.722485736,43.4171714838,10.6867275401,70.20125141,9.51427105849,130.12601994,147.828759509,5150.00149608,0.00279396772385,497.111992445,491.003796924,7,70.5011480022
6.20800029486,3046.23856209,75.1453771954,-10.0185613632,-768.189575195,16.1532077789,2.37347412109,101.191017151,39.2385864258,0.973070681095,0.000232830643654,0.000465661287308,1,552.722485736,79.3784745351,17.2774687983,75.1335142312,13.6753832313,125.60999312,132.292247145,5150.00149608,0.00279396772385,501.628033817,506.540294737,7,70.5011480022
6.24000029638,3048.17711003,47.6902459923,-6.3581776619,-765.479736328,16.2229042053,2.37674331665,101.236412048,39.23985672,0.973102450371,0.000232830643654,0.000465661287308,1,552.722485736,98.6311121975,21.1633865652,93.8781243476,18.0510760082,102.965044789,113.97858907,5150.00149608,0.00279396772385,524.27285118,524.853996467,7,70.5011480022
6.2720002979,3049.23253134,19.9645801331,-2.66172552109,-762.30078125,16.2725048065,2.37366676331,101.258201599,39.2404670715,0.973117649555,0.000232830643654,0.000465661287308,1,552.722485736,107.21241726,22.928377042,103.883103415,20.7208300922,84.632942162,99.9658368528,5150.00149608,0.00279396772385,542.604888324,538.866734132,7,70.5011480022
6.30400029942,3049.39597845,-8.05624404165,1.07407772541,-758.645141602,16.3023719788,2.36394643784,101.268302917,39.2407493591,0.973124682903,0.000232830643654,0.000465661287308,1,552.722485736,110.463985465,23.3585362571,108.362414012,21.8916696197,72.5419595256,90.3879699763,5150.00149608,0.00279396772385,554.695900064,548.444571905,7,70.5011480022
6.33600030094,3048.65790531,-36.3573453797,4.84724807739,-754.510070801,16.3127365112,2.34732627869,101.273323059,39.2408943176,0.973128199577,0.000232830643654,0.000465661287308,1,552.722485736,110.972093584,22.9881585611,109.737531785,22.0610286159,65.1574955555,84.1706132633,5150.00149608,0.00279396772385,562.080356758,554.66190679,7,70.5011480022
6.36800030246,3047.00876586,-64.9833600619,8.66373729706,-749.88494873,16.3037242889,2.32359647751,101.275596619,39.2409515381,0.973129749298,0.000232830643654,0.000465661287308,1,552.722485736,109.733569057,22.1267816946,109.12724975,21.6006142316,61.1048380961,80.4086957942,5150.00289306,0.00279396772385,566.133065149,558.423809707,7,70.5011480022
6.40000030398,3044.43598725,-94.0620229812,12.5405740738,-744.746582031,16.2750301361,2.29267168045,101.2759552,39.2410354614,0.973129987717,0.000232830643654,0.000465661287308,1,552.722485736,106.172512554,20.7580438406,106.772488567,20.7004322995,59.7484759055,78.6679884186,5150.00149608,0.00279396772385,567.489420064,560.164568014,8,70.3775804141
6.4320003055,3040.9260653,-123.52556223,16.4687232971,-739.097412109,16.2262649536,2.25449228287,101.275276184,39.2411994934,0.97312951088,0.000232830643654,0.000465661287308,1,552.722485736,84.2815625979,15.9746946115,104.161329381,19.4929448659,59.7484759055,78.6679884186,5150.00196174,0.00279396772385,567.489420064,560.164568014,8,70.3775804141
6.46400030702,3036.46689281,-153.364351718,20.4469013214,-732.932739258,16.156879425,2.20908212662,101.275138855,39.2412872314,0.973129451275,0.000232830643654,0.000465661287308,1,552.722485736,47.3255782796,7.89950623218,101.904881932,18.4788601504,59.7484759055,78.6679884186,5150.0024274,0.00279396772385,567.489420064,560.164568014,8,70.3775804141
6.49600030854,3031.04612976,-183.57722729,24.4749546051,-726.246704102,16.0662498474,2.15650057793,101.27495575,39.2413520813,0.973129332066,0.000232830643654,0.000465661287308,1,552.722485736,13.8397961427,1.05042703922,99.7461842074,17.6271795144,59.7484759055,82.0030763862,5150.0024274,0.00279396772385,567.489420064,560.164568014,8,70.3775804141
6.52800031006,3024.65260029,-214.190105908,28.5563373566,-719.030395508,15.953576088,2.09688782692,101.27495575,39.2414207458,0.973129332066,0.000232830643654,0.000465661287308,1,552.722485736,2.15523674729,-1.46430970288,97.6441073418,16.8741001127,74.6442383388,94.9134700932,5150.00196174,0.00279396772385,567.489420064,560.164568014,8,70.3775804141
6.56000031158,3017.27303304,-245.187198743,32.6889419556,-711.27935791,15.8178548813,2.03044724464,101.274864197,39.2414894104,0.973129272461,0.000232830643654,0.000465661287308,1,552.722485736,3.73993890971,-1.05597684938,95.5903889383,16.0702212525,90.0000013644,102.790210804,5150.00289306,0.00279396772385,567.489420064,560.164568014,8,70.3775804141
6.5920003131,3008.89462233,-276.597565971,36.8766479492,-702.983398438,15.6578941345,1.95745444298,101.274589539,39.2415504456,0.973129034042,0.000232830643654,0.000465661287308,1,552.722485736,4.8079409391,-0.800584694,93.5822821895,15.2410882439,100.348937849,107.716725324,5150.0024274,0.00279396772385,567.489420064,560.164568014,8,70.3775804141
6.62400031462,2999.50083718,-308.561691782,41.1381835938,-694.115783691,15.4722156525,1.8782607317,101.274505615,39.2416191101,0.973128974438,0.000232830643654,0.000465661287308,1,552.722485736,5.55604953479,-0.597992416864,91.6182635327,14.4376424638,107.598112663,111.62472947,5150.00196174,0.00279396772385,567.489420064,560.164568014,8,70.3775804141
6.65600031614,2989.07537945,-341.116887284,45.4785194397,-684.663513184,15.2590036392,1.79333734512,101.274330139,39.2416687012,0.973128855228,0.000232830643654,0.000465661287308,1,552.722485736,6.09209772225,-0.418945773865,89.6972708691,13.6875213738,112.792418804,115.078539238,5150.00196174,0.00279396772385,567.489420064,560.164568014,8,70.3775804141
6.68800031766,2977.59636305,-374.341267161,49.9080734253,-674.60546875,15.0160579681,1.70324838161,101.27419281,39.2417297363,0.973128795624,0.000232830643654,0.000465661287308,1,552.722485736,6.48544651178,-0.252683517031,87.8183446471,13.0033364829,116.60396558,118.285737699,5150.00196174,0.00279396772385,567.489420064,560.164568014,8,70.3775804141
6.72000031918,2965.03934078,-408.468884416,54.4580497742,-663.898376465,14.740685463,1.6087038517,101.274101257,39.2417945862,0.973128736019,0.000232830643654,0.000465661287308,1,552.722485736,6.78117788195,-0.0948744244572,85.9805765892,12.38877126,119.469601486,121.329874673,5150.00196174,0.00279396772385,567.489420064,560.164568014,8,70.3775804141
6.7520003207,2951.37357898,-443.623459432,59.1449394226,-652.510681152,14.4296207428,1.51054978371,101.273735046,39.2418403625,0.973128437996,0.000232830643654,0.000465661287308,1,552.722485736,7.00882825411,0.0563489574361,84.183080392,11.842457795,121.675533592,124.246973428,5150.00196174,0.00279396772385,567.489420064,560.164568014,8,70.3775804141
6.78400032222,2936.56159192,-480.076007079,64.0048828125,-640.387939453,14.0789394379,1.4098020792,101.273506165,39.2418785095,0.973128318787,0.000232830643654,0.000465661287308,1,552.722485736,7.18795352448,0.201872656482,82.4250137013,11.3603189099,123.411256936,127.054125187,5150.0024274,0.00279396772385,567.489420064,560.164568014,8,70.3775804141
6.81600032374,2920.55704631,-518.111977726,69.0759277344,-627.469360352,13.6838674545,1.30767345428,101.273231506,39.2419242859,0.973128080368,0.000232830643654,0.000465661287308,1,552.722485736,7.33166740999,0.342179828257,80.7055121883,10.9369772712,124.80384612,129.760650452,5150.00196174,0.00279396772385,567.489420064,560.164568014,8,70.3775804141
6.84800032526,2903.30313146,-558.111583814,74.4087677002,-613.676330566,13.2386236191,1.20562708378,101.273139954,39.2419776917,0.973128020763,0.000232830643654,0.000465661287308,1,552.722485736,7.44891168474,0.47758808311,79.0237920973,10.5666224653,125.939943246,132.37267558,5150.00103042,0.00279396772385,567.489420064,560.164568014,8,70.3775804141
6.88000032678,2884.72929969,-600.538915023,80.065284729,-598.912536621,12.7362337112,1.10539126396,101.272789001,39.2420158386,0.973127782345,0.000232830643654,0.000465661287308,1,552.722485736,7.55003494611,0.620675896787,77.3790183987,10.2436857977,126.919825561,135.132839205,5150.0024274,0.00279396772385,567.489420064,560.164568014,8,70.3775804141
6.9120003283,2864.75010216,-645.846885163,86.1058502197,-583.075439453,12.1684093475,1.00899863243,101.272743225,39.2420730591,0.973127782345,0.000232830643654,0.000465661287308,1,552.722485736,7.65742321765,0.830042430765,75.7704586106,9.96547905961,127.960418467,139.17151955,5150.00335872,0.00325962901115,567.489420064,560.164568014,8,70.3775804141
6.94400032982,2843.2647232,-694.525486324,92.5957946777,-566.050537109,11.5255022049,0.91878682375,101.272468567,39.2421226501,0.973127603531,0.000232830643654,0.000465661287308,1,552.722485736,7.77014990962,1.0717453558,74.1974388495,9.73019942953,129.052743432,143.833967741,5150.00335872,0.00325962901115,567.489420064,560.164568014,8,70.3775804141
6.97600033134,2820.16186975,-746.678444557,99.5489578247,-547.769348145,10.7968664169,0.837338209152,101.272193909,39.2421569824,0.973127365112,0.000232830643654,0.000465661287308,1,552.722485736,8.39265249064,1.42480156904,72.6592486079,9.53350512041,129.947482492,147.930040839,5150.00289306,0.00325962901115,567.489420064,560.164568014,8,70.3775804141
7.00800033286,2795.3623794,-799.931585789,106.648788452,-528.509521484,9.97429275513,0.766749918461,101.27205658,39.2422065735,0.973127305508,0.000232830643654,0.000465661287308,1,552.722485736,21.559192374,4.97904827829,71.1551554037,9.37363909103,129.947482492,148.611623445,5150.00196174,0.00325962901115,567.489420064,560.164568014,8,70.3775804141
7.04000033438,2768.8620612,-852.981524076,113.721534729,-508.442779541,9.05719852448,0.707205235958,101.272148132,39.2422676086,0.973127365112,0.000232830643654,0.000465661287308,1,552.722485736,50.8016668696,12.3109862488,69.684551277,10.0912462203,129.947482492,145.67017206,5150.0024274,0.00372529029846,567.489420064,563.106092159,8,70.3775804141
7.0720003359,2740.68326689,-902.355066501,120.304138184,-488.043212891,8.04697990417,0.658481836319,101.310966492,39.229598999,0.973154425621,0.000232830643654,0.000465661287308,1,552.722485736,84.6228845639,18.3224917226,79.6991038843,14.7141370252,120.750075439,128.132291138,5150.00289306,0.00372529029846,576.686812565,580.643827561,8,70.3775804141
7.10400033742,2711.70400083,-898.808706552,119.831321716,-474.306518555,6.98121595383,0.619560837746,101.372993469,39.2093582153,0.973197519779,0.000232830643654,0.000465661287308,1,552.722485736,100.919906052,21.679513531,96.45583108,18.7623526618,98.3095596894,110.536930151,5150.00289306,0.00372529029846,599.127379246,598.239246756,8,70.3775804141
7.13600033894,2683.70332196,-848.889700137,113.176002502,-467.23223877,5.95222091675,0.581630349159,101.401847839,39.2000350952,0.97321754694,0.000232830643654,0.000465661287308,1,552.722485736,107.998568225,23.0978880283,104.97067805,21.0680393822,81.4197046566,97.5503789959,5150.00289306,0.00419095158577,616.017263383,611.225783359,8,70.3775804141
7.16800034046,2657.75038861,-775.138963945,103.34337616,-464.339263916,5.02118825912,0.537011921406,101.415336609,39.1956291199,0.973226904869,0.000232830643654,0.000465661287308,1,552.722485736,110.512959212,23.3194381987,108.628275682,21.9837572577,70.5023485352,88.787295681,5150.00335872,0.00419095158577,626.934634056,619.98894671,8,70.3775804141
7.20000034198,2634.35975648,-691.148801707,92.1456069946,-464.067871094,4.20995903015,0.485179930925,101.422325134,39.1934280396,0.97323179245,0.000232830643654,0.000465661287308,1,552.722485736,110.595085095,22.8230351421,109.512916177,21.9914190195,63.9408899588,83.1618381198,5150.00335872,0.00419095158577,633.496092632,625.614426099,8,70.3775804141
7.2320003435,2613.70185763,-605.590175837,80.7387313843,-465.345489502,3.51709461212,0.429576963186,101.425575256,39.1923828125,0.973234057426,0.000232830643654,0.000465661287308,1,552.722485736,109.041607954,21.8813965596,108.552170801,21.4293031708,60.4889573879,79.8428955022,5150.00289306,0.00419095158577,636.947981548,628.933310509,8,70.3775804141
7.26400034502,2595.72942741,-523.705792148,69.8217086792,-467.450042725,2.93082761765,0.374312251806,101.42603302,39.1923179626,0.97323435545,0.000232830643654,0.000465661287308,1,552.722485736,103.248451704,20.1537718211,105.915638439,20.4092432333,59.6520221734,78.6464079283,5150.00335872,0.00419095158577,637.785007711,630.129827186,9,70.2954348526
7.29600034654,2580.27203381,-448.317878181,59.7708129883,-469.921691895,2.43729496002,0.322328656912,101.425392151,39.1924667358,0.973233878613,0.000232830643654,0.000465661287308,1,552.722485736,76.882417572,14.383946039,103.441035874,19.2458054365,59.6520221734,78.6464079283,5150.00289306,0.00419095158577,637.785007711,630.129827186,9,70.2954348526
7.32800034806,2567.09521636,-380.795972887,50.7686309814,-472.46282959,2.02355384827,0.275110542774,101.425224304,39.1925544739,0.973233759403,0.000232830643654,0.000465661287308,1,552.722485736,39.0993548571,6.11566670425,101.218868583,18.2687092312,59.6520221734,78.6464079283,5150.00289306,0.00419095158577,637.785007711,630.129827186,9,70.2954348526
7.36000034958,2555.9400674,-321.483064909,42.8608894348,-474.900848389,1.67796218395,0.233183458447,101.42490387,39.1926269531,0.973233580589,0.000232830643654,0.000465661287308,1,552.722485736,9.06662383553,0.12750709161,99.0786294049,17.4479246863,60.4066299275,84.5444883453,5150.00289306,0.00419095158577,637.785007711,630.129827186,9,70.2954348526
7.3920003511,2546.54604942,-270.122225629,36.0133399963,-477.142211914,1.39013695717,0.196545943618,101.424629211,39.1926879883,0.973233401775,0.000232830643654,0.000465661287308,1,552.722485736,2.54766764531,-1.35213214351,96.9920665082,16.6921241139,78.4468938946,97.0773762674,5150.00289306,0.00419095158577,637.785007711,630.129827186,9,70.2954348526
7.42400035262,2538.66869025,-226.130941883,30.148317337,-479.144714355,1.1509360075,0.164921909571,101.424217224,39.1927490234,0.973233103752,0.000232830643654,0.000465661287308,1,552.722485736,3.99109852081,-0.994307014599,94.9529244967,15.877314791,92.4337364268,103.979822597,5150.0024274,0.00419095158577,637.785007711,630.129827186,9,70.2954348526
7.45600035414,2532.08447248,-188.746198546,25.1640949249,-480.900482178,0.952443003654,0.137891322374,101.424125671,39.1928253174,0.973233044147,0.000232830643654,0.000465661287308,1,552.722485736,4.97826726935,-0.754547341441,92.958940001,15.050384722,101.999401522,108.604785055,5150.00289306,0.00419095158577,637.785007711,630.129827186,9,70.2954348526
7.48800035566,2526.59549005,-157.185248099,20.9563121796,-482.4168396,0.787902891636,0.114967890084,101.423858643,39.1928901672,0.973232865334,0.000232830643654,0.000465661287308,1,552.722485736,5.67312350748,-0.558444625992,91.0087066556,14.2568045589,108.732558147,112.38760635,5150.0024274,0.00419095158577,637.785007711,630.129827186,9,70.2954348526
7.52000035718,2522.02898264,-130.667642225,17.420923233,-483.713104248,0.651607513428,0.0956450402737,101.423774719,39.1929588318,0.973232805729,0.000232830643654,0.000465661287308,1,552.722485736,6.17352683144,-0.382665539449,89.1011184127,13.5202591073,113.581467303,115.778384497,5150.0024274,0.00419095158577,637.785007711,630.129827186,9,70.2954348526
7.5520003587,2518.23547296,-108.472042484,14.4617519379,-484.812194824,0.538770973682,0.0794366896152,101.423591614,39.1930274963,0.973232626915,0.000232830643654,0.000465661287308,1,552.722485736,6.54265015197,-0.218402772514,87.2353182683,12.8510379082,117.158269859,118.947013107,5150.0024274,0.00419095158577,637.785007711,630.129827186,9,70.2954348526
7.58400036022,2515.08830115,-89.943423518,11.9914722443,-485.739318848,0.445394456387,0.0658911466599,101.423225403,39.1930809021,0.973232388496,0.000232830643654,0.000465661287308,1,552.722485736,6.82160539516,-0.0620594379551,85.4104565433,12.251443702,119.86134632,121.96287571,5150.00289306,0.00419095158577,637.785007711,630.129827186,9,70.2954348526
7.61600036174,2512.47989945,-74.5164797991,9.934715271,-486.517089844,0.368156760931,0.0546000823379,101.423179626,39.193157196,0.973232388496,0.000232830643654,0.000465661287308,1,552.722485736,7.03739963043,0.0879392147078,83.6255590367,11.7193999021,121.952391055,124.85634943,5150.00289306,0.00419095158577,637.785007711,630.129827186,9,70.2954348526
7.64800036326,2510.31969674,-61.696220655,8.22548770905,-487.167114258,0.304289191961,0.0452074669302,101.422904968,39.1932182312,0.973232209682,0.000232830643654,0.000465661287308,1,552.722485736,7.20794295847,0.232360760809,81.8799152409,11.2504347059,123.60495748,127.642240841,5150.00382438,0.00419095158577,637.785007711,630.129827186,9,70.2954348526
7.68000036478,2508.5315574,-51.0499958182,6.80610752106,-487.709686279,0.251487731934,0.0374080389738,101.42263031,39.193271637,0.973231971264,0.000232830643654,0.000465661287308,1,552.722485736,7.34530164696,0.371643516439,80.1725216555,10.8390435112,124.935962958,130.329004605,5150.00289306,0.00419095158577,637.785007711,630.129827186,9,70.2954348526
7.7120003663,2507.05238432,-42.2274242737,5.62986135483,-488.160675049,0.207845836878,0.0309390705079,101.42263031,39.1933441162,0.973231971264,0.000232830643654,0.000465661287308,1,552.722485736,7.45771794968,0.50607788496,78.5026604481,10.4793756177,126.025275677,132.92224321,5150.00335872,0.00419095158577,637.785007711,630.129827186,9,70.2954348526
7.74400036782,2505.82909212,-34.9146757799,4.65490818024,-488.535797119,0.171774536371,0.0255801547319,101.422492981,39.1934051514,0.973231911659,0.000232830643654,0.000465661287308,1,552.722485736,7.55867136678,0.659570061917,76.8694526405,10.1661708893,127.003513626,135.88310685,5150.00382438,0.00419095158577,637.785007711,630.129827186,9,70.2954348526
7.77600036934,2504.8176758,-28.8636183541,3.84816670418,-488.846618652,0.141963541508,0.0211453679949,101.422233582,39.1934547424,0.973231732845,0.000232830643654,0.000465661287308,1,552.722485736,7.66787070009,0.881811512259,75.272224349,9.89745253995,128.061656142,140.170144732,5150.00382438,0.00419095158577,637.785007711,630.129827186,9,70.2954348526
7.80800037086,2503.98158096,-23.8566808548,3.18062973022,-489.104187012,0.117330759764,0.0174756851047,101.421867371,39.1935005188,0.973231434822,0.000232830643654,0.000465661287308,1,552.722485736,7.78025083651,1.12153044111,73.7102211173,9.67091782944,129.150619614,144.794321386,5150.00382438,0.00419095158577,637.785007711,630.129827186,9,70.2954348526
7.84000037238,2503.29100527,-19.7133340407,2.62822890282,-489.317962646,0.096983872354,0.0144388191402,101.421592712,39.1935577393,0.973231256008,0.000232830643654,0.000465661287308,1,552.722485736,9.7246060138,1.8120143339,72.1828423101,9.48200797286,129.812382511,148.448365508,5150.00335872,0.00419095158577,637.785007711,630.129827186,9,70.2954348526
7.8720003739,2502.7198717,-16.2898140843,2.17179703712,-489.494384766,0.0801691114902,0.0119294961914,101.421409607,39.1936149597,0.973231136799,0.000232830643654,0.000465661287308,1,552.722485736,26.5361640658,6.31911129287,70.6893847447,9.32996668253,129.812382511,148.618230014,5150.00289306,0.00419095158577,637.785007711,630.129827186,9,70.2954348526
7.90400037542,2502.24838965,-13.4592391987,1.79441797733,-489.640563965,0.0662794038653,0.00985477492213,101.421226501,39.1936683655,0.97323101759,0.000232830643654,0.000465661287308,1,552.722485736,58.7559307099,13.8252051011,69.2292990596,10.9225409664,129.812382511,142.585296999,5150.00382438,0.00419095158577,637.785007711,636.162760202,9,70.2954348526
7.93600037694,2501.85839832,-11.1217914309,1.4827837944,-489.760955811,0.0548034384847,0.00814015138894,101.512062073,39.1475028992,0.97329390049,0.000232830643654,0.000465661287308,1,552.722485736,89.092921939,19.2415387288,83.9797067626,15.7093987843,115.634102258,124.035243061,5150.00335872,0.00419095158577,651.963229757,654.712901451,9,70.2954348526
7.96800037846,2501.53639354,-9.18715977605,1.22485411167,-489.860992432,0.0453215911984,0.0067242924124,101.598350525,39.1037979126,0.973353505135,0.000232830643654,0.000465661287308,1,552.722485736,102.846179911,22.1088871591,98.6947429095,19.3909998512,94.0092577366,107.329040475,5150.00289306,0.00465661287308,673.588132486,671.419024002,9,70.2954348526
8.00000037998,2501.27026811,-7.59234899306,1.01223015785,-489.943145752,0.0374868586659,0.00555441714823,101.63735199,39.0838699341,0.973380327225,0.000232830643654,0.000465661287308,1,552.722485736,108.645254615,23.2159659591,105.89951651,21.3537366645,78.5332449595,95.3369089984,5150.00335872,0.00465661287308,689.064268954,683.411082719,9,70.2954348526
8.0320003815,2501.05047598,-6.2724725467,0.836261034012,-490.011322021,0.0310119874775,0.00458812527359,101.656059265,39.074306488,0.973393201828,0.000232830643654,0.000465661287308,1,552.722485736,110.519126711,23.2510683281,108.83353179,22.03755623,68.6989878886,87.335385615,5150.00335872,0.00465661287308,698.898511473,691.412598826,9,70.2954348526
8.06400038302,2500.86886808,-5.1833399084,0.691055238247,-490.067504883,0.0256619974971,0.00378984073177,101.665534973,39.0695075989,0.973399758339,0.000232830643654,0.000465661287308,1,552.722485736,110.210700512,22.6412459262,109.270288837,21.8993643432,62.8966299701,82.2629881441,5150.00335872,0.00465661287308,704.700825736,696.484989021,9,70.2954348526
8.09600038454,2500.71892515,-4.28356179327,0.571094691753,-490.113922119,0.0212392397225,0.0031310482882,101.669929504,39.0673179626,0.973402738571,0.000232830643654,0.000465661287308,1,552.722485736,108.352554805,21.6259196537,107.974982304,21.2448623701,60.0111416134,79.3642539065,5150.00335872,0.00512227416039,707.58612128,699.383672327,9,70.2954348526
8.12800038606,2500.59482642,-3.53978293788,0.471932321787,-490.152252197,0.0175826977938,0.00258737336844,101.669242859,39.0674095154,0.973402261734,0.000232830643654,0.000465661287308,1,552.722485736,99.2294035013,19.2983555269,105.169942456,20.130806679,59.5861019974,78.6333766882,5150.00289306,0.00512227416039,708.01115362,700.11446951,10,70.2262841514
8.16000038758,2500.4921481,-2.9256302696,0.39005202055,-490.183776855,0.0145603362471,0.00213805329986,101.669059753,39.0677070618,0.973402142525,0.000232830643654,0.000465661287308,1,552.722485736,69.0188936029,12.6800903417,102.789214785,19.0100213094,59.5861019974,78.6333766882,5150.00289306,0.00512227416039,708.01115362,700.11446951,10,70.2262841514
8.1920003891,2500.40739775,-2.41816405833,0.322395414114,-490.209899902,0.012062413618,0.00176649843343,101.668754578,39.0678863525,0.973401963711,0.000232830643654,0.000465661287308,1,552.722485736,31.2923455373,4.41527381564,100.593988182,18.0687214998,59.5861019974,78.6333766882,5150.00335872,0.00512227416039,708.01115362,700.11446951,10,70.2262841514
8.22400039062,2500.33731572,-1.99945657187,0.266572326422,-490.23135376,0.00999577157199,0.00145997700747,101.668067932,39.0680236816,0.973401486874,0.000232830643654,0.000465661287308,1,552.722485736,5.68937133181,-0.639019191914,98.4699295317,17.2758829747,63.1538641755,87.4025208759,5150.00335872,0.00512227416039,708.01115362,700.11446951,10,70.2262841514
8.25600039214,2500.27957372,-1.65257870322,0.220325738192,-490.249267578,0.00828692037612,0.00120688206516,101.667610168,39.0681610107,0.97340118885,0.000232830643654,0.000465661287308,1,552.722485736,2.90278087404,-1.25712899822,96.3973350669,16.5096262217,81.8879416329,98.9099862636,5150.00335872,0.00512227416039,708.01115362,700.11446951,10,70.2262841514
8.28800039366,2500.23161061,-1.3672527075,0.182285398245,-490.263793945,0.00687356758863,0.000997640425339,101.667259216,39.0683059692,0.973400950432,0.000232830643654,0.000465661287308,1,552.722485736,4.22618770557,-0.937193504031,94.3714509797,15.6870489271,94.7117514443,105.081540823,5150.0024274,0.00512227416039,708.01115362,700.11446951,10,70.2262841514
8.32000039518,2500.1920294,-1.13055534712,0.150728344917,-490.275939941,0.00570432562381,0.000824778806418,101.666893005,39.0684547424,0.973400652409,0.000232830643654,0.000465661287308,1,552.722485736,5.13940781742,-0.710186628752,92.3903361929,14.8644331772,103.56085113,109.460503154,5150.0024274,0.00512227416039,708.01115362,700.11446951,10,70.2262841514
8.3520003967,2500.15920028,-0.935489651965,0.124721713364,-490.285858154,0.00473401462659,0.000683141406626,101.666664124,39.0685882568,0.973400533199,0.000232830643654,0.000465661287308,1,552.722485736,5.78533379964,-0.519630862208,90.4526795636,14.0817880548,109.819877252,113.136324217,5150.00289306,0.00512227416039,708.01115362,700.11446951,10,70.2262841514
8.38400039822,2500.13219193,-0.77516131114,0.10334636271,-490.294006348,0.00393144786358,0.000565403955989,101.666389465,39.06873703,0.973400294781,0.000232830643654,0.000465661287308,1,552.722485736,6.25287798073,-0.346769314448,88.5573603943,13.3593108358,114.350375952,116.470822832,5150.00335872,0.00512227416039,708.01115362,700.11446951,10,70.2262841514
8.41600039974,2500.10960735,-0.640222879156,0.0853560417891,-490.30090332,0.00326929008588,0.000467244099127,101.665977478,39.068862915,0.973400056362,0.000232830643654,0.000465661287308,1,552.722485736,6.599577738,-0.184372860167,86.7036022541,12.7051769349,117.709896585,119.603450003,5150.0024274,0.00512227416039,708.01115362,700.11446951,10,70.2262841514
8.44800040126,2500.09121373,-0.529377530256,0.0705778747797,-490.306640625,0.00271935597993,0.00038734570262,101.665763855,39.0690040588,0.973399877548,0.000232830643654,0.000465661287308,1,552.722485736,6.86294530626,-0.0294507731795,84.8904455916,12.1205107119,120.261931443,122.591896798,5150.00335872,0.00512227416039,708.01115362,700.11446951,10,70.2262841514
8.48000040278,2500.07584691,-0.438179228013,0.0584191009402,-490.311309814,0.002261438407,0.000322337204125,101.665534973,39.0691337585,0.973399758339,0.000232830643654,0.000465661287308,1,552.722485736,7.06766349798,0.119334087411,83.1170114284,11.6025607815,122.245648527,125.461956486,5150.00382438,0.00512227416039,708.01115362,700.11446951,10,70.2262841514
8.5120004043,2500.06304123,-0.363371043477,0.0484454967082,-490.315002441,0.00188254052773,0.000268094037892,101.665351868,39.069278717,0.97339963913,0.000232830643654,0.000465661287308,1,552.722485736,7.23015547535,0.262651223751,81.3825086839,11.1465467828,123.820194858,128.226543893,5150.00382438,0.00512227416039,708.01115362,700.11446951,10,70.2262841514
8.54400040582,2500.05256385,-0.302379021377,0.0403138957918,-490.317962646,0.00157164316624,0.00022176677885,101.665168762,39.0694084167,0.973399460316,0.000232830643654,0.000465661287308,1,552.722485736,7.36151467839,0.400898218348,79.6860950038,10.7468524101,125.093065435,130.893327878,5150.00382438,0.00512227416039,708.01115362,700.11446951,10,70.2262841514
8.57600040734,2500.04371628,-0.250252355727,0.0333642438054,-490.320587158,0.00131467182655,0.000182796124136,101.66493988,39.0695381165,0.973399341106,0.000232830643654,0.000465661287308,1,552.722485736,7.46942987918,0.534557815471,78.0269793075,10.3976196385,126.138766063,133.471621666,5150.00335872,0.00512227416039,708.01115362,700.11446951,10,70.2262841514
8.60800040886,2500.03649853,-0.208952457115,0.0278580412269,-490.322540283,0.00110296439379,0.000149642699398,101.664756775,39.0696601868,0.973399221897,0.000232830643654,0.000465661287308,1,552.722485736,7.57147240547,0.702170414331,76.4042752919,10.0941477647,127.127554151,136.704868055,5150.00289306,0.00512227416039,708.01115362,700.11446951,10,70.2262841514
8.64000041038,2500.03044493,-0.172263128206,0.0229665320367,-490.324462891,0.000925016996916,0.000122985788039,101.66431427,39.0697746277,0.973398923874,0.000232830643654,0.000465661287308,1,552.722485736,7.68215959285,0.934256537306,74.8173603471,9.83484089354,128.200117615,141.181808431,5150.00429004,0.00512227416039,708.01115362,700.11446951,10,70.2262841514
8.6720004119,2500.02532266,-0.142318413054,0.0189742315561,-490.325958252,0.000776296015829,0.000101892117527,101.664131165,39.0699043274,0.97339874506,0.000232830643654,0.000465661287308,1,552.722485736,7.79361222393,1.16957656835,73.2655019912,9.61685333246,129.280088004,145.721132867,5150.00429004,0.00512227416039,708.01115362,700.11446951,10,70.2262841514
8.70400041342,2500.02136454,-0.118547369254,0.0158050190657,-490.327178955,0.000650228757877,8.54935933603e-05,101.663948059,39.070022583,0.973398625851,0.000232830643654,0.000465661287308,1,552.722485736,11.874121161,2.40039824636,71.7480483152,9.43581033264,129.718187964,148.621722474,5150.00429004,0.00512227416039,708.01115362,700.11446951,10,70.2262841514
8.73600041494,2500.01787208,-0.0983276322586,0.0131092751399,-490.328155518,0.00054161855951,7.32642729417e-05,101.663444519,39.0701217651,0.973398268223,0.000232830643654,0.000465661287308,1,552.722485736,32.2283989445,7.85026970722,70.2642741619,9.29122387794,129.718187964,148.621722474,5150.00429004,0.00512227416039,708.01115362,700.11446951,10,70.2262841514
8.76800041646,2500.01507811,-0.0806778714946,0.0107561666518,-490.329162598,0.000453746790299,6.2613573391e-05,101.663169861,39.0702362061,0.973398089409,0.000232830643654,0.000465661287308,1,552.722485736,67.237343539,15.218723737,68.8137327173,11.8989706131,129.718187964,138.926116051,5150.00522137,0.00558793544769,708.01115362,709.810119588,10,70.2262841514
8.80000041798,2500.01251698,-0.0665653487886,0.00887465104461,-490.329772949,0.000385156658012,5.23006965523e-05,101.789649963,39.0095596313,0.973484873772,0.000232830643654,0.000465661287308,1,552.722485736,92.9055640371,20.0413486514,87.8405095527,16.6408064244,110.534674604,120.074051665,5150.00429004,0.00558793544769,727.194594219,728.662300389,10,70.2262841514
8.8320004195,2500.01065433,-0.0554878134551,0.00739776808769,-490.330352783,0.000328527006786,4.36322552559e-05,101.869880676,38.971244812,0.97353976965,0.000232830643654,0.000465661287308,1,552.722485736,104.455457531,22.4597753401,100.624305613,19.9392608028,90.0584855117,104.35331933,5150.00382438,0.00558793544769,747.670710552,744.383025449,10,70.2262841514
8.86400042102,2500.00925735,-0.0464917917498,0.00619839690626,-490.330871582,0.000278611667454,3.74883420591e-05,101.906837463,38.9537658691,0.973564982414,0.000232830643654,0.000465661287308,1,552.722485736,109.16511907,23.2878261065,106.681734046,21.5828442181,75.9408503654,93.3119954425,5150.00429004,0.00558793544769,761.788338423,755.42437844,10,70.2262841514
8.89600042254,2500.00786036,-0.0392968928509,0.00523915560916,-490.331115723,0.00023390960996,3.34314427164e-05,101.924552917,38.9452323914,0.973577022552,0.000232830643654,0.000465661287308,1,552.722485736,110.47642301,23.1560342812,108.974087763,22.0563791864,67.1053348924,86.020976596,5150.00522137,0.00558793544769,770.623795688,762.715470046,10,70.2262841514
8.92800042406,2500.00669621,-0.0334676109048,0.00446198182181,-490.331329346,0.000194241438294,3.07077971229e-05,101.933479309,38.9409599304,0.973583102226,0.000232830643654,0.000465661287308,1,552.722485736,109.805293695,22.4437303217,108.99759311,21.7864852034,62.0068021817,81.4665327198,5150.00429004,0.00558793544769,775.722321123,767.269986682,10,70.2262841514
8.96000042558,2500.00553206,-0.0285815193735,0.00381055660546,-490.331420898,0.0001595478534,2.87108086923e-05,101.937507629,38.9391479492,0.97358584404,0.000232830643654,0.000465661287308,1,552.722485736,107.649291504,21.3601843374,107.379796724,21.0476159527,59.659814724,78.9683108451,5150.00382438,0.00558793544769,778.069370426,769.76820128,10,70.2262841514
8.9920004271,2500.00483356,-0.023441906194,0.00312533089891,-490.331787109,0.000131456909003,2.66669921984e-05,101.936286926,38.939666748,0.973585009575,0.000232830643654,0.000465661287308,1,552.722485736,94.1691321244,18.2061607613,104.508533177,19.8655932561,59.534326283,78.6206874182,5150.00522137,0.00558793544769,778.194807936,770.115817431,11,70.1838507666
9.02400042862,2500.00413507,-0.0190416393764,0.00253867683932,-490.332000732,0.000111539164209,2.37491585722e-05,101.935691833,38.9399528503,0.973584651947,0.000232830643654,0.000465661287308,1,552.722485736,60.83950508,10.8989367337,102.193582391,18.7858323725,59.534326283,78.6206874182,5150.00522137,0.00558793544769,778.194807936,770.115817431,11,70.1838507666
9.05600043014,2500.00343658,-0.0153522670132,0.00204680091701,-490.33215332,9.7640659078e-05,2.04591706279e-05,101.935600281,38.9401779175,0.973584592342,0.000232830643654,0.000465661287308,1,552.722485736,24.0624020239,2.91960758806,100.019985982,17.8789702045,59.534326283,79.0202029748,5150.00429004,0.00558793544769,778.194807936,770.115817431,11,70.1838507666
9.08800043166,2500.00320375,-0.0123543566488,0.001647112309,-490.332427979,8.70136573212e-05,1.75804198079e-05,101.935157776,38.9403572083,0.973584294319,0.000232830643654,0.000465661287308,1,552.722485736,3.34586610749,-1.19749202991,97.9102546793,17.1081976999,67.0647932566,90.3562904568,5150.00475571,0.00558793544769,778.194807936,770.115817431,11,70.1838507666
9.12000043318,2500.00273809,-0.00995478544041,0.00132719578687,-490.332550049,7.80754926382e-05,1.54225708684e-05,101.935066223,38.9405632019,0.973584234715,0.000232830643654,0.000465661287308,1,552.722485736,3.22501138314,-1.17493513203,95.8504273759,16.3277564328,85.0103533594,100.495504739,5150.00382438,0.00558793544769,778.194807936,770.115817431,11,70.1838507666
9.1520004347,2500.00273809,-0.00804204702831,0.0010721848812,-490.332794189,7.03928308212e-05,1.38791810969e-05,101.934608459,38.9407348633,0.973583877087,0.000232830643654,0.000465661287308,1,552.722485736,4.44339425771,-0.884051476574,93.8367830631,15.5005480207,96.8164822552,106.106650492,5150.00429004,0.00558793544769,778.194807936,770.115817431,11,70.1838507666
9.18400043622,2500.00227243,-0.00650932197033,0.00086783838924,-490.332763672,6.39591744402e-05,1.27233251987e-05,101.934112549,38.9408988953,0.973583579063,0.000232830643654,0.000465661287308,1,552.722485736,5.28954785914,-0.667530081235,91.8674246125,14.6840191963,105.015707959,110.283348477,5150.00475571,0.00558793544769,778.194807936,770.115817431,11,70.1838507666
9.21600043774,2500.0020396,-0.00526922772082,0.000702506047674,-490.332824707,5.87623108004e-05,1.17834806588e-05,101.933753967,38.9410743713,0.973583340645,0.000232830643654,0.000465661287308,1,552.722485736,5.89093756189,-0.481729839675,89.9412459762,13.9131780215,110.843175207,113.867434266,5150.00335872,0.00558793544769,778.194807936,770.115817431,11,70.1838507666
9.24800043926,2500.0020396,-0.00423905266445,0.000565160647966,-490.332946777,5.46349656361e-05,1.09940701805e-05,101.933387756,38.941242218,0.973583042622,0.000232830643654,0.000465661287308,1,552.722485736,6.32848980937,-0.311481106739,88.057199705,13.2050354753,115.083057608,117.151532322,5150.00382438,0.00558793544769,778.194807936,770.115817431,11,70.1838507666
9.28000044078,2500.0020396,-0.00344498785054,0.000459294009488,-490.333068848,5.13474042236e-05,1.03308366306e-05,101.933021545,38.94140625,0.973582804203,0.000232830643654,0.000465661287308,1,552.722485736,6.65464893994,-0.150830277255,86.214465419,12.5659192868,118.243537145,120.250486361,5150.00382438,0.00558793544769,778.194807936,770.115817431,11,70.1838507666
9.3120004423,2500.00180677,-0.00278195066983,0.000370896304958,-490.33303833,4.87146353407e-05,9.78459775069e-06,101.932579041,38.941570282,0.97358250618,0.000232830643654,0.000465661287308,1,552.722485736,6.90366672788,0.00272261626428,84.4120908917,11.9959374969,120.656521176,123.21252143,5150.00382438,0.00558793544769,778.194807936,770.115817431,11,70.1838507666
9.34400044382,2500.00157394,-0.00224694995943,0.00029956875369,-490.332977295,4.66093879368e-05,9.33838509809e-06,101.932304382,38.941734314,0.973582327366,0.000232830643654,0.000465661287308,1,552.722485736,7.09813978531,0.150317825975,82.6492191191,11.4917692154,122.540965094,126.059632748,5150.00382438,0.00558793544769,778.194807936,770.115817431,11,70.1838507666
9.37600044534,2500.00157394,-0.00181535608768,0.000242027614149,-490.33303833,4.48725913884e-05,8.99010046851e-06,101.931983948,38.9419021606,0.973582088947,0.000232830643654,0.000465661287308,1,552.722485736,7.25314396536,0.292547162156,80.9250077468,11.0483896158,124.042955576,128.803236294,5150.00289306,0.00558793544769,778.194807936,770.115817431,11,70.1838507666
9.40800044686,2500.00157394,-0.0014675493043,0.000195657179574,-490.333099365,4.34516150563e-05,8.71582142281e-06,101.93157196,38.9420509338,0.973581850529,0.000232830643654,0.000465661287308,1,552.722485736,7.37889601863,0.429768939455,79.2387535921,10.6600285709,125.261489302,131.450244226,5150.00289306,0.00558793544769,778.194807936,770.115817431,11,70.1838507666
9.44000044838,2500.00157394,-0.00118640508529,0.000158174356329,-490.333129883,4.2303588998e-05,8.49375919643e-06,101.931388855,38.9422111511,0.973581671715,0.000232830643654,0.000465661287308,1,552.722485736,7.48318589128,0.564334582486,77.5894897788,10.3208967262,126.272061607,134.046014864,5150.00382438,0.00558793544769,778.194807936,770.115817431,11,70.1838507666
9.4720004499,2500.0013411,-0.000958787049754,0.00012782777776,-490.33303833,4.13825255237e-05,8.31140459923e-06,101.931037903,38.9423599243,0.973581433296,0.000232830643654,0.000465661287308,1,552.722485736,7.58704085274,0.747971598667,75.9765131242,10.0270331851,127.278413856,137.588373036,5150.00335872,0.00558793544769,778.194807936,770.115817431,11,70.1838507666
9.50400045142,2500.0013411,-0.000772683139694,0.00010301596194,-490.333068848,4.06618783018e-05,8.15777912067e-06,101.930671692,38.9425010681,0.973581194878,0.000232830643654,0.000465661287308,1,552.722485736,7.69882355852,0.98651443609,74.3991131207,9.77695467168,128.361585666,142.189863254,5150.00335872,0.00558793544769,778.194807936,770.115817431,11,70.1838507666
9.53600045294,2500.0013411,-0.000625913765262,8.3448321675e-05,-490.333068848,4.00736935262e-05,8.03328293841e-06,101.930259705,38.9426498413,0.973580956459,0.000232830643654,0.000465661287308,1,552.722485736,7.80879474475,1.21556865581,72.8565572863,9.56722676084,129.427207867,146.608319483,5150.00382438,0.00558793544769,778.194807936,770.115817431,11,70.1838507666
9.56800045446,2500.0013411,-0.000506107267206,6.74754337524e-05,-490.333099365,3.95805946027e-05,7.94002062321e-06,101.929893494,38.9427757263,0.973580658436,0.000232830643654,0.000465661287308,1,552.722485736,14.8245092453,3.19365016598,71.3481717376,9.39412295038,129.640568048,148.619874381,5150.00382438,0.00558793544769,778.194807936,770.115817431,11,70.1838507666
9.60000045598,2500.0013411,-0.000409460521045,5.45902548765e-05,-490.333099365,3.91783214582e-05,7.86599957792e-06,101.929359436,38.9429130554,0.973580300808,0.000232830643654,0.000465661287308,1,552.722485736,38.5967952893,9.55106637654,69.8733338648,9.28266024767,129.640568048,148.530409206,5150.00335872,0.00558793544769,778.194807936,770.205282606,11,70.1838507666
9.6320004575,2500.0013411,-0.000331092431249,4.41420343122e-05,-490.333129883,3.88568623748e-05,7.80448954174e-06,101.942764282,38.9386291504,0.973589479923,0.000232830643654,0.000465661287308,1,552.722485736,74.795583657,16.4830298,71.5950840975,12.9440210055,127.653504023,134.938556585,5150.00335872,0.00558793544769,780.181842856,783.797120675,11,70.1838507666
9.66400045902,2500.0013411,-0.00026751001414,3.56650743925e-05,-490.333129883,3.86011925002e-05,7.75304215495e-06,102.049125671,38.9034919739,0.973661780357,0.000232830643654,0.000465661287308,1,552.722485736,96.146225585,20.7292115175,91.2571572278,17.4958308408,105.600294773,116.293442261,5150.00382438,0.00558793544769,802.235095762,802.442198619,11,70.1838507666
9.69600046054,2500.0013411,-0.000216043113954,2.8803384339e-05,-490.333129883,3.83963342756e-05,7.71079248807e-06,102.103126526,38.885635376,0.973698377609,0.000232830643654,0.000465661287308,1,552.722485736,105.7889923,22.7392575125,102.274162736,20.4104206982,86.4444082254,101.601908682,5150.00335872,0.00558793544769,821.39094593,817.133812234,11,70.1838507666
9.72800046206,2500.0013411,-0.000174485675908,2.32628481172e-05,-490.333129883,3.8230606151e-05,7.67679193814e-06,102.128395081,38.8774223328,0.973715484142,0.000232830643654,0.000465661287308,1,552.722485736,109.566673032,23.3175960065,107.326186366,21.7596488939,73.6126166885,91.4617339731,5150.00429004,0.00558793544769,834.222650155,827.274052426,11,70.1838507666
9.76000046358,2500.0013411,-0.000140962685968,1.87934820133e-05,-490.333129883,3.80959281756e-05,7.64966625866e-06,102.140815735,38.8733673096,0.973723888397,0.000232830643654,0.000465661287308,1,552.722485736,110.37749399,23.0362698106,109.044457309,22.0429326479,65.6982883811,84.8334166221,5150.00335872,0.00558793544769,842.137029395,833.902391605,11,70.1838507666
9.7920004651,2500.0013411,-0.000113907522303,1.51864232976e-05,-490.3331604,3.79866105504e-05,7.62795889386e-06,102.146705627,38.8713378906,0.973727822304,0.000232830643654,0.000465661287308,1,552.722485736,109.365233155,22.2310926261,108.682750369,21.6540103387,61.2560106674,80.7656833786,5150.00429004,0.00558793544769,846.579438075,837.970233988,11,70.1838507666
9.82400046661,2500.0013411,-9.20509016233e-05,1.22724459288e-05,-490.3331604,3.78982003895e-05,7.61044748288e-06,102.148651123,38.8706626892,0.973729133606,0.000232830643654,0.000465661287308,1,552.722485736,106.653584762,21.0132826898,106.631668901,20.8277706341,59.4976336288,78.6860473454,5150.00335872,0.00558793544769,848.337833304,840.049877297,11,70.1838507666
9.85600046813,2500.0013411,-7.4382125459e-05,9.91680281004e-06,-490.3331604,3.7826874177e-05,7.59624435887e-06,102.147331238,38.8711013794,0.973728299141,0.000232830643654,0.000465661287308,1,552.722485736,88.1872738599,16.9058458829,103.898573435,19.6111436562,59.4976336288,78.6120872363,5150.00335872,0.00558793544769,848.337833304,840.123801026,12,70.142930781
9.88800046965,2500.0013411,-6.00983776633e-05,8.01245914772e-06,-490.3331604,3.7769368646e-05,7.58471878726e-06,102.14679718,38.8712882996,0.973727941513,0.000232830643654,0.000465661287308,1,552.722485736,52.5332799726,9.08464106172,101.63181264,18.571024699,59.4976336288,78.6120872363,5150.00335872,0.00558793544769,848.337833304,840.123801026,12,70.142930781
9.92000047117,2500.0013411,-4.85560550101e-05,6.47360911898e-06,-490.3331604,3.77229516744e-05,7.57538646212e-06,102.146430969,38.8714447021,0.97372764349,0.000232830643654,0.000465661287308,1,552.722485736,17.5737925633,1.73637744064,99.4765063066,17.6974776439,59.4976336288,80.5425661383,5150.00382438,0.00558793544769,848.337833304,840.123801026,12,70.142930781
9.95200047269,2500.0013411,-3.92288493356e-05,5.23008384334e-06,-490.3331604,3.76854331989e-05,7.56785220801e-06,102.146110535,38.8715782166,0.973727464676,0.000232830643654,0.000465661287308,1,552.722485736,2.14895411177,-1.47402756457,97.3799889795,16.940323811,71.4984125807,93.1906906771,5150.00335872,0.00558793544769,848.337833304,840.123801026,12,70.142930781
9.98400047421,2500.0013411,-3.16962255054e-05,4.22581661041e-06,-490.3331604,3.76550960937e-05,7.56177587391e-06,102.14566803,38.8717155457,0.973727166653,0.000232830643654,0.000465661287308,1,552.722485736,3.52279095613,-1.10187234077,95.3321377569,16.1451559931,87.8958380781,101.904886833,5150.00289306,0.00558793544769,848.337833304,840.123801026,12,70.142930781
10.000000475,2500.0013411,-2.84903454995e-05,3.79840093956e-06,-490.3331604,3.76421776309e-05,7.5591933637e-06,102.145484924,38.8717803955,0.973727047443,0.000232830643654,0.000465661287308,1,552.722485736,4.13650855997,-0.956348251882,94.3254511097,15.7308751568,93.8427619985,104.712045868,5150.00382438,0.00558793544769,848.337833304,840.123801026,12,70.142930781
