time_s,lung_volume_ml,airflow_ml_s,alveolar_pa,pleural_pa,diaphragm_mm,rib_mm,PaO2_mmhg,PaCO2_mmhg,SaO2,oxygen_balance_error_stpd_ml,co2_balance_error_stpd_ml,breaths,tidal_ml,lv_mmhg,rv_mmhg,aorta_mmhg,pulmonary_artery_mmhg,lv_ml,rv_ml,blood_ml,blood_error_ml,aortic_ejected_ml,pulmonary_ejected_ml,complete_filling_ejection_cycles,last_lv_stroke_ml
0.0320000015199,2501.94966793,144.204095704,-19.2256355286,-510.514160156,0.0724901929498,0.00229107681662,99.999961853,40.0000152588,0.972220242023,0.000116415321827,0.000232830643654,0,0,7.01906331677,0.968647712069,82.9146486242,13.1435573448,126.774713863,141.845215694,5149.99963343,0.000931322574615,0,0,0,0
0.0640000030398,2509.26287845,295.484322123,-39.3946762085,-534.269104004,0.360934972763,0.00399388093501,100.000053406,40.0000114441,0.972220301628,0.000116415321827,0.000232830643654,0,0,7.28122320532,1.19429222804,81.0829381924,12.5380135535,129.315041704,146.197897266,5149.99963343,0.000931322574615,0,0,0,0
0.0960000045598,2520.7453873,410.064822063,-54.6708221436,-555.175476074,0.787905812263,0.0174625050277,100.000236511,40.0000190735,0.972220420837,0.000116415321827,0.000232830643654,0,0,7.51204568238,1.42603431337,79.3712009887,12.0133311978,131.55171473,150.668201968,5149.99963343,0.000931322574615,0,0,0,0
0.12800000608,2535.42303108,497.765431646,-66.3632736206,-574.064819336,1.29368007183,0.0513507053256,100.000236511,40.0000267029,0.972220420837,0.000116415321827,0.000232830643654,0,0,10.1017298691,2.29766329567,77.7106496277,11.5623502661,132.785047754,153.882661834,5149.99963343,0.000931322574615,0,0,0,0
0.1600000076,2552.52514035,563.834153581,-75.1717147827,-591.259033203,1.85257220268,0.103516429663,100.000053406,40.0000114441,0.972220301628,0.000116415321827,0.000232830643654,0,0,27.7938393354,7.36609406435,76.0894764994,11.186474377,132.785047754,153.912580572,5149.99963343,0.000931322574615,0,0,0,0
0.19200000912,2571.44425996,613.068754319,-81.7357940674,-607.09979248,2.45004677773,0.169885680079,100.000320435,40.0000267029,0.972220480442,0.000116415321827,0.000232830643654,0,0,60.3892703643,15.5825969928,74.5049787453,12.5369862475,132.785047754,148.083403474,5149.99963343,0.000931322574615,0,5.82918937653,0,0
0.224000010639,2591.70751087,649.202789646,-86.5532684326,-621.852966309,3.07559418678,0.246961832047,100.000320435,40.0000305176,0.972220480442,0.000116415321827,0.000232830643654,0,0,92.1186073425,21.2529050225,87.1598799463,17.4982150697,120.69044169,128.344705445,5149.99916777,0.000931322574615,12.0946051538,25.5678878602,0,0
0.256000012159,2612.94399388,674.915034324,-89.9812850952,-635.693908691,3.72093772888,0.332007229328,100.000404358,40.0000305176,0.972220540047,0.000116415321827,0.000232830643654,0,0,105.92495561,24.1341577926,101.832256341,21.2729384055,99.4683505269,110.679815407,5150.00056475,0.000931322574615,33.316668123,43.232794269,0,0
0.288000013679,2634.85615142,692.230416462,-92.2898101807,-648.746704102,4.37928199768,0.422900259495,100.000404358,40.0000305176,0.972220540047,0.000116415321827,0.000232830643654,0,0,111.628228992,25.1764998327,108.915672322,23.2258324917,84.1903820401,98.0905242614,5149.99963343,0.000931322574615,48.5946475237,55.8220817766,0,0
0.320000015199,2657.20230527,702.682242263,-93.6832733154,-661.097167969,5.04484701157,0.518020510674,100.000144958,40.0000152588,0.972220361233,0.000116415321827,0.000232830643654,0,0,113.38521161,25.1129936427,111.723034139,23.8458455495,74.4798744563,89.7221107152,5150.00009909,0.000931322574615,58.3051514695,64.1904844088,0,0
0.352000016719,2679.78059128,707.294791937,-94.2982330322,-672.78302002,5.7126660347,0.616067409515,100.000320435,40.0000343323,0.972220480442,0.000116415321827,0.000232830643654,0,0,112.945854252,24.3867926682,112.027915125,23.6160805934,68.7796928105,84.4368769322,5150.00009909,0.000931322574615,64.0053258394,69.4757472957,0,0
0.384000018239,2702.42081024,706.971506588,-94.2551345825,-683.841186523,6.3784031868,0.716013967991,100.000320435,40.0000267029,0.972220480442,0.000116415321827,0.000232830643654,0,0,110.934129042,23.2445840311,110.583856146,22.8548688102,66.0067453282,81.4427621663,5149.99963343,0.000931322574615,66.7782805976,72.4698475096,0,0
0.416000019759,2724.97558035,702.364312019,-93.6408920288,-694.286254883,7.03821372986,0.817008435726,100.000144958,40.0000152588,0.972220361233,0.000116415321827,0.000232830643654,0,0,100.204293105,20.4786312539,107.666065342,21.605664695,65.6857082504,80.7880787761,5150.00103042,0.000931322574615,67.0993249514,73.1245163479,1,67.0993249514
0.448000021279,2747.31754325,693.967507686,-92.5214080811,-704.121704102,7.6886548996,0.918354511261,100.000236511,40.0000267029,0.972220420837,0.000116415321827,0.000232830643654,0,0,68.0835067543,13.1578086979,105.242135882,20.3912644625,65.6857082504,80.7880787761,5150.00056475,0.000931322574615,67.0993249514,73.1245163479,1,67.0993249514
0.480000022799,2769.33331043,682.22254049,-90.9555435181,-713.350891113,8.32663536072,1.01945638657,100.000320435,40.0000305176,0.972220480442,0.000116415321827,0.000232830643654,0,0,29.6336455245,4.39449284328,102.991394469,19.3713455278,65.6857082504,80.7880787761,5150.00009909,0.00139698386192,67.0993249514,73.1245163479,1,67.0993249514
0.512000024319,2790.92229903,667.535932735,-88.9974899292,-721.978637695,8.94937992096,1.11979711056,100.000320435,40.0000267029,0.972220480442,0.000116415321827,0.000232830643654,0,0,5.07648349275,-0.758181196126,100.810934703,18.5102964469,70.9464220563,89.6454585018,5150.00009909,0.00139698386192,67.0993249514,73.1245163479,1,67.0993249514
0.544000025839,2811.99486926,650.17392626,-86.6827392578,-729.996520996,9.55439662933,1.21891367435,100.000495911,40.000038147,0.972220599651,0.000116415321827,0.000232830643654,0,0,3.28243591244,-1.16842874615,98.6828840258,17.6675978716,90.5667984625,100.621015008,5150.00103042,0.00139698386192,67.0993249514,73.1245163479,1,67.0993249514
0.576000027359,2832.4695304,630.397058558,-84.046043396,-737.399169922,10.1394720078,1.31637907028,100.000495911,40.000038147,0.972220599651,0.000116415321827,0.000232830643654,0,0,4.64177281765,-0.865206831848,96.6028182445,16.7727282652,103.738770122,106.47016461,5150.00149608,0.00139698386192,67.0993249514,73.1245163479,1,67.0993249514
0.608000028878,2852.27433778,608.447182458,-81.1196365356,-744.18371582,10.702624321,1.41181075573,100.000587463,40.000038147,0.972220659256,0.000116415321827,0.000232830643654,0,0,5.58328825165,-0.647892524735,94.5686278114,15.885558876,112.862056994,110.662156658,5150.00009909,0.00139698386192,67.0993249514,73.1245163479,1,67.0993249514
0.640000030398,2871.34386599,584.607943892,-77.9413299561,-750.355773926,11.24214077,1.50483977795,100.000495911,40.0000343323,0.972220599651,0.000116415321827,0.000232830643654,0,0,6.25131230044,-0.464647014465,92.5791700545,15.0458222747,119.335207273,114.196962386,5150.00009909,0.00139698386192,67.0993249514,73.1245163479,1,67.0993249514
0.672000031918,2889.61990736,559.000181966,-74.5272369385,-755.903076172,11.7565450668,1.59510743618,100.000495911,40.000038147,0.972220599651,0.000116415321827,0.000232830643654,0,0,6.736467638,-0.298044897425,90.63337555,14.2731160176,124.036363559,117.410716484,5150.00103042,0.00139698386192,67.0993249514,73.1245163479,1,67.0993249514
0.704000033438,2907.05100633,531.906029209,-70.9149856567,-760.83782959,12.2446088791,1.68226337433,100.000587463,40.0000457764,0.972220659256,0.000116415321827,0.000232830643654,0,0,7.09744530081,-0.141345507939,88.7302554474,13.5749663573,127.534236526,120.433447591,5150.00056475,0.00139698386192,67.0993249514,73.1245163479,1,67.0993249514
0.736000034958,2923.59199375,503.459945321,-67.1224822998,-765.155883789,12.7053546906,1.76596808434,100.000495911,40.0000343323,0.972220599651,0.000116415321827,0.000232830643654,0,0,7.37256508508,0.00824993090366,86.8688868191,12.9518658878,130.200147396,123.319143313,5150.00056475,0.00139698386192,67.0993249514,73.1245163479,1,67.0993249514
0.768000036478,2939.20282274,473.862659419,-63.1765022278,-768.864379883,13.1379995346,1.84587967396,100.000404358,40.0000343323,0.972220540047,0.000116415321827,0.000232830643654,0,0,7.58706694741,0.15199179057,85.048427311,12.4004342048,132.278670208,126.091923448,5150.00056475,0.00139698386192,67.0993249514,73.1245163479,1,67.0993249514
0.800000037998,2953.84996571,443.319440819,-59.1044082642,-771.974304199,13.5420160294,1.92165982723,100.000404358,40.0000305176,0.972220540047,0.000116415321827,0.000232830643654,0,0,7.75779110695,0.290508086754,83.2679320213,11.9153031307,133.932990138,128.763902467,5150.00009909,0.00139698386192,67.0993249514,73.1245163479,1,67.0993249514
0.832000039518,2967.50525013,411.984161474,-54.9267120361,-774.492248535,13.9170808792,1.99297046661,100.000404358,40.0000343323,0.972220540047,0.000116415321827,0.000232830643654,0,0,7.89612491211,0.424172977204,81.5265512707,11.4902712897,135.27343981,131.342298118,5150.00056475,0.00139698386192,67.0993249514,73.1245163479,1,67.0993249514
0.864000041038,2980.14609143,380.000041332,-50.6625137329,-776.426269531,14.2630939484,2.0594792366,100.000495911,40.0000457764,0.972220599651,0.000116415321827,0.000232830643654,0,0,8.01012383377,0.553811047817,79.8234939788,11.1190173621,136.378090247,133.843015647,5150.00056475,0.00139698386192,67.0993249514,73.1245163479,1,67.0993249514
0.896000042558,2991.75386317,347.467663232,-46.3252182007,-777.780639648,14.5801458359,2.12084031105,100.000587463,40.000038147,0.972220659256,0.000116415321827,0.000232830643654,0,0,8.11962256909,0.722715104017,78.1580056891,10.7966968951,137.439128594,137.101174914,5150.00056475,0.00139698386192,67.0993249514,73.1245163479,1,67.0993249514
0.928000044078,3002.31459551,314.599077683,-41.9430999756,-778.576782227,14.8684473038,2.17672729492,100.000404358,40.0000343323,0.972220540047,0.000116415321827,0.000232830643654,0,0,8.23775360488,0.953381470851,76.5292660217,10.5215418601,138.583825901,141.550728586,5150.00056475,0.00139698386192,67.0993249514,73.1245163479,1,67.0993249514
0.960000045598,3011.81897521,281.450425973,-37.5236434937,-778.817626953,15.1283798218,2.22682905197,100.000320435,40.0000305176,0.972220480442,0.000116415321827,0.000232830643654,0,0,8.35556601099,1.18287397804,74.9364692464,10.2902689066,139.725423651,145.977639477,5150.00009909,0.00139698386192,67.0993249514,73.1245163479,1,67.0993249514
0.992000047117,3020.25978453,248.183408985,-33.0884056091,-778.521179199,15.3604726791,2.27080178261,100.000236511,40.0000267029,0.972220420837,0.000116415321827,0.000232830643654,0,0,13.5619126123,2.63389084924,73.3790879761,10.0983247433,140.111806104,148.509512655,5150.00056475,0.00139698386192,67.0993249514,73.1245163479,1,67.0993249514
1.02400004864,3027.63562649,215.137784835,-28.6826839447,-777.732116699,15.5653400421,2.30836987495,100.000236511,40.0000190735,0.972220420837,0.000116415321827,0.000232830643654,0,0,36.0868248305,8.38782909662,71.85634578,9.94508859172,140.111806104,148.509512655,5150.00009909,0.00139698386192,67.0993249514,73.1245163479,1,67.0993249514
1.05600005016,3033.9944642,184.529970284,-24.6019763947,-776.769287109,15.7443418503,2.33976697922,100.000495911,39.9997673035,0.972220599651,0.000116415321827,0.000232830643654,0,0,73.2844879248,15.9019609793,71.4624169563,12.5567852361,139.506184496,138.776085805,5150.00009909,0.00139698386192,67.7049392834,82.8579431982,1,67.0993249514
1.08800005168,3039.40149024,155.38543812,-20.7163581848,-775.534973145,15.8990936279,2.36540317535,100.008384705,39.9930343628,0.972226321697,0.000116415321827,0.000465661287308,0,0,97.69832566,20.6631398093,92.4549777301,17.2861835029,117.363939353,119.932970847,5149.99963343,0.00139698386192,89.8471553228,101.701079984,1,67.0993249514
1.1200000532,3043.88720542,126.78965868,-16.9039001465,-773.92199707,16.0306777954,2.38533735275,100.012825012,39.9894104004,0.972229599953,0.000116415321827,0.000465661287308,0,0,108.874396961,23.0120795923,105.005419672,20.5272680592,96.4912906056,104.387960164,5150.00009909,0.00139698386192,110.719818622,117.246068839,1,67.0993249514
1.15200005472,3047.46022448,98.3049249044,-13.1062479019,-771.876281738,16.139875412,2.39938926697,100.014778137,39.9877662659,0.972231030464,0.000116415321827,0.000465661287308,0,0,113.378546024,23.7967033316,110.88944764,22.1213411844,82.295271568,93.5219650273,5150.00056475,0.00139698386192,124.91583766,128.112078528,1,67.0993249514
1.18400005624,3050.11868477,69.6160859661,-9.28138256073,-769.354919434,16.2272758484,2.40728163719,100.015678406,39.98695755,0.972231686115,0.000116415321827,0.000465661287308,0,0,114.541991145,23.6380312479,113.044739323,22.5618027589,73.462149885,86.3700406626,5150.00056475,0.00139698386192,133.748937515,135.264010169,1,67.0993249514
1.21600005776,3051.85560137,40.7254847232,-5.42961883545,-766.354858398,16.2933692932,2.40868997574,100.016311646,39.9865646362,0.972232103348,0.000116415321827,0.000465661287308,0,0,113.717062583,22.90530569,112.923791894,22.2688813728,68.4089318383,81.9315027911,5150.00103042,0.00139698386192,138.802148285,139.70254804,1,67.0993249514
1.24800005928,3052.66166106,11.4398480946,-1.52518785,-762.84564209,16.3385677338,2.40329527855,100.016487122,39.9864044189,0.972232282162,0.000116415321827,0.000465661287308,0,0,111.344912277,21.7935719669,111.12086068,21.5096894088,66.1608937662,79.547855421,5150.00009909,0.00139698386192,141.050215461,142.08619541,1,67.0993249514
1.2800000608,3052.52685212,-18.1388932106,2.41832065582,-758.83605957,16.3631782532,2.39079046249,100.016487122,39.9864501953,0.972232282162,0.000116415321827,0.000465661287308,0,0,95.6972653881,18.2591173793,108.144405392,20.3111474117,66.1046578898,79.3127182988,5150.00056475,0.00139698386192,141.106444062,142.321339808,2,74.0071045584
1.31200006232,3051.43906735,-48.0295238958,6.40341091156,-754.317565918,16.3674259186,2.3708922863,100.016807556,39.9864883423,0.97223252058,0.000116415321827,0.000465661287308,0,0,60.284899003,10.6006132928,105.755649719,19.2459043215,66.1046578898,79.3127182988,5150.00149608,0.00186264514923,141.106444062,142.321339808,2,74.0071045584
1.34400006384,3049.38619956,-78.4376607044,10.4574966431,-749.256896973,16.3512516022,2.3434176445,100.016716003,39.9865036011,0.972232401371,0.000116415321827,0.000465661287308,0,0,22.7283545178,2.59897480534,103.502022326,18.3512526286,66.1046578898,79.9327390268,5150.00103042,0.00186264514923,141.106444062,142.321339808,2,74.0071045584
1.37600006536,3046.35311477,-109.299675387,14.5720939636,-743.655090332,16.3142757416,2.30827236176,100.016899109,39.986530304,0.972232580185,0.000116415321827,0.000465661287308,0,0,3.04570207667,-1.3100786347,101.312780101,17.5864681644,75.3943095333,91.5752025321,5150.00103042,0.00186264514923,141.106444062,142.321339808,2,74.0071045584
1.40800006688,3042.3249118,-140.58825036,18.743560791,-737.508483887,16.2559738159,2.26542496681,100.016807556,39.9865379333,0.97223252058,0.000116415321827,0.000465661287308,0,0,3.58037457136,-1.14135941575,99.1750240371,16.7966712708,93.4538256843,101.143181382,5150.00056475,0.00186264514923,141.106444062,142.321339808,2,74.0071045584
1.4400000684,3037.28692234,-172.372339875,22.981092453,-730.80065918,16.175693512,2.21491026878,100.016899109,39.9865531921,0.972232580185,0.000116415321827,0.000465661287308,0,0,4.8043650535,-0.862385059363,97.0850917232,15.9593491134,105.314291432,106.524596049,5150.00009909,0.00186264514923,141.106444062,142.321339808,2,74.0071045584
1.47200006992,3031.22517653,-204.533542274,27.2688999176,-723.540588379,16.0726547241,2.15681362152,100.016990662,39.9865837097,0.97223263979,0.000116415321827,0.000465661287308,0,0,5.65506645259,-0.652146070644,95.0412032283,15.1336779979,113.557587611,110.580105684,5150.00056475,0.00186264514923,141.106444062,142.321339808,2,74.0071045584
1.50400007144,3024.12523888,-237.215659581,31.626159668,-715.701965332,15.9458608627,2.09131193161,100.016990662,39.9865875244,0.97223263979,0.000116415321827,0.000465661287308,0,0,6.25995101012,-0.470679003798,93.0421426322,14.3546577459,119.418917166,114.080605272,5149.99963343,0.00186264514923,141.106444062,142.321339808,2,74.0071045584
1.53600007296,3015.97150974,-270.400050795,36.0503807068,-707.279724121,15.79408741,2.01865839958,100.017127991,39.9866104126,0.972232699394,0.000116415321827,0.000465661287308,0,0,6.70023358429,-0.303926785171,91.0869137596,13.6393194796,123.685254948,117.297255201,5150.00009909,0.00186264514923,141.106444062,142.321339808,2,74.0071045584
1.56800007448,3006.74699247,-304.14579669,40.549446106,-698.257568359,15.6158428192,1.9391824007,100.017036438,39.9866218567,0.97223263979,0.000116415321827,0.000465661287308,0,0,7.02857551124,-0.146351922318,89.1746449566,12.9938865494,126.866885694,120.336873806,5150.00056475,0.00186264514923,141.106444062,142.321339808,2,74.0071045584
1.600000076,2996.43259495,-338.478304911,45.1267356873,-688.622802734,15.4092597961,1.85335218906,100.017036438,39.9866333008,0.97223263979,0.000116415321827,0.000465661287308,0,0,7.27937139925,0.00437847200253,87.304376672,12.418380014,129.297099193,123.244462884,5150.00056475,0.00186264514923,141.106444062,142.321339808,2,74.0071045584
1.63200007752,2985.00526696,-373.639835743,49.8145561218,-678.331787109,15.1720752716,1.76172280312,100.017036438,39.9866485596,0.97223263979,0.000116415321827,0.000465661287308,0,0,7.4753103363,0.149334869456,85.475200628,11.909366364,131.19574578,126.040671603,5150.00056475,0.00186264514923,141.106444062,142.321339808,2,74.0071045584
1.66400007904,2972.43869863,-409.670523368,54.6182518005,-667.366271973,14.9015235901,1.6650121212,100.016990662,39.9866600037,0.97223263979,0.000116415321827,0.000465661287308,0,0,7.63153959251,0.289073251784,83.6861719228,11.4617713304,132.709610625,128.736224724,5150.00103042,0.00186264514923,141.106444062,142.321339808,2,74.0071045584
1.69600008056,2958.70029368,-446.856749477,59.5760116577,-655.672119141,14.5941972733,1.56408882141,100.016899109,39.9866523743,0.972232580185,0.000116415321827,0.000465661287308,0,0,7.7583203252,0.423937610134,81.936455527,11.0697552003,133.938112413,131.337757921,5150.00009909,0.00186264514923,141.106444062,142.321339808,2,74.0071045584
1.72800008208,2943.74953955,-485.416298034,64.7168579102,-643.200439453,14.2459592819,1.4600123167,100.016899109,39.9866752625,0.972232580185,0.000116415321827,0.000465661287308,0,0,7.86395155552,0.557502184884,80.2252090863,10.7274773454,134.961679578,133.914218168,5150.00009909,0.00186264514923,141.106444062,142.321339808,2,74.0071045584
1.7600000836,2927.53754184,-525.6474833,70.080581665,-629.887451172,13.8517227173,1.35407626629,100.016624451,39.9866676331,0.972232341766,0.000116415321827,0.000465661287308,0,0,7.97093604636,0.74442981926,78.5517074434,10.4311746392,135.998358019,137.520051794,5150.00056475,0.00186264514923,141.106444062,142.321339808,2,74.0071045584
1.79200008512,2910.00213474,-568.052986637,75.7341842651,-615.635681152,13.4052839279,1.24783718586,100.016624451,39.9866790771,0.972232341766,0.000116415321827,0.000465661287308,0,0,8.08579380317,0.982029700548,76.9151009192,10.1793958519,137.111332151,142.103352118,5150.00009909,0.00186264514923,141.106444062,142.321339808,2,74.0071045584
1.82400008664,2891.06718265,-613.072596025,81.7363052368,-600.349182129,12.899102211,1.14316105843,100.016624451,39.9866943359,0.972232341766,0.000116415321827,0.000465661287308,0,0,8.19796518222,1.2064444479,75.3147522544,9.96849596988,138.198272907,146.432314068,5150.00103042,0.00186264514923,141.106444062,142.321339808,2,74.0071045584
1.85600008816,2870.63862197,-661.28995968,88.1647567749,-583.903930664,12.3240766525,1.04227876663,100.016487122,39.9866943359,0.972232282162,0.000116415321827,0.000465661287308,0,0,16.6322363849,3.46953653846,73.7498996677,9.79497281347,138.343908475,148.134917254,5150.00056475,0.00186264514923,141.106444062,142.321339808,2,74.0071045584
1.88800008968,2848.60469401,-713.249435648,95.0921173096,-566.172607422,11.6694612503,0.947802305222,100.016487122,39.9867019653,0.972232282162,0.000116415321827,0.000465661287308,0,0,42.3214003748,10.0874217486,72.2198692756,9.69538639091,138.343908475,148.004241055,5150.00009909,0.00186264514923,141.106444062,142.452016007,2,74.0071045584
1.9200000912,2824.84153286,-768.937868997,102.51663208,-547.096252441,10.9233760834,0.862616658211,100.029090881,39.9764099121,0.972241461277,0.000116415321827,0.000465661287308,0,0,79.5752924505,16.9941356017,75.638091787,13.4469010342,135.048889206,134.069501655,5150.00103042,0.00186264514923,144.401463331,156.386769959,2,74.0071045584
1.95200009272,2799.2753312,-825.372175314,110.040588379,-527.036315918,10.0778894424,0.788804411888,100.0911026,39.9257965088,0.972286581993,0.000116415321827,0.000465661287308,0,0,100.43203641,21.1195365298,95.4620361161,17.9381822188,111.930799903,115.589900815,5150.00056475,0.00186264514923,167.519523529,174.866363523,2,74.0071045584
1.98400009423,2771.90562338,-881.724932697,117.553672791,-506.102996826,9.1328086853,0.726422131062,100.121452332,39.9011268616,0.972308635712,0.000116415321827,0.000465661287308,0,0,109.79452621,23.0417414512,106.270225654,20.765282594,92.6193824853,101.190293208,5150.00056475,0.00186264514923,186.830948223,189.265963854,2,74.0071045584
2.01600009575,2742.78433062,-929.602712858,123.936859131,-485.440704346,8.09019470215,0.675491392612,100.135398865,39.8897476196,0.972318708897,0.000116415321827,0.000465661287308,0,0,113.400747553,23.5699909942,111.165424886,22.0518597724,79.7878674348,91.2942414288,5150.00056475,0.00186264514923,199.662463274,199.161993805,2,74.0071045584
2.04800009727,2713.09097297,-917.295517866,122.296028137,-472.521911621,7.00129032135,0.634313166142,100.142204285,39.8841285706,0.972323656082,0.000116415321827,0.000465661287308,0,0,114.071312857,23.2605649573,112.749424552,22.2971277103,71.9119125279,84.8480704008,5150.00149608,0.00186264514923,207.538454561,205.608172109,2,74.0071045584
2.08000009879,2684.60577354,-861.419772264,114.846542358,-466.004180908,5.96075344086,0.593116819859,100.145591736,39.881362915,0.972326159477,0.000116415321827,0.000465661287308,0,0,112.905992581,22.4375097182,112.242232035,21.8850516448,67.5378323649,80.9229095466,5150.00149608,0.00186264514923,211.912527448,209.53330386,2,74.0071045584
2.11200010031,2658.32617879,-783.527560998,104.461769104,-463.503234863,5.02475404739,0.545123696327,100.146812439,39.8805236816,0.972326993942,0.000116415321827,0.000465661287308,0,0,109.742454064,21.1527655761,109.954053466,21.0312394862,65.938809712,79.0074045653,5150.00149608,0.00186264514923,213.511550101,211.448816117,3,72.4050842109
2.14400010183,2634.71878134,-696.664210409,92.8809356689,-463.508544922,4.21146297455,0.490537792444,100.146507263,39.8808555603,0.972326815128,0.000116415321827,0.000465661287308,0,0,88.9461032454,16.6667564308,107.203949768,19.8216461668,65.938809712,78.9857149357,5150.00289306,0.00279396772385,213.511550101,211.470498471,3,72.4050842109
2.17600010335,2613.91978711,-609.154696576,81.2139587402,-464.977142334,3.51764273643,0.432977676392,100.146324158,39.8810043335,0.972326636314,0.000116415321827,0.000465661287308,0,0,51.5222094206,8.62374323924,104.868833752,18.8004234141,65.938809712,78.9857149357,5150.00149608,0.00279396772385,213.511550101,211.470498471,3,72.4050842109
2.20800010487,2595.85678577,-525.96750902,70.1232452393,-467.2109375,2.9308412075,0.376430213451,100.146095276,39.8811149597,0.972326517105,0.000116415321827,0.000465661287308,0,0,16.2408108185,1.41273049446,102.641172846,17.9427419193,65.938809712,81.4168015495,5150.00103042,0.00279396772385,213.511550101,211.470498471,3,72.4050842109
2.24000010639,2580.3425815,-449.729413958,59.9589996338,-469.768066406,2.43697810173,0.323636204004,100.14591217,39.8812217712,0.972326338291,0.000116415321827,0.000465661287308,0,0,2.21958025585,-1.48600742225,100.47297483,17.1922481791,79.5577798272,94.1529069678,5150.00196174,0.00279396772385,213.511550101,211.470498471,3,72.4050842109
2.27200010791,2567.13060662,-381.6576791,50.8835144043,-472.365325928,2.02305054665,0.275909870863,100.145774841,39.8813285828,0.972326278687,0.000116415321827,0.000465661287308,0,0,3.81109381424,-1.07736601071,98.3548785827,16.3935992405,95.6894946285,102.377613075,5150.00103042,0.00279396772385,213.511550101,211.470498471,3,72.4050842109
2.30400010943,2555.95403723,-321.998784784,42.929649353,-474.838928223,1.67737448215,0.233662098646,100.145683289,39.8814353943,0.972326219082,0.000116415321827,0.000465661287308,0,0,4.92411899473,-0.817961341777,96.2839175528,15.5626295333,106.474704808,107.381529233,5150.00103042,0.00279396772385,213.511550101,211.470498471,3,72.4050842109
2.33600011095,2546.54767923,-270.418764558,36.0528755188,-477.10345459,1.38953077793,0.19682392478,100.145774841,39.8815612793,0.972326278687,0.000116415321827,0.000465661287308,0,0,5.70190913478,-0.614646024785,94.2585681775,14.7531966283,114.01149095,111.30348139,5150.00056475,0.00279396772385,213.511550101,211.470498471,3,72.4050842109
2.36800011247,2538.66333514,-226.281845244,30.1684360504,-479.12197876,1.15035033226,0.165076822042,100.145774841,39.8816680908,0.972326278687,0.000116415321827,0.000465661287308,0,0,6.25784695555,-0.435937696913,92.2776584857,13.9950887376,119.398529932,114.750764624,5149.99963343,0.00279396772385,213.511550101,211.470498471,3,72.4050842109
2.40000011399,2532.07585774,-188.821213669,25.1740951538,-480.886260986,0.95190268755,0.137969627976,100.145500183,39.8817710876,0.972326040268,0.000116415321827,0.000465661287308,0,0,6.66474299981,-0.270374760108,90.3401410279,13.3021900576,123.341349536,117.944473459,5150.00056475,0.00279396772385,213.511550101,211.470498471,3,72.4050842109
2.43200011551,2526.5852455,-157.207265147,20.9592475891,-482.408874512,0.787416875362,0.114999607205,100.14540863,39.8818702698,0.972325980663,0.000116415321827,0.000465661287308,0,0,6.96987211414,-0.113372485021,88.445092877,12.6789577414,126.298051327,120.97304716,5150.00103042,0.00279396772385,213.511550101,211.470498471,3,72.4050842109
2.46400011703,2522.01850526,-130.659580464,17.4198474884,-483.70904541,0.65117764473,0.095651216805,100.145240784,39.8819694519,0.972325861454,0.000116415321827,0.000465661287308,0,0,7.20417891655,0.0370354169277,86.5916716785,12.1244221659,128.568484797,123.874415294,5150.00103042,0.00279396772385,213.511550101,211.470498471,3,72.4050842109
2.49600011855,2518.22546124,-108.44325152,14.4579133987,-484.811126709,0.538401782513,0.0794268101454,100.145195007,39.8820610046,0.972325861454,0.000116415321827,0.000465661287308,0,0,7.38813078555,0.181771547599,84.7789032315,11.6347121636,130.350977997,126.666374854,5150.00056475,0.00279396772385,213.511550101,211.470498471,3,72.4050842109
2.52800012007,2515.07945359,-89.9125079741,11.9873504639,-485.739135742,0.44508549571,0.065871104598,100.144966125,39.8821563721,0.97232568264,0.000116415321827,0.000465661287308,0,0,7.53543245949,0.321330385998,83.0059891305,11.2045062529,131.778331706,129.358464619,5150.00103042,0.00279396772385,213.511550101,211.470498471,3,72.4050842109
2.56000012159,2512.47198321,-74.4846838643,9.93047618866,-486.517456055,0.367891252041,0.0545782782137,100.14478302,39.8822402954,0.972325563431,0.000116415321827,0.000465661287308,0,0,7.6553997361,0.456034800034,81.2720357475,10.8280132477,132.940811454,131.95691281,5150.00103042,0.00279396772385,213.511550101,211.470498471,3,72.4050842109
2.59200012311,2510.31271182,-61.665152316,8.22134590149,-487.167816162,0.304063469172,0.0451859347522,100.144599915,39.8823356628,0.972325384617,0.000116415321827,0.000465661287308,0,0,7.7577718793,0.595543866853,79.5762300275,10.4995939524,133.932800964,134.648042149,5149.99963343,0.00279396772385,213.511550101,211.470498471,3,72.4050842109
2.62400012463,2508.5255038,-51.0226709594,6.80246448517,-487.710388184,0.2512999475,0.0373858436942,100.144508362,39.8824234009,0.972325325012,0.000116415321827,0.000465661287308,0,0,7.86561062727,0.798894262866,77.9177882147,10.2163111139,134.977759444,138.57067097,5150.00056475,0.00279396772385,213.511550101,211.470498471,3,72.4050842109
2.65600012615,2507.04726204,-42.2001394327,5.62622356415,-488.161804199,0.207681640983,0.0309209171683,100.144508362,39.882522583,0.972325325012,0.000116415321827,0.000465661287308,0,0,7.97964159502,1.03936369964,76.2959045788,9.97652946629,136.082715471,143.209326779,5150.00009909,0.00279396772385,213.511550101,211.470498471,3,72.4050842109
2.68800012767,2505.82466833,-34.8923276761,4.65192842484,-488.536621094,0.171636149287,0.0255649760365,100.144371033,39.882610321,0.972325265408,0.000116415321827,0.000465661287308,0,0,8.3499854137,1.32501485844,74.7099638351,9.77602167272,137.067152536,147.375831148,5150.00056475,0.00279396772385,213.511550101,211.470498471,3,72.4050842109
2.72000012919,2504.81395051,-28.843378459,3.8454682827,-488.847503662,0.141850233078,0.0211311522871,100.144096375,39.882686615,0.972325026989,0.000116415321827,0.000465661287308,0,0,20.4960185456,4.54902686144,73.1592481512,9.6125985276,137.067152536,148.283288581,5150.00103042,0.00279396772385,213.511550101,211.470498471,3,72.4050842109
2.75200013071,2503.97855416,-23.8394095504,3.17832708359,-489.105010986,0.117238521576,0.0174625702202,100.144096375,39.8827781677,0.972325026989,0.000116415321827,0.000465661287308,0,0,49.2133199225,11.7795018821,71.6430543442,9.99655094637,137.067152536,146.503269207,5150.00009909,0.00279396772385,213.511550101,213.250532397,3,72.4050842109
2.78400013223,2503.2882113,-19.6989603864,2.62631249428,-489.318511963,0.0969046503305,0.0144285224378,100.199455261,39.8401298523,0.972365140915,0.000116415321827,0.000465661287308,0,0,84.7182024475,18.0531251267,79.8840555912,14.4456713822,129.579362692,129.762425786,5150.00103042,0.00279396772385,220.999354497,229.991375818,3,72.4050842109
2.81600013375,2502.71777622,-16.2780888786,2.1702337265,-489.494903564,0.0801060423255,0.0119195375592,100.313430786,39.7528114319,0.972447514534,0.000116415321827,0.000465661287308,0,0,102.353768881,21.6127239904,97.6998199233,18.6258033659,106.575629616,111.903333163,5150.00103042,0.00279396772385,244.003094849,247.850461164,3,72.4050842109
2.84800013527,2502.24629417,-13.4489637276,1.79304802418,-489.640899658,0.0662274882197,0.00984599906951,100.366249084,39.7122421265,0.972485601902,0.000116415321827,0.000465661287308,0,0,110.075352487,23.162373913,106.884690161,21.0703759998,88.8547801878,98.5550068435,5150.00103042,0.00279396772385,261.723966105,261.198787484,3,72.4050842109
2.88000013679,2501.85700133,-11.1133149403,1.48165369034,-489.761413574,0.0547598078847,0.00813286565244,100.391166687,39.6932296753,0.9725035429,0.000116415321827,0.000465661287308,0,0,112.881132142,23.464958568,110.885353065,22.0838307808,77.3218343966,89.5082921488,5150.00149608,0.00279396772385,273.256882792,270.245538559,3,72.4050842109
2.91200013831,2501.53522938,-9.1796664492,1.22385501862,-489.861450195,0.0452860184014,0.00671783601865,100.403755188,39.683757782,0.972512543201,0.000116415321827,0.000465661287308,0,0,113.102371007,23.0188532196,111.946851341,22.1546654534,70.350302849,83.6791732581,5150.00149608,0.00279396772385,280.228385236,276.074628346,3,72.4050842109
2.94400013983,2501.26933679,-7.58598707762,1.01138198376,-489.94354248,0.0374554283917,0.00554957892746,100.409645081,39.6791877747,0.972516775131,0.000116415321827,0.000465661287308,0,0,111.618596854,22.1093101675,111.079519396,21.6328342839,66.6249688948,80.2115755505,5150.00103042,0.00279396772385,283.953675535,279.542204225,3,72.4050842109
2.97600014135,2501.04977749,-6.26767268841,0.835621118546,-490.011627197,0.0309822056442,0.0045856111683,100.410728455,39.6784629822,0.972517549992,0.000116415321827,0.000465661287308,0,0,106.590723156,20.5284913042,108.46530576,20.6541064749,65.6053525745,78.8462202763,5150.00056475,0.00279396772385,284.973240923,280.90752312,4,71.461792686
3.00800014287,2500.86816959,-5.17837315783,0.690393090248,-490.067810059,0.0256366860121,0.0037881496828,100.409828186,39.6790390015,0.972516953945,0.000116415321827,0.000465661287308,0,0,81.134819893,15.0409009112,105.893854424,19.4807581965,65.6053525745,78.8462202763,5150.00103042,0.00279396772385,284.973240923,280.90752312,4,71.461792686
3.04000014439,2500.71822666,-4.28003295383,0.570624232292,-490.114074707,0.0212209951133,0.00312852929346,100.409507751,39.6793365479,0.972516715527,0.000116415321827,0.000465661287308,0,0,42.7515101473,6.76651771237,103.6099389,18.4953153587,65.6053525745,78.8462202763,5150.00149608,0.00279396772385,284.973240923,280.90752312,4,71.461792686
3.07200014591,2500.59412792,-3.53667405761,0.471517831087,-490.152313232,0.0175691060722,0.00258445530199,100.409233093,39.6795959473,0.972516477108,0.000116415321827,0.000465661287308,0,0,10.760106672,0.428396022104,101.414536502,17.6676766134,65.8170320094,83.7283441797,5150.00149608,0.00279396772385,284.973240923,280.90752312,4,71.461792686
3.10400014743,2500.49168244,-2.92311301564,0.389716416597,-490.183898926,0.0145493745804,0.0021356230136,100.408836365,39.6798400879,0.972516238689,0.000116415321827,0.000465661287308,0,0,2.52548992132,-1.38565658605,99.2749272581,16.91660055,83.2319929032,96.4306891547,5150.00056475,0.00279396772385,284.973240923,280.90752312,4,71.461792686
3.13600014895,2500.40716492,-2.41566840486,0.322062700987,-490.210113525,0.0120523571968,0.00176504161209,100.408424377,39.6800727844,0.972515940666,0.000116415321827,0.000465661287308,0,0,4.02621004585,-1.01407498723,97.1842404877,16.1061092085,97.7739691734,103.598496935,5150.00056475,0.00279396772385,284.973240923,280.90752312,4,71.461792686
3.16800015047,2500.33708289,-1.99761598196,0.266326934099,-490.23147583,0.00998798664659,0.00145875778981,100.408058167,39.680305481,0.972515642643,0.000116415321827,0.000465661287308,0,0,5.04793317529,-0.770603118148,95.139773332,15.2777974954,107.674466562,108.295069367,5150.00056475,0.00279396772385,284.973240923,280.90752312,4,71.461792686
3.20000015199,2500.27934089,-1.65136020769,0.220163285732,-490.249328613,0.00828090216964,0.0012057692511,100.407920837,39.6805458069,0.972515583038,0.000116415321827,0.000465661287308,0,0,5.76560851697,-0.573437502636,93.1402805716,14.4796072736,114.628739539,112.098394311,5150.00103042,0.00279396772385,284.973240923,280.90752312,4,71.461792686
3.23200015351,2500.23137778,-1.36640869641,0.182172879577,-490.263793945,0.00686824787408,0.000996842514724,100.407478333,39.6807670593,0.97251522541,0.000116415321827,0.000465661287308,0,0,6.28130881206,-0.39750336453,91.1846195346,13.7369336944,119.625874504,115.492162877,5150.00103042,0.00279396772385,284.973240923,280.90752312,4,71.461792686
3.26400015503,2500.19179657,-1.12960697152,0.150601908565,-490.275970459,0.00569907575846,0.000824413727969,100.407341003,39.6809959412,0.972515165806,0.000116415321827,0.000465661287308,0,0,6.66083978631,-0.233414104272,89.2718086949,13.0610267658,123.303529108,118.657444546,5150.00149608,0.00279396772385,284.973240923,280.90752312,4,71.461792686
3.29600015655,2500.15920028,-0.934857439461,0.124637432396,-490.285949707,0.00472924066707,0.00068293971708,100.407020569,39.6812210083,0.972514927387,0.000116415321827,0.000465661287308,0,0,6.9470186755,-0.0773581902156,87.4008958261,12.4547852854,126.076600282,121.667762869,5150.00056475,0.00279396772385,284.973240923,280.90752312,4,71.461792686
3.32800015807,2500.13219193,-0.774578609253,0.103268675506,-490.294067383,0.00392717635259,0.000565300520975,100.406745911,39.6814346313,0.972514688969,0.000116415321827,0.000465661287308,0,0,7.16792517738,0.0723251375268,85.5710605483,11.9164284062,128.217187012,124.555153889,5150.00056475,0.00279396772385,284.973240923,280.90752312,4,71.461792686
3.36000015959,2500.10960735,-0.639841800876,0.08530523628,-490.300964355,0.00326567236334,0.000467116129585,100.406608582,39.6816558838,0.972514629364,0.000116415321827,0.000465661287308,0,0,7.342180358,0.216435128415,83.7814092335,11.4416463872,129.905718495,127.335035359,5150.00009909,0.00279396772385,284.973240923,280.90752312,4,71.461792686
3.39200016111,2500.09121373,-0.529139526861,0.0705461502075,-490.306671143,0.00271619367413,0.000387238018448,100.406333923,39.6818695068,0.972514390945,0.000116415321827,0.000465661287308,0,0,7.48229317884,0.35541838188,82.0310995272,11.0249822376,131.263412186,130.016022013,5150.00056475,0.00279396772385,284.973240923,280.90752312,4,71.461792686
3.42400016263,2500.07584691,-0.437949040588,0.0583884119987,-490.311340332,0.00225865026005,0.000322256906657,100.406166077,39.6820869446,0.972514271736,0.000116415321827,0.000465661287308,0,0,7.59679980209,0.489577411559,80.3192085023,10.6606026537,132.37298117,132.603949169,5150.00103042,0.00279396772385,284.973240923,280.90752312,4,71.461792686
3.45600016415,2500.06304123,-0.363136848591,0.0484142713249,-490.315032959,0.00187986250967,0.000268091273028,100.405937195,39.6822891235,0.972514152527,0.000116415321827,0.000465661287308,0,0,7.69813594104,0.638551605158,78.6450110015,10.3431394579,133.354929858,135.477661388,5150.00103042,0.00279396772385,284.973240923,280.90752312,4,71.461792686
3.48800016567,2500.05233102,-0.302211390135,0.04029154405,-490.317901611,0.00156905781478,0.000221832713578,100.405662537,39.6824913025,0.972513914108,0.000116415321827,0.000465661287308,0,0,7.80744056863,0.856094812897,77.0076353712,10.0704025292,134.414091008,139.674069942,5150.00056475,0.00279396772385,284.973240923,280.90752312,4,71.461792686
3.52000016719,2500.04371628,-0.250193409101,0.0333563834429,-490.320587158,0.00131217308808,0.000182902542292,100.405433655,39.6826896667,0.972513794899,0.000116415321827,0.000465661287308,0,0,7.92080864016,1.09602873666,75.4064956259,9.84032352137,135.51262964,144.302393892,5150.00009909,0.00279396772385,284.973240923,280.90752312,4,71.461792686
3.55200016871,2500.03649853,-0.208793395018,0.0278368350118,-490.322570801,0.00110058602877,0.000149761763168,100.405158997,39.6828765869,0.97251355648,0.000116415321827,0.000465661287308,0,0,9.35019691998,1.64973077055,73.8407494111,9.64831068788,136.254864628,148.122184328,5150.00149608,0.00279396772385,284.973240923,280.90752312,4,71.461792686
3.58400017023,2500.03044493,-0.172108784113,0.0229459553957,-490.324493408,0.000922862964217,0.000123085948871,100.404838562,39.6830673218,0.972513318062,0.000116415321827,0.000465661287308,0,0,25.1476748345,5.8324223211,72.3097814421,9.49340173049,136.254864628,148.42566452,5150.00056475,0.00279396772385,284.973240923,280.90752312,4,71.461792686
3.61600017175,2500.02532266,-0.142197322361,0.0189580861479,-490.32598877,0.000774255138822,0.000101992438431,100.404838562,39.6832618713,0.972513318062,0.000116415321827,0.000465661287308,0,0,56.7765702174,13.350211578,70.8129984083,10.6938967077,136.254864628,143.787357956,5150.00009909,0.00279396772385,284.973240923,285.54580058,4,71.461792686
3.64800017327,2500.02136454,-0.118514826397,0.0158006791025,-490.327178955,0.000648257904686,8.5605912318e-05,100.507591248,39.6118583679,0.972587049007,0.000116415321827,0.000465661287308,0,0,89.0510752419,19.0021745959,83.9150798751,15.4386606159,123.877674923,125.573671539,5150.00056475,0.00279396772385,297.350459732,303.759472445,4,71.461792686
3.68000017479,2500.01787208,-0.098040949581,0.0130710536614,-490.328216553,0.000539929140359,7.3349205195e-05,100.62436676,39.5306434631,0.972670555115,0.000116415321827,0.000465661287308,0,0,103.881784947,22.0469210125,99.5629098842,19.2591640771,101.644945971,108.545442345,5150.00103042,0.00279396772385,319.583225064,320.787716191,4,71.461792686
3.71200017631,2500.01507811,-0.0803999711252,0.0107191167772,-490.329193115,0.000452867592685,6.24910899205e-05,100.677726746,39.4935836792,0.972708582878,0.000116415321827,0.000465661287308,0,0,110.192718079,23.2665438417,107.311587999,21.3466737068,85.4635654832,96.2088888627,5150.00103042,0.00279396772385,335.76451824,333.124247845,4,71.461792686
3.74400017783,2500.01251698,-0.0663985417759,0.00885241199285,-490.329803467,0.000384782499168,5.20686080563e-05,100.703102112,39.4759025574,0.972726643085,0.000116415321827,0.000465661287308,0,0,112.303950969,23.3702578004,110.52649548,22.115067476,75.1200714149,87.9465951584,5150.00056475,0.00279396772385,346.108019585,341.386592481,4,71.461792686
3.77600017935,2500.01065433,-0.0553512542467,0.00737956166267,-490.330352783,0.000328253023326,4.34397006757e-05,100.715919495,39.4670562744,0.972735762596,0.000116415321827,0.000465661287308,0,0,112.117409776,22.8027783522,111.115257193,22.0306837176,68.9762237016,82.6866016723,5150.00009909,0.00279396772385,352.25180909,346.646498656,4,71.461792686
3.80800018087,2500.00925735,-0.0463892462221,0.00618472509086,-490.330871582,0.000278288382106,3.73793263861e-05,100.722129822,39.4629554749,0.97274017334,0.000116415321827,0.000465661287308,0,0,110.32985336,21.8147645025,109.908786078,21.4104033038,65.8564822515,79.6480890131,5150.00056475,0.00279396772385,355.3716233,349.684967659,4,71.461792686
3.84000018239,2500.00786036,-0.0392189463128,0.00522876391187,-490.33114624,0.000233564700466,3.33788229909e-05,100.721946716,39.4630622864,0.972739994526,0.000116415321827,0.000465661287308,0,0,102.309658814,19.7087798454,107.102398463,20.3274451363,65.2965973131,78.7728931755,5150.00056475,0.00279396772385,355.931551894,350.560148945,5,70.9582527634
3.87200018391,2500.00669621,-0.0334059180318,0.00445375684649,-490.331329346,0.000193936604774,3.06751062453e-05,100.721076965,39.4636573792,0.972739398479,0.000116415321827,0.000465661287308,0,0,72.8553706655,13.3302367937,104.652766209,19.1953227765,65.2965973131,78.7728931755,5150.00103042,0.00279396772385,355.931551894,350.560148945,5,70.9582527634
3.90400018543,2500.00553206,-0.0285370553854,0.00380462850444,-490.331420898,0.000159315139172,2.86780777969e-05,100.720451355,39.4640197754,0.972738981247,0.000116415321827,0.000465661287308,0,0,34.424662009,5.00778583645,102.41140789,18.2445135192,65.2965973131,78.7728931755,5150.00056475,0.00279396772385,355.931551894,350.560148945,5,70.9582527634
3.93600018695,2500.00483356,-0.0233996573229,0.00311969825998,-490.331787109,0.000131284628878,2.66333536274e-05,100.72013092,39.4643363953,0.972738742828,0.000116415321827,0.000465661287308,0,0,6.84233051576,-0.398745007371,100.24560509,17.4448262874,67.7164862282,86.4806424943,5150.0024274,0.00279396772385,355.931551894,350.560148945,5,70.9582527634
3.96800018847,2500.00413507,-0.0190070164052,0.00253406097181,-490.332000732,0.000111408320663,2.37185831793e-05,100.719673157,39.4646492004,0.972738385201,0.000116415321827,0.000465661287308,0,0,2.86548815492,-1.28558901437,98.1328339869,16.6843689606,86.5265756147,98.3609934337,5150.00149608,0.00279396772385,355.931551894,350.560148945,5,70.9582527634
4.00000018999,2500.00343658,-0.0153243284728,0.00204307609238,-490.33215332,9.75352813839e-05,2.04345124075e-05,100.719360352,39.4649543762,0.972738206387,0.000116415321827,0.000465661287308,0,0,4.23476278087,-0.954966607695,96.0678646599,15.8645000182,99.7948445729,104.738697701,5150.00196174,0.00279396772385,355.931551894,350.560148945,5,70.9582527634
4.03200019151,2500.00320375,-0.012331991428,0.00164413056336,-490.332427979,8.69257492013e-05,1.75617678906e-05,100.718955994,39.4652557373,0.972737908363,0.000116415321827,0.000465661287308,0,0,5.17688571714,-0.724653720655,94.0484996626,15.0398900861,108.924017695,109.1814338,5150.00103042,0.00279396772385,355.931551894,350.560148945,5,70.9582527634
4.06400019303,2500.00273809,-0.00993684956541,0.00132480449975,-490.332550049,7.80022746767e-05,1.54084282258e-05,100.718681335,39.4655609131,0.972737669945,0.000116415321827,0.000465661287308,0,0,5.84196427265,-0.532931247613,92.0734937757,14.2526962505,115.368624392,112.879759399,5150.00103042,0.00279396772385,355.931551894,350.560148945,5,70.9582527634
4.09600019455,2500.00273809,-0.00798521693213,0.0010646082228,-490.332794189,7.03373007127e-05,1.38676205097e-05,100.718360901,39.4658546448,0.972737491131,0.000116415321827,0.000465661287308,0,0,6.32238594524,-0.359670268259,90.1417409513,13.5245010937,120.023913041,116.221963253,5150.00196174,0.00279396772385,355.931551894,350.560148945,5,70.9582527634
4.12800019607,2500.00227243,-0.00649759446247,0.000866274815053,-490.332763672,6.391149509e-05,1.27139846882e-05,100.718086243,39.4661407471,0.972737252712,0.000116415321827,0.000465661287308,0,0,6.67788326923,-0.197165200629,88.2523182622,12.864241812,123.468678794,119.3566859,5150.00196174,0.00279396772385,355.931551894,350.560148945,5,70.9582527634
4.16000019759,2500.0020396,-0.00525976417975,0.000701244338416,-490.332824707,5.87233007536e-05,1.17761192087e-05,100.717689514,39.46641922,0.972737014294,0.000116415321827,0.000465661287308,0,0,6.94738033849,-0.0422419762921,86.4042881313,12.2735756459,126.080107293,122.345154523,5150.00149608,0.00279396772385,355.931551894,350.560148945,5,70.9582527634
4.19200019911,2500.0020396,-0.00423803525607,0.000565024965908,-490.332946777,5.46018927707e-05,1.09890661406e-05,100.717185974,39.4666862488,0.972736656666,0.000116415321827,0.000465661287308,0,0,7.15645817155,0.106504414687,84.5968375037,11.7499801103,128.106068587,125.214472064,5150.0024274,0.00279396772385,355.931551894,350.560148945,5,70.9582527634
4.22400020063,2500.0020396,-0.00343875439235,0.000458462949609,-490.333068848,5.13223312737e-05,1.03257643786e-05,100.716819763,39.4669647217,0.972736358643,0.000116415321827,0.000465661287308,0,0,7.32212774744,0.249777051315,82.8290361271,11.2888002823,129.711406771,127.978200908,5150.00149608,0.00279396772385,355.931551894,350.560148945,5,70.9582527634
4.25600020215,2500.00180677,-0.00277685785477,0.000370217341697,-490.33303833,4.86952922074e-05,9.7801330412e-06,100.716415405,39.4672241211,0.972736060619,0.000116415321827,0.000465661287308,0,0,7.45585515637,0.387978008272,81.0999683991,10.8844280964,131.007225718,130.644097226,5150.00149608,0.00279396772385,355.931551894,350.560148945,5,70.9582527634
4.28800020367,2500.00157394,-0.00224284568695,0.000299021543469,-490.332977295,4.65937046101e-05,9.33482351684e-06,100.716011047,39.4674758911,0.972735822201,0.000116415321827,0.000465661287308,0,0,7.56552007355,0.521430936741,79.4090410092,10.5310128525,132.069879328,133.218403789,5150.00149608,0.00279396772385,355.931551894,350.560148945,5,70.9582527634
4.32000020519,2500.00157394,-0.00181206594174,0.000241588961217,-490.33303833,4.48595419584e-05,8.9873901743e-06,100.715827942,39.4677391052,0.972735643387,0.000116415321827,0.000465661287308,0,0,7.66742846407,0.683630092988,77.7552138331,10.2236514992,133.057372295,136.347225634,5150.00196174,0.00279396772385,355.931551894,350.560148945,5,70.9582527634
4.35200020671,2500.00157394,-0.00146490630737,0.000195304804947,-490.333099365,4.34408138972e-05,8.71373867994e-06,100.715324402,39.4679946899,0.972735285759,0.000116415321827,0.000465661287308,0,0,7.77814952875,0.912363737375,76.1378935601,9.96071060174,134.130255901,140.759497299,5150.00289306,0.00279396772385,355.931551894,350.560148945,5,70.9582527634
4.38400020823,2500.00157394,-0.00118427245788,0.00015789004101,-490.333129883,4.22948105552e-05,8.49209754961e-06,100.715011597,39.4682388306,0.972735106945,0.000116415321827,0.000465661287308,0,0,7.89053515879,1.14894747155,74.5562891099,9.73953491272,135.219277581,145.323196193,5150.00149608,0.00279396772385,355.931551894,350.560148945,5,70.9582527634
4.41600020975,2500.0013411,-0.00095706109704,0.000127597668325,-490.33303833,4.13754860347e-05,8.31003762869e-06,100.714424133,39.4684638977,0.972734689713,0.000116415321827,0.000465661287308,0,0,11.1973682157,2.17653961308,73.0097558982,9.55556839408,135.734560899,148.506835103,5150.00196174,0.00279396772385,355.931551894,350.560148945,5,70.9582527634
4.44800021127,2500.0013411,-0.000771284480727,0.000102829493699,-490.333068848,4.06562503485e-05,8.15664861875e-06,100.714241028,39.4687080383,0.972734570503,0.000116415321827,0.000465661287308,0,0,30.5485302017,7.30817488079,71.497561443,9.40837155663,135.734560899,148.521328811,5150.0024274,0.00279396772385,355.931551894,350.560148945,5,70.9582527634
4.48000021279,2500.0013411,-0.000624783225156,8.3297592937e-05,-490.333068848,4.00691824325e-05,8.0323588918e-06,100.713829041,39.4689407349,0.97273427248,0.000116415321827,0.000465661287308,0,0,64.9435102086,14.7920932541,70.019112434,11.6068705225,135.734560899,140.312869917,5150.0024274,0.00279396772385,355.931551894,358.768564183,5,70.9582527634
4.51200021431,2500.0013411,-0.000505194108769,6.73536851536e-05,-490.333099365,3.957694571e-05,7.93927483755e-06,100.8332901,39.3990325928,0.972819030285,0.000116415321827,0.000465661287308,0,0,92.7580421608,19.8336387285,87.6146853497,16.3828390798,118.294738058,121.522338304,5150.00149608,0.00279396772385,373.371382011,377.559073968,5,70.9582527634
4.54400021583,2500.0013411,-0.000408722888867,5.44919130334e-05,-490.333099365,3.91753528675e-05,7.86540294939e-06,100.920448303,39.3481140137,0.972880601883,0.000116415321827,0.000465661287308,0,0,105.172989581,22.4093421226,101.19274095,19.820468702,97.2010893747,105.451101263,5150.00196174,0.00325962901115,394.464994315,393.630267354,5,70.9582527634
4.57600021735,2500.0013411,-0.00033049551984,4.40624535258e-05,-490.333129883,3.88544467569e-05,7.80401114753e-06,100.960670471,39.3249320984,0.972908973694,0.000116415321827,0.000465661287308,0,0,110.290943916,23.3351224697,107.693350297,21.5765521976,82.4770759209,94.0837198868,5150.00196174,0.00325962901115,409.189058701,404.997641454,5,70.9582527634
4.60800021887,2500.0013411,-0.000267028454903,3.56008713425e-05,-490.333129883,3.85992425436e-05,7.75265652919e-06,100.979789734,39.3136940002,0.972922444344,0.000116415321827,0.000465661287308,0,0,111.799373414,23.262401656,110.219680741,22.1242088515,73.2134794816,86.551415734,5150.00196174,0.00325962901115,418.452662416,412.52997471,5,70.9582527634
4.64000022039,2500.0013411,-0.000215654147318,2.87515267701e-05,-490.333129883,3.83947626688e-05,7.71048144088e-06,100.989570618,39.3080635071,0.972929358482,0.000116415321827,0.000465661287308,0,0,111.23852659,22.5865203643,110.377647811,21.9009226987,67.8246724419,81.8224798422,5150.00149608,0.00325962901115,423.841498559,417.258881498,5,70.9582527634
4.67200022191,2500.0013411,-0.000174172037903,2.32210331887e-05,-490.333129883,3.82293437724e-05,7.67653818912e-06,100.993919373,39.3055953979,0.972932398319,0.000116415321827,0.000465661287308,0,0,109.155904446,21.5268514622,108.847082707,21.1918068671,65.2714443277,79.1913844296,5150.00149608,0.00325962901115,426.394748501,419.889984187,5,70.9582527634
4.70400022343,2500.0013411,-0.00014070891674,1.87596488104e-05,-490.333129883,3.80949022656e-05,7.64946162235e-06,100.992652893,39.3062782288,0.97293150425,0.000116415321827,0.000465661287308,0,0,97.0990381806,18.6650845448,105.952379736,20.0310902409,65.0554284221,78.7259850767,5150.00196174,0.00325962901115,426.610728027,420.355354436,6,70.6791179255
4.73600022495,2500.0013411,-0.000113702935955,1.51591475515e-05,-490.3331604,3.79857883672e-05,7.62779154684e-06,100.991706848,39.3067131042,0.972930848598,0.000116415321827,0.000465661287308,0,0,64.3566309745,11.5467264249,103.588762845,18.9392873531,65.0554284221,78.7259850767,5150.00149608,0.00325962901115,426.610728027,420.355354436,6,70.6791179255
4.76800022647,2500.0013411,-9.18859710541e-05,1.22504570754e-05,-490.3331604,3.78975310014e-05,7.6103142419e-06,100.991294861,39.30701828,0.972930550575,0.000116415321827,0.000465661287308,0,0,26.742875982,3.39451412893,101.381157297,18.0223352455,65.0554284221,78.8379038568,5150.00056475,0.00325962901115,426.610728027,420.355354436,6,70.6791179255
4.80000022799,2500.0013411,-7.42484962402e-05,9.89898671833e-06,-490.3331604,3.78263357561e-05,7.59613703849e-06,100.990791321,39.3073043823,0.972930192947,0.000116415321827,0.000465661287308,0,0,4.08737916051,-1.0359176007,99.2403394577,17.2461149059,71.1550601409,89.4161639735,5149.99963343,0.00325962901115,426.610728027,420.355354436,6,70.6791179255
4.83200022951,2500.0013411,-5.99899296905e-05,7.99800091045e-06,-490.3331604,3.77689320885e-05,7.58463056627e-06,100.99030304,39.3075675964,0.972929894924,0.000116415321827,0.000465661287308,0,0,3.17834449663,-1.19953611251,97.1505170161,16.471418129,89.5581542864,100.020952232,5150.00009909,0.00325962901115,426.610728027,420.355354436,6,70.6791179255
4.86400023103,2500.0013411,-4.84672545153e-05,6.46177022645e-06,-490.3331604,3.77225915145e-05,7.57531552154e-06,100.990028381,39.3078422546,0.972929656506,0.000116415321827,0.000465661287308,0,0,4.4352545514,-0.900244193082,95.1075001748,15.6454512739,101.737612567,105.794293631,5150.00103042,0.00325962901115,426.610728027,420.355354436,6,70.6791179255
4.89600023255,2500.0013411,-3.91563413638e-05,5.22041682416e-06,-490.3331604,3.76851348847e-05,7.5677944551e-06,100.989570618,39.3081092834,0.972929358482,0.000116415321827,0.000465661287308,0,0,5.30626264075,-0.680850094869,93.1095602762,14.8262470589,110.177679744,110.026405309,5150.00009909,0.00325962901115,426.610728027,420.355354436,6,70.6791179255
4.92800023407,2500.0013411,-3.16353887531e-05,4.21770573666e-06,-490.3331604,3.76548523491e-05,7.56172721594e-06,100.989387512,39.3083839417,0.972929239273,0.000116415321827,0.000465661287308,0,0,5.92418766702,-0.493907753628,91.1555399988,14.0506557383,116.165370855,113.632522698,5150.00009909,0.00325962901115,426.610728027,420.355354436,6,70.6791179255
4.96000023559,2500.0013411,-2.55598528454e-05,3.40770066032e-06,-490.3331604,3.76303760277e-05,7.55683140596e-06,100.989021301,39.3086395264,0.97292894125,0.000116415321827,0.000465661287308,0,0,6.37289378428,-0.323154695386,89.2442893459,13.3368840679,120.51333033,116.92634871,5150.00056475,0.00325962901115,426.610728027,420.355354436,6,70.6791179255
4.99200023711,2500.0013411,-2.06522889068e-05,2.7534124456e-06,-490.3331604,3.76105963369e-05,7.55287555876e-06,100.98853302,39.3088874817,0.972928643227,0.000116415321827,0.000465661287308,0,0,6.70670323162,-0.162250787645,87.3749366638,12.6919345758,123.747944599,120.030184917,5150.00009909,0.00325962901115,426.610728027,420.355354436,6,70.6791179255
5.02400023863,2500.01926906,6.14264945398,-0.818952739239,-491.160888672,0.000651083129924,5.08062912559e-05,100.988166809,39.3091430664,0.972928345203,0.000116415321827,0.000465661287308,1,552.722252905,6.96107637863,-0.00854474686446,85.5464638025,12.1163080964,126.21282076,122.995174024,5150.00056475,0.00325962901115,426.610728027,420.355354436,6,70.6791179255
5.05600024015,2503.18436883,183.084179298,-24.4092197418,-516.303100586,0.121193408966,0.00257631810382,100.987937927,39.3094024658,0.972928225994,0.000116415321827,0.000465661287308,1,552.722252905,7.15938169037,0.139164371086,83.7581089808,11.6068577041,128.134401166,125.844482682,5150.00056475,0.00325962901115,426.610728027,420.355354436,6,70.6791179255
5.08800024167,2511.48710959,320.743187331,-42.7622489929,-538.727233887,0.447310954332,0.0050716875121,100.987487793,39.309627533,0.972927868366,0.000116415321827,0.000465661287308,1,552.722252905,7.31719722792,0.281490260412,82.0090078699,11.1586373139,129.663632833,128.589948872,5150.00056475,0.00325962901115,426.610728027,420.355354436,6,70.6791179255
5.12000024319,2523.61828461,426.284997957,-56.8333358765,-558.746643066,0.891051709652,0.022365886718,100.987174988,39.3098678589,0.972927689552,0.000116415321827,0.000465661287308,1,552.722252905,7.44505745598,0.41880256791,80.2983693892,10.7659408912,130.902597448,131.238703034,5150.00009909,0.00325962901115,426.610728027,420.355354436,6,70.6791179255
5.15200024471,2538.68778236,506.794138346,-67.5670089722,-576.869384766,1.40448665619,0.0595947429538,100.98690033,39.3101043701,0.972927451134,0.000116415321827,0.000465661287308,1,552.722252905,7.55064977319,0.552543682268,78.625285261,10.4229699251,131.925786263,133.818568429,5150.00009909,0.00325962901115,426.610728027,420.355354436,6,70.6791179255
5.18400024623,2555.98104559,567.348732147,-75.6402893066,-593.422119141,1.96625459194,0.113747276366,100.986579895,39.310333252,0.97292727232,0.000116415321827,0.000465661287308,1,552.722252905,7.65412750642,0.730508540903,76.9890156786,10.1254512989,132.928485982,137.251510751,5150.00056475,0.00325962901115,426.610728027,420.355354436,6,70.6791179255
5.21600024775,2574.93765093,612.353498582,-81.6404342651,-608.717285156,2.56332349777,0.180910035968,100.986305237,39.3105621338,0.972927033901,0.000116415321827,0.000465661287308,1,552.722252905,7.76596743736,0.967011530384,75.3887695613,9.87194019163,134.012210765,141.81365259,5150.00056475,0.00325962901115,426.610728027,420.355354436,6,70.6791179255
5.24800024927,2595.12057528,645.246589556,-86.0258178711,-622.999023438,3.18601202965,0.257840812206,100.985725403,39.3107719421,0.972926676273,0.000116415321827,0.000465661287308,1,552.722252905,7.87690366863,1.19806107687,73.8239316242,9.65921642937,135.087189847,146.270598634,5150.00149608,0.00325962901115,426.610728027,420.355354436,6,70.6791179255
5.28000025079,2616.18592776,668.452354148,-89.1196670532,-636.421936035,3.82656812668,0.342029720545,100.985450745,39.3109970093,0.972926437855,0.000116415321827,0.000465661287308,1,552.722252905,13.8632337358,2.90210309928,72.2937474109,9.48324952986,135.376481921,148.568346049,5150.00056475,0.00325962901115,426.610728027,420.355354436,6,70.6791179255
5.31200025231,2637.85687275,683.833728544,-91.1703491211,-649.098510742,4.47856807709,0.431544750929,100.985267639,39.311214447,0.972926318645,0.000116415321827,0.000465661287308,1,552.722252905,36.6517222796,8.9657693035,70.7976455854,9.34327679621,135.376481921,148.568346049,5150.00103042,0.00325962901115,426.610728027,420.355354436,6,70.6791179255
5.34400025383,2659.9066332,692.74532143,-92.3584594727,-661.098388672,5.13658809662,0.524865746498,100.990119934,39.309513092,0.97292971611,0.000116415321827,0.000465661287308,1,552.722252905,73.040095303,16.1006888416,70.8661033539,12.6235875952,134.4957127,136.402013595,5150.00149608,0.00325962901115,427.491497248,432.521628682,6,70.6791179255
5.37600025535,2682.14638345,696.217466611,-92.8213806152,-672.466186523,5.79589271545,0.620819926262,101.080940247,39.2757797241,0.972993612289,0.000116415321827,0.000465661287308,1,552.722252905,95.9266641032,20.5503870226,90.9348285203,17.2561096229,112.966772576,117.644187412,5150.00103042,0.00325962901115,449.020415545,451.279425761,6,70.6791179255
5.40800025687,2704.41547036,694.96355718,-92.6542053223,-683.218261719,6.45236873627,0.718436360359,101.129547119,39.2577018738,0.973027706146,0.000116415321827,0.000465661287308,1,552.722252905,106.274422776,22.7002839761,102.626449958,20.3058955157,93.2114126044,102.593730844,5150.00009909,0.00325962901115,468.77580462,466.329918709,6,70.6791179255
5.44000025839,2726.57466121,689.685228281,-91.9504852295,-693.379882812,7.10234355927,0.816937804222,101.152153015,39.2494277954,0.973043501377,0.000116415321827,0.000465661287308,1,552.722252905,110.38439397,23.3641250948,108.04597446,21.7565157021,79.852383351,92.1476748772,5150.00103042,0.00325962901115,482.134870254,476.775981952,6,70.6791179255
5.47200025991,2748.50381538,680.880737491,-90.7766494751,-702.958618164,7.74253606796,0.915676355362,101.162971497,39.2453460693,0.973051071167,0.000116415321827,0.000465661287308,1,552.722252905,111.363846937,23.1342997089,109.96427159,22.1052485547,71.5710848453,85.2961456985,5150.00149608,0.00325962901115,490.416248795,483.627489302,6,70.6791179255
5.50400026143,2770.09606361,668.894732371,-89.1786422729,-711.947998047,8.37001037598,1.01409959793,101.168685913,39.2433395386,0.973055064678,0.000116415321827,0.000465661287308,1,552.722252905,110.454573072,22.3610971952,109.724991693,21.7573031202,66.8758584652,81.0655255918,5150.00196174,0.00325962901115,495.111569762,487.858080305,6,70.6791179255
5.53600026295,2791.25617817,654.10573734,-87.2069396973,-720.351806641,8.98213005066,1.11171460152,101.170814514,39.2425842285,0.973056554794,0.000116415321827,0.000465661287308,1,552.722252905,107.960215467,21.2033361339,107.831972517,20.9639152336,64.8857385386,78.8366742199,5150.00056475,0.00325962901115,497.101747897,490.086968057,6,70.6791179255
5.56800026447,2811.89964153,636.792625301,-84.8987121582,-728.165771484,9.57654380798,1.20809876919,101.169868469,39.2431716919,0.973055899143,0.000116415321827,0.000465661287308,1,552.722252905,91.0536078027,17.4106212088,104.987385965,19.7540563895,64.8754285066,78.6907985457,5150.00103042,0.00325962901115,497.112050653,490.232894663,7,70.501017035
5.60000026599,2831.94985241,617.20807571,-82.2876586914,-735.385925293,10.1511335373,1.30286002159,101.169410706,39.2434082031,0.97305560112,0.000116415321827,0.000465661287308,1,552.722252905,55.7939602538,9.72253125851,102.685436734,18.7016921643,64.8754285066,78.6907985457,5150.00196174,0.00325962901115,497.112050653,490.232894663,7,70.501017035
5.63200026751,2851.33882426,595.624442212,-79.4100723267,-742.015441895,10.7040433884,1.39562892914,101.168861389,39.2435913086,0.973055183887,0.000116415321827,0.000465661287308,1,552.722252905,19.8401614807,2.11732691209,100.5047206,17.8178519058,64.8754285066,79.9924164312,5150.00149608,0.00325962901115,497.112050653,490.232894663,7,70.501017035
5.66400026903,2870.00532262,572.232471313,-76.2914047241,-748.049560547,11.2336597443,1.48606324196,101.16860199,39.2437667847,0.973055005074,0.000116415321827,0.000465661287308,1,552.722252905,2.44632441044,-1.41591186983,98.3847858231,17.0578981604,75.367242971,92.3098123167,5150.00196174,0.00325962901115,497.112050653,490.232894663,7,70.501017035
5.69600027055,2887.89509796,547.204748727,-72.9546432495,-753.484680176,11.7385988235,1.57383656502,101.168281555,39.2439308167,0.97305482626,0.000116415321827,0.000465661287308,1,552.722252905,3.46879261142,-1.12385378247,96.3142862569,16.2678796911,92.3725965549,101.480865851,5150.00196174,0.00325962901115,497.112050653,490.232894663,7,70.501017035
5.72800027207,2904.95995432,520.777422935,-69.4312896729,-758.328857422,12.217713356,1.6586176157,101.167823792,39.2440872192,0.973054468632,0.000116415321827,0.000465661287308,1,552.722252905,4.62633301253,-0.84903597535,94.2900356046,15.4389517775,103.589161881,106.782099465,5150.00196174,0.00325962901115,497.112050653,490.232894663,7,70.501017035
5.76000027359,2921.15705088,493.11685143,-65.7435150146,-762.583007812,12.6700983047,1.74008119106,101.167686462,39.2442588806,0.973054409027,0.000116415321827,0.000465661287308,1,552.722252905,5.43304749365,-0.638767973476,92.3102319605,14.6268984181,111.406225187,110.838169348,5150.00149608,0.00325962901115,497.112050653,490.232894663,7,70.501017035
5.79200027511,2936.4512302,464.381562779,-61.9124603271,-766.251159668,13.0950613022,1.81791114807,101.167411804,39.2444381714,0.973054170609,0.000116415321827,0.000465661287308,1,552.722252905,6.0082042689,-0.456021466573,90.3739743719,13.8637061867,116.979492304,114.363348985,5150.00149608,0.00325962901115,497.112050653,490.232894663,7,70.501017035
5.82400027663,2950.81129298,434.791261796,-57.9674110413,-769.347351074,13.492149353,1.8917940855,101.167152405,39.244594574,0.973053991795,0.000116415321827,0.000465661287308,1,552.722252905,6.42804052343,-0.287597930015,88.4800688928,13.1646152869,121.047705761,117.612238682,5150.00149608,0.00325962901115,497.112050653,490.232894663,7,70.501017035
5.85600027815,2964.21116218,404.452322982,-53.9225502014,-771.872924805,13.8610696793,1.96140658855,101.16683197,39.2447395325,0.973053812981,0.000116415321827,0.000465661287308,1,552.722252905,6.74203175445,-0.128261605303,86.6276585196,12.5348895177,124.090278405,120.685836009,5150.0024274,0.00325962901115,497.112050653,490.232894663,7,70.501017035
5.88800027966,2976.62941739,373.522430891,-49.7989044189,-773.838317871,14.2017278671,2.02643871307,101.166236877,39.2448768616,0.973053395748,0.000116415321827,0.000465661287308,1,552.722252905,6.98252711423,0.0242057406268,84.8158129999,11.974015226,126.420680317,123.626930872,5150.00149608,0.00325962901115,497.112050653,490.232894663,7,70.501017035
5.92000028118,2988.05115744,342.209998053,-45.624256134,-775.264099121,14.5142526627,2.08657979965,101.165962219,39.2450332642,0.97305315733,0.000116415321827,0.000465661287308,1,552.722252905,7.17089859653,0.170832329391,83.0436899795,11.4783647947,128.245999804,126.455357531,5150.00103042,0.00325962901115,497.112050653,490.232894663,7,70.501017035
5.9520002827,2998.46404232,310.5107171,-41.3980293274,-776.143676758,14.7988986969,2.14152550697,101.165786743,39.2451705933,0.97305303812,0.000116415321827,0.000465661287308,1,552.722252905,7.32142914272,0.312163945923,81.3105203522,11.0427403483,129.704640131,129.181644297,5150.00196174,0.00325962901115,497.112050653,490.232894663,7,70.501017035
5.98400028422,3007.85922445,278.656749288,-37.151184082,-776.503540039,15.05605793,2.19096469879,101.165473938,39.2453193665,0.973052859306,0.000116415321827,0.000465661287308,1,552.722252905,7.44381727238,0.448537818073,79.6153665412,10.6613726754,130.890577566,131.812295876,5150.00149608,0.00325962901115,497.112050653,490.232894663,7,70.501017035
6.01600028574,3016.2318144,246.624636929,-32.8805847168,-776.338317871,15.2862415314,2.23459672928,101.165016174,39.2454605103,0.973052501678,0.000116415321827,0.000465661287308,1,552.722252905,7.54650804524,0.585177243564,77.9574301409,10.3284980582,131.885652081,134.44806973,5150.00149608,0.00325962901115,497.112050653,490.232894663,7,70.501017035
6.04800028726,3023.57994951,214.655374293,-28.6183681488,-775.679138184,15.4900331497,2.27215123177,101.164604187,39.24559021,0.973052203655,0.000116415321827,0.000465661287308,1,552.722252905,7.65192594018,0.779398910881,76.3360738921,10.0406738313,132.907152874,138.194605825,5150.00149608,0.00325962901115,497.112050653,490.232894663,7,70.501017035
6.08000028878,3029.93250079,184.685719432,-24.6227416992,-774.798339844,15.6685190201,2.3036608696,101.164337158,39.2457313538,0.973052024841,0.000116415321827,0.000465661287308,1,552.722252905,7.76446035563,1.02016179826,74.7503821923,9.79636819169,133.997615194,142.838922329,5150.00149608,0.00325962901115,497.112050653,490.232894663,7,70.501017035
6.1120002903,3035.3597831,156.461028382,-20.8597583771,-773.696594238,15.8233566284,2.32959866524,101.164115906,39.2458610535,0.973051905632,0.000116415321827,0.000465661287308,1,552.722252905,7.88045986877,1.24595258173,73.1998130048,9.59178505135,135.052207042,147.158047184,5150.00196174,0.00325962901115,497.112050653,490.232894663,7,70.501017035
6.14400029182,3039.89928216,129.048159579,-17.2050094604,-772.267700195,15.9557180405,2.35010647774,101.163749695,39.2459907532,0.973051607609,0.000116415321827,0.000465661287308,1,552.722252905,17.3252669117,3.8380432007,71.6836704716,9.42386904471,135.125985253,148.599763634,5150.00103042,0.00325962901115,497.112050653,490.232894663,7,70.501017035
6.17600029334,3043.56520064,101.785823063,-13.5703296661,-770.430541992,16.0664672852,2.36505818367,101.16342926,39.2461166382,0.973051428795,0.000116415321827,0.000465661287308,1,552.722252905,43.4171568342,10.6867275401,70.20125141,9.51426648048,135.125985253,147.828759509,5150.00196174,0.00325962901115,497.112050653,491.003913339,7,70.501017035
6.20800029486,3046.35916837,74.4977223803,-9.93221473694,-768.162353516,16.1562004089,2.37423586845,101.176979065,39.2459716797,0.973060905933,0.000116415321827,0.000465661287308,1,552.722252905,79.3784452358,17.2774687983,75.1334995816,13.6753832313,130.609958433,132.292247145,5150.00149608,0.00325962901115,501.627975609,506.540411152,7,70.501017035
6.24000029638,3048.27629589,47.007597459,-6.26716518402,-765.437316895,16.2254238129,2.37734436989,101.224494934,39.2451934814,0.973094105721,0.000116415321827,0.000465661287308,1,552.722252905,98.6311121975,21.1633865652,93.8781389972,18.0510760082,107.965046482,113.97858907,5150.00149608,0.00325962901115,524.272792973,524.854112882,7,70.501017035
6.2720002979,3049.30936545,19.2519910343,-2.56672143936,-762.243469238,16.2745513916,2.37409114838,101.24773407,39.2448425293,0.973110318184,0.000116415321827,0.000465661287308,1,552.722252905,107.212395286,22.928377042,103.883088765,20.7208300922,89.6329293028,99.9658368528,5150.00149608,0.00325962901115,542.604830116,538.866850547,7,70.501017035
6.30400029942,3049.44859818,-8.80374318513,1.17373609543,-758.571289062,16.3039245605,2.36417484283,101.258384705,39.2446632385,0.973117768764,0.000116415321827,0.000465661287308,1,552.722252905,110.463956166,23.3585362571,108.362377388,21.8916696197,77.5419466663,90.3879699763,5150.00149608,0.00325962901115,554.695841856,548.44468832,7,70.501017035
6.33600030094,3048.68561216,-37.1717578673,4.95582771301,-754.415039062,16.3137950897,2.34734869003,101.263313293,39.2445640564,0.973121166229,0.000116415321827,0.000465661287308,1,552.722252905,110.972064285,22.9881585611,109.737517135,22.0610286159,70.1574826962,84.1706132633,5150.00103042,0.00325962901115,562.080240343,554.662023205,7,70.501017035
6.36800030246,3047.01039568,-65.8173448755,8.77492618561,-749.774536133,16.3042526245,2.3234000206,101.265983582,39.2445259094,0.973123073578,0.000116415321827,0.000465661287308,1,552.722252905,109.733532433,22.1267816946,109.127205801,21.6006142316,66.1048252368,80.4086957942,5150.0024274,0.00325962901115,566.132948734,558.423926122,7,70.501017035
6.40000030398,3044.41037588,-94.932889624,12.6566801071,-744.617919922,16.2750053406,2.29225111008,101.266624451,39.2446060181,0.97312349081,0.000116415321827,0.000465661287308,1,552.722252905,106.17247593,20.7580438406,106.772437293,20.7004322995,64.7484630463,78.6679884186,5150.00103042,0.00325962901115,567.489303648,560.16468443,8,70.3775294824
6.4320003055,3040.87181576,-124.466547277,16.5941772461,-738.945373535,16.2256374359,2.2538459301,101.265892029,39.2447776794,0.973123013973,0.000116415321827,0.000465661287308,1,552.722252905,84.2815332987,15.9746946115,104.161292757,19.4929448659,64.7484630463,78.6679884186,5150.00149608,0.00325962901115,567.489303648,560.16468443,8,70.3775294824
6.46400030702,3036.38237529,-154.312263476,20.5732803345,-732.764953613,16.1556358337,2.20819163322,101.265449524,39.2448539734,0.973122656345,0.000116415321827,0.000465661287308,1,552.722252905,47.3255599675,7.89950623218,101.904874607,18.4788601504,64.7484630463,78.6679884186,5150.00196174,0.00325962901115,567.489303648,560.16468443,8,70.3775294824
6.49600030854,3030.93064576,-184.599863132,24.6112957001,-726.053771973,16.0643348694,2.15537047386,101.265129089,39.2449188232,0.973122477531,0.000116415321827,0.000465661287308,1,552.722252905,13.8397906491,1.05042703922,99.746198857,17.6271795144,64.7484630463,82.0030763862,5150.00196174,0.00325962901115,567.489303648,560.16468443,8,70.3775294824
6.52800031006,3024.50428717,-215.222622501,28.6939945221,-718.820007324,15.9509372711,2.09551548958,101.264854431,39.2449798584,0.973122239113,0.000116415321827,0.000465661287308,1,552.722252905,2.15523445829,-1.46430970288,97.6441219914,16.8741001127,79.6442182036,94.9134700932,5150.00196174,0.00325962901115,567.489303648,560.16468443,8,70.3775294824
6.56000031158,3017.09119231,-246.237352258,32.8289527893,-711.050170898,15.814458847,2.02882909775,101.264762878,39.2450523376,0.973122179508,0.000116415321827,0.000465661287308,1,552.722252905,3.7399375363,-1.05597684938,95.5903889383,16.0702212525,94.9999885052,102.790210804,5150.0024274,0.00325962901115,567.489303648,560.16468443,8,70.3775294824
6.5920003131,3008.6771585,-277.746759821,37.0298614502,-702.723571777,15.6536684036,1.95558953285,101.264625549,39.2451210022,0.973122119904,0.000116415321827,0.000465661287308,1,552.722252905,4.80794002349,-0.800584694,93.5822821895,15.2410882439,105.348932266,107.716725324,5150.00196174,0.00325962901115,567.489303648,560.16468443,8,70.3775294824
6.62400031462,2999.24635328,-309.762253892,41.2982444763,-693.830993652,15.4670906067,1.87615430355,101.264533997,39.2451858521,0.973122060299,0.000116415321827,0.000465661287308,1,552.722252905,5.55604907699,-0.597992416864,91.6182635327,14.4376424638,112.59810708,111.62472947,5150.0024274,0.00325962901115,567.489303648,560.16468443,8,70.3775294824
6.65600031614,2988.78224567,-342.35563362,45.6436729431,-684.354675293,15.2528810501,1.79100382328,101.264274597,39.2452468872,0.973121881485,0.000116415321827,0.000465661287308,1,552.722252905,6.09209726444,-0.418945773865,89.6972708691,13.6875213738,117.792413221,115.078539238,5150.00196174,0.00325962901115,567.489303648,560.16468443,8,70.3775294824
6.68800031766,2977.26248391,-375.668518245,50.0850257874,-674.264770508,15.0088367462,1.70069289207,101.264091492,39.2453117371,0.973121762276,0.000116415321827,0.000465661287308,1,552.722252905,6.48544696958,-0.252683517031,87.8183446471,13.0033364829,121.603974549,118.285737699,5150.00196174,0.00325962901115,567.489303648,560.16468443,8,70.3775294824
6.72000031918,2964.6626208,-409.84415682,54.6414031982,-663.530273438,14.7322282791,1.60594797134,101.264091492,39.2453765869,0.973121762276,0.000116415321827,0.000465661287308,1,552.722252905,6.78117925535,-0.0948744244572,85.9805765892,12.38877126,124.469617731,121.329874673,5150.00149608,0.00325962901115,567.489303648,560.16468443,8,70.3775294824
6.7520003207,2950.95215552,-445.078650955,59.3389511108,-652.110046387,14.4197874069,1.50762557983,101.263771057,39.245426178,0.973121523857,0.000116415321827,0.000465661287308,1,552.722252905,7.00882871192,0.0563489574361,84.183080392,11.842457795,126.67554256,124.246973428,5150.00196174,0.00325962901115,567.489303648,560.16468443,8,70.3775294824
6.78400032222,2936.09267101,-481.608731207,64.2092285156,-639.953674316,14.0675344467,1.40674006939,101.263404846,39.245475769,0.973121225834,0.000116415321827,0.000465661287308,1,552.722252905,7.18795260888,0.201872656482,82.4250137013,11.3603189099,128.411251353,127.054125187,5150.0024274,0.00325962901115,567.489303648,560.16468443,8,70.3775294824
6.81600032374,2920.03829964,-519.739580341,69.2929229736,-626.99798584,13.6706762314,1.30452275276,101.263130188,39.2455291748,0.97312104702,0.000116415321827,0.000465661287308,1,552.722252905,7.33166649438,0.342179828257,80.7055121883,10.9369772712,129.803840537,129.760650452,5150.0024274,0.00325962901115,567.489303648,560.16468443,8,70.3775294824
6.84800032526,2902.73036808,-559.856009204,74.6413421631,-613.162963867,13.2233572006,1.20244252682,101.263084412,39.2455825806,0.97312104702,0.000116415321827,0.000465661287308,1,552.722252905,7.44891076914,0.47758808311,79.0237920973,10.5666224653,130.939937662,132.37267558,5150.00103042,0.00325962901115,567.489303648,560.16468443,8,70.3775294824
6.88000032678,2884.09879431,-602.406507824,80.3142776489,-598.354370117,12.7185783386,1.10224032402,101.262733459,39.2456283569,0.973120808601,0.000116415321827,0.000465661287308,1,552.722252905,7.55003540391,0.620675896787,77.3790183987,10.2436857977,131.91983453,135.132839205,5150.00289306,0.00325962901115,567.489303648,560.16468443,8,70.3775294824
6.9120003283,2864.05673251,-647.901673801,86.3797988892,-582.461547852,12.1479539871,1.00596523285,101.262550354,39.2456893921,0.973120689392,0.000116415321827,0.000465661287308,1,552.722252905,7.65742367545,0.830042430765,75.7704586106,9.96547905961,132.960427436,139.17151955,5150.00289306,0.00325962901115,567.489303648,560.16468443,8,70.3775294824
6.94400032982,2842.50313416,-696.745351888,92.8917541504,-565.381164551,11.5017814636,0.915977478027,101.262458801,39.2457427979,0.973120570183,0.000116415321827,0.000465661287308,1,552.722252905,7.77015082523,1.0717453558,74.1974388495,9.73019942953,134.052752401,143.833967741,5150.00335872,0.00325962901115,567.489303648,560.16468443,8,70.3775294824
6.97600033134,2819.32624057,-749.054888729,99.8657913208,-547.042785645,10.769405365,0.834851801395,101.262229919,39.2457809448,0.973120450974,0.000116415321827,0.000465661287308,1,552.722252905,8.39265340624,1.42480156904,72.6592486079,9.53350512041,134.94749146,147.930040839,5150.00289306,0.00325962901115,567.489303648,560.16468443,8,70.3775294824
7.00800033286,2794.44991611,-802.340044174,106.969894409,-527.740966797,9.94286441803,0.76464009285,101.261955261,39.24584198,0.973120212555,0.000116415321827,0.000465661287308,1,552.722252905,21.5591942052,4.97904827829,71.1551554037,9.37363909103,134.94749146,148.611623445,5150.0024274,0.00419095158577,567.489303648,560.16468443,8,70.3775294824
7.04000033438,2767.87206531,-855.431426316,114.048164368,-507.630737305,9.02177333832,0.70546066761,101.261955261,39.2459030151,0.973120212555,0.000116415321827,0.000465661287308,1,552.722252905,50.801670532,12.3109862488,69.684551277,10.0912462203,134.94749146,145.67017206,5150.00289306,0.00419095158577,567.489303648,563.106208574,8,70.3775294824
7.0720003359,2739.61969651,-903.904729057,120.510742188,-487.315093994,8.00770950317,0.657118797302,101.300773621,39.2331504822,0.973147273064,0.000116415321827,0.000465661287308,1,552.722252905,84.6229065383,18.3224917226,79.6991185339,14.7141370252,125.75009896,128.132291138,5150.0024274,0.00419095158577,576.686696149,580.643943977,8,70.3775294824
7.10400033742,2710.63670516,-897.892925423,119.709228516,-473.905303955,6.94128322601,0.618409395218,101.362976074,39.2127914429,0.973190546036,0.000116415321827,0.000465661287308,1,552.722252905,100.919935351,21.679513531,96.4558530545,18.7623526618,103.30958321,110.536930151,5150.00289306,0.00419095158577,599.127262831,598.239363171,8,70.3775294824
7.13600033894,2682.69050866,-846.625131089,112.874084473,-467.037506104,5.91497707367,0.580266594887,101.39188385,39.203414917,0.973210632801,0.000116415321827,0.000465661287308,1,552.722252905,107.998568225,23.0978880283,104.97067805,21.0680393822,86.4197063493,97.5503789959,5150.00335872,0.00419095158577,616.017146967,611.225899775,8,70.3775294824
7.16800034046,2656.82279132,-772.204599343,102.952163696,-464.275634766,4.98820734024,0.535292565823,101.405555725,39.1989898682,0.973220169544,0.000116415321827,0.000465661287308,1,552.722252905,110.512959212,23.3194381987,108.628246383,21.9837572577,75.5023502279,88.787295681,5150.00335872,0.00419095158577,626.934517641,619.989063125,8,70.3775294824
7.20000034198,2633.53087939,-687.974330503,91.7223815918,-464.084655762,4.18156242371,0.483197361231,101.412574768,39.1967887878,0.97322499752,0.000116415321827,0.000465661287308,1,552.722252905,110.595019172,22.8230351421,109.512850254,21.9914190195,68.9408625476,83.1618381198,5150.00335872,0.00419095158577,633.495976217,625.614542514,8,70.3775294824
7.2320003435,2612.9744947,-602.449988946,80.3200759888,-465.407501221,3.49296927452,0.427505016327,101.415977478,39.1957397461,0.973227381706,0.000116415321827,0.000465661287308,1,552.722252905,109.041534706,21.8813965596,108.552082903,21.4293031708,65.4889299767,79.8428955022,5150.0024274,0.00419095158577,636.94792334,628.933426924,8,70.3775294824
7.26400034502,2595.09985335,-520.746049006,69.4271087646,-467.535980225,2.9104642868,0.372302144766,101.416069031,39.195640564,0.973227441311,0.000116415321827,0.000465661287308,1,552.722252905,103.248385781,20.1537718211,105.915601815,20.4092432333,64.6519911243,78.6464079283,5150.00335872,0.00419095158577,637.784949504,630.129943602,9,70.2955148881
7.29600034654,2579.73256521,-445.629411843,59.4123802185,-470.015594482,2.42018795013,0.320465654135,101.415611267,39.1958084106,0.973227143288,0.000116415321827,0.000465661287308,1,552.722252905,76.8823662983,14.383946039,103.441006575,19.2458054365,64.6519911243,78.6464079283,5150.00289306,0.00419095158577,637.784949504,630.129943602,9,70.2955148881
7.32800034806,2566.63700566,-378.406228265,50.4500236511,-472.556793213,2.00923752785,0.273435622454,101.415161133,39.195892334,0.97322678566,0.000116415321827,0.000465661287308,1,552.722252905,39.0993255578,6.11566670425,101.218839284,18.2687092312,64.6519911243,78.6464079283,5150.00289306,0.00419095158577,637.784949504,630.129943602,9,70.2955148881
7.36000034958,2555.55287004,-319.397833664,42.5828819275,-474.989013672,1.66602087021,0.231707021594,101.414985657,39.1959686279,0.973226666451,0.000116415321827,0.000465661287308,1,552.722252905,9.06661742631,0.12750709161,99.0786001056,17.4479246863,65.4066097923,84.5444883453,5150.00335872,0.00419095158577,637.784949504,630.129943602,9,70.2955148881
7.3920003511,2546.22078501,-268.329225946,35.7742919922,-477.22177124,1.38020324707,0.195261955261,101.414756775,39.1960487366,0.973226547241,0.000116415321827,0.000465661287308,1,552.722252905,2.5476653563,-1.35213214351,96.9920518586,16.6921241139,83.4468737594,97.0773762674,5150.00335872,0.00419095158577,637.784949504,630.129943602,9,70.2955148881
7.42400035262,2538.3962784,-224.595511099,29.943611145,-479.21585083,1.14268445969,0.163818538189,101.414573669,39.1961174011,0.973226428032,0.000116415321827,0.000465661287308,1,552.722252905,3.99109668961,-0.994307014599,94.9529171719,15.877314791,97.4337235675,103.979822597,5150.00196174,0.00419095158577,637.784949504,630.129943602,9,70.2955148881
7.45600035414,2531.85699694,-187.448284123,24.9910526276,-480.961975098,0.9455986619,0.136951848865,101.414299011,39.1961898804,0.973226189613,0.000116415321827,0.000465661287308,1,552.722252905,4.97826635374,-0.754547341441,92.958940001,15.050384722,106.999395939,108.604785055,5150.0024274,0.00419095158577,637.784949504,630.129943602,9,70.2955148881
7.48800035566,2526.40619874,-156.09060938,20.8103733063,-482.469970703,0.782233893871,0.114171586931,101.414070129,39.1962547302,0.973226070404,0.000116415321827,0.000465661287308,1,552.722252905,5.67312259188,-0.558444625992,91.0087066556,14.2568045589,113.732552563,112.38760635,5150.00289306,0.00419095158577,637.784949504,630.129943602,9,70.2955148881
7.52000035718,2521.87135629,-129.752515932,17.298915863,-483.757843018,0.646912753582,0.0949750840664,101.413978577,39.1963310242,0.973226010799,0.000116415321827,0.000465661287308,1,552.722252905,6.17352637363,-0.382665539449,89.1011184127,13.5202591073,118.58146172,115.778384497,5150.00289306,0.00419095158577,637.784949504,630.129943602,9,70.2955148881
7.5520003587,2518.10462214,-107.701111119,14.3589696884,-484.850830078,0.534884154797,0.0788760855794,101.413795471,39.1963996887,0.97322589159,0.000116415321827,0.000465661287308,1,552.722252905,6.54264786296,-0.218402772514,87.2353182683,12.8510379082,122.158249724,118.947013107,5150.00289306,0.00419095158577,637.784949504,630.129943602,9,70.2955148881
7.58400036022,2514.97980207,-89.3012911547,11.9058618546,-485.771759033,0.442181646824,0.0654224529862,101.413444519,39.1964645386,0.973225593567,0.000116415321827,0.000465661287308,1,552.722252905,6.82160310615,-0.0620594379551,85.4104565433,12.251443702,124.861326185,121.96287571,5150.00335872,0.00419095158577,637.784949504,630.129943602,9,70.2955148881
7.61600036174,2512.39002682,-73.9833412808,9.86363601685,-486.5440979,0.365498304367,0.0542105361819,101.413444519,39.1965293884,0.973225593567,0.000116415321827,0.000465661287308,1,552.722252905,7.03739825702,0.0879392147078,83.6255590367,11.7193999021,126.952378196,124.85634943,5150.0024274,0.00419095158577,637.784949504,630.129943602,9,70.2955148881
7.64800036326,2510.24519093,-61.2514850218,8.1661939621,-487.189880371,0.302088141441,0.044885225594,101.413215637,39.1965942383,0.973225474358,0.000116415321827,0.000465661287308,1,552.722252905,7.20794250067,0.232360760809,81.8799152409,11.2504347059,128.604951897,127.642240841,5150.00335872,0.00419095158577,637.784949504,630.129943602,9,70.2955148881
7.68000036478,2508.47009011,-50.6843389303,6.75735712051,-487.72833252,0.249666854739,0.0371410027146,101.412940979,39.1966590881,0.973225295544,0.000116415321827,0.000465661287308,1,552.722252905,7.34530118915,0.371643516439,80.1725216555,10.8390435112,129.935957375,130.329004605,5150.00335872,0.00419095158577,637.784949504,630.129943602,9,70.2955148881
7.7120003663,2507.00139441,-41.9216194132,5.58909034729,-488.176452637,0.206338167191,0.0307181831449,101.412849426,39.1967277527,0.973225176334,0.000116415321827,0.000465661287308,1,552.722252905,7.45771703408,0.50607788496,78.5026604481,10.4793756177,131.025270093,132.92224321,5150.00429004,0.00419095158577,637.784949504,630.129943602,9,70.2955148881
7.74400036782,2505.7871826,-34.6639753843,4.62148427963,-488.548675537,0.170532569289,0.0253961924464,101.412757874,39.1967926025,0.97322511673,0.000116415321827,0.000465661287308,1,552.722252905,7.55867045118,0.659570061917,76.8694526405,10.1661708893,132.003508043,135.88310685,5150.00335872,0.00419095158577,637.784949504,630.129943602,9,70.2955148881
7.77600036934,2504.78298403,-28.6553167825,3.82039523125,-488.85736084,0.140938729048,0.0209921356291,101.412437439,39.1968421936,0.973224937916,0.000116415321827,0.000465661287308,1,552.722252905,7.66786978448,0.881811512259,75.272224349,9.89745253995,133.061650558,140.170144732,5150.00382438,0.00419095158577,637.784949504,630.129943602,9,70.2955148881
7.80800037086,2503.95317562,-23.6824780586,3.15740466118,-489.113464355,0.116488002241,0.017347946763,101.412086487,39.19688797,0.973224699497,0.000116415321827,0.000465661287308,1,552.722252905,7.78024992091,1.12153044111,73.7102211173,9.67091782944,134.150614031,144.794321386,5150.00335872,0.00419095158577,637.784949504,630.129943602,9,70.2955148881
7.84000037238,2503.26725654,-19.5709071704,2.60924005508,-489.325317383,0.0962876901031,0.0143333319575,101.411903381,39.1969528198,0.973224520683,0.000116415321827,0.000465661287308,1,552.722252905,9.72460509819,1.8120143339,72.1828423101,9.48200797286,134.812376928,148.448365508,5150.00289306,0.00419095158577,637.784949504,630.129943602,9,70.2955148881
7.8720003739,2502.70031393,-16.1720927281,2.15610218048,-489.500457764,0.0795942246914,0.0118423039094,101.411720276,39.1970062256,0.973224401474,0.000116415321827,0.000465661287308,1,552.722252905,26.5361622346,6.31911129287,70.6893847447,9.32996668253,134.812376928,148.618230014,5150.00289306,0.00419095158577,637.784949504,630.129943602,9,70.2955148881
7.90400037542,2502.23185867,-13.361694073,1.7814129591,-489.645477295,0.0658023431897,0.00978378765285,101.41153717,39.1970672607,0.973224282265,0.000116415321827,0.000465661287308,1,552.722252905,58.7559270475,13.8252051011,69.2292990596,10.9225409664,134.812376928,142.585296999,5150.00335872,0.00419095158577,637.784949504,636.162876617,9,70.2955148881
7.93600037694,2501.84512697,-11.0403789222,1.47192966938,-489.765319824,0.0544087551534,0.00808203220367,101.500862122,39.1518592834,0.973286151886,0.000116415321827,0.000465661287308,1,552.722252905,89.0929292638,19.2415387288,83.9797067626,15.7093987843,120.634111227,124.035243061,5150.00382438,0.00419095158577,651.963171549,654.713017866,9,70.2955148881
7.96800037846,2501.5254505,-9.12209270609,1.21617925167,-489.864318848,0.0449933558702,0.00667658122256,101.585899353,39.1090660095,0.973344922066,0.000116415321827,0.000465661287308,1,552.722252905,102.846172586,22.1088871591,98.6947429095,19.3909998512,99.0092521533,107.329040475,5150.00289306,0.00419095158577,673.58801607,671.419140417,9,70.2955148881
8.00000037998,2501.26118772,-7.53731092118,1.00489234924,-489.946044922,0.0372123010457,0.00551608297974,101.624443054,39.0895500183,0.973371446133,0.000116415321827,0.000465661287308,1,552.722252905,108.645254615,23.2159659591,105.89951651,21.3537366645,83.5332466522,95.3369089984,5150.00289306,0.00419095158577,689.064152539,683.411199134,9,70.2955148881
8.0320003815,2501.04279257,-6.22794459559,0.830324470997,-490.013519287,0.030783444643,0.00455687986687,101.642829895,39.0801773071,0.973384141922,0.000116415321827,0.000465661287308,1,552.722252905,110.519126711,23.2510683281,108.83353179,22.03755623,73.6989895813,87.335385615,5150.00289306,0.00419095158577,698.898395058,691.412715241,9,70.2955148881
8.06400038302,2500.86258166,-5.14611929248,0.686092913151,-490.069366455,0.0254730191082,0.00376387010328,101.652076721,39.0754737854,0.973390460014,0.000116415321827,0.000465661287308,1,552.722252905,110.210700512,22.6412459262,109.270288837,21.8993643432,67.8966316627,82.2629881441,5150.00335872,0.00419095158577,704.700709321,696.485105436,9,70.2955148881
8.09600038454,2500.71357004,-4.25288226324,0.567004442215,-490.115386963,0.0210821628571,0.00310921692289,101.656242371,39.0733184814,0.973393321037,0.000116415321827,0.000465661287308,1,552.722252905,108.352554805,21.6259196537,107.975011603,21.2448623701,65.0111396681,79.3642539065,5150.00289306,0.00465661287308,707.586004864,699.383788742,9,70.2955148881
8.12800038606,2500.59040263,-3.51406060872,0.46850296855,-490.153503418,0.0174526069313,0.00256909197196,101.655662537,39.073425293,0.973392963409,0.000116415321827,0.000465661287308,1,552.722252905,99.2293888517,19.2983555269,105.169935131,20.130806679,64.5860927762,78.6333766882,5150.00335872,0.00465661287308,708.011037204,700.114585925,10,70.2262841514
8.16000038758,2500.48865564,-2.90358502752,0.387112885714,-490.184997559,0.0144555671141,0.00212205923162,101.655479431,39.0737228394,0.9733928442,0.000116415321827,0.000465661287308,1,552.722252905,69.0188789532,12.6800903417,102.789214785,19.0100213094,64.5860927762,78.6333766882,5150.00335872,0.00465661287308,708.011037204,700.114585925,10,70.2262841514
8.1920003891,2500.40460378,-2.40058966483,0.320052355528,-490.210876465,0.0119773941115,0.00175279343966,101.655204773,39.0738983154,0.973392605782,0.000116415321827,0.000465661287308,1,552.722252905,31.2923382124,4.41527381564,100.593988182,18.0687214998,64.5860927762,78.6333766882,5150.00382438,0.00465661287308,708.011037204,700.114585925,10,70.2262841514
8.22400039062,2500.33522025,-1.98510656446,0.264659166336,-490.23223877,0.00992359314114,0.00144941022154,101.654518127,39.0740318298,0.973392128944,0.000116415321827,0.000465661287308,1,552.722252905,5.68937133181,-0.639019764166,98.4699295317,17.2758829747,68.1538658682,87.4025136,5150.00289306,0.00465661287308,708.011037204,700.114585925,10,70.2262841514
8.25600039214,2500.27747825,-1.64056018548,0.218723401427,-490.249847412,0.00822601094842,0.0011987980688,101.654167175,39.0741691589,0.973391890526,0.000116415321827,0.000465661287308,1,552.722252905,2.90278178964,-1.25712934157,96.3973350669,16.5096262217,86.8879506015,98.9099789876,5150.00335872,0.00465661287308,708.011037204,700.114585925,10,70.2262841514
8.28800039366,2500.2299808,-1.3576470792,0.181004747748,-490.264282227,0.00682195927948,0.000991298817098,101.653846741,39.0743141174,0.973391711712,0.000116415321827,0.000465661287308,1,552.722252905,4.22618862117,-0.937193904607,94.3714509797,15.6870489271,99.7117604129,105.081533547,5150.00196174,0.00465661287308,708.011037204,700.114585925,10,70.2262841514
8.32000039518,2500.19063242,-1.12224915938,0.149620935321,-490.276367188,0.00566072855145,0.000819766370114,101.65348053,39.0744552612,0.973391473293,0.000116415321827,0.000465661287308,1,552.722252905,5.13940827522,-0.710187029328,92.3903361929,14.8644331772,108.560860099,109.460495878,5150.00335872,0.00465661287308,708.011037204,700.114585925,10,70.2262841514
8.3520003967,2500.15826896,-0.928524855226,0.123793154955,-490.286346436,0.00469917617738,0.000678533862811,101.653205872,39.0746040344,0.973391234875,0.000116415321827,0.000465661287308,1,552.722252905,5.78533379964,-0.519631949486,90.4526722388,14.0817880548,114.819878945,113.136302389,5150.00335872,0.00465661287308,708.011037204,700.114585925,10,70.2262841514
8.38400039822,2500.1312606,-0.769064513406,0.102533519268,-490.294342041,0.00390471308492,0.000560873188078,101.653068542,39.0747413635,0.97339117527,0.000116415321827,0.000465661287308,1,552.722252905,6.25287843853,-0.346770430339,88.5573603943,13.3593108358,119.350384921,116.470801004,5150.00289306,0.00465661287308,708.011037204,700.114585925,10,70.2262841514
8.41600039974,2500.10890886,-0.635643743863,0.0847455412149,-490.301177979,0.00324840401299,0.000463082891656,101.652534485,39.0748672485,0.973390817642,0.000116415321827,0.000465661287308,1,552.722252905,6.599577738,-0.184373990364,86.7036022541,12.7051769349,122.709898278,119.603428175,5150.0024274,0.00465661287308,708.011037204,700.114585925,10,70.2262841514
8.44800040126,2500.09051524,-0.525860457401,0.0701089724898,-490.306793213,0.00270124804229,0.00038419093471,101.652351379,39.075012207,0.973390638828,0.000116415321827,0.000465661287308,1,552.722252905,6.86294622187,-0.029452282493,84.8904455916,12.1205107119,125.261940411,122.591867694,5150.00289306,0.00465661287308,708.011037204,700.114585925,10,70.2262841514
8.48000040278,2500.07514842,-0.435095046214,0.0580079108477,-490.311340332,0.00224572164007,0.000320024497341,101.652076721,39.075138092,0.973390460014,0.000116415321827,0.000465661287308,1,552.722252905,7.06766258237,0.119332578098,83.1170114284,11.6025607815,127.245642943,125.461927382,5150.00289306,0.00465661287308,708.011037204,700.114585925,10,70.2262841514
8.5120004043,2500.06280839,-0.361078775768,0.0481398850679,-490.315185547,0.00186919933185,0.00026621032157,101.651985168,39.0752792358,0.97339040041,0.000116415321827,0.000465661287308,1,552.722252905,7.23015593315,0.262648963358,81.3825086839,11.1465467828,128.820203827,128.226500237,5150.00335872,0.00465661287308,708.011037204,700.114585925,10,70.2262841514
8.54400040582,2500.05233102,-0.300366366446,0.0400455631316,-490.318145752,0.00156005623285,0.000220288668061,101.651802063,39.0754127502,0.9733902812,0.000116415321827,0.000465661287308,1,552.722252905,7.361515594,0.400895957954,79.6860950038,10.7468524101,130.093074404,130.893284222,5150.00382438,0.00465661287308,708.011037204,700.114585925,10,70.2262841514
8.57600040734,2500.04348345,-0.248579141271,0.0331411659718,-490.320709229,0.00130528130103,0.000181433162652,101.651443481,39.0755386353,0.973390042782,0.000116415321827,0.000465661287308,1,552.722252905,7.46943079478,0.534554839763,78.0269793075,10.3976196385,131.138775032,133.471563458,5150.00289306,0.00465661287308,708.011037204,700.114585925,10,70.2262841514
8.60800040886,2500.0362657,-0.207536260177,0.027669230476,-490.322631836,0.00109537725803,0.000148372520925,101.651222229,39.0756607056,0.973389863968,0.000116415321827,0.000465661287308,1,552.722252905,7.57147286327,0.702168125324,76.4042752919,10.0941477647,132.12756312,136.704824399,5150.00382438,0.00465661287308,708.011037204,700.114585925,10,70.2262841514
8.64000041038,2500.0302121,-0.170829721924,0.022775426507,-490.324554443,0.000918966368772,0.000121901466628,101.650810242,39.0757713318,0.973389625549,0.000116415321827,0.000465661287308,1,552.722252905,7.68215867725,0.934254992227,74.8173603471,9.83484089354,133.200112032,141.181779327,5150.00382438,0.00465661287308,708.011037204,700.114585925,10,70.2262841514
8.6720004119,2500.02532266,-0.141239510754,0.0188303887844,-490.32611084,0.000771381717641,0.000100991819636,101.650627136,39.0758895874,0.97338950634,0.000116415321827,0.000465661287308,1,552.722252905,7.79361313953,1.16957508049,73.2655019912,9.61685333246,134.280096972,145.721103763,5150.00382438,0.00465661287308,708.011037204,700.114585925,10,70.2262841514
8.70400041342,2500.02113171,-0.117786143505,0.0157035309821,-490.327148438,0.000645932625048,8.48362979013e-05,101.650352478,39.0760154724,0.973389267921,0.000116415321827,0.000465661287308,1,552.722252905,11.8741220766,2.40039641515,71.7480483152,9.43581033264,134.718196932,148.62169337,5150.00382438,0.00465661287308,708.011037204,700.114585925,10,70.2262841514
8.73600041494,2500.01787208,-0.0974522720298,0.0129925701767,-490.328277588,0.000537884712685,7.28228551452e-05,101.650032043,39.0761146545,0.973389089108,0.000116415321827,0.000465661287308,1,552.722252905,32.2283989445,7.85026696042,70.2642741619,9.29122387794,134.718196932,148.62169337,5150.00382438,0.00465661287308,708.011037204,700.114585925,10,70.2262841514
8.76800041646,2500.01484528,-0.0799481725267,0.010658881627,-490.32913208,0.000451212399639,6.20892824372e-05,101.649772644,39.0762290955,0.973388910294,0.000116415321827,0.000465661287308,1,552.722252905,67.2373508638,15.218723737,68.8137327173,11.8989706131,134.718196932,138.926116051,5150.00475571,0.00512227416039,708.011037204,709.810236003,10,70.2262841514
8.80000041798,2500.01251698,-0.0660414229969,0.00880479998887,-490.329833984,0.000383523030905,5.17315020261e-05,101.774925232,39.0162086487,0.973474800587,0.000116415321827,0.000465661287308,1,552.722252905,92.9055786867,20.0413486514,87.8405242023,16.6408064244,115.534683573,120.074051665,5150.00429004,0.00512227416039,727.194477804,728.662416805,10,70.2262841514
8.8320004195,2500.01065433,-0.0550062679849,0.007333567366,-490.330413818,0.000327303423546,4.3155370804e-05,101.8543396,38.9783172607,0.973529160023,0.000116415321827,0.000465661287308,1,552.722252905,104.45550148,22.4597753401,100.624356886,19.9392608028,95.0585163082,104.35331933,5150.00429004,0.00512227416039,747.670594137,744.383141864,10,70.2262841514
8.86400042102,2500.00925735,-0.0461427873688,0.00615186663345,-490.3309021,0.000277563580312,3.71475725842e-05,101.890800476,38.9610099792,0.97355401516,0.000116415321827,0.000465661287308,1,552.722252905,109.165184994,23.2878261065,106.681799969,21.5828442181,80.9408884379,93.3119954425,5150.00382438,0.00512227416039,761.788222007,755.424494855,10,70.2262841514
8.89600042254,2500.00786036,-0.0389954841751,0.00519897136837,-490.331176758,0.000233002909226,3.31963965436e-05,101.908470154,38.9525756836,0.973566055298,0.000116415321827,0.000465661287308,1,552.722252905,110.476488933,23.1560342812,108.974153686,22.0563791864,72.1053656889,86.020976596,5150.00475571,0.00512227416039,770.623679273,762.715586461,10,70.2262841514
8.92800042406,2500.00669621,-0.0332675931247,0.00443531526253,-490.331359863,0.000193448882783,3.05432986352e-05,101.91721344,38.9483566284,0.973572015762,0.000116415321827,0.000465661287308,1,552.722252905,109.805359619,22.4437303217,108.997673683,21.7864852034,67.0068329782,81.4665327198,5150.00382438,0.00512227416039,775.722204708,767.270103097,10,70.2262841514
8.96000042558,2500.00553206,-0.0284282855034,0.00379012688063,-490.331451416,0.00015890233044,2.85839287244e-05,101.920982361,38.9465484619,0.973574638367,0.000116415321827,0.000465661287308,1,552.722252905,107.649401377,21.3601843374,107.379913921,21.0476159527,64.6598564344,78.9683108451,5150.00382438,0.00512227416039,778.069254011,769.768317696,10,70.2262841514
8.9920004271,2500.00483356,-0.0233131203231,0.00310816103593,-490.331787109,0.000130936634378,2.65635808319e-05,101.920066833,38.9470748901,0.973573982716,0.000116415321827,0.000465661287308,1,552.722252905,94.1692346719,18.2061607613,104.508650374,19.8655932561,64.5343679935,78.6206874182,5150.00522137,0.00512227416039,778.19469152,770.115933847,11,70.1838289388
9.02400042862,2500.00413507,-0.0189441742293,0.0025256825611,-490.332000732,0.000111123837996,2.36638279603e-05,101.919212341,38.9473457336,0.973573386669,0.000116415321827,0.000465661287308,1,552.722252905,60.8395710033,10.8989367337,102.193677613,18.7858323725,64.5343679935,78.6206874182,5150.00522137,0.00512227416039,778.19469152,770.115933847,11,70.1838289388
9.05600043014,2500.00343658,-0.0152744590309,0.00203642738052,-490.33215332,9.73046044237e-05,2.03905055969e-05,101.919212341,38.9475746155,0.973573386669,0.000116415321827,0.000465661287308,1,552.722252905,24.062429492,2.91960758806,100.020022606,17.8789702045,64.5343679935,79.0202029748,5150.00429004,0.00512227416039,778.19469152,770.115933847,11,70.1838289388
9.08800043166,2500.00320375,-0.0122867618302,0.00163810048252,-490.332427979,8.673989214e-05,1.75255881913e-05,101.918708801,38.9477539062,0.973573088646,0.000116415321827,0.000465661287308,1,552.722252905,3.3458693121,-1.19749202991,97.9103206026,17.1081976999,72.0648167771,90.3562904568,5150.00429004,0.00512227416039,778.19469152,770.115933847,11,70.1838289388
9.12000043318,2500.00273809,-0.00989997239742,0.00131988793146,-490.332550049,7.78526518843e-05,1.53789005708e-05,101.918251038,38.9479293823,0.973572731018,0.000116415321827,0.000465661287308,1,552.722252905,3.22501435885,-1.17493513203,95.8505372482,16.3277655888,90.0103841559,100.495504739,5150.00382438,0.00512227416039,778.19469152,770.115933847,11,70.1838289388
9.1520004347,2500.00273809,-0.00795538834808,0.001060631359,-490.332794189,7.02159013599e-05,1.38439454531e-05,101.917900085,38.9481086731,0.973572492599,0.000116415321827,0.000465661287308,1,552.722252905,4.44339929352,-0.884051476574,93.8368196872,15.5005571767,101.81653488,106.106650492,5150.00429004,0.00512227416039,778.19469152,770.115933847,11,70.1838289388
9.18400043622,2500.00227243,-0.00647347064842,0.000863058608957,-490.332763672,6.38136989437e-05,1.26947124954e-05,101.917488098,38.9482727051,0.973572254181,0.000116415321827,0.000465661287308,1,552.722252905,5.28955060594,-0.667531225738,91.8674905358,14.6840191963,110.015738755,110.283326649,5150.00429004,0.00512227416039,778.19469152,770.115933847,11,70.1838289388
9.21600043774,2500.0020396,-0.00524024690307,0.000698642223142,-490.332824707,5.86446876696e-05,1.17603776744e-05,101.91721344,38.9484481812,0.973572015762,0.000116415321827,0.000465661287308,1,552.722252905,5.8909435133,-0.481730984178,89.9412972499,13.9131780215,115.843235108,113.867412438,5150.00289306,0.00512227416039,778.19469152,770.115933847,11,70.1838289388
9.24800043926,2500.0020396,-0.00422225632235,0.000562921282835,-490.332977295,5.45385628357e-05,1.09762740976e-05,101.916671753,38.9486122131,0.973571658134,0.000116415321827,0.000465661287308,1,552.722252905,6.32849438739,-0.31148222263,88.0573315518,13.2050354753,120.083102956,117.151510494,5150.00429004,0.00512227416039,778.19469152,770.115933847,11,70.1838289388
9.28000044078,2500.0020396,-0.00342600836589,0.000456763635157,-490.333068848,5.12711703777e-05,1.03154343378e-05,101.916358948,38.9487762451,0.973571479321,0.000116415321827,0.000465661287308,1,552.722252905,6.65465260235,-0.150831793721,86.2145826162,12.5659192868,123.243575217,120.250457257,5150.00382438,0.00512227416039,778.19469152,770.115933847,11,70.1838289388
9.3120004423,2500.00180677,-0.00276656653142,0.000368845270714,-490.33303833,4.86538883706e-05,9.77182025963e-06,101.915809631,38.9489250183,0.973571062088,0.000116415321827,0.000465661287308,1,552.722252905,6.90367222149,0.0027218620546,84.4121568151,11.9959374969,125.6565738,123.212506878,5150.00382438,0.00512227416039,778.19469152,770.115933847,11,70.1838289388
9.34400044382,2500.00157394,-0.00223453344717,0.000297913327813,-490.332977295,4.65602024633e-05,9.32812963583e-06,101.915718079,38.9491043091,0.973571002483,0.000116415321827,0.000465661287308,1,552.722252905,7.09814527892,0.150317067742,82.6492923673,11.4917692154,127.541017719,126.059618196,5150.00382438,0.00512227416039,778.19469152,770.115933847,11,70.1838289388
9.37600044534,2500.00157394,-0.00180535009164,0.000240693596425,-490.33303833,4.48324572062e-05,8.98198595678e-06,101.915306091,38.9492530823,0.973570764065,0.000116415321827,0.000465661287308,1,552.722252905,7.25315083238,0.292546418229,80.9250516957,11.0483896158,129.043022753,128.803221742,5150.00382438,0.00512227416039,778.19469152,770.115933847,11,70.1838289388
9.40800044686,2500.00157394,-0.00145948031438,0.000194581400137,-490.333099365,4.34189350926e-05,8.70937128639e-06,101.915046692,38.9494094849,0.973570585251,0.000116415321827,0.000465661287308,1,552.722252905,7.37890105445,0.429768195528,79.2387682417,10.6600331489,130.261541926,131.450229674,5150.00335872,0.00512227416039,778.19469152,770.115933847,11,70.1838289388
9.44000044838,2500.00157394,-0.00117988618875,0.000157305243192,-490.333129883,4.22771408921e-05,8.48856143421e-06,101.914405823,38.9495429993,0.973570108414,0.000116415321827,0.000465661287308,1,552.722252905,7.4831913849,0.564333037407,77.5895190781,10.3209049666,131.272114231,134.04598576,5150.00475571,0.00512227416039,778.19469152,770.115933847,11,70.1838289388
9.4720004499,2500.0013411,-0.000953516821056,0.000127125138533,-490.33303833,4.13612215198e-05,8.30717635836e-06,101.914222717,38.9496955872,0.973569989204,0.000116415321827,0.000465661287308,1,552.722252905,7.58704588855,0.747970110813,75.9765131242,10.0270414255,132.278466481,137.588343932,5150.00335872,0.00512227416039,778.19469152,770.115933847,11,70.1838289388
9.50400045142,2500.0013411,-0.000769356689467,0.000102572470496,-490.333068848,4.06462058891e-05,8.15374642116e-06,101.913772583,38.9498405457,0.973569691181,0.000116415321827,0.000465661287308,1,552.722252905,7.69882996774,0.986513634938,74.3991131207,9.77695833409,133.361652843,142.189848702,5150.00335872,0.00512227416039,778.19469152,770.115933847,11,70.1838289388
9.53600045294,2500.0013411,-0.00062247468291,8.2989812654e-05,-490.333068848,4.00595017709e-05,8.03062721388e-06,101.913459778,38.9499855042,0.973569452763,0.000116415321827,0.000465661287308,1,552.722252905,7.80880023836,1.21556716795,72.8565572863,9.56723591686,134.427260491,146.608290379,5150.00382438,0.00512227416039,778.19469152,770.115933847,11,70.1838289388
9.56800045446,2500.0013411,-0.000503357633352,6.7108841904e-05,-490.333099365,3.95685965486e-05,7.93808521848e-06,101.913002014,38.9501152039,0.973569154739,0.000116415321827,0.000465661287308,1,552.722252905,14.8245174858,3.19364810588,71.3481717376,9.39412752839,134.640620672,148.619845277,5150.00382438,0.00512227416039,778.19469152,770.115933847,11,70.1838289388
9.60000045598,2500.0013411,-0.000407225309029,5.42922534805e-05,-490.333099365,3.91687535739e-05,7.86436339695e-06,101.912590027,38.9502410889,0.973568916321,0.000116415321827,0.000465661287308,1,552.722252905,38.5968136013,9.55106271413,69.8733338648,9.28266024767,134.640620672,148.530380102,5150.00382438,0.00512227416039,778.19469152,770.205399022,11,70.1838289388
9.6320004575,2500.0013411,-0.000329265559262,4.38984716311e-05,-490.333129883,3.88494190702e-05,7.8030379882e-06,101.925819397,38.9458618164,0.973577916622,0.000116415321827,0.000465661287308,1,552.722252905,74.7956202811,16.4830224752,71.5951133968,12.9440210055,132.653556648,134.938527481,5150.00335872,0.00512227416039,780.181726441,783.797237091,11,70.1838289388
9.66400045902,2500.0013411,-0.000266024619,3.54670373781e-05,-490.333129883,3.85953535442e-05,7.75179796619e-06,102.032814026,38.9100341797,0.973650693893,0.000116415321827,0.000465661287308,1,552.722252905,96.1462548843,20.7292115175,91.2571792022,17.4958308408,110.60032557,116.293442261,5150.00335872,0.00512227416039,802.235037554,802.442315035,11,70.1838289388
9.69600046054,2500.0013411,-0.00021484286572,2.86433642032e-05,-490.333129883,3.8391637645e-05,7.70978476794e-06,102.087272644,38.8918418884,0.973687589169,0.000116415321827,0.000465661287308,1,552.722252905,105.789006949,22.7392575125,102.274162736,20.4104206982,91.444417194,101.601908682,5150.00289306,0.00512227416039,821.390829515,817.133928649,11,70.1838289388
9.72800046206,2500.0013411,-0.000173520586788,2.31341800827e-05,-490.333129883,3.82267717214e-05,7.67599885876e-06,102.112365723,38.883441925,0.973704636097,0.000116415321827,0.000465661287308,1,552.722252905,109.566702331,23.3175960065,107.326215665,21.7596488939,78.6126329331,91.4617339731,5150.00382438,0.00512227416039,834.22253374,827.274168842,11,70.1838289388
9.76000046358,2500.0013411,-0.000140186390274,1.86899851542e-05,-490.333129883,3.80927885999e-05,7.64904325479e-06,102.125053406,38.8793182373,0.973713219166,0.000116415321827,0.000465661287308,1,552.722252905,110.37749399,23.0362698106,109.044486608,22.0429326479,70.6982900738,84.8334166221,5150.00382438,0.00512227416039,842.136971187,833.90250802,11,70.1838289388
9.7920004651,2500.0013411,-0.000113279600977,1.51027070387e-05,-490.3331604,3.79840494134e-05,7.62746230976e-06,102.13129425,38.8772659302,0.973717391491,0.000116415321827,0.000465661287308,1,552.722252905,109.365233155,22.2310926261,108.682728394,21.6540103387,66.2560123601,80.7656833786,5150.00429004,0.00512227416039,846.579379868,837.970350403,11,70.1838289388
9.82400046661,2500.0013411,-9.1542814995e-05,1.22047067634e-05,-490.3331604,3.78961303795e-05,7.61004321248e-06,102.133338928,38.8765869141,0.973718822002,0.000116415321827,0.000465661287308,1,552.722252905,106.653584762,21.0132826898,106.631668901,20.8277706341,64.4976316835,78.6860473454,5150.00335872,0.00512227416039,848.337716889,840.049993712,11,70.1838289388
9.85600046813,2500.0013411,-7.39714262066e-05,9.86204759101e-06,-490.3331604,3.78252225346e-05,7.59591330279e-06,102.132072449,38.8770332336,0.973717927933,0.000116415321827,0.000465661287308,1,552.722252905,88.1872738599,16.9058458829,103.898573435,19.6111436562,64.4976316835,78.6120872363,5150.00335872,0.00512227416039,848.337716889,840.123917442,12,70.1429962646
9.88800046965,2500.0013411,-5.9766219751e-05,7.9681749412e-06,-490.3331604,3.77680371457e-05,7.58444866733e-06,102.131568909,38.8772163391,0.97371762991,0.000116415321827,0.000465661287308,1,552.722252905,52.5332799726,9.08464106172,101.63181264,18.571024699,64.4976316835,78.6120872363,5150.00335872,0.00512227416039,848.337716889,840.123917442,12,70.1429962646
9.92000047117,2500.0013411,-4.82864304097e-05,6.43766225039e-06,-490.3331604,3.77218639187e-05,7.57516909289e-06,102.131210327,38.8773727417,0.973717391491,0.000116415321827,0.000465661287308,1,552.722252905,17.5737925633,1.73637618169,99.4765063066,17.6974776439,64.4976316835,80.5425588624,5150.00382438,0.00512227416039,848.337716889,840.123917442,12,70.1429962646
9.95200047269,2500.0013411,-3.90112248061e-05,5.20106959812e-06,-490.3331604,3.76845528081e-05,7.56767713028e-06,102.130851746,38.8775100708,0.973717093468,0.000116415321827,0.000465661287308,1,552.722252905,2.14895319617,-1.47402836572,97.3799889795,16.940323811,76.4984069974,93.1906761252,5150.00335872,0.00512227416039,848.337716889,840.123917442,12,70.1429962646
9.98400047421,2500.0013411,-3.15190616662e-05,4.20219657826e-06,-490.3331604,3.76543794118e-05,7.56163308324e-06,102.130393982,38.8776397705,0.973716795444,0.000116415321827,0.000465661287308,1,552.722252905,3.52279095613,-1.10187268413,95.3321377569,16.1451559931,92.8958397708,101.904879557,5150.0024274,0.00512227416039,848.337716889,840.123917442,12,70.1429962646
10.000000475,2500.0013411,-2.83320242267e-05,3.77729315915e-06,-490.3331604,3.76415409846e-05,7.5590655797e-06,102.130210876,38.8777122498,0.973716676235,0.000116415321827,0.000465661287308,1,552.722252905,4.13650855997,-0.956349053035,94.3254511097,15.7308751568,98.8427636912,104.712031316,5150.00335872,0.00512227416039,848.337716889,840.123917442,12,70.1429962646
