time_s,lung_volume_ml,airflow_ml_s,alveolar_pa,pleural_pa,diaphragm_mm,rib_mm,PaO2_mmhg,PaCO2_mmhg,SaO2,oxygen_balance_error_stpd_ml,co2_balance_error_stpd_ml,breaths,tidal_ml,lv_mmhg,rv_mmhg,aorta_mmhg,pulmonary_artery_mmhg,lv_ml,rv_ml,blood_ml,blood_error_ml,aortic_ejected_ml,pulmonary_ejected_ml,complete_filling_ejection_cycles,last_lv_stroke_ml
0.0320000015199,2501.94966793,144.204095704,-19.2256355286,-510.514160156,0.0724901929498,0.00229107681662,99.999961853,40.0000152588,0.972220242023,0.000116415321827,0.000232830643654,0,0,7.01906102776,0.968647712069,82.9146486242,13.1435573448,116.774695925,141.845215694,5149.99963343,0.000931322574615,0,0,0,0
0.0640000030398,2509.26287845,295.484322123,-39.3946762085,-534.269104004,0.360934972763,0.00399388093501,100.000053406,40.0000114441,0.972220301628,0.000116415321827,0.000232830643654,0,0,7.28122091632,1.19429222804,81.0829381924,12.5380135535,119.315023767,146.197897266,5150.00009909,0.000931322574615,0,0,0,0
0.0960000045598,2520.7453873,410.064822063,-54.6708221436,-555.175476074,0.787905812263,0.0174625050277,100.000236511,40.0000190735,0.972220420837,0.000116415321827,0.000232830643654,0,0,7.51204522458,1.42603431337,79.3712009887,12.0133311978,121.551711345,150.668201968,5149.99916777,0.000931322574615,0,0,0,0
0.12800000608,2535.42303108,497.765431646,-66.3632736206,-574.064819336,1.29368007183,0.0513507053256,100.000144958,40.0000190735,0.972220361233,0.000116415321827,0.000465661287308,0,0,10.1017307847,2.29766329567,77.7106569525,11.5623502661,122.78505892,153.882661834,5150.00009909,0.000931322574615,0,0,0,0
0.1600000076,2552.52514035,563.834153581,-75.1717147827,-591.259033203,1.85257220268,0.103516429663,99.9998703003,40.0000038147,0.972220122814,0.000116415321827,0.000465661287308,0,0,27.7938411666,7.36609406435,76.0894764994,11.186474377,122.78505892,153.912580572,5149.99963343,0.000931322574615,0,0,0,0
0.19200000912,2571.44425996,613.068754319,-81.7357940674,-607.09979248,2.45004677773,0.169885680079,100.000144958,40.0000190735,0.972220361233,0.000116415321827,0.000465661287308,0,0,60.3892740267,15.5825969928,74.5049787453,12.5369862475,122.78505892,148.083403474,5149.99963343,0.000931322574615,0,5.82918937653,0,0
0.224000010639,2591.70751087,649.202789646,-86.5532684326,-621.852966309,3.07559418678,0.246961832047,100.000236511,40.0000152588,0.972220420837,0.000116415321827,0.000465661287308,0,0,92.1186000177,21.2529050225,87.1598799463,17.4982150697,110.690438305,128.344705445,5149.99916777,0.000931322574615,12.0946033348,25.5678878602,0,0
0.256000012159,2612.94399388,674.915034324,-89.9812850952,-635.693908691,3.72093772888,0.332007229328,99.999961853,40.0000114441,0.972220242023,0.000116415321827,0.000465661287308,0,0,105.92497026,24.1341577926,101.832278316,21.2729384055,89.4683544175,110.679815407,5150.00056475,0.000931322574615,33.316671761,43.232794269,0,0
0.288000013679,2634.85615142,692.230416462,-92.2898101807,-648.746704102,4.37928199768,0.422900259495,99.999961853,40.0000038147,0.972220242023,0.000116415321827,0.000465661287308,0,0,111.628243642,25.1764998327,108.915672322,23.2258324917,74.1903859307,98.0905242614,5150.00009909,0.000931322574615,48.5946584377,55.8220817766,0,0
0.320000015199,2657.20230527,702.682242263,-93.6832733154,-661.097167969,5.04484701157,0.518020510674,99.9998245239,39.9999961853,0.972220122814,0.000116415321827,0.000465661287308,0,0,113.385226259,25.1129936427,111.723048788,23.8458455495,64.4798783469,89.7221107152,5150.00009909,0.000931322574615,58.3051696594,64.1904844088,0,0
0.352000016719,2679.78059128,707.294791937,-94.2982330322,-672.78302002,5.7126660347,0.616067409515,99.9998703003,40,0.972220122814,0.000116415321827,0.000465661287308,0,0,112.945868902,24.3867926682,112.027915125,23.6160805934,58.7796967011,84.4368769322,5150.00009909,0.000931322574615,64.0053403913,69.4757472957,0,0
0.384000018239,2702.42081024,706.971506588,-94.2551345825,-683.841186523,6.3784031868,0.716013967991,99.9998245239,40,0.972220122814,0.000116415321827,0.000465661287308,0,0,110.934107068,23.2445840311,110.583856146,22.8548688102,56.0067383049,81.4427621663,5150.00009909,0.000931322574615,66.7782951496,72.4698475096,0,0
0.416000019759,2724.97558035,702.364312019,-93.6408920288,-694.286254883,7.03821372986,0.817008435726,99.9998245239,39.9999885559,0.972220122814,0.000116415321827,0.000465661287308,0,0,100.20428578,20.4786312539,107.666065342,21.605664695,55.685704865,80.7880787761,5150.00103042,0.000931322574615,67.0993395033,73.1245163479,1,67.0993395033
0.448000021279,2747.31754325,693.967507686,-92.5214080811,-704.121704102,7.6886548996,0.918354511261,99.9998245239,39.9999961853,0.972220122814,0.000116415321827,0.000465661287308,0,0,68.0834994294,13.1578086979,105.242135882,20.3912644625,55.685704865,80.7880787761,5150.00056475,0.000931322574615,67.0993395033,73.1245163479,1,67.0993395033
0.480000022799,2769.33331043,682.22254049,-90.9555435181,-713.350891113,8.32663536072,1.01945638657,99.9998245239,40,0.972220122814,0.000116415321827,0.000465661287308,0,0,29.6336436933,4.39449284328,102.991394469,19.3713455278,55.685704865,80.7880787761,5150.00009909,0.00139698386192,67.0993395033,73.1245163479,1,67.0993395033
0.512000024319,2790.92229903,667.535932735,-88.9974899292,-721.978637695,8.94937992096,1.11979711056,99.9998703003,40,0.972220122814,0.000116415321827,0.000465661287308,0,0,5.07648349275,-0.758181196126,100.810934703,18.5102964469,60.9464223089,89.6454585018,5150.00056475,0.00139698386192,67.0993395033,73.1245163479,1,67.0993395033
0.544000025839,2811.99486926,650.17392626,-86.6827392578,-729.996520996,9.55439662933,1.21891367435,100.000053406,40.0000114441,0.972220301628,0.000116415321827,0.000465661287308,0,0,3.28243499683,-1.16842874615,98.6828840258,17.6675978716,80.5667878012,100.621015008,5150.00103042,0.00139698386192,67.0993395033,73.1245163479,1,67.0993395033
0.576000027359,2832.4695304,630.397058558,-84.046043396,-737.399169922,10.1394720078,1.31637907028,100.000053406,40.0000152588,0.972220301628,0.000116415321827,0.000465661287308,0,0,4.64177190204,-0.865206831848,96.6028182445,16.7727282652,93.7387667364,106.47016461,5150.00103042,0.00186264514923,67.0993395033,73.1245163479,1,67.0993395033
0.608000028878,2852.27433778,608.447182458,-81.1196365356,-744.18371582,10.702624321,1.41181075573,100.000144958,40.0000152588,0.972220361233,0.000116415321827,0.000465661287308,0,0,5.58329008285,-0.647892524735,94.5686278114,15.885558876,102.862068161,110.662156658,5150.00056475,0.00186264514923,67.0993395033,73.1245163479,1,67.0993395033
0.640000030398,2871.34386599,584.607827477,-77.9413146973,-750.355773926,11.24214077,1.50483977795,100.000053406,40.0000114441,0.972220301628,0.000116415321827,0.000465661287308,0,0,6.25131275824,-0.464647014465,92.5791700545,15.0458222747,109.33521844,114.196962386,5150.00056475,0.00186264514923,67.0993395033,73.1245163479,1,67.0993395033
0.672000031918,2889.61990736,558.999890927,-74.5271987915,-755.903015137,11.7565450668,1.59510719776,100.000053406,40.0000152588,0.972220301628,0.000116415321827,0.000465661287308,0,0,6.7364685536,-0.298044897425,90.63337555,14.2731160176,114.036367449,117.410716484,5150.00056475,0.00186264514923,67.0993395033,73.1245163479,1,67.0993395033
0.704000033438,2907.05100633,531.887577381,-70.9125213623,-760.835327148,12.2446069717,1.68226420879,100.000144958,40.0000190735,0.972220361233,0.000116415321827,0.000465661287308,0,0,7.09744758981,-0.141345507939,88.7302554474,13.5749663573,117.534254969,120.433447591,5150.00103042,0.00186264514923,67.0993395033,73.1245163479,1,67.0993395033
0.736000034958,2923.59152809,503.46122589,-67.1226577759,-765.155822754,12.7053489685,1.76596701145,100.000053406,40.0000114441,0.972220301628,0.000116415321827,0.000465661287308,0,0,7.37256600068,0.00824993090366,86.8688868191,12.9518658878,120.200151287,123.319143313,5150.00056475,0.00186264514923,67.0993395033,73.1245163479,1,67.0993395033
0.768000036478,2939.20258991,473.871361464,-63.1776618958,-768.865478516,13.1379909515,1.84588062763,100.000053406,40.0000038147,0.972220301628,0.000116415321827,0.000465661287308,0,0,7.58706786301,0.15199179057,85.048427311,12.4004342048,122.278681374,126.091923448,5150.00056475,0.00186264514923,67.0993395033,73.1245163479,1,67.0993395033
0.800000037998,2953.84973288,443.312543212,-59.1034889221,-771.973266602,13.542011261,1.92165827751,99.999961853,40.0000114441,0.972220242023,0.000116415321827,0.000465661287308,0,0,7.75779110695,0.290508086754,83.2679320213,11.9153031307,123.932986753,128.763902467,5150.00009909,0.00186264514923,67.0993395033,73.1245163479,1,67.0993395033
0.832000039518,2967.50548296,412.008637795,-54.929977417,-774.495605469,13.917098999,1.99296998978,100.000053406,40.0000114441,0.972220301628,0.000116415321827,0.000465661287308,0,0,7.89612399651,0.424172977204,81.5265512707,11.4902712897,125.273436424,131.342298118,5150.00056475,0.00186264514923,67.0993395033,73.1245163479,1,67.0993395033
0.864000041038,2980.14655709,379.99037886,-50.6612243652,-776.425170898,14.2631120682,2.0594792366,100.000053406,40.0000152588,0.972220301628,0.000116415321827,0.000465661287308,0,0,8.01012291817,0.553811047817,79.8234939788,11.1190173621,126.378086861,133.843015647,5150.00056475,0.00186264514923,67.0993395033,73.1245163479,1,67.0993395033
0.896000042558,2991.75432883,347.463297658,-46.3246383667,-777.780273438,14.5801610947,2.12084007263,100.000144958,40.0000190735,0.972220361233,0.000116415321827,0.000465661287308,0,0,8.11962165349,0.722715104017,78.1580056891,10.7966968951,127.439125208,137.101174914,5150.00056475,0.00186264514923,67.0993395033,73.1245163479,1,67.0993395033
0.928000044078,3002.31506117,314.575416269,-41.9399452209,-778.573852539,14.8684597015,2.17672538757,99.9998703003,40.0000038147,0.972220122814,0.000116415321827,0.000465661287308,0,0,8.23775360488,0.953381470851,76.5292660217,10.5215418601,128.583822516,141.550728586,5150.00103042,0.00186264514923,67.0993395033,73.1245163479,1,67.0993395033
0.960000045598,3011.81920804,281.463231659,-37.525352478,-778.819458008,15.1283941269,2.226821661,99.9998703003,40,0.972220122814,0.000116415321827,0.000465661287308,0,0,8.35556509539,1.18287397804,74.9364692464,10.2902689066,129.725420265,145.977639477,5150.00056475,0.00186264514923,67.0993395033,73.1245163479,1,67.0993395033
0.992000047117,3020.25978453,248.167634709,-33.0863037109,-778.519104004,15.360490799,2.27079463005,99.9998703003,39.9999961853,0.972220122814,0.000116415321827,0.000465661287308,0,0,13.5619116967,2.63389084924,73.3790879761,10.0983247433,130.111802719,148.509512655,5150.00009909,0.00186264514923,67.0993395033,73.1245163479,1,67.0993395033
1.02400004864,3027.63562649,215.147534618,-28.6839828491,-777.733398438,15.5653476715,2.30836892128,99.9997329712,39.9999885559,0.97222006321,0.000116415321827,0.000465661287308,0,0,36.0868248305,8.38782909662,71.85634578,9.94508859172,130.111802719,148.509512655,5150.00009909,0.00186264514923,67.0993395033,73.1245163479,1,67.0993395033
1.05600005016,3033.99469703,184.526434168,-24.6015052795,-776.768981934,15.7443504333,2.33976387978,100.000144958,39.9997177124,0.972220361233,0.000116415321827,0.000465661287308,0,0,73.2844806,15.9019609793,71.4624169563,12.5567852361,129.506181111,138.776085805,5150.00056475,0.00186264514923,67.7049538353,82.8579431982,1,67.0993395033
1.08800005168,3039.40149024,155.40435561,-20.7188796997,-775.537475586,15.8990936279,2.36540460587,100.008705139,39.9924850464,0.972226560116,0.000116415321827,0.000465661287308,0,0,97.6983403096,20.6631398093,92.4549850549,17.2861835029,107.363950519,119.932970847,5149.99963343,0.00186264514923,89.8471917026,101.701079984,1,67.0993395033
1.1200000532,3043.88720542,126.807208289,-16.9062404633,-773.924316406,16.0306873322,2.38533496857,100.013679504,39.9885864258,0.972230195999,0.000116415321827,0.000465661287308,0,0,108.874382312,23.0120795923,105.005419672,20.5272680592,86.4912872203,104.387960164,5150.00056475,0.00186264514923,110.71984045,117.246068839,1,67.0993395033
1.15200005472,3047.46022448,98.2851561275,-13.1036119461,-771.873657227,16.139875412,2.39939045906,100.015586853,39.9868011475,0.972231626511,0.000116415321827,0.000465661287308,0,0,113.378531374,23.7967033316,110.88944764,22.1213411844,72.2952681826,93.5219650273,5150.00056475,0.00186264514923,124.915866763,128.112078528,1,67.0993395033
1.18400005624,3050.11868477,69.6110946592,-9.28071784973,-769.354309082,16.2272815704,2.4072804451,100.016578674,39.9859275818,0.972232341766,0.000116415321827,0.000465661287308,0,0,114.54198382,23.6380312479,113.044724673,22.5618027589,63.4621464997,86.3700406626,5150.00056475,0.00186264514923,133.748966618,135.264010169,1,67.0993395033
1.21600005776,3051.8558342,40.7148254453,-5.42819786072,-766.353515625,16.2933750153,2.40869045258,100.017036438,39.9855003357,0.97223263979,0.000116415321827,0.000465661287308,0,0,113.717062583,22.90530569,112.923791894,22.2688813728,58.408932091,81.9315027911,5150.00103042,0.00186264514923,138.802177389,139.70254804,1,67.0993395033
1.24800005928,3052.66212672,11.4587001008,-1.52770125866,-762.848388672,16.3385620117,2.40330147743,100.017356873,39.985332489,0.972232878208,0.000116415321827,0.000465661287308,0,0,111.344912277,21.7935719669,111.12086068,21.5096894088,56.1608940188,79.547855421,5150.00009909,0.00186264514923,141.050259117,142.08619541,1,67.0993395033
1.2800000608,3052.52708495,-18.1365321623,2.4180059433,-758.836486816,16.3631706238,2.39079904556,100.017448425,39.9853858948,0.972232937813,0.000116415321827,0.000465661287308,0,0,95.6972800377,18.2591173793,108.144405392,20.3111474117,56.1046654184,79.3127182988,5150.00103042,0.00186264514923,141.106487717,142.321339808,2,74.0071263863
1.31200006232,3051.43930018,-48.0337039335,6.4039683342,-754.317138672,16.3674125671,2.37089920044,100.017715454,39.9854316711,0.972233176231,0.000116415321827,0.000465661287308,0,0,60.2849099903,10.6006132928,105.755649719,19.2459043215,56.1046654184,79.3127182988,5150.00103042,0.00186264514923,141.106487717,142.321339808,2,74.0071263863
1.34400006384,3049.38596673,-78.4151925473,10.454501152,-749.259765625,16.3512439728,2.34341835976,100.017631531,39.9854431152,0.972233116627,0.000116415321827,0.000465661287308,0,0,22.7283581802,2.59897480534,103.502022326,18.3512526286,56.1046654184,79.9327390268,5150.00103042,0.00186264514923,141.106487717,142.321339808,2,74.0071263863
1.37600006536,3046.35311477,-109.290420369,14.5708599091,-743.656311035,16.3142757416,2.30827260017,100.017799377,39.9854660034,0.972233235836,0.000116415321827,0.000465661287308,0,0,3.04570276337,-1.3100786347,101.312780101,17.5864681644,65.3943134239,91.5752025321,5150.00103042,0.00186264514923,141.106487717,142.321339808,2,74.0071263863
1.40800006688,3042.32467897,-140.576506965,18.7419967651,-737.509887695,16.2559700012,2.26542568207,100.017715454,39.9854774475,0.972233176231,0.000116415321827,0.000465661287308,0,0,3.58037548696,-1.14135941575,99.1750240371,16.7966712708,83.4538295749,101.143181382,5150.00056475,0.00186264514923,141.106487717,142.321339808,2,74.0071263863
1.4400000684,3037.2866895,-172.368861968,22.9806289673,-730.801025391,16.1756858826,2.21491003036,100.017799377,39.985496521,0.972233235836,0.000116415321827,0.000465661287308,0,0,4.8043659691,-0.862385059363,97.0850917232,15.9593491134,95.3143025981,106.524596049,5150.00009909,0.00186264514923,141.106487717,142.321339808,2,74.0071263863
1.47200006992,3031.2249437,-204.539130209,27.2696456909,-723.539672852,16.0726451874,2.1568145752,100.017936707,39.9855270386,0.972233295441,0.000116415321827,0.000465661287308,0,0,5.65506736819,-0.652146070644,95.0412032283,15.1336779979,103.557598777,110.580105684,5150.00056475,0.00186264514923,141.106487717,142.321339808,2,74.0071263863
1.50400007144,3024.12477322,-237.22826154,31.6278381348,-715.700073242,15.9458446503,2.09131360054,100.017799377,39.9855308533,0.972233235836,0.000116415321827,0.000465661287308,0,0,6.25995238352,-0.470679003798,93.0421426322,14.3546577459,109.418928332,114.080605272,5149.99963343,0.00186264514923,141.106487717,142.321339808,2,74.0071263863
1.53600007296,3015.97104408,-270.3978098,36.0500831604,-707.279785156,15.7940683365,2.01865744591,100.017936707,39.9855613708,0.972233295441,0.000116415321827,0.000465661287308,0,0,6.70023449989,-0.303926785171,91.0869137596,13.6393194796,113.685258839,117.297255201,5150.00056475,0.00186264514923,141.106487717,142.321339808,2,74.0071263863
1.56800007448,3006.74675964,-304.13659988,40.5482177734,-698.258666992,15.615811348,1.93919074535,100.017936707,39.9855651855,0.972233295441,0.000116415321827,0.000465661287308,0,0,7.02857459564,-0.146353052514,89.1746449566,12.9938865494,116.866882308,120.336851978,5150.00056475,0.00186264514923,141.106487717,142.321339808,2,74.0071263863
1.600000076,2996.43212929,-338.486861438,45.1278762817,-688.621459961,15.4092302322,1.85335528851,100.017936707,39.9855804443,0.972233295441,0.000116415321827,0.000465661287308,0,0,7.27937048364,0.00437696313609,87.304376672,12.418380014,119.297095807,123.24443378,5150.00103042,0.00186264514923,141.106487717,142.321339808,2,74.0071263863
1.63200007752,2985.0048013,-373.634276912,49.8138160706,-678.332275391,15.1720495224,1.76172792912,100.01789093,39.9855957031,0.972233295441,0.000116415321827,0.000465661287308,0,0,7.47530942069,0.149333367296,85.475200628,11.909366364,121.195742395,126.040642499,5150.00009909,0.00186264514923,141.106487717,142.321339808,2,74.0071263863
1.66400007904,2972.4384658,-409.680971643,54.6196479797,-667.364746094,14.9015016556,1.66501665115,100.01789093,39.9855995178,0.972233295441,0.000116415321827,0.000465661287308,0,0,7.6315391347,0.289072507857,83.6861719228,11.4617713304,122.70960724,128.736210172,5150.00103042,0.00186264514923,141.106487717,142.321339808,2,74.0071263863
1.69600008056,2958.69982801,-446.859834483,59.5764198303,-655.671508789,14.5941801071,1.56408894062,100.017715454,39.9856071472,0.972233176231,0.000116415321827,0.000465661287308,0,0,7.7583194096,0.423936093668,81.936455527,11.0697552003,123.938109027,131.337728817,5150.00009909,0.00186264514923,141.106487717,142.321339808,2,74.0071263863
1.72800008208,2943.74930672,-485.403521452,64.7151565552,-643.202087402,14.2459430695,1.46001505852,100.017799377,39.9856185913,0.972233235836,0.000116415321827,0.000465661287308,0,0,7.86395063992,0.557499895878,80.2252090863,10.7274773454,124.961676192,133.914174512,5149.99963343,0.00186264514923,141.106487717,142.321339808,2,74.0071263863
1.7600000836,2927.53754184,-525.652954821,70.0813064575,-629.886779785,13.8517189026,1.35407805443,100.017539978,39.9856147766,0.972232997417,0.000116415321827,0.000465661287308,0,0,7.97093513076,0.744427530253,78.5517074434,10.4311746392,125.998354633,137.520008138,5150.00056475,0.00186264514923,141.106487717,142.321339808,2,74.0071263863
1.79200008512,2910.00236757,-568.041345105,75.7326278687,-615.637329102,13.4052934647,1.24783682823,100.017448425,39.9856300354,0.972232937813,0.000116415321827,0.000465661287308,0,0,8.08579288757,0.982027411541,76.9151009192,10.1793958519,127.111328766,142.103308463,5150.00056475,0.00186264514923,141.106487717,142.321339808,2,74.0071263863
1.82400008664,2891.06764831,-613.063806668,81.7351303101,-600.350524902,12.8991289139,1.14315962791,100.017448425,39.9856414795,0.972232937813,0.000116415321827,0.000465661287308,0,0,8.19796609783,1.20644227334,75.3147522544,9.96849596988,128.198284074,146.432270412,5150.00103042,0.00186264514923,141.106487717,142.321339808,2,74.0071263863
1.85600008816,2870.63932046,-661.288271658,88.1645355225,-583.90447998,12.3241167068,1.04227495193,100.017448425,39.9856452942,0.972232937813,0.000116415321827,0.000465661287308,0,0,16.6322363849,3.46953424946,73.7498996677,9.79497281347,128.343919641,148.13488815,5150.00056475,0.00186264514923,141.106487717,142.321339808,2,74.0071263863
1.88800008968,2848.60562533,-713.239074685,95.0907363892,-566.174438477,11.6695079803,0.947798192501,100.017356873,39.9856567383,0.972232878208,0.000116415321827,0.000465661287308,0,0,42.3214040372,10.0874180862,72.2198692756,9.69538639091,128.343919641,148.004211951,5150.00009909,0.00186264514923,141.106487717,142.452016007,2,74.0071263863
1.9200000912,2824.84246418,-768.934376538,102.516166687,-547.097167969,10.9234237671,0.862614870071,100.030891418,39.9746284485,0.972242772579,0.000116415321827,0.000465661287308,0,0,79.5752851257,16.9941282768,75.638091787,13.4468964562,125.04888582,134.069472551,5150.00103042,0.00186264514923,144.401506986,156.386769959,2,74.0071263863
1.95200009272,2799.27696101,-825.364142656,110.039520264,-527.038208008,10.0779485703,0.788801491261,100.097801208,39.9203643799,0.972291409969,0.000116415321827,0.000465661287308,0,0,100.432029086,21.119529205,95.4620214665,17.938174894,101.930796518,115.589878988,5150.00056475,0.00186264514923,167.519552633,174.866378075,2,74.0071263863
1.98400009423,2771.90725319,-881.71364041,117.5521698,-506.105316162,9.13288211823,0.726418673992,100.130378723,39.8939094543,0.972315073013,0.000116415321827,0.000465661287308,0,0,109.79452621,23.0417268015,106.270225654,20.7652661132,82.6193790999,101.190264104,5150.00009909,0.00186264514923,186.830977327,189.265978406,2,74.0071263863
2.01600009575,2742.7864261,-929.587171413,123.934783936,-485.443786621,8.09027576447,0.675493180752,100.145324707,39.8817100525,0.972325921059,0.000116415321827,0.000465661287308,0,0,113.400740228,23.5699690198,111.165424886,22.0518341355,69.7878640494,91.2942050491,5150.00009909,0.00186264514923,199.66250693,199.162008357,2,74.0071263863
2.04800009727,2713.09330128,-917.293364182,122.29574585,-472.523345947,7.00137329102,0.634316682816,100.152656555,39.8756790161,0.972331285477,0.000116415321827,0.000465661287308,0,0,114.071305532,23.2605484765,112.749424552,22.2971020734,61.9119091425,84.8480485729,5150.00103042,0.00186264514923,207.538440009,205.608172109,2,74.0071263863
2.08000009879,2684.60810184,-861.424079631,114.847114563,-466.004760742,5.96083068848,0.593122959137,100.156425476,39.872718811,0.972333967686,0.000116415321827,0.000465661287308,0,0,112.905985256,22.437498731,112.242217386,21.88504432,57.5378289795,80.9228949947,5150.00196174,0.00186264514923,211.912512896,209.53330386,2,74.0071263863
2.11200010031,2658.32827426,-783.536874224,104.463012695,-463.502990723,5.02482128143,0.545130968094,100.157417297,39.8718070984,0.972334682941,0.000116415321827,0.000465661287308,0,0,109.742439414,21.1527545888,109.954053466,21.0312321614,55.9388026886,79.0073900134,5150.00149608,0.00186264514923,213.511550101,211.448816117,3,72.4051060388
2.14400010183,2634.72064398,-696.673698258,92.8822021484,-463.508209229,4.21152210236,0.490544706583,100.157188416,39.8721694946,0.972334563732,0.000116415321827,0.000465661287308,0,0,88.9460885958,16.6667472747,107.203949768,19.8216333484,55.9388026886,78.9857003838,5150.00196174,0.00186264514923,213.511550101,211.470498471,3,72.4051060388
2.17600010335,2613.92141692,-609.161157627,81.2148208618,-464.977081299,3.51769423485,0.432983845472,100.156921387,39.8723258972,0.972334325314,0.000116415321827,0.000465661287308,0,0,51.5221984333,8.62373774562,104.868833752,18.8004179205,55.9388026886,78.9857003838,5150.00056475,0.00232830643654,213.511550101,211.470498471,3,72.4051060388
2.20800010487,2595.85818276,-525.972340256,70.1238861084,-467.211029053,2.93088507652,0.376435697079,100.156745911,39.8724441528,0.972334206104,0.000116415321827,0.000465661287308,0,0,16.2408089873,1.41272820545,102.641172846,17.9427327633,55.9388026886,81.4167869976,5150.00103042,0.00232830643654,213.511550101,211.470498471,3,72.4051060388
2.24000010639,2580.34374565,-449.734448921,59.9596710205,-469.767974854,2.43701386452,0.323641419411,100.156608582,39.8725662231,0.9723341465,0.000116415321827,0.000465661287308,0,0,2.21957911135,-1.48600856675,100.47297483,17.1922426855,69.5577691658,94.1528851399,5150.00149608,0.00232830643654,213.511550101,211.470498471,3,72.4051060388
2.27200010791,2567.13200361,-381.664169254,50.8843803406,-472.365142822,2.02307987213,0.275914102793,100.156288147,39.8726730347,0.972333908081,0.000116415321827,0.000465661287308,0,0,3.81109312753,-1.07736795636,98.3548785827,16.393595578,85.6894839671,102.377576695,5150.00056475,0.00232830643654,213.511550101,211.470498471,3,72.4051060388
2.30400010943,2555.95473573,-322.00125861,42.929977417,-474.838989258,1.67739772797,0.233666405082,100.156105042,39.8727836609,0.972333788872,0.000116415321827,0.000465661287308,0,0,4.92411487452,-0.817963230207,96.2839175528,15.5626203772,96.4746723184,107.381492853,5150.00103042,0.00232830643654,213.511550101,211.470498471,3,72.4051060388
2.33600011095,2546.54837772,-270.423624897,36.0535240173,-477.103179932,1.38955008984,0.196827620268,100.156196594,39.8729133606,0.972333848476,0.000116415321827,0.000465661287308,0,0,5.70190547237,-0.614647913215,94.2585681775,14.7531920503,104.011458461,111.30344501,5150.00056475,0.00232830643654,213.511550101,211.470498471,3,72.4051060388
2.36800011247,2538.66403364,-226.285599638,30.1689376831,-479.121795654,1.15036523342,0.165079683065,100.156105042,39.8730316162,0.972333788872,0.000116415321827,0.000465661287308,0,0,6.25784420874,-0.435939585343,92.2776584857,13.9950841596,109.398504719,114.750728244,5149.99963343,0.00232830643654,213.511550101,211.470498471,3,72.4051060388
2.40000011399,2532.07609057,-188.823905773,25.1744537354,-480.885986328,0.95191770792,0.137970402837,100.155967712,39.873134613,0.972333669662,0.000116415321827,0.000465661287308,0,0,6.6647407108,-0.270376648539,90.3401410279,13.3021818172,113.341331598,117.944437079,5150.00009909,0.00232830643654,213.511550101,211.470498471,3,72.4051060388
2.43200011551,2526.58571117,-157.20941883,20.9595355988,-482.408813477,0.78743070364,0.114999875426,100.15587616,39.8732452393,0.972333610058,0.000116415321827,0.000465661287308,0,0,6.96986982513,-0.113374373451,88.445092877,12.6789485854,116.298026114,120.97301078,5150.00056475,0.00232830643654,213.511550101,211.470498471,3,72.4051060388
2.46400011703,2522.01873809,-130.663247546,17.4203357697,-483.708679199,0.651185452938,0.0956524014473,100.155693054,39.8733482361,0.972333431244,0.000116415321827,0.000465661287308,0,0,7.20417388074,0.0370331529574,86.5916716785,12.1244093474,118.568437756,123.874371639,5150.00103042,0.00232830643654,213.511550101,211.470498471,3,72.4051060388
2.49600011855,2518.22592691,-108.447544335,14.4584856033,-484.810791016,0.538404285908,0.079429037869,100.155601501,39.8734550476,0.972333371639,0.000116415321827,0.000465661287308,0,0,7.38812712314,0.181770031133,84.7789032315,11.6346947672,120.350945508,126.66634575,5150.00056475,0.00232830643654,213.511550101,211.470498471,3,72.4051060388
2.52800012007,2515.07968642,-89.9131409824,11.9874353409,-485.739135742,0.445084899664,0.0658740624785,100.155296326,39.8735542297,0.972333192825,0.000116415321827,0.000465661287308,0,0,7.53542742367,0.321328869531,83.0059891305,11.2044934344,121.778284665,129.358435515,5150.00103042,0.00232830643654,213.511550101,211.470498471,3,72.4051060388
2.56000012159,2512.47198321,-74.4844364817,9.93044281006,-486.517486572,0.367893069983,0.0545799136162,100.15511322,39.8736495972,0.972333014011,0.000116415321827,0.000465661287308,0,0,7.65539424249,0.456031795714,81.2720357475,10.8280050073,122.940764413,131.956854602,5150.00103042,0.00232830643654,213.511550101,211.470498471,3,72.4051060388
2.59200012311,2510.31294465,-61.664984969,8.22132301331,-487.16796875,0.30406370759,0.0451875366271,100.155021667,39.8737487793,0.972332954407,0.000116415321827,0.000465661287308,0,0,7.75776638568,0.595541577846,79.5762300275,10.4995857119,123.932753922,134.647998493,5150.00056475,0.00232830643654,213.511550101,211.470498471,3,72.4051060388
2.62400012463,2508.52573663,-51.0237805429,6.80261230469,-487.710357666,0.251298815012,0.0373878441751,100.154838562,39.873840332,0.972332835197,0.000116415321827,0.000465661287308,0,0,7.86560604926,0.79889197386,77.9177882147,10.2163019579,124.977712403,138.570627314,5150.00056475,0.00232830643654,213.511550101,211.470498471,3,72.4051060388
2.65600012615,2507.04726204,-42.2006160079,5.62628698349,-488.161743164,0.207682520151,0.0309216696769,100.154838562,39.8739471436,0.972332835197,0.000116415321827,0.000465661287308,0,0,7.9796361014,1.03936072394,76.2959045788,9.97652122587,126.08266843,143.209268572,5150.00009909,0.00232830643654,213.511550101,211.470498471,3,72.4051060388
2.68800012767,2505.82490116,-34.8926405422,4.65197038651,-488.536682129,0.17163823545,0.0255649220198,100.154747009,39.8740463257,0.972332775593,0.000116415321827,0.000465661287308,0,0,8.34997992008,1.32501256943,74.7099638351,9.7760125167,127.067105495,147.375787492,5150.00103042,0.00232830643654,213.511550101,211.470498471,3,72.4051060388
2.72000012919,2504.81395051,-28.8424089376,3.84533882141,-488.847625732,0.141852155328,0.0211310982704,100.154380798,39.8741264343,0.97233247757,0.000116415321827,0.000465661287308,0,0,20.4960075584,4.54902319903,73.1592481512,9.61259028717,127.067105495,148.283244926,5150.00103042,0.00232830643654,213.511550101,211.470498471,3,72.4051060388
2.75200013071,2503.97878699,-23.8405464188,3.1784787178,-489.104980469,0.117242574692,0.0174618270248,100.154472351,39.8742179871,0.972332596779,0.000116415321827,0.000465661287308,0,0,49.2132979481,11.779492726,71.6430543442,9.99654270595,127.067105495,146.503210999,5150.00103042,0.00232830643654,213.511550101,213.250532397,3,72.4051060388
2.78400013223,2503.2882113,-19.6983164642,2.62622666359,-489.318603516,0.0969077050686,0.0144282393157,100.213050842,39.8292427063,0.972375035286,0.000116415321827,0.000465661287308,0,0,84.7181877979,18.0531141394,79.8840262919,14.4456677198,119.579337479,129.76238213,5150.00103042,0.00232830643654,220.999354497,229.991361266,3,72.4051060388
2.81600013375,2502.71800905,-16.2790202012,2.17035794258,-489.494903564,0.0801088288426,0.0119192898273,100.3335495,39.7371482849,0.972462058067,0.000116415321827,0.000465661287308,0,0,102.353732257,21.6127130031,97.6997979488,18.6257960411,96.5755971265,111.90330406,5150.00149608,0.00232830643654,244.003094849,247.850432061,3,72.4051060388
2.84800013527,2502.24629417,-13.4493620862,1.79310107231,-489.640869141,0.0662290528417,0.00984609592706,100.389579773,39.6943664551,0.972502350807,0.000116415321827,0.000465661287308,0,0,110.075315863,23.1623702506,106.884631562,21.0703759998,78.8547622506,98.5549995676,5150.00056475,0.00232830643654,261.723937001,261.19875838,3,72.4051060388
2.88000013679,2501.85700133,-11.1129538709,1.48160552979,-489.761474609,0.0547603182495,0.00813324283808,100.415809631,39.6743011475,0.97252124548,0.000116415321827,0.000465661287308,0,0,112.881080868,23.4649549056,110.885323766,22.083823456,67.3218091833,89.5082848729,5150.00149608,0.00232830643654,273.256911896,270.245480351,3,72.4051060388
2.91200013831,2501.53522938,-9.17937177292,1.22381579876,-489.861480713,0.0452895238996,0.00671736523509,100.428993225,39.6643104553,0.972530722618,0.000116415321827,0.000465661287308,0,0,113.102371007,23.018847726,111.946851341,22.1546654534,60.3503031016,83.6791659822,5150.00103042,0.00232830643654,280.22841434,276.074570138,3,72.4051060388
2.94400013983,2501.26933679,-7.58620990382,1.01141166687,-489.943511963,0.0374603122473,0.0055485679768,100.435371399,39.6594924927,0.972535252571,0.000116415321827,0.000465661287308,0,0,111.618618829,22.1093101675,111.079519396,21.6328342839,56.6249764233,80.2115755505,5150.00103042,0.00232830643654,283.95379195,279.542146018,3,72.4051060388
2.97600014135,2501.04977749,-6.267657227,0.835619032383,-490.011627197,0.0309863723814,0.00458493921906,100.436378479,39.6587295532,0.972536027431,0.000116415321827,0.000465661287308,0,0,106.590730481,20.5284913042,108.46532041,20.6541009813,55.6053564651,78.8462202763,5150.00056475,0.00232830643654,284.973386442,280.907464912,4,71.461792686
3.00800014287,2500.86816959,-5.17918851983,0.69050180912,-490.067718506,0.0256387013942,0.00378778320737,100.435554504,39.659324646,0.972535431385,0.000116415321827,0.000465661287308,0,0,81.1348272179,15.0409009112,105.893854424,19.4807508716,55.6053564651,78.8462202763,5150.00056475,0.00232830643654,284.973386442,280.907464912,4,71.461792686
3.04000014439,2500.71822666,-4.28024122812,0.570652008057,-490.114044189,0.0212214030325,0.00312864640728,100.435279846,39.6596565247,0.972535192966,0.000116415321827,0.000465661287308,0,0,42.7515138097,6.76651771237,103.6099389,18.4953116962,55.6053564651,78.8462202763,5150.00196174,0.00232830643654,284.973386442,280.907464912,4,71.461792686
3.07200014591,2500.59412792,-3.53680025,0.471534669399,-490.152313232,0.0175687093288,0.00258483411744,100.434928894,39.6599311829,0.972534954548,0.000116415321827,0.000465661287308,0,0,10.7601075876,0.428395163727,101.414536502,17.6676674574,55.8170359,83.7283369037,5150.00103042,0.00232830643654,284.973386442,280.907464912,4,71.461792686
3.10400014743,2500.49168244,-2.92320692097,0.389728933573,-490.183868408,0.0145490951836,0.00213589379564,100.43447113,39.6601829529,0.972534656525,0.000116415321827,0.000465661287308,0,0,2.52548763232,-1.3856569294,99.2749272581,16.9165950563,73.2319676899,96.4306818787,5149.99963343,0.00232830643654,284.973386442,280.907464912,4,71.461792686
3.13600014895,2500.40716492,-2.4157259304,0.322070360184,-490.210083008,0.0120524503291,0.00176510831807,100.434059143,39.6604309082,0.972534358501,0.000116415321827,0.000465661287308,0,0,4.02620775684,-1.01407578838,97.1842404877,16.1061055461,87.7739439602,103.598482383,5150.00103042,0.00232830643654,284.973386442,280.907464912,4,71.461792686
3.16800015047,2500.33708289,-1.99764235731,0.266330450773,-490.23147583,0.00998829118907,0.0014587166952,100.433708191,39.6606788635,0.972534060478,0.000116415321827,0.000465661287308,0,0,5.04792813948,-0.770603118148,95.139773332,15.2777883393,97.6744195214,108.295069367,5150.00056475,0.00232830643654,284.973386442,280.907464912,4,71.461792686
3.20000015199,2500.27934089,-1.65138135344,0.220166116953,-490.249328613,0.00828117318451,0.0012057304848,100.433570862,39.6609344482,0.972534000874,0.000116415321827,0.000465661287308,0,0,5.76560485456,-0.573437502636,93.1402805716,14.4795990332,104.628699773,112.098394311,5150.00056475,0.00232830643654,284.973386442,280.907464912,4,71.461792686
3.23200015351,2500.23137778,-1.3664304106,0.182175770402,-490.263763428,0.00686840107664,0.000996841583401,100.433067322,39.6611671448,0.972533643246,0.000116415321827,0.000465661287308,0,0,6.28130423404,-0.39750336453,91.1846195346,13.7369245384,109.625827463,115.492162877,5150.00103042,0.00232830643654,284.973386442,280.907464912,4,71.461792686
3.26400015503,2500.19179657,-1.12962811727,0.150604724884,-490.275970459,0.0056991414167,0.000824437302072,100.432884216,39.6614112854,0.972533524036,0.000116415321827,0.000465661287308,0,0,6.66083291929,-0.233414104272,89.2718086949,13.0610221878,113.303467515,118.657444546,5150.00056475,0.00232830643654,284.973386442,280.907464912,4,71.461792686
3.29600015655,2500.15920028,-0.934875515668,0.124639838934,-490.285949707,0.00472927652299,0.00068296585232,100.432472229,39.6616401672,0.972533166409,0.000116415321827,0.000465661287308,0,0,6.94701180848,-0.0773574319823,87.4008958261,12.4547852854,116.076538689,121.667777421,5150.00103042,0.00232830643654,284.973386442,280.907464912,4,71.461792686
3.32800015807,2500.13219193,-0.774592649577,0.103270545602,-490.294067383,0.00392721220851,0.000565317866858,100.43221283,39.6618728638,0.972532987595,0.000116415321827,0.000465661287308,0,0,7.16792014157,0.072325888607,85.5710605483,11.9164284062,118.217139971,124.555168441,5150.00009909,0.00232830643654,284.973386442,280.907464912,4,71.461792686
3.36000015959,2500.10960735,-0.639852373752,0.0853066444397,-490.300964355,0.00326571264304,0.000467125035357,100.432121277,39.662109375,0.97253292799,0.000116415321827,0.000465661287308,0,0,7.34217669559,0.216435128415,83.7814092335,11.4416463872,119.905686006,127.335035359,5150.00056475,0.00232830643654,284.973386442,280.907464912,4,71.461792686
3.39200016111,2500.09121373,-0.529147712314,0.0705472379923,-490.306671143,0.00271623348817,0.000387242704164,100.431800842,39.6623344421,0.972532689571,0.000116415321827,0.000465661287308,0,0,7.48228951643,0.35541838188,82.0310995272,11.0249822376,121.263379697,130.016022013,5150.00009909,0.00232830643654,284.973386442,280.907464912,4,71.461792686
3.42400016263,2500.07584691,-0.437955691268,0.0583892986178,-490.311340332,0.00225868215784,0.000322260690155,100.431617737,39.662563324,0.972532570362,0.000116415321827,0.000465661287308,0,0,7.59679751308,0.489577411559,80.3192085023,10.6606026537,122.372963233,132.603949169,5150.00103042,0.00232830643654,284.973386442,280.907464912,4,71.461792686
3.45600016415,2500.06304123,-0.363142419246,0.0484150163829,-490.315032959,0.00187988672405,0.000268095289357,100.431343079,39.662776947,0.972532391548,0.000116415321827,0.000465661287308,0,0,7.69813410984,0.638551605158,78.6450110015,10.3431394579,123.354911921,135.477661388,5150.00056475,0.00232830643654,284.973386442,280.907464912,4,71.461792686
3.48800016567,2500.05233102,-0.30221596603,0.0402921549976,-490.317901611,0.00156907585915,0.000221836613491,100.431159973,39.6629905701,0.972532272339,0.000116415321827,0.000465661287308,0,0,7.80743507502,0.856094812897,77.0076353712,10.0704025292,124.414043967,139.674069942,5150.00056475,0.00232830643654,284.973386442,280.907464912,4,71.461792686
3.52000016719,2500.04371628,-0.250197132345,0.0333568789065,-490.320587158,0.00131218729075,0.000182905874681,100.430892944,39.6632003784,0.972532093525,0.000116415321827,0.000465661287308,0,0,7.92080406215,1.09602873666,75.4064956259,9.84032352137,125.512582599,144.302393892,5150.00009909,0.00232830643654,284.973386442,280.907464912,4,71.461792686
3.55200016871,2500.03649853,-0.208796393508,0.0278372336179,-490.322570801,0.00110059755389,0.000149764324306,100.430488586,39.6633987427,0.972531795502,0.000116415321827,0.000465661287308,0,0,9.35019142636,1.64973077055,73.8407494111,9.64831068788,126.254817587,148.122184328,5150.00103042,0.00232830643654,284.973386442,280.907464912,4,71.461792686
3.58400017023,2500.03044493,-0.17211056047,0.0229461919516,-490.324493408,0.000922816048842,0.000123103658552,100.430213928,39.6635971069,0.972531557083,0.000116415321827,0.000465661287308,0,0,25.1476620161,5.8324223211,72.3097814421,9.49340173049,126.254817587,148.42566452,5150.00009909,0.00232830643654,284.973386442,280.907464912,4,71.461792686
3.61600017175,2500.02532266,-0.142198501862,0.0189582444727,-490.32598877,0.000774212763645,0.000102007499663,100.430122375,39.6638031006,0.972531497478,0.000116415321827,0.000465661287308,0,0,56.7765445806,13.350211578,70.8129984083,10.6938967077,126.254817587,143.787357956,5150.00056475,0.00232830643654,284.973386442,285.545742372,4,71.461792686
3.64800017327,2500.02136454,-0.118514584813,0.0158006474376,-490.327178955,0.000648241315503,8.56101542013e-05,100.536399841,39.5903511047,0.972607672215,0.000116415321827,0.000465661287308,0,0,89.0510459426,19.0021745959,83.9150505758,15.4386606159,113.877642434,125.573671539,5150.00009909,0.00232830643654,297.350576147,303.759414237,4,71.461792686
3.68000017479,2500.01787208,-0.0980398553452,0.0130709074438,-490.328216553,0.000539930246305,7.33464839868e-05,100.65738678,39.5068244934,0.972694098949,0.000116415321827,0.000465661287308,0,0,103.881726349,22.0469210125,99.5628439608,19.2591640771,91.6448989301,108.545442345,5150.00103042,0.00232830643654,319.583341479,320.787657984,4,71.461792686
3.71200017631,2500.01507811,-0.0803988626785,0.0107189686969,-490.329193115,0.000452872976894,6.2487233663e-05,100.712471008,39.4687042236,0.972733259201,0.000116415321827,0.000465661287308,0,0,110.192688779,23.2665438417,107.311587999,21.3466737068,75.4635548219,96.2088888627,5150.00009909,0.00232830643654,335.764692863,333.124189638,4,71.461792686
3.74400017783,2500.01251698,-0.0663978383386,0.00885231886059,-490.329803467,0.00038478494389,5.20664871146e-05,100.738975525,39.4505386353,0.972752094269,0.000116415321827,0.000465661287308,0,0,112.30392167,23.3702578004,110.526466181,22.115067476,65.1200607535,87.9465951584,5150.00056475,0.00232830643654,346.108194208,341.386534274,4,71.461792686
3.77600017935,2500.01065433,-0.0553508812118,0.00737951183692,-490.330352783,0.000328251830069,4.34393368778e-05,100.752159119,39.4414291382,0.972761452198,0.000116415321827,0.000465661287308,0,0,112.117409776,22.8027783522,111.115257193,22.0306837176,58.9762239542,82.6866016723,5150.00009909,0.00232830643654,352.252012817,346.646440448,4,71.461792686
3.80800018087,2500.00925735,-0.0463890437175,0.00618469808251,-490.330871582,0.00027828590828,3.73796756321e-05,100.75818634,39.4371871948,0.972765743732,0.000116415321827,0.000465661287308,0,0,110.329875335,21.8147645025,109.908815377,21.4104033038,55.8564934181,79.6480890131,5150.00056475,0.00232830643654,355.371797923,349.684909452,4,71.461792686
3.84000018239,2500.00786036,-0.0392187686771,0.00522874016315,-490.33114624,0.000233562648646,3.33790740115e-05,100.758049011,39.4373016357,0.972765684128,0.000116415321827,0.000465661287308,0,0,102.309695439,19.7087798454,107.102413112,20.3274451363,55.2966121177,78.7728931755,5150.00149608,0.00232830643654,355.931726517,350.560090737,5,70.9582018317
3.87200018391,2500.00669621,-0.0334057332907,0.00445373216644,-490.331329346,0.000193935484276,3.06750662276e-05,100.756965637,39.4379043579,0.972764909267,0.000116415321827,0.000465661287308,0,0,72.8553926399,13.3302367937,104.652861432,19.1953227765,55.2966121177,78.7728931755,5150.00196174,0.00232830643654,355.931726517,350.560090737,5,70.9582018317
3.90400018543,2500.00553206,-0.0285368759734,0.00380460452288,-490.331420898,0.000159314629855,2.86778722511e-05,100.756599426,39.4382896423,0.972764611244,0.000116415321827,0.000465661287308,0,0,34.4246729963,5.00778583645,102.411459164,18.2445135192,55.2966121177,78.7728931755,5150.00056475,0.00232830643654,355.931726517,350.560090737,5,70.9582018317
3.93600018695,2500.00483356,-0.023399513438,0.00311967916787,-490.331787109,0.000131284323288,2.66331517196e-05,100.756095886,39.4386177063,0.972764253616,0.000116415321827,0.000465661287308,0,0,6.84233188916,-0.39874566546,100.245707637,17.4448262874,57.7164937567,86.4806352183,5150.0024274,0.00232830643654,355.931726517,350.560090737,5,70.9582018317
3.96800018847,2500.00413507,-0.0190069080475,0.00253404630348,-490.332000732,0.000111408015073,2.37184503931e-05,100.755867004,39.438949585,0.972764134407,0.000116415321827,0.000465661287308,0,0,2.86548746822,-1.28558935773,98.1329365344,16.6843689606,76.5265722293,98.3609861578,5150.00149608,0.00279396772385,355.931726517,350.560090737,5,70.9582018317
4.00000018999,2500.00343658,-0.0153242449841,0.00204306491651,-490.33215332,9.75349612418e-05,2.04344414669e-05,100.755516052,39.4392738342,0.972763895988,0.000116415321827,0.000465661287308,0,0,4.23476278087,-0.954966607695,96.0679305832,15.8645000182,89.7948411875,104.738697701,5150.00149608,0.00279396772385,355.931726517,350.560090737,5,70.9582018317
4.03200019151,2500.00320375,-0.0123319221501,0.00164412136655,-490.332427979,8.69254290592e-05,1.75617278728e-05,100.755104065,39.4395866394,0.972763597965,0.000116415321827,0.000465661287308,0,0,5.17688571714,-0.724653720655,94.0485655859,15.0398900861,98.9240215858,109.1814338,5150.00103042,0.00279396772385,355.931726517,350.560090737,5,70.9582018317
4.06400019303,2500.00273809,-0.00993679805106,0.00132479763124,-490.332550049,7.80020127422e-05,1.5408397303e-05,100.75478363,39.4398956299,0.972763359547,0.000116415321827,0.000465661287308,0,0,5.84196564606,-0.532931247613,92.0735157501,14.2526962505,105.368635559,112.879759399,5150.00103042,0.00279396772385,355.931726517,350.560090737,5,70.9582018317
4.09600019455,2500.00273809,-0.00798517252321,0.00106460228562,-490.332794189,7.03371042619e-05,1.38675914059e-05,100.754325867,39.4402046204,0.972763001919,0.000116415321827,0.000465661287308,0,0,6.32238777645,-0.359671040798,90.1417409513,13.5245010937,110.023924208,116.221948701,5150.00196174,0.00279396772385,355.931726517,350.560090737,5,70.9582018317
4.12800019607,2500.00227243,-0.0064975562708,0.000866269750986,-490.332763672,6.39113422949e-05,1.27139510369e-05,100.754020691,39.4405021667,0.972762823105,0.000116415321827,0.000465661287308,0,0,6.67788372703,-0.197165572593,88.2523182622,12.864241812,113.46868996,119.356678624,5150.00196174,0.00279396772385,355.931726517,350.560090737,5,70.9582018317
4.16000019759,2500.0020396,-0.00525973131715,0.000701239972841,-490.332824707,5.87231734244e-05,1.17760901048e-05,100.753562927,39.4407844543,0.972762465477,0.000116415321827,0.000465661287308,0,0,6.94737988069,-0.0422427309488,86.4042881313,12.2735756459,116.080103908,122.345139971,5150.00149608,0.00279396772385,355.931726517,350.560090737,5,70.9582018317
4.19200019911,2500.0020396,-0.00423800772253,0.000565021298826,-490.332946777,5.46017872693e-05,1.09890443127e-05,100.753242493,39.4410705566,0.972762227058,0.000116415321827,0.000465661287308,0,0,7.15645725595,0.106503656454,84.5968375037,11.7499801103,118.106065202,125.214457512,5150.0024274,0.00279396772385,355.931726517,350.560090737,5,70.9582018317
4.22400020063,2500.0020396,-0.00343873329811,0.000458460155642,-490.333068848,5.13222512382e-05,1.03257489172e-05,100.752830505,39.4413490295,0.972761929035,0.000116415321827,0.000465661287308,0,0,7.32212820524,0.249775534848,82.8290361271,11.2888002823,119.711410662,127.978171804,5150.00149608,0.00279396772385,355.931726517,350.560090737,5,70.9582018317
4.25600020215,2500.00180677,-0.00277684120142,0.000370215100702,-490.33303833,4.86952230858e-05,9.78012030828e-06,100.752433777,39.441619873,0.972761690617,0.000116415321827,0.000465661287308,0,0,7.45585561417,0.387975747879,81.0999683991,10.8844280964,121.007236885,130.64405357,5150.00149608,0.00279396772385,355.931726517,350.560090737,5,70.9582018317
4.28800020367,2500.00157394,-0.00224283303041,0.000299019855447,-490.332977295,4.65936573164e-05,9.33481169341e-06,100.751976013,39.4418869019,0.972761332989,0.000116415321827,0.000465661287308,0,0,7.56552098916,0.521429448887,79.4090410092,10.5310128525,122.069890494,133.218374685,5150.00149608,0.00279396772385,355.931726517,350.560090737,5,70.9582018317
4.32000020519,2500.00157394,-0.00181205339622,0.000241587287746,-490.33303833,4.48594946647e-05,8.98738016986e-06,100.751655579,39.4421539307,0.972761154175,0.000116415321827,0.000465661287308,0,0,7.66742754847,0.683627861207,77.7552138331,10.2236514992,123.05736891,136.347181979,5150.00196174,0.00279396772385,355.931726517,350.560090737,5,70.9582018317
4.35200020671,2500.00157394,-0.00146489831376,0.000195303742657,-490.333099365,4.34407775174e-05,8.71373413247e-06,100.751251221,39.4424171448,0.972760856152,0.000116415321827,0.000465661287308,0,0,7.77814861315,0.912361505594,76.1378935601,9.96071060174,124.130252516,140.759453643,5150.0024274,0.00279396772385,355.931726517,350.560090737,5,70.9582018317
4.38400020823,2500.00157394,-0.00118426535245,0.000157889095135,-490.333129883,4.22947778134e-05,8.49209209264e-06,100.750892639,39.4426651001,0.972760558128,0.000116415321827,0.000465661287308,0,0,7.89053607439,1.14894438139,74.5562891099,9.73953491272,125.219288748,145.323137986,5150.00196174,0.00279396772385,355.931726517,350.560090737,5,70.9582018317
4.41600020975,2500.0013411,-0.000957054657746,0.000127596809762,-490.33303833,4.13754569308e-05,8.31003308122e-06,100.750297546,39.4429092407,0.972760140896,0.000116415321827,0.000465661287308,0,0,11.1973673001,2.17653709518,73.0097558982,9.55556839408,125.734557514,148.506791447,5150.00149608,0.00279396772385,355.931726517,350.560090737,5,70.9582018317
4.44800021127,2500.0013411,-0.000771278374501,0.000102828678791,-490.333068848,4.06562248827e-05,8.15664407128e-06,100.750068665,39.4431648254,0.972760021687,0.000116415321827,0.000465661287308,0,0,30.5485265393,7.30816984498,71.497561443,9.40837155663,125.734557514,148.521285155,5150.0024274,0.00279396772385,355.931726517,350.560090737,5,70.9582018317
4.48000021279,2500.0013411,-0.000624778062619,8.3296901721e-05,-490.333068848,4.00691606046e-05,8.03235434432e-06,100.74962616,39.4434013367,0.972759664059,0.000116415321827,0.000465661287308,0,0,64.9435102086,14.7920932541,70.019112434,11.6068705225,125.734557514,140.312869917,5150.00289306,0.00279396772385,355.931726517,358.768476872,5,70.9582018317
4.51200021431,2500.0013411,-0.00050518889072,6.73529939377e-05,-490.333099365,3.95769238821e-05,7.93927029008e-06,100.869941711,39.3742294312,0.972844958305,0.000116415321827,0.000465661287308,0,0,92.7580421608,19.8336387285,87.6146853497,16.3828390798,108.294734673,121.522338304,5150.00103042,0.00279396772385,373.371556634,377.558986656,5,70.9582018317
4.54400021583,2500.0013411,-0.000408718364708,5.44913091289e-05,-490.333099365,3.91753455915e-05,7.86539931141e-06,100.957633972,39.3238487244,0.972906887531,0.000116415321827,0.000465661287308,0,0,105.172974931,22.4093421226,101.19274095,19.820468702,87.2010859894,105.451101263,5150.00196174,0.00279396772385,394.465168938,393.630180042,5,70.9582018317
4.57600021735,2500.0013411,-0.000330493493683,4.40621843154e-05,-490.333129883,3.88544394809e-05,7.80400841904e-06,100.997680664,39.3008880615,0.972935080528,0.000116415321827,0.000465661287308,0,0,110.290943916,23.3351224697,107.693379596,21.5765521976,72.4770798115,94.0837198868,5150.00196174,0.00279396772385,409.189233324,404.997554142,5,70.9582018317
4.60800021887,2500.0013411,-0.000267026234457,3.56005766662e-05,-490.333129883,3.85992352676e-05,7.7526547102e-06,101.017158508,39.2897758484,0.972948789597,0.000116415321827,0.000465661287308,0,0,111.799366089,23.262401656,110.219695391,22.1242088515,63.2134760963,86.551415734,5150.00196174,0.00279396772385,418.452866143,412.529887399,5,70.9582018317
4.64000022039,2500.0013411,-0.000215652037894,2.87512448267e-05,-490.333129883,3.83947517548e-05,7.71047962189e-06,101.026985168,39.2842140198,0.972955703735,0.000116415321827,0.000465661287308,0,0,111.23854124,22.5865203643,110.377669786,21.9009226987,57.8246763325,81.8224798422,5150.00149608,0.00279396772385,423.841673182,417.258794187,5,70.9582018317
4.67200022191,2500.0013411,-0.00017416992848,2.32207512454e-05,-490.333129883,3.82293328585e-05,7.67653727962e-06,101.031288147,39.2817687988,0.972958683968,0.000116415321827,0.000465661287308,0,0,109.155933746,21.5268514622,108.847126656,21.1918068671,55.2714554942,79.1913844296,5150.00149608,0.00279396772385,426.394894021,419.889896875,5,70.9582018317
4.70400022343,2500.0013411,-0.000140707320795,1.87594359886e-05,-490.333129883,3.80948949896e-05,7.64946071286e-06,101.030296326,39.2824707031,0.972958028316,0.000116415321827,0.000465661287308,0,0,97.0990455054,18.6650845448,105.952379736,20.0310902409,55.0554323127,78.7259850767,5150.0024274,0.00279396772385,426.610873546,420.355267124,6,70.6791543053
4.73600022495,2500.0013411,-0.000113701159599,1.51589101733e-05,-490.3331604,3.79857774533e-05,7.62779063734e-06,101.029350281,39.2829170227,0.972957372665,0.000116415321827,0.000465661287308,0,0,64.3566382993,11.5467264249,103.588762845,18.9392873531,55.0554323127,78.7259850767,5150.00196174,0.00279396772385,426.610873546,420.355267124,6,70.6791543053
4.76800022647,2500.0013411,-9.18843195974e-05,1.22502369777e-05,-490.3331604,3.78975273634e-05,7.61031333241e-06,101.028846741,39.2832183838,0.972957015038,0.000116415321827,0.000465661287308,0,0,26.7428778132,3.39451412893,101.381157297,18.0223352455,55.0554323127,78.8379038568,5150.00103042,0.00279396772385,426.610873546,420.355267124,6,70.6791543053
4.80000022799,2500.0013411,-7.42473790782e-05,9.89883847069e-06,-490.3331604,3.78263321181e-05,7.596136129e-06,101.028388977,39.2835006714,0.97295665741,0.000116415321827,0.000465661287308,0,0,4.08737961831,-1.0359176007,99.2403394577,17.2461149059,61.1550640315,89.4161639735,5150.00056475,0.00279396772385,426.610873546,420.355267124,6,70.6791543053
4.83200022951,2500.0013411,-5.99887223229e-05,7.99783992989e-06,-490.3331604,3.77689248126e-05,7.58462874728e-06,101.027854919,39.2837753296,0.972956299782,0.000116415321827,0.000465661287308,0,0,3.17834449663,-1.19953611251,97.1505170161,16.471418129,79.558158177,100.020952232,5149.99963343,0.00279396772385,426.610873546,420.355267124,6,70.6791543053
4.86400023103,2500.0013411,-4.84661408229e-05,6.46162197881e-06,-490.3331604,3.77225878765e-05,7.57531552154e-06,101.027397156,39.2840499878,0.972956001759,0.000116415321827,0.000465661287308,0,0,4.4352545514,-0.900244193082,95.1075001748,15.6454512739,91.737616458,105.794293631,5150.00103042,0.00279396772385,426.610873546,420.355267124,6,70.6791543053
4.89600023255,2500.0013411,-3.91563378943e-05,5.22041636941e-06,-490.3331604,3.76851348847e-05,7.5677944551e-06,101.027122498,39.2843284607,0.97295576334,0.000116415321827,0.000465661287308,0,0,5.30626447195,-0.680850094869,93.1095602762,14.8262470589,100.177690911,110.026405309,5150.00009909,0.00279396772385,426.610873546,420.355267124,6,70.6791543053
4.92800023407,2500.0013411,-3.16353887531e-05,4.21770573666e-06,-490.3331604,3.76548523491e-05,7.56172721594e-06,101.026893616,39.2845954895,0.972955644131,0.000116415321827,0.000465661287308,0,0,5.92418904042,-0.493907753628,91.1555399988,14.0506557383,106.165382022,113.632522698,5149.99963343,0.00279396772385,426.610873546,420.355267124,6,70.6791543053
4.96000023559,2500.0013411,-2.55598528454e-05,3.40770066032e-06,-490.3331604,3.76303760277e-05,7.55683140596e-06,101.026542664,39.2848625183,0.972955346107,0.000116415321827,0.000465661287308,0,0,6.37289561549,-0.323154695386,89.2442893459,13.3368840679,110.513348773,116.92634871,5150.00056475,0.00279396772385,426.610873546,420.355267124,6,70.6791543053
4.99200023711,2500.0013411,-2.06522889068e-05,2.7534124456e-06,-490.3331604,3.76105963369e-05,7.55287555876e-06,101.025947571,39.2851104736,0.972954928875,0.000116415321827,0.000465661287308,0,0,6.70670689403,-0.162250787645,87.3749366638,12.6919345758,113.747977593,120.030184917,5150.00056475,0.00279396772385,426.610873546,420.355267124,6,70.6791543053
5.02400023863,2500.01274981,4.15191880165,-0.553543746471,-490.892333984,0.000430140033131,3.52404931618e-05,101.025627136,39.2853660583,0.972954750061,0.000116415321827,0.000465661287308,1,552.722485736,6.96108141445,-0.00854474686446,85.5464638025,12.1163080964,116.212868306,122.995174024,5150.00056475,0.00279396772385,426.610873546,420.355267124,6,70.6791543053
5.05600024015,2503.00904736,178.161761141,-23.7529525757,-515.560913086,0.114277943969,0.00253496575169,101.025444031,39.2856178284,0.972954571247,0.000116415321827,0.000465661287308,1,552.722485736,7.15938581058,0.139164371086,83.7581089808,11.6068577041,118.13443416,125.844482682,5150.00056475,0.00279396772385,426.610873546,420.355267124,6,70.6791543053
5.08800024167,2511.17441803,316.897407174,-42.2495193481,-538.061218262,0.435406327248,0.00482294056565,101.02495575,39.2858505249,0.972954273224,0.000116415321827,0.000465661287308,1,552.722485736,7.31720089033,0.281489516485,82.0090078699,11.1586373139,119.663665828,128.58993432,5150.00056475,0.00279396772385,426.610873546,420.355267124,6,70.6791543053
5.12000024319,2523.19546416,423.177145422,-56.4189872742,-558.125,0.876243114471,0.0214914288372,101.024589539,39.2860908508,0.972953975201,0.000116415321827,0.000465661287308,1,552.722485736,7.44506111839,0.418801823982,80.2983693892,10.7659408912,120.902630442,131.238688482,5150.00009909,0.00279396772385,426.610873546,420.355267124,6,70.6791543053
5.15200024471,2538.17602061,504.288298544,-67.2329177856,-576.284423828,1.38762295246,0.0580908842385,101.024360657,39.2863349915,0.972953855991,0.000116415321827,0.000465661287308,1,552.722485736,7.5506534356,0.552542938341,78.625285261,10.4229699251,121.925819258,133.818553877,5150.00056475,0.00279396772385,426.610873546,420.355267124,6,70.6791543053
5.18400024623,2555.39733917,565.296155401,-75.3666381836,-592.862243652,1.94778680801,0.111713796854,101.023994446,39.2865638733,0.972953557968,0.000116415321827,0.000465661287308,1,552.722485736,7.65413116883,0.730508540903,76.9890156786,10.1254512989,122.928526253,137.251510751,5150.00103042,0.00279396772385,426.610873546,420.355267124,6,70.6791543053
5.21600024775,2574.29503836,610.690796748,-81.4187545776,-608.180541992,2.54356527328,0.178434118629,101.023597717,39.2867851257,0.97295331955,0.000116415321827,0.000465661287308,1,552.722485736,7.76596926856,0.967010729232,75.3888354846,9.87194019163,124.012236483,141.813638038,5150.00056475,0.00279396772385,426.610873546,420.355267124,6,70.6791543053
5.24800024927,2594.42999959,643.880688585,-85.843711853,-622.47833252,3.16519188881,0.25500524044,101.023414612,39.2870178223,0.97295320034,0.000116415321827,0.000465661287308,1,552.722485736,7.87690641543,1.19806107687,73.8239975476,9.65921642937,125.087215565,146.270598634,5150.00103042,0.00279396772385,426.610873546,420.355267124,6,70.6791543053
5.28000025079,2615.45623653,667.34693246,-88.9722900391,-635.916748047,3.80490088463,0.338895648718,101.023002625,39.2872314453,0.972952902317,0.000116415321827,0.000465661287308,1,552.722485736,13.8632392294,2.90210309928,72.2938792577,9.48324952986,125.376522192,148.568346049,5150.00009909,0.00279396772385,426.610873546,420.355267124,6,70.6791543053
5.31200025231,2637.09505089,682.926387526,-91.0493774414,-648.604003906,4.45623397827,0.42815476656,101.022544861,39.2874412537,0.972952544689,0.000116415321827,0.000465661287308,1,552.722485736,36.6517369292,8.9657693035,70.797784757,9.34327679621,125.376522192,148.568346049,5150.00149608,0.00279396772385,426.610873546,420.355267124,6,70.6791543053
5.34400025383,2659.11919996,692.029425409,-92.2630157471,-660.616882324,5.11373329163,0.521265149117,101.026985168,39.2859725952,0.972955703735,0.000116415321827,0.000465661287308,1,552.722485736,73.0401392519,16.1006888416,70.8661692773,12.6235793548,124.495782075,136.402013595,5150.00149608,0.00279396772385,427.491613664,432.52154137,6,70.6791543053
5.37600025535,2681.33846112,695.626309607,-92.7425613403,-671.991210938,5.77266359329,0.617031931877,101.114509583,39.2562789917,0.973017156124,0.000116415321827,0.000465661287308,1,552.722485736,95.9267593259,20.5503870226,90.9349383926,17.2561096229,102.966863778,117.644187412,5150.00149608,0.00279396772385,449.02053196,451.279338449,6,70.6791543053
5.40800025687,2703.59148271,694.549875334,-92.5990524292,-682.759033203,6.42889690399,0.71448469162,101.161437988,39.2403869629,0.973049998283,0.000116415321827,0.000465661287308,1,552.722485736,106.274525323,22.7002839761,102.626552505,20.3058955157,83.2114819787,102.593730844,5150.00056475,0.00279396772385,468.775921036,466.329831397,6,70.6791543053
5.44000025839,2725.73973052,689.40653,-91.9133300781,-692.933410645,7.07873868942,0.81285482645,101.182685852,39.2330703735,0.973064899445,0.000116415321827,0.000465661287308,1,552.722485736,110.384496518,23.3641250948,108.046106307,21.7565157021,69.8524381733,92.1476748772,5150.00103042,0.00279396772385,482.134928461,476.77589464,6,70.6791543053
5.47200025991,2747.66166694,680.697325151,-90.7521972656,-702.52130127,7.71891403198,0.911481618881,101.193412781,39.2294960022,0.97307240963,0.000116415321827,0.000465661287308,1,552.722485736,111.363986108,23.1342997089,109.964396112,22.1052485547,61.5711469436,85.2961456985,5150.00103042,0.00279396772385,490.416248795,483.627401991,6,70.6791543053
5.50400026143,2769.25042272,668.852124363,-89.1729660034,-711.527709961,8.34647464752,1.00981152058,101.198860168,39.227722168,0.973076164722,0.000116415321827,0.000465661287308,1,552.722485736,110.454719568,22.3610971952,109.725152839,21.7573031202,56.8759205635,81.0655255918,5150.00196174,0.00279396772385,495.111511555,487.857992994,6,70.6791543053
5.53600026295,2790.4107701,654.159695841,-87.2141342163,-719.944458008,8.95878982544,1.10735201836,101.200752258,39.2270622253,0.973077535629,0.000116415321827,0.000465661287308,1,552.722485736,107.960347314,21.2033361339,107.832104364,20.9639152336,54.8857897229,78.8366742199,5150.00056475,0.00279396772385,497.101689689,490.086851642,6,70.6791543053
5.56800026447,2811.05749309,636.952230707,-84.9199905396,-727.774108887,9.55349159241,1.20367145538,101.199989319,39.2276344299,0.973076999187,0.000116415321827,0.000465661287308,1,552.722485736,91.053717675,17.4106212088,104.987473863,19.7540563895,54.875479691,78.6907985457,5150.00149608,0.00279396772385,497.111992445,490.232778247,7,70.5010825186
5.60000026599,2831.11492172,617.484212853,-82.32447052,-735.013427734,10.1284589767,1.29839062691,101.199714661,39.2278823853,0.973076760769,0.000116415321827,0.000465661287308,1,552.722485736,55.7940298396,9.72253125851,102.685502657,18.7016921643,54.875479691,78.6907985457,5150.00149608,0.00279396772385,497.111992445,490.232778247,7,70.5010825186
5.63200026751,2850.51413812,595.967285335,-79.4557800293,-741.656738281,10.6818418503,1.39113593102,101.199211121,39.2280502319,0.973076462746,0.000116415321827,0.000465661287308,1,552.722485736,19.8401871176,2.11732691209,100.504779199,17.8178519058,54.875479691,79.9924164312,5150.00149608,0.00279396772385,497.111992445,490.232778247,7,70.5010825186
5.66400026903,2869.19414066,572.700984776,-76.3538665771,-747.714233398,11.2120037079,1.48156821728,101.198768616,39.2282104492,0.973076105118,0.000116415321827,0.000465661287308,1,552.722485736,2.44632830175,-1.41591186983,98.3848151224,17.0578981604,65.3672759654,92.3098123167,5150.00149608,0.00279396772385,497.111992445,490.232778247,7,70.5010825186
5.69600027055,2887.10044697,547.759002075,-73.0285415649,-753.168945312,11.7175712585,1.56935417652,101.198539734,39.2283744812,0.973075985909,0.000116415321827,0.000465661287308,1,552.722485736,3.46879581603,-1.12385378247,96.3143375306,16.2678796911,82.3726295494,101.480865851,5150.00149608,0.00279396772385,497.111992445,490.232778247,7,70.5010825186
5.72800027207,2904.18486111,521.422130987,-69.5172424316,-758.034729004,12.1974000931,1.6541659832,101.198265076,39.2285423279,0.97307574749,0.000116415321827,0.000465661287308,1,552.722485736,4.62633392813,-0.84903597535,94.2900722287,15.4389517775,93.5891730478,106.782099465,5150.00196174,0.00279396772385,497.111992445,490.232778247,7,70.5010825186
5.76000027359,2920.40454224,493.836356327,-65.8394470215,-762.309936523,12.6505537033,1.73567998409,101.198036194,39.2286949158,0.973075628281,0.000116415321827,0.000465661287308,1,552.722485736,5.43305069826,-0.638767973476,92.3103125336,14.6268984181,101.406250906,110.838169348,5150.00196174,0.00279396772385,497.111992445,490.232778247,7,70.5010825186
5.79200027511,2935.72340161,465.199525934,-62.0215110779,-766.003356934,13.076335907,1.81358468533,101.197677612,39.228843689,0.973075389862,0.000116415321827,0.000465661287308,1,552.722485736,6.00820564231,-0.456021466573,90.3740402952,13.8637061867,106.979510747,114.363348985,5150.00196174,0.00279396772385,497.111992445,490.232778247,7,70.5010825186
5.82400027663,2950.11070557,435.683701653,-58.086391449,-769.122802734,13.4742641449,1.88756859303,101.197227478,39.2289886475,0.973075032234,0.000116415321827,0.000465661287308,1,552.722485736,6.42804281244,-0.287597930015,88.4800908673,13.1646152869,111.04773148,117.612238682,5150.00149608,0.00279396772385,497.111992445,490.232778247,7,70.5010825186
5.85600027815,2963.54014426,405.439757742,-54.0541992188,-771.675537109,13.8440923691,1.95729708672,101.196769714,39.2291297913,0.973074734211,0.000116415321827,0.000465661287308,1,552.722485736,6.74203404346,-0.128261605303,86.6276585196,12.5348895177,114.090296847,120.685836009,5150.0024274,0.00279396772385,497.111992445,490.232778247,7,70.5010825186
5.88800027966,2975.99099576,374.586961698,-49.9408302307,-773.667175293,14.1856870651,2.02247858047,101.196228027,39.2292556763,0.973074376583,0.000116415321827,0.000465661287308,1,552.722485736,6.98252940323,0.0242057406268,84.8158129999,11.974015226,116.420706036,123.626930872,5150.00196174,0.00279396772385,497.111992445,490.232778247,7,70.5010825186
5.92000028118,2987.44719476,343.287101714,-45.7678565979,-775.111572266,14.4991836548,2.08279538155,101.195960999,39.2294044495,0.973074138165,0.000116415321827,0.000465661287308,1,552.722485736,7.17090088554,0.170832329391,83.0436899795,11.4783647947,118.246025522,126.455357531,5150.00103042,0.00279396772385,497.111992445,490.232778247,7,70.5010825186
5.9520002827,2997.89570272,311.683805194,-41.5544319153,-776.021362305,14.7848310471,2.13791894913,101.195640564,39.2295455933,0.973073959351,0.000116415321827,0.000465661287308,1,552.722485736,7.32143143173,0.312163945923,81.3105203522,11.0427403483,119.704658573,129.181644297,5150.00149608,0.00279396772385,497.111992445,490.232778247,7,70.5010825186
5.98400028422,3007.32930191,279.858213617,-37.3113670349,-776.403930664,15.0430164337,2.18756365776,101.195365906,39.2296791077,0.973073720932,0.000116415321827,0.000465661287308,1,552.722485736,7.44381910358,0.448537818073,79.6153665412,10.6613726754,120.890603284,131.812295876,5150.00196174,0.00279396772385,497.111992445,490.232778247,7,70.5010825186
6.01600028574,3015.74170589,247.935269726,-33.0553245544,-776.272766113,15.2742271423,2.23143434525,101.195045471,39.2298126221,0.973073542118,0.000116415321827,0.000465661287308,1,552.722485736,7.54651033425,0.585177243564,77.9574301409,10.3284980582,121.8856778,134.44806973,5150.00149608,0.00279396772385,497.111992445,490.232778247,7,70.5010825186
6.04800028726,3023.13128486,215.969266719,-28.7935390472,-775.634338379,15.4790563583,2.26924920082,101.194602966,39.2299385071,0.97307318449,0.000116415321827,0.000465661287308,1,552.722485736,7.65192822919,0.779398910881,76.3360738921,10.0406738313,122.907178593,138.194605825,5150.00149608,0.00279396772385,497.111992445,490.232778247,7,70.5010825186
6.08000028878,3029.52411585,185.882017831,-24.7822341919,-774.757629395,15.6585464478,2.30100798607,101.194328308,39.2300720215,0.973073005676,0.000116415321827,0.000465661287308,1,552.722485736,7.76446493364,1.02016179826,74.7503821923,9.79636819169,123.997655464,142.838922329,5150.00149608,0.00279396772385,497.111992445,490.232778247,7,70.5010825186
6.1120002903,3034.99028087,157.695059897,-21.0242824554,-773.679931641,15.8143568039,2.32718920708,101.194099426,39.2301979065,0.973072886467,0.000116415321827,0.000465661287308,1,552.722485736,7.88046536239,1.24595258173,73.1998130048,9.59178505135,125.052261865,147.158047184,5150.00196174,0.00279396772385,497.111992445,490.232778247,7,70.5010825186
6.14400029182,3039.56959397,130.264874315,-17.3672237396,-772.268249512,15.9476976395,2.34795284271,101.193824768,39.2303199768,0.973072648048,0.000116415321827,0.000465661287308,1,552.722485736,17.3252724053,3.8380432007,71.6836704716,9.42387728513,125.126025523,148.599763634,5150.00149608,0.00279396772385,497.111992445,490.232778247,7,70.5010825186
6.17600029334,3043.27602498,103.067330201,-13.7411832809,-770.459594727,16.0593929291,2.36318945885,101.193504333,39.2304496765,0.973072469234,0.000116415321827,0.000465661287308,1,552.722485736,43.4171714838,10.6867275401,70.20125141,9.51427105849,125.126025523,147.828759509,5150.00149608,0.00279396772385,497.111992445,491.003796924,7,70.5010825186
6.20800029486,3046.11190222,75.8462265367,-10.1120004654,-768.22088623,16.1500701904,2.37266850471,101.205787659,39.2315063477,0.973081052303,0.000116415321827,0.000465661287308,1,552.722485736,79.3784745351,17.2774687983,75.1335142312,13.6753832313,120.609998703,132.292247145,5150.00149608,0.00279396772385,501.628033817,506.540294737,7,70.5010825186
6.24000029638,3048.07303473,48.4147749376,-6.45477342606,-765.525268555,16.2202720642,2.37610507011,101.248954773,39.2349586487,0.973111152649,0.000116415321827,0.000465661287308,1,552.722485736,98.6310975478,21.1633865652,93.8781243476,18.0510760082,97.9650285444,113.97858907,5150.00149608,0.00279396772385,524.272909388,524.853996467,7,70.5010825186
6.2720002979,3049.1524376,20.7228695217,-2.7628223896,-762.362609863,16.2703800201,2.3732149601,101.269798279,39.236618042,0.973125696182,0.000116415321827,0.000465661287308,1,552.722485736,107.212409936,22.928377042,103.883103415,20.7208300922,79.6329331934,99.9658368528,5150.00103042,0.00279396772385,542.604946531,538.866734132,7,70.5010825186
6.30400029942,3049.34056476,-7.26242251403,0.968243539333,-758.723815918,16.3007564545,2.36369657516,101.279396057,39.2373847961,0.973132431507,0.000116415321827,0.000465661287308,1,552.722485736,110.463978141,23.3585362571,108.362414012,21.8916696197,67.5419578329,90.3879699763,5150.00149608,0.00279396772385,554.695900064,548.444571905,7,70.5010825186
6.33600030094,3048.62856865,-35.5019656126,4.73320674896,-754.609680176,16.3116531372,2.34729027748,101.284111023,39.2377548218,0.973135709763,0.000116415321827,0.000465661287308,1,552.722485736,110.972100909,22.9881585611,109.737561084,22.0610286159,60.1575011387,84.1706132633,5150.00149608,0.00279396772385,562.080356758,554.66190679,7,70.5010825186
6.36800030246,3047.00690322,-64.1114165774,8.54748725891,-750.000305176,16.3031806946,2.32379078865,101.2864151,39.2379455566,0.973137319088,0.000116415321827,0.000465661287308,1,552.722485736,109.733583707,22.1267816946,109.12724975,21.6006142316,56.1048436793,80.4086957942,5150.0024274,0.00279396772385,566.133065149,558.423809707,7,70.5010825186
6.40000030398,3044.46276277,-93.1268223212,12.4158906937,-744.884399414,16.2750816345,2.29309487343,101.286827087,39.2380752563,0.973137557507,0.000116415321827,0.000465661287308,1,552.722485736,106.172527204,20.7580438406,106.772525191,20.7004322995,54.7484851268,78.6679884186,5150.00149608,0.00279396772385,567.489420064,560.164568014,8,70.3775222064
6.4320003055,3040.98241031,-122.567915241,16.341047287,-739.252746582,16.2269306183,2.25515389442,101.286148071,39.2382087708,0.973137140274,0.000116415321827,0.000465661287308,1,552.722485736,84.2815772476,15.9746946115,104.161380655,19.4929448659,54.7484851268,78.6679884186,5150.00149608,0.00279396772385,567.489420064,560.164568014,8,70.3775222064
6.46400030702,3036.55466996,-152.373802848,20.3148403168,-733.107849121,16.158203125,2.20999264717,101.285881042,39.2382736206,0.973136901855,0.000116415321827,0.000465661287308,1,552.722485736,47.3255856044,7.89950623218,101.905013779,18.4788601504,54.7484851268,78.6679884186,5150.0024274,0.00279396772385,567.489420064,560.164568014,8,70.3775222064
6.49600030854,3031.1672017,-182.533985935,24.3358669281,-726.44519043,16.0682582855,2.15767979622,101.285652161,39.2383308411,0.973136782646,0.000116415321827,0.000465661287308,1,552.722485736,13.8397988895,1.05042703922,99.7463307038,17.6271795144,54.7484851268,82.0030763862,5150.00196174,0.00279396772385,567.489420064,560.164568014,8,70.3775222064
6.52800031006,3024.80743267,-213.070044992,28.4070072174,-719.255615234,15.9563159943,2.09832859039,101.285423279,39.2383880615,0.973136603832,0.000116415321827,0.000465661287308,1,552.722485736,2.15523697619,-1.46430970288,97.6442098893,16.8741001127,69.6442439221,94.9134700932,5150.00196174,0.00325962901115,567.489420064,560.164568014,8,70.3775222064
6.56000031158,3017.46325567,-244.051741902,32.537563324,-711.523986816,15.8214025497,2.03214001656,101.285148621,39.2384376526,0.973136425018,0.000116415321827,0.000465661287308,1,552.722485736,3.73993890971,-1.05597684938,95.5904475369,16.0702212525,84.9999996717,102.790210804,5150.0024274,0.00325962901115,567.489420064,560.164568014,8,70.3775222064
6.5920003131,3009.12186503,-275.434547802,36.7215919495,-703.249938965,15.6623220444,1.95939695835,101.28478241,39.2384796143,0.9731361866,0.000116415321827,0.000465661287308,1,552.722485736,4.8079413969,-0.800584694,93.582304164,15.2410882439,95.3489434323,107.716725324,5150.00196174,0.00325962901115,567.489420064,560.164568014,8,70.3775222064
6.62400031462,2999.76672977,-307.336915284,40.9748916626,-694.409484863,15.4775791168,1.88045573235,101.284698486,39.2385368347,0.973136126995,0.000116415321827,0.000465661287308,1,552.722485736,5.55604953479,-0.597992416864,91.6183074816,14.4376424638,102.598118247,111.62472947,5150.0024274,0.00325962901115,567.489420064,560.164568014,8,70.3775222064
6.65600031614,2989.38131891,-339.816964697,45.3052101135,-684.986877441,15.2653942108,1.79577624798,101.284431458,39.2385864258,0.973135888577,0.000116415321827,0.000465661287308,1,552.722485736,6.09209955345,-0.418945773865,89.6972928435,13.6875213738,107.792431663,115.078539238,5150.00196174,0.00325962901115,567.489420064,560.164568014,8,70.3775222064
6.68800031766,2977.94444486,-373.022485292,49.7322502136,-674.951965332,15.0235786438,1.705919981,101.284248352,39.2386283875,0.973135769367,0.000116415321827,0.000465661287308,1,552.722485736,6.48544880078,-0.252683517031,87.8183666216,13.0033364829,111.603985715,118.285737699,5150.0024274,0.00325962901115,567.489420064,560.164568014,8,70.3775222064
6.72000031918,2965.43142758,-407.069688663,54.2715034485,-664.277160645,14.7494783401,1.61157786846,101.28401947,39.2386856079,0.973135650158,0.000116415321827,0.000465661287308,1,552.722485736,6.78118017095,-0.0948744244572,85.9805912388,12.38877126,114.469621622,121.329874673,5150.00196174,0.00325962901115,567.489420064,560.164568014,8,70.3775222064
6.7520003207,2951.81199908,-442.136544734,58.9467010498,-652.923950195,14.439868927,1.51358759403,101.283607483,39.2387161255,0.973135352135,0.000116415321827,0.000465661287308,1,552.722485736,7.00883100092,0.0563489574361,84.1831463154,11.842457795,116.675568279,124.246973428,5150.0024274,0.00325962901115,567.489420064,560.164568014,8,70.3775222064
6.78400032222,2937.04913929,-478.49904513,63.7946357727,-640.837280273,14.0908231735,1.41297507286,101.28351593,39.2387695312,0.97313529253,0.000116415321827,0.000465661287308,1,552.722485736,7.18795627129,0.201872656482,82.425028351,11.3603189099,118.411284348,127.054125187,5150.0024274,0.00325962901115,567.489420064,560.164568014,8,70.3775222064
6.81600032374,2921.09698057,-516.422733199,68.8507156372,-627.959350586,13.6976127625,1.31094360352,101.28351593,39.238822937,0.97313529253,0.000116415321827,0.000465661287308,1,552.722485736,7.33167061459,0.342179828257,80.7055488124,10.9369772712,119.803880807,129.760650452,5150.00289306,0.00325962901115,567.489420064,560.164568014,8,70.3775222064
6.84800032526,2903.89894508,-556.326587684,74.170791626,-614.206481934,13.2545051575,1.20893776417,101.283164978,39.2388572693,0.973135054111,0.000116415321827,0.000465661287308,1,552.722485736,7.44891305814,0.47758808311,79.0238799952,10.5666142249,120.939963381,132.37267558,5150.00196174,0.00325962901115,567.489420064,560.164568014,8,70.3775222064
6.88000032678,2885.38518362,-598.575570621,79.803527832,-599.495849609,12.7546062469,1.10866856575,101.283073425,39.2389068604,0.973134994507,0.000116415321827,0.000465661287308,1,552.722485736,7.55004089753,0.620675896787,77.3791355959,10.2436857977,121.919882076,135.132839205,5150.00289306,0.00325962901115,567.489420064,560.164568014,8,70.3775222064
6.9120003283,2865.47094584,-643.750710879,85.826385498,-583.708374023,12.1896686554,1.01215422153,101.282798767,39.2389411926,0.973134756088,0.000116415321827,0.000465661287308,1,552.722485736,7.65742779566,0.830042430765,75.7706197567,9.96547905961,122.960467706,139.17151955,5150.00382438,0.00372529029846,567.489420064,560.164568014,8,70.3775222064
6.94400032982,2844.05611455,-692.214933224,92.2877502441,-566.746643066,11.5501146317,0.92172396183,101.282569885,39.238986969,0.973134636879,0.000116415321827,0.000465661287308,1,552.722485736,7.77015448764,1.0717453558,74.197541397,9.73019942953,124.052792671,143.833967741,5150.00335872,0.00372529029846,567.489420064,560.164568014,8,70.3775222064
6.97600033134,2821.03009522,-744.211080018,99.2200012207,-548.523986816,10.8253307343,0.839949250221,101.28238678,39.2390289307,0.973134458065,0.000116415321827,0.000465661287308,1,552.722485736,8.39265798426,1.42480156904,72.6593291809,9.53350512041,124.947531731,147.930040839,5150.00335872,0.00372529029846,567.489420064,560.164568014,8,70.3775222064
7.00800033286,2796.31000012,-797.425338533,106.314651489,-529.308288574,10.0068626404,0.768974840641,101.282478333,39.2390785217,0.973134577274,0.000116415321827,0.000465661287308,1,552.722485736,21.5592033613,4.97904827829,71.1552140023,9.37363909103,124.947531731,148.611623445,5150.0024274,0.00372529029846,567.489420064,560.164568014,8,70.3775222064
7.04000033438,2769.89070699,-850.449257996,113.383926392,-509.284759521,9.09391403198,0.709045648575,101.282295227,39.2391204834,0.97313439846,0.000116415321827,0.000465661287308,1,552.722485736,50.8016888441,12.3109862488,69.6846391748,10.0912462203,124.947531731,145.67017206,5150.00289306,0.00419095158577,567.489420064,563.106092159,8,70.3775222064
7.0720003359,2741.78828113,-900.653307326,120.077255249,-488.811920166,8.08771896362,0.659924447536,101.321434021,39.2264862061,0.973161697388,0.000116415321827,0.000465661287308,1,552.722485736,84.6229431624,18.3224917226,79.699155158,14.7141370252,115.750153782,128.132291138,5150.00289306,0.00419095158577,576.686754357,580.643827561,8,70.3775222064
7.10400033742,2712.81530149,-899.721868336,119.953071594,-474.729705811,7.02276468277,0.620767533779,101.383720398,39.2062950134,0.97320497036,0.000116415321827,0.000465661287308,1,552.722485736,100.919950001,21.679513531,96.4558677041,18.7623526618,93.3096016524,110.536930151,5150.00289306,0.00419095158577,599.127321038,598.239246756,8,70.3775222064
7.13600033894,2684.75874327,-851.217831951,113.48639679,-467.439331055,5.99104976654,0.583043456078,101.412437439,39.1969795227,0.973224937916,0.000116415321827,0.000465661287308,1,552.722485736,107.998604849,23.0978880283,104.970714674,21.0680393822,76.4197247918,97.5503789959,5150.00335872,0.00419095158577,616.017205175,611.225783359,8,70.3775222064
7.16800034046,2658.71779993,-778.174900915,103.748138428,-464.408874512,5.05561923981,0.538791000843,101.425849915,39.1925811768,0.97323423624,0.000116415321827,0.000465661287308,1,552.722485736,110.512995837,23.3194381987,108.628312306,21.9837572577,65.5023686704,88.787295681,5150.00335872,0.00419095158577,626.934575848,619.98894671,8,70.3775222064
7.20000034198,2635.22472233,-694.449467119,92.5856628418,-464.0519104,4.23962688446,0.487235277891,101.432510376,39.1903686523,0.973238825798,0.000116415321827,0.000465661287308,1,552.722485736,110.595114394,22.8230351421,109.512952801,21.9914190195,58.940902818,83.1618381198,5150.00382438,0.00419095158577,633.496034425,625.614426099,8,70.3775222064
7.2320003435,2614.46135119,-608.862494119,81.1750030518,-465.281616211,3.54229402542,0.431732267141,101.435630798,39.1893119812,0.97324103117,0.000116415321827,0.000465661287308,1,552.722485736,109.041644578,21.8813965596,108.55221475,21.4293031708,55.4889738851,79.8428955022,5150.00289306,0.00419095158577,636.947865132,628.933310509,8,70.3775222064
7.26400034502,2596.38694115,-526.786781847,70.2324752808,-467.361694336,2.95209789276,0.376409322023,101.435905457,39.1892166138,0.973241209984,0.000116415321827,0.000465661287308,1,552.722485736,103.248495653,20.1537718211,105.915689713,20.4092432333,54.6520386706,78.6464079283,5150.00335872,0.00419095158577,637.784833089,630.129827186,9,70.2955076122
7.29600034654,2580.83548397,-451.125379186,60.1451148987,-469.823669434,2.4551692009,0.324272543192,101.435455322,39.1893768311,0.973240911961,0.000116415321827,0.000465661287308,1,552.722485736,76.8824541961,14.383946039,103.441101797,19.2458054365,54.6520386706,78.6464079283,5150.00289306,0.00419095158577,637.784833089,630.129827186,9,70.2955076122
7.32800034806,2567.57438183,-383.287086152,51.1007499695,-472.365692139,2.03851699829,0.276859641075,101.434867859,39.1894378662,0.973240494728,0.000116415321827,0.000465661287308,1,552.722485736,39.0993731692,6.11566670425,101.218905207,18.2687092312,54.6520386706,78.6464079283,5150.00289306,0.00419095158577,637.784833089,630.129827186,9,70.2955076122
7.36000034958,2556.34472705,-323.659682181,43.1510810852,-474.809082031,1.69044089317,0.234728440642,101.434593201,39.1895065308,0.97324025631,0.000116415321827,0.000465661287308,1,552.722485736,9.06662841354,0.127506304764,99.0786587041,17.4479246863,55.4066464247,84.5444810693,5150.00335872,0.00419095158577,637.784833089,630.129827186,9,70.2955076122
7.3920003511,2546.88621499,-272.003439022,36.2641487122,-477.058197021,1.40051758289,0.197890132666,101.434501648,39.1895751953,0.973240196705,0.000116415321827,0.000465661287308,1,552.722485736,2.54766833201,-1.35213283021,96.9920811578,16.6921241139,73.4468994779,97.0773617155,5150.00335872,0.00419095158577,637.784833089,630.129827186,9,70.2955076122
7.42400035262,2538.95367496,-227.730619372,30.3615913391,-479.071166992,1.15955770016,0.166076898575,101.434318542,39.1896514893,0.973240077496,0.000116415321827,0.000465661287308,1,552.722485736,3.99109852081,-0.9943077013,94.9529391463,15.877314791,87.4337347341,103.979808046,5150.0024274,0.00419095158577,637.784833089,630.129827186,9,70.2955076122
7.45600035414,2532.3224254,-190.103746718,25.345085144,-480.836151123,0.959595620632,0.138875022531,101.434272766,39.1897354126,0.973240077496,0.000116415321827,0.000465661287308,1,552.722485736,4.97826635374,-0.754548142593,92.958940001,15.050384722,96.9993925537,108.604770503,5150.00289306,0.00419095158577,637.784833089,630.129827186,9,70.2955076122
7.48800035566,2526.79386176,-158.327020472,21.108537674,-482.361877441,0.793826878071,0.115800738335,101.434181213,39.1898002625,0.973240017891,0.000116415321827,0.000465661287308,1,552.722485736,5.67312442308,-0.558445369919,91.0087213052,14.2568045589,103.732571006,112.387591798,5150.00289306,0.00419095158577,637.784833089,630.129827186,9,70.2955076122
7.52000035718,2522.1935939,-131.627748488,17.5489253998,-483.66583252,0.656511962414,0.0963475480676,101.433921814,39.1898651123,0.973239839077,0.000116415321827,0.000465661287308,1,552.722485736,6.17352866264,-0.382666311989,89.1011843361,13.5202591073,108.581480163,115.778369945,5150.0024274,0.00419095158577,637.784833089,630.129827186,9,70.2955076122
7.5520003587,2518.37214455,-109.274915303,14.5687932968,-484.772186279,0.542828202248,0.0800254121423,101.433738708,39.1899299622,0.973239719868,0.000116415321827,0.000465661287308,1,552.722485736,6.54265015197,-0.218403144478,87.2354208158,12.8510379082,112.158275442,118.947005831,5150.00289306,0.00419095158577,637.784833089,630.129827186,9,70.2955076122
7.58400036022,2515.20168968,-90.6102068257,12.0803689957,-485.70602417,0.448754906654,0.0663813874125,101.433555603,39.1899909973,0.973239541054,0.000116415321827,0.000465661287308,1,552.722485736,6.82160539516,-0.0620598170718,85.4105078171,12.251443702,114.861351904,121.962868434,5150.00289306,0.00419095158577,637.784833089,630.129827186,9,70.2955076122
7.61600036174,2512.5737302,-75.0732797314,10.0089492798,-486.488891602,0.370937645435,0.0550080016255,101.433326721,39.1900520325,0.973239421844,0.000116415321827,0.000465661287308,1,552.722485736,7.03739871482,0.0879384564745,83.625588336,11.7193999021,116.952389362,124.856334878,5150.0024274,0.00419095158577,637.784833089,630.129827186,9,70.2955076122
7.64800036326,2510.39746217,-62.1574581601,8.28698062897,-487.143737793,0.306583166122,0.045548889786,101.433235168,39.1901130676,0.97323936224,0.000116415321827,0.000465661287308,1,552.722485736,7.20794478967,0.232360760809,81.8799005912,11.2504347059,118.604970339,127.642240841,5150.00335872,0.00419095158577,637.784833089,630.129827186,9,70.2955076122
7.68000036478,2508.59605148,-51.4338062203,6.85727787018,-487.690155029,0.25338152051,0.0376923829317,101.43296051,39.1901779175,0.973239123821,0.000116415321827,0.000465661287308,1,552.722485736,7.34530347816,0.371641999972,80.1725216555,10.8390435112,119.935975817,130.328975501,5150.00335872,0.00419095158577,637.784833089,630.129827186,9,70.2955076122
7.7120003663,2507.10570253,-42.5449761678,5.67219781876,-488.144470215,0.209411025047,0.0311743319035,101.432868958,39.1902275085,0.973239064217,0.000116415321827,0.000465661287308,1,552.722485736,7.45771932308,0.506076339881,78.5026604481,10.4793756177,121.025288536,132.922214107,5150.00382438,0.00419095158577,637.784833089,630.129827186,9,70.2955076122
7.74400036782,2505.87309711,-35.1802409568,4.69031381607,-488.521972656,0.173068135977,0.0257746912539,101.432640076,39.190284729,0.973238945007,0.000116415321827,0.000465661287308,1,552.722485736,7.55867136678,0.659568516838,76.8694526405,10.1661708893,122.003519209,135.883077746,5150.00382438,0.00419095158577,637.784833089,630.129827186,9,70.2955076122
7.77600036934,2504.85399738,-29.0806856356,3.87710642815,-488.835479736,0.143033906817,0.021305391565,101.432289124,39.1903305054,0.973238706589,0.000116415321827,0.000465661287308,1,552.722485736,7.66787070009,0.881810768332,75.272224349,9.89745253995,123.061661725,140.17013018,5150.00335872,0.00419095158577,637.784833089,630.129827186,9,70.2955076122
7.80800037086,2504.01184894,-24.0369427047,3.20466256142,-489.095001221,0.118218638003,0.0176067668945,101.431922913,39.1903800964,0.973238408566,0.000116415321827,0.000465661287308,1,552.722485736,7.78025083651,1.12152963995,73.7102211173,9.67091782944,124.150625197,144.794306834,5150.00335872,0.00419095158577,637.784833089,630.129827186,9,70.2955076122
7.84000037238,2503.31568532,-19.8623711185,2.6480987072,-489.310211182,0.0977175980806,0.0145472958684,101.431739807,39.1904335022,0.973238289356,0.000116415321827,0.000465661287308,1,552.722485736,9.7246060138,1.81201353275,72.1828423101,9.48200797286,124.812388094,148.448350956,5150.00382438,0.00419095158577,637.784833089,630.129827186,9,70.2955076122
7.8720003739,2502.7403608,-16.4136617968,2.18830871582,-489.487884521,0.0807764455676,0.0120189869776,101.431648254,39.1904907227,0.973238229752,0.000116415321827,0.000465661287308,1,552.722485736,26.5361640658,6.31910854606,70.6893847447,9.32996668253,124.812388094,148.61820091,5150.00335872,0.00419095158577,637.784833089,630.129827186,9,70.2955076122
7.90400037542,2502.26515345,-13.5617310661,1.80808246136,-489.635131836,0.0667779296637,0.00992969051003,101.431465149,39.1905441284,0.973238110542,0.000116415321827,0.000465661287308,1,552.722485736,58.7559307099,13.8251996075,69.2292990596,10.922532726,124.812388094,142.585267895,5150.00382438,0.00419095158577,637.784833089,636.162760202,9,70.2955076122
7.93600037694,2501.87260099,-11.2040434033,1.49374985695,-489.756958008,0.0552159398794,0.00820189062506,101.523429871,39.1432876587,0.973301768303,0.000116415321827,0.000465661287308,1,552.722485736,89.092921939,19.2415387288,83.9797067626,15.7093987843,110.634107841,124.035243061,5150.00335872,0.00419095158577,651.963055134,654.712901451,9,70.2955076122
7.96800037846,2501.54803507,-9.25824315345,1.23433113098,-489.85723877,0.0456632934511,0.00677448278293,101.610809326,39.0985412598,0.973362088203,0.000116415321827,0.000465661287308,1,552.722485736,102.846179911,22.1088871591,98.6947575591,19.3909998512,89.0092633199,107.329040475,5150.00289306,0.00419095158577,673.587957863,671.419024002,9,70.2955076122
8.00000037998,2501.27981417,-7.64899414207,1.01978218555,-489.9402771,0.0377648770809,0.0055975606665,101.650535583,39.0781402588,0.973389446735,0.000116415321827,0.000465661287308,1,552.722485736,108.645269264,23.2159659591,105.899531159,21.3537366645,73.5332505428,95.3369089984,5150.00335872,0.00419095158577,689.064094331,683.411082719,9,70.2955076122
8.0320003815,2501.05839223,-6.31938110018,0.84251499176,-490.00894165,0.0312396846712,0.00462464336306,101.669700623,39.068359375,0.973402619362,0.000116415321827,0.000465661287308,1,552.722485736,110.519119386,23.2510683281,108.83353179,22.03755623,63.698986196,87.335385615,5150.00335872,0.00419095158577,698.89833685,691.412598826,9,70.2955076122
8.06400038302,2500.87538734,-5.22199024999,0.696208238602,-490.065551758,0.0258519127965,0.0038192642387,101.679161072,39.0634384155,0.973409116268,0.000116415321827,0.000465661287308,1,552.722485736,110.210700512,22.6412459262,109.270288837,21.8993643432,57.8966319154,82.2629881441,5150.00335872,0.00419095158577,704.700651113,696.484989021,9,70.2955076122
8.09600038454,2500.72428025,-4.31528633271,0.575324296951,-490.112335205,0.0213984809816,0.00315433717333,101.683830261,39.0612068176,0.973412334919,0.000116415321827,0.000465661287308,1,552.722485736,108.352540155,21.6259196537,107.974967654,21.2448623701,55.0111326447,79.3642539065,5150.00382438,0.00419095158577,707.585946657,699.383672327,9,70.2955076122
8.12800038606,2500.5992502,-3.56640521204,0.475481659174,-490.150848389,0.0177148859948,0.00260614766739,101.68346405,39.0613250732,0.973412036896,0.000116415321827,0.000465661287308,1,552.722485736,99.2293668772,19.2983555269,105.169905832,20.130806679,54.5860857528,78.6333766882,5150.00335872,0.00419095158577,708.010978997,700.11446951,10,70.2263423591
8.16000038758,2500.49587339,-2.94715164273,0.392921298742,-490.182739258,0.0146702108905,0.00215343455784,101.683021545,39.0616149902,0.973411738873,0.000116415321827,0.000465661287308,1,552.722485736,69.0188716284,12.6800903417,102.789214785,19.0100213094,54.5860857528,78.6333766882,5150.00335872,0.00419095158577,708.010978997,700.11446951,10,70.2263423591
8.1920003891,2500.41065738,-2.43645422415,0.324833899736,-490.20904541,0.0121515970677,0.00177977443673,101.682701111,39.0617980957,0.973411560059,0.000116415321827,0.000465661287308,1,552.722485736,31.2923308876,4.41527381564,100.593988182,18.0687214998,54.5860857528,78.6333766882,5150.00382438,0.00419095158577,708.010978997,700.11446951,10,70.2263423591
8.22400039062,2500.33987686,-2.01491047847,0.268632680178,-490.230529785,0.0100675513968,0.00147173169535,101.682151794,39.0619316101,0.973411142826,0.000116415321827,0.000465661287308,1,552.722485736,5.68936995841,-0.639019764166,98.4699295317,17.2758829747,58.1538588449,87.4025136,5150.0024274,0.00419095158577,708.010978997,700.11446951,10,70.2263423591
8.25600039214,2500.2816692,-1.66516724676,0.222004070878,-490.248626709,0.00834583491087,0.00121664267499,101.681663513,39.0620727539,0.973410844803,0.000116415321827,0.000465661287308,1,552.722485736,2.90278178964,-1.25712934157,96.3973350669,16.5096262217,76.8879472162,98.9099789876,5150.00382438,0.00419095158577,708.010978997,700.11446951,10,70.2263423591
8.28800039366,2500.23324043,-1.37810093293,0.18373170495,-490.263122559,0.00692099053413,0.00100595364347,101.681388855,39.0622215271,0.973410606384,0.000116415321827,0.000465661287308,1,552.722485736,4.22618770557,-0.937193904607,94.3714509797,15.6870489271,89.7117570275,105.081533547,5150.00289306,0.00419095158577,708.010978997,700.11446951,10,70.2263423591
8.32000039518,2500.19342639,-1.13860869533,0.151802033186,-490.27557373,0.00574279250577,0.000831911514979,101.680976868,39.0623588562,0.973410367966,0.000116415321827,0.000465661287308,1,552.722485736,5.13940690181,-0.710187029328,92.3903361929,14.8644331772,98.5608421615,109.460495878,5150.00289306,0.00419095158577,708.010978997,700.11446951,10,70.2263423591
8.3520003967,2500.16036443,-0.942190808928,0.125615134835,-490.285552979,0.00476700300351,0.000688656524289,101.680610657,39.0625076294,0.973410129547,0.000116415321827,0.000465661287308,1,552.722485736,5.78533334183,-0.519631949486,90.4526795636,14.0817880548,104.819868284,113.136302389,5150.00335872,0.00419095158577,708.010978997,700.11446951,10,70.2263423591
8.38400039822,2500.13312325,-0.780653181209,0.104078546166,-490.293731689,0.0039597209543,0.000569707073737,101.680435181,39.0626525879,0.973409950733,0.000116415321827,0.000465661287308,1,552.722485736,6.25287798073,-0.346770430339,88.5573603943,13.3593108358,109.350381535,116.470801004,5150.00289306,0.00419095158577,708.010978997,700.11446951,10,70.2263423591
8.41600039974,2500.11053868,-0.645251020615,0.0860264077783,-490.300689697,0.00329310959205,0.000470537604997,101.680030823,39.0627822876,0.973409712315,0.000116415321827,0.000465661287308,1,552.722485736,6.5995781958,-0.184373990364,86.7036022541,12.7051769349,112.709902169,119.603428175,5150.00289306,0.00419095158577,708.010978997,700.11446951,10,70.2263423591
8.44800040126,2500.09191222,-0.533617253495,0.0711431279778,-490.30645752,0.00273876474239,0.000390042318031,101.679847717,39.0629272461,0.973409593105,0.000116415321827,0.000465661287308,1,552.722485736,6.86294530626,-0.029452282493,84.8904455916,12.1205107119,115.26192975,122.591867694,5150.00335872,0.00419095158577,708.010978997,700.11446951,10,70.2263423591
8.48000040278,2500.0765454,-0.44140304567,0.0588489100337,-490.311218262,0.00227732281201,0.000324572698446,101.679573059,39.0630645752,0.973409414291,0.000116415321827,0.000465661287308,1,552.722485736,7.06766349798,0.119332578098,83.1170114284,11.6025607815,117.245646834,125.461927382,5150.0024274,0.00419095158577,708.010978997,700.11446951,10,70.2263423591
8.5120004043,2500.06373972,-0.366154011999,0.0488165281713,-490.314941406,0.00189574330579,0.000269845913863,101.679344177,39.0631980896,0.973409235477,0.000116415321827,0.000465661287308,1,552.722485736,7.23015547535,0.262648963358,81.3825086839,11.1465467828,118.820200441,128.226500237,5150.00289306,0.00419095158577,708.010978997,700.11446951,10,70.2263423591
8.54400040582,2500.05302951,-0.304714632193,0.0406252816319,-490.317901611,0.00158231146634,0.000223261347855,101.679069519,39.063331604,0.973409056664,0.000116415321827,0.000465661287308,1,552.722485736,7.36151467839,0.400895957954,79.6860950038,10.7468524101,120.093071018,130.893284222,5150.00382438,0.00465661287308,708.010978997,700.11446951,10,70.2263423591
8.57600040734,2500.04394911,-0.252422552194,0.0336535796523,-490.320404053,0.00132275850046,0.00018417731917,101.67881012,39.0634613037,0.97340887785,0.000116415321827,0.000465661287308,1,552.722485736,7.46942987918,0.534554839763,78.0269793075,10.3976196385,121.138771647,133.471563458,5150.00382438,0.00465661287308,708.010978997,700.11446951,10,70.2263423591
8.60800040886,2500.03673136,-0.210455880278,0.0280584804714,-490.322479248,0.00110887584742,0.000150988285895,101.678627014,39.0635948181,0.97340875864,0.000116415321827,0.000465661287308,1,552.722485736,7.57147240547,0.702168125324,76.4042752919,10.0941477647,122.127559735,136.704824399,5150.00335872,0.00465661287308,708.010978997,700.11446951,10,70.2263423591
8.64000041038,2500.03067777,-0.17339461067,0.023117383942,-490.324432373,0.000929995207116,0.000124034384498,101.678077698,39.0637054443,0.973408341408,0.000116415321827,0.000465661287308,1,552.722485736,7.68215867725,0.934254992227,74.8173603471,9.83484089354,123.200108646,141.181779327,5150.00382438,0.00465661287308,708.010978997,700.11446951,10,70.2263423591
8.6720004119,2500.02555549,-0.143217960158,0.0190941616893,-490.325958252,0.000780863221735,0.000102566067653,101.678031921,39.0638313293,0.973408341408,0.000116415321827,0.000465661287308,1,552.722485736,7.79361222393,1.16957508049,73.2655019912,9.61685333246,124.280093587,145.721103763,5150.00382438,0.00465661287308,708.010978997,700.11446951,10,70.2263423591
8.70400041342,2500.02136454,-0.119365623164,0.0159141104668,-490.327087402,0.000654287054203,8.59300998854e-05,101.677757263,39.0639533997,0.973408162594,0.000116415321827,0.000465661287308,1,552.722485736,11.874121161,2.40039641515,71.7480483152,9.43581033264,124.718193547,148.62169337,5150.00382438,0.00465661287308,708.010978997,700.11446951,10,70.2263423591
8.73600041494,2500.01810491,-0.0989082593605,0.0131866857409,-490.328216553,0.000544986047316,7.36323927413e-05,101.677406311,39.0640563965,0.973407924175,0.000116415321827,0.000465661287308,1,552.722485736,32.2283989445,7.85026696042,70.2642741619,9.29121563752,124.718193547,148.62169337,5150.00382438,0.00465661287308,708.010978997,700.11446951,10,70.2263423591
8.76800041646,2500.01507811,-0.0811642806298,0.010821015574,-490.329071045,0.000456657347968,6.28947891528e-05,101.677131653,39.0641708374,0.973407685757,0.000116415321827,0.000465661287308,1,552.722485736,67.237343539,15.218714581,68.8137327173,11.8989623727,124.718193547,138.926072395,5150.00382438,0.00465661287308,708.010978997,709.810119588,10,70.2263423591
8.80000041798,2500.01298264,-0.0669752182603,0.00892929639667,-490.329925537,0.000387773208786,5.24857423443e-05,101.804832458,39.0028038025,0.973495304585,0.000116415321827,0.000465661287308,1,552.722485736,92.9055640371,20.0413340017,87.8405095527,16.640793606,105.534680188,120.074008009,5150.00429004,0.00465661287308,727.194419596,728.662300389,10,70.2263423591
8.8320004195,2500.01088716,-0.0557669714851,0.00743498606607,-490.330413818,0.000330868497258,4.37516137026e-05,101.885688782,38.9640426636,0.97355055809,0.000116415321827,0.000465661287308,1,552.722485736,104.455457531,22.4597588592,100.624327587,19.9392424907,85.058491095,104.35328295,5150.00382438,0.00465661287308,747.67053593,744.383025449,10,70.2263423591
8.86400042102,2500.00925735,-0.0466989007464,0.00622600922361,-490.330841064,0.000280721695162,3.75620220439e-05,101.922920227,38.9463539124,0.973575949669,0.000116415321827,0.000465661287308,1,552.722485736,109.165126395,23.2878096256,106.68175602,21.582835062,70.9408559487,93.3119663387,5150.00382438,0.00465661287308,761.7881638,755.42437844,10,70.2263423591
8.89600042254,2500.00786036,-0.0394808736814,0.00526368431747,-490.331115723,0.000235855201026,3.34611067956e-05,101.940681458,38.9377174377,0.973588049412,0.000116415321827,0.000465661287308,1,552.722485736,110.476444984,23.1560251252,108.974117062,22.0563718616,62.1053477516,86.0209620441,5150.00429004,0.00512227416039,770.623679273,762.715528253,10,70.2263423591
8.92800042406,2500.00669621,-0.0336663887879,0.00448848353699,-490.331298828,0.000195986096514,3.07186164719e-05,101.949836731,38.9334106445,0.973594248295,0.000116415321827,0.000465661287308,1,552.722485736,109.805279046,22.4437193344,108.99759311,21.7864760474,57.006800489,81.4665181679,5150.00335872,0.00512227416039,775.722204708,767.270044889,10,70.2263423591
8.96000042558,2500.00553206,-0.0287889090345,0.00383820617571,-490.331390381,0.000161098374519,2.87169114017e-05,101.953773499,38.9315605164,0.973596930504,0.000116415321827,0.000465661287308,1,552.722485736,107.64926953,21.3601843374,107.379767425,21.0476067966,54.6598057554,78.9683108451,5150.00335872,0.00512227416039,778.069254011,769.768259488,10,70.2263423591
8.9920004271,2500.00483356,-0.0236353887573,0.00315112643875,-490.331756592,0.000132581408252,2.67369632638e-05,101.952644348,38.9320983887,0.973596155643,0.000116415321827,0.000465661287308,1,552.722485736,94.1691247996,18.2061552677,104.508533177,19.8655895936,54.5343209524,78.6206801422,5150.00522137,0.00512227416039,778.19469152,770.115875639,11,70.1838580426
9.02400042862,2500.00413507,-0.0192062223903,0.00256061949767,-490.331970215,0.000112260851893,2.38871034526e-05,101.951957703,38.9323806763,0.973595678806,0.000116415321827,0.000465661287308,1,552.722485736,60.8395014175,10.8989339869,102.193582391,18.7858232165,54.5343209524,78.6206801422,5150.00522137,0.00512227416039,778.19469152,770.115875639,11,70.1838580426
9.05600043014,2500.00366941,-0.0154989141521,0.00206635217182,-490.332244873,9.81308476184e-05,2.06087479455e-05,101.95186615,38.9326057434,0.973595678806,0.000116415321827,0.000465661287308,1,552.722485736,24.0624001927,2.91960758806,100.019985982,17.8789573861,54.5343209524,79.0202029748,5150.00382438,0.00512227416039,778.19469152,770.115875639,11,70.1838580426
9.08800043166,2500.00320375,-0.0124691315051,0.00166241440456,-490.332427979,8.74095130712e-05,1.76991507033e-05,101.951461792,38.932800293,0.973595380783,0.000116415321827,0.000465661287308,1,552.722485736,3.34586152948,-1.19749202991,97.9102546793,17.1081848815,62.0647624601,90.3562904568,5150.00429004,0.00512227416039,778.19469152,770.115875639,11,70.1838580426
9.12000043318,2500.00273809,-0.0100478612097,0.00133960484527,-490.332519531,7.84280273365e-05,1.55038851517e-05,101.951286316,38.9329986572,0.973595261574,0.000116415321827,0.000465661287308,1,552.722485736,3.22500520282,-1.17493593318,95.8504273759,16.3277436144,80.010300735,100.495490187,5150.00335872,0.00512227416039,778.19469152,770.115875639,11,70.1838580426
9.1520004347,2500.00273809,-0.00811576050808,0.00108201254625,-490.332794189,7.07016224624e-05,1.39348239827e-05,101.950737,38.9331703186,0.973594903946,0.000116415321827,0.000465661287308,1,552.722485736,4.44338830629,-0.884052277726,93.8367830631,15.5005352023,91.8164296309,106.10663594,5150.00335872,0.00512227416039,778.19469152,770.115875639,11,70.1838580426
9.18400043622,2500.00227243,-0.00656856746772,0.000875737110619,-490.332733154,6.42159357085e-05,1.27656194309e-05,101.950279236,38.93334198,0.973594546318,0.000116415321827,0.000465661287308,1,552.722485736,5.28953916091,-0.667531225738,91.8674246125,14.6840063778,100.015626231,110.283326649,5150.00429004,0.00512227416039,778.19469152,770.115875639,11,70.1838580426
9.21600043774,2500.0020396,-0.00531742250232,0.000708931474946,-490.332824707,5.89650298934e-05,1.18199459394e-05,101.949928284,38.9335174561,0.973594307899,0.000116415321827,0.000465661287308,1,552.722485736,5.89093023707,-0.481730984178,89.9412459762,13.913165203,105.843100755,113.867412438,5150.0024274,0.00512227416039,778.19469152,770.115875639,11,70.1838580426
9.24800043926,2500.0020396,-0.00427437640838,0.000569870055187,-490.332946777,5.47920644749e-05,1.10262308226e-05,101.949516296,38.9336929321,0.973594069481,0.000116415321827,0.000465661287308,1,552.722485736,6.32848019555,-0.31148222263,88.057199705,13.2050180789,110.082968604,117.151510494,5150.00335872,0.00512227416039,778.19469152,770.115875639,11,70.1838580426
9.28000044078,2500.0020396,-0.00347689121938,0.000463547446998,-490.333068848,5.14736675541e-05,1.03572428998e-05,101.949150085,38.9338569641,0.973593771458,0.000116415321827,0.000465661287308,1,552.722485736,6.65463978392,-0.150831793721,86.214465419,12.5659018903,113.243448141,120.250457257,5150.00289306,0.00512227416039,778.19469152,770.115875639,11,70.1838580426
9.3120004423,2500.00180677,-0.00280768630567,0.000374327442842,-490.33303833,4.88171644974e-05,9.80568165687e-06,101.948783875,38.9340248108,0.973593533039,0.000116415321827,0.000465661287308,1,552.722485736,6.90365802965,0.0027218620546,84.4120908917,11.9959201004,115.656432172,123.212506878,5150.00335872,0.00512227416039,778.19469152,770.115875639,11,70.1838580426
9.34400044382,2500.00157394,-0.00226768404055,0.00030233306461,-490.332977295,4.66923229396e-05,9.35537991609e-06,101.948432922,38.9341888428,0.973593294621,0.000116415321827,0.000465661287308,1,552.722485736,7.09812925588,0.150317067742,82.6492191191,11.491756397,117.540868814,126.059618196,5150.00335872,0.00512227416039,778.19469152,770.115875639,11,70.1838580426
9.37600044534,2500.00157394,-0.00183207438109,0.000244256545557,-490.33303833,4.49410872534e-05,9.00321811059e-06,101.948295593,38.9343528748,0.973593235016,0.000116415321827,0.000465661287308,1,552.722485736,7.25313526714,0.292546418229,80.9250077468,11.0483767973,119.042873848,128.803221742,5150.00289306,0.00512227416039,778.19469152,770.115875639,11,70.1838580426
9.40800044686,2500.00157394,-0.0014810541682,0.000197457688046,-490.333099365,4.35071742686e-05,8.7263624664e-06,101.94783783,38.9345016479,0.973592936993,0.000116415321827,0.000465661287308,1,552.722485736,7.37888548921,0.429768195528,79.2387535921,10.6600120901,120.261393022,131.450229674,5150.00289306,0.00512227416039,778.19469152,770.115875639,11,70.1838580426
9.44000044838,2500.00157394,-0.00119734500093,0.000159632894793,-490.333129883,4.23481033067e-05,8.50245396578e-06,101.947746277,38.9346656799,0.973592817783,0.000116415321827,0.000465661287308,1,552.722485736,7.48317398845,0.564333037407,77.5894897788,10.3208921482,121.271950775,134.04598576,5150.00382438,0.00512227416039,778.19469152,770.115875639,11,70.1838580426
9.4720004499,2500.0013411,-0.000967649627093,0.000129009364173,-490.33303833,4.14181267843e-05,8.31858324091e-06,101.947242737,38.9348144531,0.97359251976,0.000116415321827,0.000465661287308,1,552.722485736,7.58702894991,0.747970110813,75.9765131242,10.0270249447,122.278303024,137.588343932,5150.00382438,0.00512227416039,778.19469152,770.115875639,11,70.1838580426
9.50400045142,2500.0013411,-0.000778317521544,0.000103767153632,-490.333068848,4.06888357247e-05,8.16426472738e-06,101.946891785,38.9349632263,0.973592281342,0.000116415321827,0.000465661287308,1,552.722485736,7.69881257129,0.986513634938,74.3991131207,9.77694551565,123.361489386,142.189848702,5150.00289306,0.00512227416039,778.19469152,770.115875639,11,70.1838580426
9.53600045294,2500.0013411,-0.000631697472109,8.42194203869e-05,-490.333068848,4.00971402996e-05,8.0378849816e-06,101.946617126,38.9351081848,0.973592102528,0.000116415321827,0.000465661287308,1,552.722485736,7.80878284191,1.21556716795,72.8565572863,9.5672139424,124.427097035,146.608290379,5150.00335872,0.00512227416039,778.19469152,770.115875639,11,70.1838580426
9.56800045446,2500.0013411,-0.000510746944737,6.80940065649e-05,-490.333099365,3.96002251364e-05,7.9434730651e-06,101.946159363,38.9352416992,0.9735917449,0.000116415321827,0.000465661287308,1,552.722485736,14.8244900177,3.19364810588,71.3481717376,9.39411013194,124.640457216,148.619845277,5150.00335872,0.00512227416039,778.19469152,770.115875639,11,70.1838580426
9.60000045598,2500.0013411,-0.000413218737005,5.50913100597e-05,-490.333099365,3.91940957343e-05,7.86884083936e-06,101.945663452,38.9353752136,0.973591446877,0.000116415321827,0.000465661287308,1,552.722485736,38.5967513403,9.55106271413,69.8733338648,9.28264742923,124.640457216,148.530380102,5150.00335872,0.00512227416039,778.19469152,770.205340814,11,70.1838580426
9.6320004575,2500.0013411,-0.000334148986258,4.45495425083e-05,-490.333129883,3.88693006244e-05,7.80692062108e-06,101.959022522,38.9312057495,0.973600506783,0.000116415321827,0.000465661287308,1,552.722485736,74.7955323833,16.4830151503,71.5950474734,12.9440081871,122.653436847,134.938498377,5150.00335872,0.00512227416039,780.181726441,783.797178883,11,70.1838580426
9.66400045902,2500.0013411,-0.000269991223822,3.59958758054e-05,-490.333129883,3.86110514228e-05,7.75508397055e-06,102.06502533,38.8968811035,0.973672509193,0.000116415321827,0.000465661287308,1,552.722485736,96.1461596617,20.7291986991,91.2570913044,17.4958253472,100.600242149,116.293405881,5150.00335872,0.00512227416039,802.234921139,802.442256827,11,70.1838580426
9.69600046054,2500.0013411,-0.000218048162859,2.90707030217e-05,-490.333129883,3.84042541555e-05,7.71245504438e-06,102.11907196,38.8794555664,0.97370916605,0.000116415321827,0.000465661287308,1,552.722485736,105.788911727,22.7392465253,102.274074838,20.4104170358,81.4443628769,101.601886854,5150.00289306,0.00512227416039,821.390654892,817.133812234,11,70.1838580426
9.72800046206,2500.0013411,-0.000176102715743,2.34784347413e-05,-490.333129883,3.82370562875e-05,7.67811343394e-06,102.144081116,38.871421814,0.973726093769,0.000116415321827,0.000465661287308,1,552.722485736,109.566643732,23.3175813568,107.326164391,21.759632413,68.6126004439,91.4617121452,5150.00382438,0.00512227416039,834.222359117,827.274052426,11,70.1838580426
9.76000046358,2500.0013411,-0.000142266490255,1.89673082787e-05,-490.333129883,3.8101188693e-05,7.65071399655e-06,102.156486511,38.8674659729,0.973734438419,0.000116415321827,0.000465661287308,1,552.722485736,110.377472015,23.0362533297,109.044442659,22.0429143359,60.6982794125,84.8333947943,5150.00382438,0.00512227416039,842.136680149,833.902391605,11,70.1838580426
9.7920004651,2500.0013411,-0.00011495744634,1.53264008986e-05,-490.333129883,3.79908597097e-05,7.62879790273e-06,102.162696838,38.8655090332,0.973738670349,0.000116415321827,0.000465661287308,1,552.722485736,109.365203855,22.2310926261,108.682699095,21.6540103387,56.2560016988,80.7656833786,5150.00382438,0.00512227416039,846.579088829,837.970233988,11,70.1838580426
9.82400046661,2500.0013411,-9.28993479365e-05,1.23855634229e-05,-490.3331604,3.79016273655e-05,7.61112778491e-06,102.164680481,38.8648529053,0.973739981651,0.000116415321827,0.000465661287308,1,552.722485736,106.653526164,21.0132826898,106.631617627,20.8277706341,54.4976101082,78.6860473454,5150.00382438,0.00512227416039,848.337542266,840.049877297,11,70.1838580426
9.85600046813,2500.0013411,-7.50674800098e-05,1.00081761047e-05,-490.3331604,3.78296354029e-05,7.5967968769e-06,102.163368225,38.8652915955,0.973739087582,0.000116415321827,0.000465661287308,1,552.722485736,88.187229911,16.9058458829,103.898470888,19.6111436562,54.4976101082,78.6120872363,5150.00382438,0.00512227416039,848.337542266,840.123801026,12,70.1428434695
9.88800046965,2500.0013411,-6.06521430302e-05,8.08628828963e-06,-490.3331604,3.7771595089e-05,7.58516625865e-06,102.162742615,38.8654747009,0.973738670349,0.000116415321827,0.000465661287308,1,552.722485736,52.5332543357,9.08464106172,101.631754041,18.571024699,54.4976101082,78.6120872363,5150.00382438,0.00512227416039,848.337542266,840.123801026,12,70.1428434695
9.92000047117,2500.0013411,-4.90030099831e-05,6.53319830235e-06,-490.3331604,3.77247524739e-05,7.57574889576e-06,102.162330627,38.8656196594,0.973738431931,0.000116415321827,0.000465661287308,1,552.722485736,17.573781576,1.73637618169,99.4764550329,17.6974776439,54.4976101082,80.5425588624,5150.00335872,0.00512227416039,848.337542266,840.123801026,12,70.1428434695
9.95200047269,2500.0013411,-3.95914724616e-05,5.27842985321e-06,-490.3331604,3.76868920284e-05,7.56814506531e-06,102.161872864,38.8657531738,0.973738074303,0.000116415321827,0.000465661287308,1,552.722485736,2.14895136497,-1.47402836572,97.3799157313,16.940323811,66.4983890601,93.1906761252,5150.00335872,0.00512227416039,848.337542266,840.123801026,12,70.1428434695
9.98400047421,2500.0013411,-3.19863302511e-05,4.26449423685e-06,-490.3331604,3.76562675228e-05,7.56200961405e-06,102.161613464,38.8658943176,0.973737895489,0.000116415321827,0.000465661287308,1,552.722485736,3.52278958272,-1.10187268413,95.3320718335,16.1451559931,82.8958218335,101.904879557,5150.0024274,0.00512227416039,848.337542266,840.123801026,12,70.1428434695
10.000000475,2500.0013411,-2.8752472625e-05,3.83334827347e-06,-490.3331604,3.76432399207e-05,7.55940300223e-06,102.161430359,38.8659553528,0.973737776279,0.000116415321827,0.000465661287308,1,552.722485736,4.13650627096,-0.956349053035,94.3253925111,15.7308751568,88.8427457539,104.712031316,5150.00335872,0.00512227416039,848.337542266,840.123801026,12,70.1428434695
