time_s,lung_volume_ml,airflow_ml_s,alveolar_pa,pleural_pa,diaphragm_mm,rib_mm,PaO2_mmhg,PaCO2_mmhg,SaO2,oxygen_balance_error_stpd_ml,co2_balance_error_stpd_ml,breaths,tidal_ml,lv_mmhg,rv_mmhg,aorta_mmhg,pulmonary_artery_mmhg,lv_ml,rv_ml,blood_ml,blood_error_ml,aortic_ejected_ml,pulmonary_ejected_ml,complete_filling_ejection_cycles,last_lv_stroke_ml
0.0320000015199,2501.94966793,144.204095704,-19.2256355286,-510.514160156,0.0724901929498,0.00229107681662,99.999961853,40.0000152588,0.972220242023,0.000116415321827,0.000232830643654,0,0,7.01906240117,0.968647712069,82.9146486242,13.1435573448,161.774703884,141.845215694,5149.99963343,0.000931322574615,0,0,0,0
0.0640000030398,2509.26287845,295.484322123,-39.3946762085,-534.269104004,0.360934972763,0.00399388093501,100.000053406,40.0000114441,0.972220301628,0.000116415321827,0.000232830643654,0,0,7.28122228972,1.19429222804,81.0829381924,12.5380135535,164.315031725,146.197897266,5149.99963343,0.000931322574615,0,0,0,0
0.0960000045598,2520.7453873,410.064822063,-54.6708221436,-555.175476074,0.787905812263,0.0174625050277,100.000236511,40.0000190735,0.972220420837,0.000116415321827,0.000232830643654,0,0,7.51204659799,1.42603431337,79.3712009887,12.0133311978,166.551719303,150.668201968,5149.99963343,0.00139698386192,0,0,0,0
0.12800000608,2535.42303108,497.765431646,-66.3632736206,-574.064819336,1.29368007183,0.0513507053256,100.000144958,40.0000114441,0.972220361233,0.000116415321827,0.000232830643654,0,0,10.1017307847,2.29766329567,77.7106569525,11.5623502661,167.785052327,153.882661834,5149.99963343,0.00139698386192,0,0,0,0
0.1600000076,2552.52514035,563.834153581,-75.1717147827,-591.259033203,1.85257220268,0.103516429663,99.9998703003,40.0000038147,0.972220122814,0.000116415321827,0.000232830643654,0,0,27.7938411666,7.36609406435,76.0894764994,11.186474377,167.785052327,153.912580572,5149.99963343,0.00139698386192,0,0,0,0
0.19200000912,2571.44425996,613.068754319,-81.7357940674,-607.09979248,2.45004677773,0.169885680079,100.000144958,40.0000190735,0.972220361233,0.000116415321827,0.000232830643654,0,0,60.3892740267,15.5825969928,74.5049787453,12.5369862475,167.785052327,148.083403474,5149.99963343,0.00139698386192,0,5.82918937653,0,0
0.224000010639,2591.70751087,649.202789646,-86.5532684326,-621.852966309,3.07559418678,0.246961832047,100.000144958,40.0000152588,0.972220361233,0.000116415321827,0.000232830643654,0,0,92.1186146673,21.2529050225,87.159894596,17.4982150697,155.690446263,128.344705445,5149.99916777,0.00139698386192,12.0946151583,25.5678878602,0,0
0.256000012159,2612.94399388,674.915034324,-89.9812850952,-635.693908691,3.72093772888,0.332007229328,100.000053406,40.0000114441,0.972220301628,0.000116415321827,0.000232830643654,0,0,105.92497026,24.1341577926,101.832278316,21.2729384055,134.4683551,110.679815407,5150.00056475,0.00139698386192,33.3166863129,43.232794269,0,0
0.288000013679,2634.85615142,692.230416462,-92.2898101807,-648.746704102,4.37928199768,0.422900259495,99.9998703003,40.0000038147,0.972220122814,0.000116415321827,0.000232830643654,0,0,111.628214343,25.1764998327,108.915672322,23.2258324917,119.190379337,98.0905242614,5149.99963343,0.00139698386192,48.5946475237,55.8220817766,0,0
0.320000015199,2657.20230527,702.682242263,-93.6832733154,-661.097167969,5.04484701157,0.518020510674,99.9995498657,39.9999809265,0.972219884396,0.000116415321827,0.000232830643654,0,0,113.385226259,25.1129936427,111.723048788,23.8458455495,109.479879029,89.7221107152,5150.00009909,0.00139698386192,58.3051732974,64.1904844088,0,0
0.352000016719,2679.78059128,707.294791937,-94.2982330322,-672.78302002,5.7126660347,0.616067409515,99.9996414185,39.9999847412,0.972220003605,0.000116415321827,0.000232830643654,0,0,112.945883551,24.3867926682,112.027915125,23.6160805934,103.779704659,84.4368769322,5150.00009909,0.00139698386192,64.0053549432,69.4757472957,0,0
0.384000018239,2702.42081024,706.971506588,-94.2551345825,-683.841186523,6.3784031868,0.716013967991,99.9996414185,39.9999847412,0.972220003605,0.000116415321827,0.000232830643654,0,0,110.934121717,23.2445840311,110.583856146,22.8548688102,101.006742625,81.4427621663,5149.99963343,0.00139698386192,66.7783388053,72.4698475096,0,0
0.416000019759,2724.97558035,702.364312019,-93.6408920288,-694.286254883,7.03821372986,0.817008435726,99.9995498657,39.9999809265,0.972219884396,0.000116415321827,0.000232830643654,0,0,100.20427113,20.4786312539,107.666065342,21.605664695,100.685698271,80.7880787761,5150.00103042,0.00139698386192,67.0993758831,73.1245163479,1,67.0993758831
0.448000021279,2747.31754325,693.967507686,-92.5214080811,-704.121704102,7.6886548996,0.918354511261,99.9997329712,39.9999885559,0.97222006321,0.000116415321827,0.000232830643654,0,0,68.0834847798,13.1578086979,105.242135882,20.3912644625,100.685698271,80.7880787761,5150.00056475,0.00139698386192,67.0993758831,73.1245163479,1,67.0993758831
0.480000022799,2769.33331043,682.22254049,-90.9555435181,-713.350891113,8.32663536072,1.01945638657,99.9997329712,39.9999961853,0.97222006321,0.000116415321827,0.000232830643654,0,0,29.6336381997,4.39449284328,102.991394469,19.3713455278,100.685698271,80.7880787761,5150.00009909,0.00139698386192,67.0993758831,73.1245163479,1,67.0993758831
0.512000024319,2790.92229903,667.535932735,-88.9974899292,-721.978637695,8.94937992096,1.11979711056,99.9998245239,39.9999885559,0.972220122814,0.000116415321827,0.000232830643654,0,0,5.07648532395,-0.758181196126,100.810934703,18.5102964469,105.946433905,89.6454585018,5150.00009909,0.00139698386192,67.0993758831,73.1245163479,1,67.0993758831
0.544000025839,2811.99486926,650.17392626,-86.6827392578,-729.996520996,9.55439662933,1.21891367435,99.999961853,40.0000038147,0.972220242023,0.000116415321827,0.000232830643654,0,0,3.28243659914,-1.16842874615,98.6828840258,17.6675978716,125.566803035,100.621015008,5150.00103042,0.00139698386192,67.0993758831,73.1245163479,1,67.0993758831
0.576000027359,2832.4695304,630.397058558,-84.046043396,-737.399169922,10.1394720078,1.31637907028,99.999961853,40.0000114441,0.972220242023,0.000116415321827,0.000232830643654,0,0,4.64177190204,-0.865206831848,96.6028182445,16.7727282652,138.738760143,106.47016461,5150.00149608,0.00139698386192,67.0993758831,73.1245163479,1,67.0993758831
0.608000028878,2852.27433778,608.447182458,-81.1196365356,-744.18371582,10.702624321,1.41181075573,99.999961853,40.0000114441,0.972220242023,0.000116415321827,0.000232830643654,0,0,5.58328825165,-0.647892524735,94.5686278114,15.885558876,147.862054291,110.662156658,5150.00009909,0.00139698386192,67.0993758831,73.1245163479,1,67.0993758831
0.640000030398,2871.34386599,584.607827477,-77.9413146973,-750.355773926,11.24214077,1.50483977795,99.9998703003,40.0000038147,0.972220122814,0.000116415321827,0.000232830643654,0,0,6.25131138484,-0.464647386428,92.5791700545,15.0458222747,154.335197294,114.19695511,5150.00009909,0.00139698386192,67.0993758831,73.1245163479,1,67.0993758831
0.672000031918,2889.61990736,558.999890927,-74.5271987915,-755.903015137,11.7565450668,1.59510719776,99.999961853,40.0000038147,0.972220242023,0.000116415321827,0.000232830643654,0,0,6.73646534899,-0.298045669964,90.63337555,14.2731160176,159.036339028,117.410701932,5150.00103042,0.00139698386192,67.0993758831,73.1245163479,1,67.0993758831
0.704000033438,2907.05100633,531.887577381,-70.9125213623,-760.835327148,12.2446069717,1.68226420879,99.999961853,40.0000038147,0.972220242023,0.000116415321827,0.000232830643654,0,0,7.097444843,-0.141346266173,88.7302554474,13.5749663573,162.534226547,120.43343304,5150.00056475,0.00139698386192,67.0993758831,73.1245163479,1,67.0993758831
0.736000034958,2923.59152809,503.46122589,-67.1226577759,-765.155822754,12.7053489685,1.76596701145,99.999961853,40.0000038147,0.972220242023,0.000116415321827,0.000232830643654,0,0,7.37256462728,0.00824917624691,86.8688868191,12.9518658878,165.200137417,123.319128761,5150.00056475,0.00139698386192,67.0993758831,73.1245163479,1,67.0993758831
0.768000036478,2939.20258991,473.871361464,-63.1776618958,-768.865478516,13.1379909515,1.84588062763,99.9998703003,40,0.972220122814,0.000116415321827,0.000232830643654,0,0,7.58706648961,0.151990274103,85.048427311,12.4004342048,167.278660228,126.091894344,5150.00056475,0.00139698386192,67.0993758831,73.1245163479,1,67.0993758831
0.800000037998,2953.84973288,443.312543212,-59.1034889221,-771.973266602,13.542011261,1.92165827751,99.9998245239,39.9999961853,0.972220122814,0.000116415321827,0.000232830643654,0,0,7.75779110695,0.290506570288,83.2679320213,11.9153031307,168.932980159,128.763873363,5150.00056475,0.00139698386192,67.0993758831,73.1245163479,1,67.0993758831
0.832000039518,2967.50548296,412.008637795,-54.929977417,-774.495605469,13.917098999,1.99296998978,99.999961853,40.0000038147,0.972220242023,0.000116415321827,0.000232830643654,0,0,7.89612399651,0.424172233277,81.5265512707,11.4902712897,170.273429831,131.342283566,5150.00009909,0.00139698386192,67.0993758831,73.1245163479,1,67.0993758831
0.864000041038,2980.14655709,379.99037886,-50.6612243652,-776.425170898,14.2631120682,2.0594792366,99.999961853,40.0000114441,0.972220242023,0.000116415321827,0.000232830643654,0,0,8.01012291817,0.553809502738,79.8234939788,11.1190173621,171.378080267,133.842986543,5150.00056475,0.00139698386192,67.0993758831,73.1245163479,1,67.0993758831
0.896000042558,2991.75432883,347.463297658,-46.3246383667,-777.780273438,14.5801610947,2.12084007263,100.000053406,40.0000038147,0.972220301628,0.000116415321827,0.000232830643654,0,0,8.11962165349,0.72271436009,78.1580056891,10.7966968951,172.439118614,137.101160362,5150.00056475,0.00139698386192,67.0993758831,73.1245163479,1,67.0993758831
0.928000044078,3002.31506117,314.575416269,-41.9399452209,-778.573852539,14.8684597015,2.17672538757,99.9998245239,40,0.972220122814,0.000116415321827,0.000232830643654,0,0,8.23775360488,0.953379925771,76.5292660217,10.5215418601,173.583815922,141.550699482,5150.00056475,0.00139698386192,67.0993758831,73.1245163479,1,67.0993758831
0.960000045598,3011.81920804,281.463231659,-37.525352478,-778.819458008,15.1283941269,2.226821661,99.9998245239,39.9999961853,0.972220122814,0.000116415321827,0.000232830643654,0,0,8.35556509539,1.18287168904,74.9364692464,10.2902689066,174.725413672,145.977595821,5150.00009909,0.00139698386192,67.0993758831,73.1245163479,1,67.0993758831
0.992000047117,3020.25978453,248.167634709,-33.0863037109,-778.519104004,15.360490799,2.27079463005,99.9997329712,39.9999885559,0.97222006321,0.000116415321827,0.000232830643654,0,0,13.5619116967,2.63388810243,73.3790879761,10.0983247433,175.111796125,148.509469,5150.00056475,0.00139698386192,67.0993758831,73.1245163479,1,67.0993758831
1.02400004864,3027.63562649,215.147534618,-28.6839828491,-777.733398438,15.5653476715,2.30836892128,99.9995498657,39.9999809265,0.972219884396,0.000116415321827,0.000232830643654,0,0,36.0868248305,8.38782360301,71.85634578,9.94508859172,175.111796125,148.509469,5150.00009909,0.00139698386192,67.0993758831,73.1245163479,1,67.0993758831
1.05600005016,3033.99469703,184.526434168,-24.6015052795,-776.768981934,15.7443504333,2.33976387978,99.9998703003,39.9997825623,0.972220122814,0.000116415321827,0.000232830643654,0,0,73.2844806,15.9019499921,71.4624169563,12.5567815737,174.506174517,138.776042149,5150.00009909,0.00139698386192,67.7049902151,82.8579286463,1,67.0993758831
1.08800005168,3039.40149024,155.40435561,-20.7188796997,-775.537475586,15.8990936279,2.36540460587,100.006340027,39.9944076538,0.972224891186,0.000116415321827,0.000232830643654,0,0,97.6983403096,20.6631324844,92.4549850549,17.2861798405,152.363951202,119.932949019,5149.99963343,0.00139698386192,89.8472280824,101.70105088,1,67.0993758831
1.1200000532,3043.88720542,126.807237393,-16.906244278,-773.924316406,16.0306873322,2.38533520699,100.00983429,39.9915008545,0.972227394581,0.000116415321827,0.000232830643654,0,0,108.874426261,23.012068605,105.005441646,20.5272607344,131.49130973,104.387938336,5150.00009909,0.00139698386192,110.71987683,117.246061563,1,67.0993758831
1.15200005472,3047.46022448,98.2686397037,-13.1014099121,-771.871459961,16.1398792267,2.3993909359,100.011421204,39.9901809692,0.972228586674,0.000116415321827,0.000232830643654,0,0,113.378560673,23.7966905132,110.889462289,22.1213320284,117.295283417,93.5219431994,5150.00056475,0.00139698386192,124.915910419,128.112049424,1,67.0993758831
1.18400005624,3050.11915043,69.6109782439,-9.28070163727,-769.354492188,16.227273941,2.40728831291,100.012321472,39.9895477295,0.972229242325,0.000116415321827,0.000232830643654,0,0,114.54201312,23.6380257543,113.044739323,22.5617936029,108.462161734,86.3700333866,5150.00056475,0.00139698386192,133.749010274,135.263981065,1,67.0993758831
1.21600005776,3051.85606703,40.698399971,-5.42600774765,-766.35144043,16.2933769226,2.40869545937,100.012733459,39.9892349243,0.972229540348,0.000116415321827,0.000232830643654,0,0,113.717106532,22.9053001964,112.923857817,22.2688722168,103.408950963,81.9314955152,5150.00103042,0.00139698386192,138.802206493,139.702504384,1,67.0993758831
1.24800005928,3052.66235955,11.4372778626,-1.5248452425,-762.84564209,16.3385715485,2.40330266953,100.012825012,39.9890975952,0.972229599953,0.000116415321827,0.000232830643654,0,0,111.3449782,21.7935664732,111.120897304,21.5096894088,101.160920167,79.547848145,5150.00009909,0.00139698386192,141.050230013,142.086166306,1,67.0993758831
1.2800000608,3052.52755061,-18.1294963113,2.41706776619,-758.837646484,16.3631820679,2.39080071449,100.012458801,39.989112854,0.972229301929,0.000116415321827,0.000232830643654,0,0,95.6973020122,18.2591118856,108.144434692,20.3111419181,101.104677015,79.3127110228,5150.00056475,0.00139698386192,141.106458614,142.321310705,2,74.0071409382
1.31200006232,3051.43976584,-48.0227718072,6.40251064301,-754.318847656,16.3674201965,2.37090849876,100.012550354,39.9891319275,0.972229361534,0.000116415321827,0.000232830643654,0,0,60.2849246399,10.6006096304,105.755671693,19.2458951655,101.104677015,79.3127110228,5150.00149608,0.00186264514923,141.106458614,142.321310705,2,74.0071409382
1.34400006384,3049.38713089,-78.4099247539,10.4537982941,-749.261047363,16.3512516022,2.34343194962,100.012229919,39.9891281128,0.97222918272,0.000116415321827,0.000232830643654,0,0,22.728365505,2.59897343193,103.50205895,18.3512526286,101.104677015,79.9327317509,5150.00103042,0.00186264514923,141.106458614,142.321310705,2,74.0071409382
1.37600006536,3046.35427892,-109.296306618,14.571644783,-743.65612793,16.3142871857,2.3082857132,100.012367249,39.9891357422,0.972229242325,0.000116415321827,0.000232830643654,0,0,3.04570459458,-1.3100795503,101.312867999,17.5864681644,110.394328658,91.5751879802,5150.00149608,0.00186264514923,141.106458614,142.321310705,2,74.0071409382
1.40800006688,3042.32630879,-140.586591442,18.7433395386,-737.509338379,16.2559909821,2.26544094086,100.012458801,39.9891624451,0.972229301929,0.000116415321827,0.000232830643654,0,0,3.58037548696,-1.14136021691,99.1750386867,16.7966712708,128.453830257,101.14316683,5150.00056475,0.00186264514923,141.106458614,142.321310705,2,74.0071409382
1.4400000684,3037.28831932,-172.359985299,22.9794445038,-730.802978516,16.1757221222,2.21492242813,100.012550354,39.9891815186,0.972229361534,0.000116415321827,0.000232830643654,0,0,4.8043659691,-0.86238580329,97.0850917232,15.9593491134,140.314296004,106.524581497,5150.00009909,0.00186264514923,141.106458614,142.321310705,2,74.0071409382
1.47200006992,3031.22634068,-204.541982384,27.2700252533,-723.540039062,16.0726909637,2.15682029724,100.012550354,39.9891967773,0.972229361534,0.000116415321827,0.000232830643654,0,0,5.65506736819,-0.65214647122,95.0412032283,15.1336779979,148.557592183,110.580098408,5150.00056475,0.00186264514923,141.106458614,142.321310705,2,74.0071409382
1.50400007144,3024.12640303,-237.235915847,31.6288585663,-715.699890137,15.945892334,2.09132146835,100.012550354,39.989200592,0.972229361534,0.000116415321827,0.000232830643654,0,0,6.25995101012,-0.470679747725,93.0421426322,14.3546577459,154.418914462,114.08059072,5149.99963343,0.00186264514923,141.106458614,142.321310705,2,74.0071409382
1.53600007296,3015.97290672,-270.392483799,36.0493736267,-707.281433105,15.7941188812,2.01866459846,100.012550354,39.9892158508,0.972229361534,0.000116415321827,0.000232830643654,0,0,6.70023266868,-0.303927529098,91.0869137596,13.6393194796,158.685244969,117.297240649,5150.00009909,0.00186264514923,141.106458614,142.321310705,2,74.0071409382
1.56800007448,3006.74862228,-304.133223835,40.5477676392,-698.260070801,15.6158723831,1.93919444084,100.012550354,39.9892196655,0.972229361534,0.000116415321827,0.000232830643654,0,0,7.02857459564,-0.146353052514,89.1746449566,12.9938865494,161.866875715,120.336851978,5150.00009909,0.00186264514923,141.106458614,142.321310705,2,74.0071409382
1.600000076,2996.43422477,-338.492507581,45.1286315918,-688.621704102,15.4092922211,1.85336875916,100.012550354,39.9892311096,0.972229361534,0.000116415321827,0.000232830643654,0,0,7.27937048364,0.00437696313609,87.304376672,12.418380014,164.297089214,123.24443378,5150.00056475,0.00186264514923,141.106458614,142.321310705,2,74.0071409382
1.63200007752,2985.00736244,-373.636430595,49.8141021729,-678.333251953,15.1721191406,1.76174199581,100.012550354,39.9892425537,0.972229361534,0.000116415321827,0.000232830643654,0,0,7.47530942069,0.149333367296,85.475200628,11.909366364,166.195735801,126.040642499,5150.00056475,0.00186264514923,141.106458614,142.321310705,2,74.0071409382
1.66400007904,2972.44079411,-409.680884331,54.6196365356,-667.365966797,14.9015626907,1.66503190994,100.012458801,39.9892463684,0.972229301929,0.000116415321827,0.000232830643654,0,0,7.6315391347,0.289072507857,83.6861719228,11.4617713304,167.709600646,128.736210172,5150.00103042,0.00186264514923,141.106458614,142.321310705,2,74.0071409382
1.69600008056,2958.70215632,-446.872378234,59.5780944824,-655.670959473,14.5942411423,1.56410348415,100.012367249,39.9892501831,0.972229242325,0.000116415321827,0.000232830643654,0,0,7.7583194096,0.423936093668,81.936455527,11.0697552003,168.938102433,131.337728817,5150.00009909,0.00186264514923,141.106458614,142.321310705,2,74.0071409382
1.72800008208,2943.75116937,-485.433934955,64.7192153931,-643.198913574,14.2459993362,1.46002352238,100.012367249,39.9892654419,0.972229242325,0.000116415321827,0.000232830643654,0,0,7.86395063992,0.557499895878,80.2252090863,10.7274773454,169.961669599,133.914174512,5150.00009909,0.00186264514923,141.106458614,142.321310705,2,74.0071409382
1.7600000836,2927.53870599,-525.666517206,70.083114624,-629.885498047,13.8517465591,1.35408496857,100.012138367,39.9892616272,0.972229063511,0.000116415321827,0.000232830643654,0,0,7.97093513076,0.744427530253,78.5517074434,10.4311746392,170.99834804,137.520008138,5150.00056475,0.00186264514923,141.106458614,142.321310705,2,74.0071409382
1.79200008512,2910.00283323,-568.057701457,75.7348098755,-615.635437012,13.405295372,1.24784135818,100.012138367,39.9892654419,0.972229063511,0.000116415321827,0.000232830643654,0,0,8.08579288757,0.982027411541,76.9151009192,10.1793958519,172.111322172,142.103308463,5150.00009909,0.00186264514923,141.106458614,142.321310705,2,74.0071409382
1.82400008664,2891.06694981,-613.090815023,81.7387313843,-600.346618652,12.8990926743,1.1431607008,100.012138367,39.989276886,0.972229063511,0.000116415321827,0.000232830643654,0,0,8.19796609783,1.20644227334,75.3147522544,9.96849596988,173.19827748,146.432270412,5150.00056475,0.00186264514923,141.106458614,142.321310705,2,74.0071409382
1.85600008816,2870.63722499,-661.319936626,88.1687545776,-583.899230957,12.3240346909,1.04227566719,100.012138367,39.989276886,0.972229063511,0.000116415321827,0.000232830643654,0,0,16.6322345537,3.46953424946,73.7498996677,9.79497281347,173.343898496,148.13488815,5150.00056475,0.00186264514923,141.106458614,142.321310705,2,74.0071409382
1.88800008968,2848.6023657,-713.271496352,95.0950622559,-566.168518066,11.6693763733,0.947798132896,100.012046814,39.9892845154,0.972229003906,0.000116415321827,0.000232830643654,0,0,42.3213967124,10.0874180862,72.2198692756,9.69538639091,173.343898496,148.004211951,5150.00009909,0.00186264514923,141.106458614,142.451986903,2,74.0071409382
1.9200000912,2824.83780757,-768.978439737,102.522041321,-547.088989258,10.9232501984,0.862611174583,100.022239685,39.9809608459,0.972236454487,0.000116415321827,0.000232830643654,0,0,79.5752851257,16.9941282768,75.638091787,13.4468964562,170.048879227,134.069472551,5150.00103042,0.00186264514923,144.401477883,156.386740855,2,74.0071409382
1.95200009272,2799.27114025,-825.400173198,110.044326782,-527.030517578,10.0777196884,0.788801670074,100.072799683,39.9400520325,0.972273230553,0.000116415321827,0.000232830643654,0,0,100.432043735,21.119529205,95.4620361161,17.938174894,146.930804476,115.589878988,5150.00056475,0.00186264514923,167.519523529,174.866348971,2,74.0071409382
1.98400009423,2771.90003544,-881.755491719,117.557746887,-506.096191406,9.13259506226,0.726421415806,100.097663879,39.9201278687,0.972291350365,0.000116415321827,0.000465661287308,0,0,109.794548184,23.0417268015,106.270254953,20.7652661132,127.619394334,101.190264104,5150.00009909,0.00186264514923,186.83091912,189.265949302,2,74.0071409382
2.01600009575,2742.77804419,-929.619942326,123.939155579,-485.435333252,8.0899438858,0.675490319729,100.10912323,39.9109420776,0.97229963541,0.000116415321827,0.000465661287308,0,0,113.400740228,23.5699690198,111.165424886,22.0518341355,114.787864732,91.2942050491,5150.00009909,0.00186264514923,199.662419618,199.161979253,2,74.0071409382
2.04800009727,2713.08422089,-917.295925319,122.296089172,-472.518554688,7.00102233887,0.634313642979,100.114707947,39.9064064026,0.972303688526,0.000116415321827,0.000465661287308,0,0,114.071320182,23.2605484765,112.749424552,22.2971020734,106.911917101,84.8480485729,5150.00149608,0.00186264514923,207.538410905,205.608143006,2,74.0071409382
2.08000009879,2684.59925428,-861.407956108,114.844970703,-466.002563477,5.96049356461,0.593117952347,100.11756134,39.9041748047,0.972305774689,0.000116415321827,0.000465661287308,0,0,112.905985256,22.437498731,112.242232035,21.88504432,102.537829662,80.9228949947,5150.00149608,0.00186264514923,211.912483792,209.533274756,2,74.0071409382
2.11200010031,2658.32035802,-783.513707574,104.459922791,-463.502197266,5.02451848984,0.545122385025,100.118507385,39.9034957886,0.972306489944,0.000116415321827,0.000465661287308,0,0,109.742483363,21.1527545888,109.954068116,21.0312321614,100.938821561,79.0073900134,5150.00056475,0.00186264514923,213.511520997,211.448787013,3,72.4051424186
2.14400010183,2634.7131934,-696.649716701,92.8790054321,-463.507781982,4.2112660408,0.490528762341,100.118232727,39.9037590027,0.972306251526,0.000116415321827,0.000465661287308,0,0,88.9461252199,16.6667472747,107.203979068,19.8216333484,100.938821561,78.9857003838,5150.00196174,0.00186264514923,213.511520997,211.470469367,3,72.4051424186
2.17600010335,2613.91489767,-609.133858234,81.2111816406,-464.977508545,3.51747488976,0.432966351509,100.118141174,39.9038887024,0.972306191921,0.000116415321827,0.000465661287308,0,0,51.5222204078,8.62373774562,104.868833752,18.8004179205,100.938821561,78.9857003838,5150.00056475,0.00186264514923,213.511520997,211.470469367,3,72.4051424186
2.20800010487,2595.85259482,-525.943934917,70.1201019287,-467.21206665,2.93069529533,0.376419365406,100.118003845,39.9039802551,0.972306132317,0.000116415321827,0.000465661287308,0,0,16.2408163121,1.41272820545,102.641172846,17.9427327633,100.938821561,81.4167869976,5150.00056475,0.00186264514923,213.511520997,211.470469367,3,72.4051424186
2.24000010639,2580.33885621,-449.712650152,59.9567642212,-469.76852417,2.4368584156,0.323624372482,100.117736816,39.9040603638,0.972305893898,0.000116415321827,0.000465661287308,0,0,2.21957819575,-1.48600856675,100.47297483,17.1922426855,114.557762572,94.1528851399,5150.00196174,0.00186264514923,213.511520997,211.470469367,3,72.4051424186
2.27200010791,2567.12757982,-381.641555578,50.881362915,-472.365966797,2.02295446396,0.275897294283,100.117652893,39.9041442871,0.972305834293,0.000116415321827,0.000465661287308,0,0,3.81109175413,-1.07736795636,98.3548785827,16.393595578,130.689470097,102.377576695,5150.00056475,0.00186264514923,213.511520997,211.470469367,3,72.4051424186
2.30400010943,2555.9514761,-321.982806781,42.9275169373,-474.839813232,1.67729222775,0.23365239799,100.117424011,39.9042243958,0.972305715084,0.000116415321827,0.000465661287308,0,0,4.92411487452,-0.817963230207,96.2839175528,15.5626203772,141.474665725,107.381492853,5150.00103042,0.00186264514923,213.511520997,211.470469367,3,72.4051424186
2.33600011095,2546.54535092,-270.406919299,36.0512962341,-477.103912354,1.38946270943,0.196815595031,100.11756134,39.9043312073,0.972305774689,0.000116415321827,0.000465661287308,0,0,5.70190547237,-0.614647913215,94.2585681775,14.7531920503,149.011451867,111.30344501,5150.00056475,0.00186264514923,213.511520997,211.470469367,3,72.4051424186
2.36800011247,2538.6614725,-226.276475587,30.1677207947,-479.121765137,1.15029454231,0.165068805218,100.117515564,39.9044189453,0.972305774689,0.000116415321827,0.000465661287308,0,0,6.25784420874,-0.435939585343,92.2776584857,13.9950841596,154.398498125,114.750728244,5149.99963343,0.00186264514923,213.511520997,211.470469367,3,72.4051424186
2.40000011399,2532.07422793,-188.811653061,25.1728210449,-480.88671875,0.951856911182,0.137962937355,100.117424011,39.904499054,0.972305715084,0.000116415321827,0.000465661287308,0,0,6.6647407108,-0.270376648539,90.3401410279,13.3021818172,158.341325005,117.944437079,5150.00009909,0.00186264514923,213.511520997,211.470469367,3,72.4051424186
2.43200011551,2526.58408135,-157.202361152,20.9585952759,-482.408966064,0.787378847599,0.114993624389,100.117332458,39.9045791626,0.972305595875,0.000116415321827,0.000465661287308,0,0,6.96986982513,-0.113374373451,88.445092877,12.6789485854,161.298026796,120.97301078,5150.00103042,0.00186264514923,213.511520997,211.470469367,3,72.4051424186
2.46400011703,2522.01734111,-130.654399982,17.4191570282,-483.70916748,0.651144385338,0.095646739006,100.117195129,39.9046630859,0.97230553627,0.000116415321827,0.000465661287308,0,0,7.20417388074,0.0370331529574,86.5916716785,12.1244093474,163.568431162,123.874371639,5150.00103042,0.00186264514923,213.511520997,211.470469367,3,72.4051424186
2.49600011855,2518.22452992,-108.438747702,14.4573135376,-484.811279297,0.53837043047,0.0794243365526,100.117103577,39.9047355652,0.972305476665,0.000116415321827,0.000465661287308,0,0,7.38812712314,0.181770031133,84.7789032315,11.6346947672,165.350938914,126.66634575,5150.00009909,0.00186264514923,213.511520997,211.470469367,3,72.4051424186
2.52800012007,2515.07852226,-89.909080998,11.9868936539,-485.739105225,0.445059776306,0.0658687651157,100.116920471,39.9048118591,0.972305297852,0.000116415321827,0.000465661287308,0,0,7.53542742367,0.321328869531,83.0059891305,11.2044934344,166.778278071,129.358435515,5150.00056475,0.00186264514923,213.511520997,211.470469367,3,72.4051424186
2.56000012159,2512.47128472,-74.4803255657,9.929895401,-486.517700195,0.367873489857,0.0545751452446,100.116828918,39.9048805237,0.972305238247,0.000116415321827,0.000465661287308,0,0,7.65539424249,0.456031795714,81.2720357475,10.8280050073,167.940757819,131.956854602,5150.00103042,0.00186264514923,213.511520997,211.470469367,3,72.4051424186
2.59200012311,2510.31224616,-61.6610777797,8.22080230713,-487.168151855,0.304050862789,0.0451828166842,100.116691589,39.9049568176,0.972305178642,0.000116415321827,0.000465661287308,0,0,7.75776638568,0.595541577846,79.5762300275,10.4995857119,168.932747329,134.647998493,5149.99963343,0.00186264514923,213.511520997,211.470469367,3,72.4051424186
2.62400012463,2508.52527097,-51.0192876391,6.80201339722,-487.710723877,0.251287311316,0.0373844392598,100.116600037,39.9050292969,0.972305119038,0.000116415321827,0.000465661287308,0,0,7.86560604926,0.79889197386,77.9177882147,10.2163019579,169.977705809,138.570627314,5150.00009909,0.00186264514923,213.511520997,211.470469367,3,72.4051424186
2.65600012615,2507.04679638,-42.1986187575,5.62602090836,-488.161773682,0.207670167089,0.0309201534837,100.116691589,39.9051055908,0.972305178642,0.000116415321827,0.000465661287308,0,0,7.9796361014,1.03936072394,76.2959045788,9.97652122587,171.082661836,143.209268572,5150.00009909,0.00186264514923,213.511520997,211.470469367,3,72.4051424186
2.68800012767,2505.8244355,-34.8905559804,4.65169239044,-488.536712646,0.171626508236,0.0255639087409,100.116508484,39.9051780701,0.972304999828,0.000116415321827,0.000465661287308,0,0,8.34997992008,1.32501256943,74.7099638351,9.7760125167,172.067098902,147.375787492,5150.00056475,0.00186264514923,213.511520997,211.470469367,3,72.4051424186
2.72000012919,2504.81371768,-28.8415503746,3.84522438049,-488.847625732,0.141842260957,0.0211305208504,100.116371155,39.9052391052,0.972304940224,0.000116415321827,0.000465661287308,0,0,20.4960075584,4.54902319903,73.1592481512,9.61259028717,172.067098902,148.283244926,5150.00056475,0.00186264514923,213.511520997,211.470469367,3,72.4051424186
2.75200013071,2503.97855416,-23.8381689996,3.17816162109,-489.105163574,0.11723356694,0.0174616202712,100.116203308,39.9053115845,0.972304821014,0.000116415321827,0.000465661287308,0,0,49.2132979481,11.779492726,71.6430543442,9.99654270595,172.067098902,146.503210999,5150.00009909,0.00186264514923,213.511520997,213.250503293,3,72.4051424186
2.78400013223,2503.2882113,-19.6977198357,2.62614703178,-489.318664551,0.0969014763832,0.0144275873899,100.162757874,39.8693580627,0.972338557243,0.000116415321827,0.000465661287308,0,0,84.7181731483,18.0531141394,79.8840262919,14.4456677198,164.579323609,129.76238213,5150.00056475,0.00186264514923,220.999296289,229.991332162,3,72.4051424186
2.81600013375,2502.71754339,-16.2782853295,2.17025995255,-489.494750977,0.0801047235727,0.0119184181094,100.258522034,39.7957458496,0.972407877445,0.000116415321827,0.000465661287308,0,0,102.353732257,21.6127130031,97.6997979488,18.6257960411,141.575597809,111.90330406,5150.00103042,0.00186264514923,244.003036642,247.850402957,3,72.4051424186
2.84800013527,2502.24629417,-13.4481470013,1.79293906689,-489.641021729,0.0662259235978,0.0098452726379,100.303108215,39.761554718,0.972440063953,0.000116415321827,0.000465661287308,0,0,110.075359811,23.1623702506,106.884668186,21.0703759998,123.854784761,98.5549995676,5150.00056475,0.00232830643654,261.723907897,261.198729277,3,72.4051424186
2.88000013679,2501.85700133,-11.1118833956,1.48146283627,-489.76159668,0.0547586642206,0.0081324307248,100.323936462,39.7455215454,0.972455084324,0.000116415321827,0.000465661287308,0,0,112.881110167,23.4649549056,110.885353065,22.083823456,112.321824417,89.5082848729,5150.00149608,0.00232830643654,273.256824585,270.245451247,3,72.4051424186
2.91200013831,2501.53522938,-9.179270819,1.22380232811,-489.861480713,0.0452859587967,0.00671727117151,100.334541321,39.7375411987,0.972462773323,0.000116415321827,0.000465661287308,0,0,113.102327058,23.018847726,111.946822042,22.1546654534,105.350285594,83.6791659822,5150.00056475,0.00232830643654,280.228327028,276.074541034,3,72.4051424186
2.94400013983,2501.26933679,-7.58578380555,1.01135480404,-489.943572998,0.0374554656446,0.00554916402325,100.339164734,39.7336578369,0.972466051579,0.000116415321827,0.000465661287308,0,0,111.618604179,22.1093101675,111.079519396,21.6328342839,101.624973468,80.2115755505,5150.00056475,0.00232830643654,283.953646431,279.542116914,3,72.4051424186
2.97600014135,2501.04977749,-6.26753535471,0.83560281992,-490.011657715,0.0309818889946,0.00458543375134,100.339836121,39.733039856,0.97246658802,0.000116415321827,0.000465661287308,0,0,106.590730481,20.5284913042,108.46532041,20.6541009813,100.605357147,78.8462202763,5150.00056475,0.00232830643654,284.973240923,280.907435808,4,71.4617563062
3.00800014287,2500.86816959,-5.17906028108,0.690484702587,-490.067718506,0.0256360266358,0.00378812337294,100.339256287,39.7335166931,0.972466170788,0.000116415321827,0.000465661287308,0,0,81.1348272179,15.0409009112,105.893854424,19.4807508716,100.605357147,78.8462202763,5150.00056475,0.00232830643654,284.973240923,280.907435808,4,71.4617563062
3.04000014439,2500.71799383,-4.27998475061,0.570617794991,-490.113952637,0.0212195832282,0.00312878168188,100.338981628,39.7337799072,0.972465932369,0.000116415321827,0.000465661287308,0,0,42.7515138097,6.76651771237,103.6099389,18.4953116962,100.605357147,78.8462202763,5150.00103042,0.00232830643654,284.973240923,280.907435808,4,71.4617563062
3.07200014591,2500.59412792,-3.53658060703,0.471505373716,-490.15234375,0.0175682641566,0.00258454075083,100.338752747,39.7339935303,0.97246581316,0.000116415321827,0.000465661287308,0,0,10.7601075876,0.428395163727,101.414536502,17.6676674574,100.817036582,83.7283369037,5150.00103042,0.00232830643654,284.973240923,280.907435808,4,71.4617563062
3.10400014743,2500.49168244,-2.92302274829,0.389704376459,-490.183898926,0.0145491110161,0.00213551567867,100.338432312,39.7341918945,0.972465574741,0.000116415321827,0.000465661287308,0,0,2.52548763232,-1.3856569294,99.2749272581,16.9165950563,118.231975648,96.4306818787,5150.00009909,0.00232830643654,284.973240923,280.907435808,4,71.4617563062
3.13600014895,2500.40716492,-2.4155428946,0.322045952082,-490.210113525,0.0120522845536,0.00176490889862,100.33807373,39.7343902588,0.972465276718,0.000116415321827,0.000465661287308,0,0,4.02620775684,-1.01407578838,97.1842404877,16.1061055461,132.773944642,103.598482383,5150.00056475,0.00232830643654,284.973240923,280.907435808,4,71.4617563062
3.16800015047,2500.33708289,-1.99755550057,0.266318887472,-490.23147583,0.00998796522617,0.00145866232924,100.337944031,39.7345848083,0.972465217113,0.000116415321827,0.000465661287308,0,0,5.04793271749,-0.770603118148,95.139773332,15.2777883393,142.674456583,108.295069367,5150.00056475,0.00232830643654,284.973240923,280.907435808,4,71.4617563062
3.20000015199,2500.27934089,-1.65132189522,0.220158189535,-490.249328613,0.00828087236732,0.00120570149738,100.337760925,39.734790802,0.972465097904,0.000116415321827,0.000465661287308,0,0,5.76560622796,-0.573437502636,93.1402805716,14.4795990332,149.628715008,112.098394311,5150.00056475,0.00232830643654,284.973240923,280.907435808,4,71.4617563062
3.23200015351,2500.23137778,-1.36638607273,0.182169854641,-490.263793945,0.00686813052744,0.00099683587905,100.337440491,39.7349739075,0.972464859486,0.000116415321827,0.000465661287308,0,0,6.28130606525,-0.39750336453,91.1846195346,13.7369245384,154.625842697,115.492162877,5150.00056475,0.00232830643654,284.973240923,280.907435808,4,71.4617563062
3.26400015503,2500.19179657,-1.12959196485,0.150599896908,-490.275970459,0.00569893047214,0.000824427057523,100.337257385,39.735168457,0.972464680672,0.000116415321827,0.000465661287308,0,0,6.6608361239,-0.233414104272,89.2718086949,13.0610221878,158.303490025,118.657444546,5150.00056475,0.00232830643654,284.973240923,280.907435808,4,71.4617563062
3.29600015655,2500.15920028,-0.934843910727,0.124635621905,-490.285949707,0.00472913589329,0.000682943733409,100.336845398,39.7353439331,0.972464382648,0.000116415321827,0.000465661287308,0,0,6.94701318189,-0.0773574319823,87.4008958261,12.4547852854,161.076546647,121.667777421,5150.00056475,0.00232830643654,284.973240923,280.907435808,4,71.4617563062
3.32800015807,2500.13219193,-0.77456593317,0.103266984224,-490.294067383,0.00392711767927,0.000565292022657,100.336708069,39.735534668,0.972464323044,0.000116415321827,0.000465661287308,0,0,7.16792151497,0.072325888607,85.5710605483,11.9164284062,163.217147929,124.555168441,5150.00056475,0.00232830643654,284.973240923,280.907435808,4,71.4617563062
3.36000015959,2500.10960735,-0.639830545879,0.0853037387133,-490.300964355,0.00326563976705,0.000467102974653,100.336540222,39.7357215881,0.972464203835,0.000116415321827,0.000465661287308,0,0,7.34217806899,0.216435128415,83.7814092335,11.4416463872,164.905693964,127.335035359,5150.00009909,0.00232830643654,284.973240923,280.907435808,4,71.4617563062
3.39200016111,2500.09121373,-0.529130375071,0.0705449283123,-490.306671143,0.00271616945975,0.000387226958992,100.336265564,39.7358970642,0.972463965416,0.000116415321827,0.000465661287308,0,0,7.48229088983,0.35541838188,82.0310995272,11.0249822376,166.263387655,130.016022013,5150.00056475,0.00232830643654,284.973240923,280.907435808,4,71.4617563062
3.42400016263,2500.07584691,-0.437944407849,0.0583877936006,-490.311340332,0.00225860322826,0.000322264619172,100.336265564,39.7360801697,0.972463965416,0.000116415321827,0.000465661287308,0,0,7.59679751308,0.489577411559,80.3192085023,10.6606026537,167.372956639,132.603949169,5150.00103042,0.00232830643654,284.973240923,280.907435808,4,71.4617563062
3.45600016415,2500.06304123,-0.363134631698,0.0484139770269,-490.315032959,0.00187981151976,0.000268102157861,100.336036682,39.7362480164,0.972463846207,0.000116415321827,0.000465661287308,0,0,7.69813502544,0.638551605158,78.6450110015,10.3431394579,168.354919879,135.477661388,5150.00056475,0.00232830643654,284.973240923,280.907435808,4,71.4617563062
3.48800016567,2500.05233102,-0.302208690073,0.0402911864221,-490.317901611,0.00156902789604,0.000221836133278,100.335853577,39.7364196777,0.972463667393,0.000116415321827,0.000465661287308,0,0,7.80743965303,0.856094812897,77.0076353712,10.0704025292,169.414081029,139.674069942,5150.00056475,0.00232830643654,284.973240923,280.907435808,4,71.4617563062
3.52000016719,2500.04371628,-0.250190339557,0.0333559736609,-490.320587158,0.00131216202863,0.000182899646461,100.335624695,39.7365875244,0.972463548183,0.000116415321827,0.000465661287308,0,0,7.92080864016,1.09602873666,75.4064956259,9.84032352137,170.512619661,144.302393892,5150.00009909,0.00232830643654,284.973240923,280.907435808,4,71.4617563062
3.55200016871,2500.03649853,-0.208790623901,0.0278364643455,-490.322570801,0.00110058265273,0.000149757121108,100.335350037,39.7367401123,0.972463309765,0.000116415321827,0.000465661287308,0,0,9.35019600438,1.64973077055,73.8407494111,9.64831068788,171.254854649,148.122184328,5150.00103042,0.00232830643654,284.973240923,280.907435808,4,71.4617563062
3.58400017023,2500.03044493,-0.172106624063,0.0229456666857,-490.324493408,0.000922859704588,0.000123082558275,100.335090637,39.7369003296,0.972463130951,0.000116415321827,0.000465661287308,0,0,25.1476730033,5.8324223211,72.3097814421,9.49340173049,171.254854649,148.42566452,5150.00056475,0.00232830643654,284.973240923,280.907435808,4,71.4617563062
3.61600017175,2500.02532266,-0.142195773378,0.0189578812569,-490.32598877,0.000774250249378,0.000101990830444,100.335044861,39.7370643616,0.972463130951,0.000116415321827,0.000465661287308,0,0,56.776566555,13.350211578,70.8129984083,10.6938967077,171.254854649,143.787357956,5150.00056475,0.00232830643654,284.973240923,285.545713268,4,71.4617563062
3.64800017327,2500.02136454,-0.118513689529,0.0158005282283,-490.327178955,0.000648252374958,8.56053011375e-05,100.426002502,39.6728744507,0.972528576851,0.000116415321827,0.000465661287308,0,0,89.0510532675,19.0021745959,83.9150652254,15.4386606159,158.877650392,125.573671539,5150.00056475,0.00232830643654,297.350459732,303.759385133,4,71.4617563062
3.68000017479,2500.01787208,-0.0980400471917,0.0130709335208,-490.328216553,0.000539924250916,7.3348848673e-05,100.529594421,39.5998802185,0.972602844238,0.000116415321827,0.000465661287308,0,0,103.881748323,22.0469210125,99.5628586105,19.2591640771,136.644914164,108.545442345,5150.00103042,0.00232830643654,319.583225064,320.78762888,4,71.4617563062
3.71200017631,2500.01507811,-0.080399203739,0.0107190143317,-490.329193115,0.00045286398381,6.24906242592e-05,100.576896667,39.5665817261,0.972636640072,0.000116415321827,0.000465661287308,0,0,110.192688779,23.2665438417,107.311587999,21.3466737068,120.463555504,96.2088888627,5150.00103042,0.00232830643654,335.764576448,333.124160534,4,71.4617563062
3.74400017783,2500.01251698,-0.0663979093929,0.00885232817382,-490.329803467,0.000384780025342,5.20680732734e-05,100.599449158,39.5507011414,0.972652733326,0.000116415321827,0.000465661287308,0,0,112.303943645,23.3702578004,110.52649548,22.115067476,110.120068712,87.9465951584,5150.00056475,0.00232830643654,346.108136,341.38650517,4,71.4617563062
3.77600017935,2500.01065433,-0.0553507426559,0.00737949321046,-490.330352783,0.000328251189785,4.34392095485e-05,100.610908508,39.5427589417,0.972660958767,0.000116415321827,0.000465661287308,0,0,112.117439076,22.8027783522,111.115271843,22.0306837176,103.97623555,82.6866016723,5150.00009909,0.00232830643654,352.25195461,346.646411344,4,71.4617563062
3.80800018087,2500.00925735,-0.0463888412128,0.00618467107415,-490.330871582,0.000278286926914,3.73789443984e-05,100.616081238,39.5390586853,0.972664654255,0.000116415321827,0.000465661287308,0,0,110.329897309,21.8147645025,109.908844677,21.4104033038,100.856501376,79.6480890131,5150.00056475,0.00232830643654,355.371710612,349.684880348,4,71.4617563062
3.84000018239,2500.00786036,-0.0392186230158,0.00522872060537,-490.33114624,0.000233563419897,3.33785465045e-05,100.616172791,39.5391464233,0.97266471386,0.000116415321827,0.000465661287308,0,0,102.309702763,19.7087798454,107.102413112,20.3274451363,100.296616438,78.7728931755,5150.00056475,0.00232830643654,355.931639206,350.560061634,5,70.9582964191
3.87200018391,2500.00669621,-0.0334056622364,0.00445372285321,-490.331329346,0.000193935542484,3.06749061565e-05,100.615394592,39.5396690369,0.972664117813,0.000116415321827,0.000465661287308,0,0,72.8553999647,13.3302367937,104.652861432,19.1953227765,100.296616438,78.7728931755,5150.00196174,0.00232830643654,355.931639206,350.560061634,5,70.9582964191
3.90400018543,2500.00553206,-0.0285368439989,0.00380460033193,-490.331420898,0.000159314251505,2.86779195449e-05,100.614990234,39.5399894714,0.97266381979,0.000116415321827,0.000465661287308,0,0,34.4246766587,5.00778583645,102.411510438,18.2445135192,100.296616438,78.7728931755,5150.00056475,0.00232830643654,355.931639206,350.560061634,5,70.9582964191
3.93600018695,2500.00483356,-0.0233994832399,0.00311967497692,-490.331787109,0.000131283915835,2.66332208412e-05,100.614585876,39.5402641296,0.972663581371,0.000116415321827,0.000465661287308,0,0,6.84233646718,-0.39874566546,100.245729612,17.4448262874,102.716512629,86.4806352183,5150.0024274,0.00232830643654,355.931639206,350.560061634,5,70.9582964191
3.96800018847,2500.00413507,-0.0190068778494,0.00253404234536,-490.332000732,0.000111407745862,2.37184704019e-05,100.614219666,39.5405426025,0.972663283348,0.000116415321827,0.000465661287308,0,0,2.86549044393,-1.28558935773,98.1330024578,16.6843689606,121.526594739,98.3609861578,5150.00149608,0.00279396772385,355.931639206,350.560061634,5,70.9582964191
4.00000018999,2500.00343658,-0.015324214786,0.00204306095839,-490.33215332,9.75348521024e-05,2.04344141821e-05,100.613807678,39.5408096313,0.972662985325,0.000116415321827,0.000465661287308,0,0,4.23476735888,-0.954966607695,96.0679159336,15.8645000182,134.794885525,104.738697701,5150.0024274,0.00279396772385,355.931639206,350.560061634,5,70.9582964191
4.03200019151,2500.00320375,-0.0123318955048,0.00164411775768,-490.332427979,8.69253781275e-05,1.7561691493e-05,100.613670349,39.5410842896,0.97266292572,0.000116415321827,0.000465661287308,0,0,5.17689029515,-0.724653720655,94.0485289618,15.0398900861,143.924058648,109.1814338,5150.00103042,0.00279396772385,355.931639206,350.560061634,5,70.9582964191
4.06400019303,2500.00273809,-0.00993677318206,0.00132479437161,-490.332550049,7.80019618105e-05,1.54083681991e-05,100.61341095,39.5413475037,0.972662746906,0.000116415321827,0.000465661287308,0,0,5.84197022407,-0.532931247613,92.0735084253,14.2526962505,150.368679897,112.879759399,5150.00103042,0.00279396772385,355.931639206,350.560061634,5,70.9582964191
4.09600019455,2500.00273809,-0.00798515387146,0.0010645998409,-490.332794189,7.03370315023e-05,1.38675759445e-05,100.613090515,39.541595459,0.972662508488,0.000116415321827,0.000465661287308,0,0,6.32239189666,-0.359671040798,90.1417409513,13.5245093342,155.023968546,116.221948701,5150.00196174,0.00279396772385,355.931639206,350.560061634,5,70.9582964191
4.12800019607,2500.00227243,-0.00649754250404,0.000866267888341,-490.332763672,6.39112768113e-05,1.27139428514e-05,100.61290741,39.5418586731,0.972662389278,0.000116415321827,0.000465661287308,0,0,6.67788830504,-0.197165572593,88.2523182622,12.8642509681,158.468727022,119.356678624,5150.00196174,0.00279396772385,355.931639206,350.560061634,5,70.9582964191
4.16000019759,2500.0020396,-0.00525972243537,0.00070123875048,-490.332824707,5.87231370446e-05,1.17760837384e-05,100.612495422,39.5421028137,0.972662091255,0.000116415321827,0.000465661287308,0,0,6.94738583211,-0.0422427309488,86.4042881313,12.2735793083,161.080155522,122.345139971,5150.00149608,0.00279396772385,355.931639206,350.560061634,5,70.9582964191
4.19200019911,2500.0020396,-0.00423800150529,0.000565020483918,-490.332946777,5.46017654415e-05,1.09890379463e-05,100.612129211,39.5423469543,0.972661793232,0.000116415321827,0.000465661287308,0,0,7.15646320737,0.106504414687,84.5968375037,11.7499846884,163.106116815,125.214472064,5150.0024274,0.00279396772385,355.931639206,350.560061634,5,70.9582964191
4.22400020063,2500.0020396,-0.00343872952335,0.000458459631773,-490.333068848,5.13222366862e-05,1.03257434603e-05,100.611824036,39.5425872803,0.972661614418,0.000116415321827,0.000465661287308,0,0,7.32213278325,0.249776278775,82.8290361271,11.2888085227,164.711455,127.978186356,5150.00149608,0.00279396772385,355.931639206,350.560061634,5,70.9582964191
4.25600020215,2500.00180677,-0.00277683787075,0.000370214664144,-490.33303833,4.86952121719e-05,9.78011757979e-06,100.611412048,39.5428123474,0.972661316395,0.000116415321827,0.000465661287308,0,0,7.45586019219,0.387976491806,81.0999683991,10.8844363368,166.007273947,130.644068122,5150.00149608,0.00279396772385,355.931639206,350.560061634,5,70.9582964191
4.28800020367,2500.00157394,-0.00224282947769,0.000299019389786,-490.332977295,4.65936427645e-05,9.33480896492e-06,100.611045837,39.5430412292,0.972661018372,0.000116415321827,0.000465661287308,0,0,7.56552373596,0.521429448887,79.4090410092,10.5310220085,167.069913005,133.218374685,5150.00196174,0.00279396772385,355.931639206,350.560061634,5,70.9582964191
4.32000020519,2500.00157394,-0.00181205161986,0.000241587054916,-490.33303833,4.48594801128e-05,8.98737926036e-06,100.610908508,39.5432701111,0.972660958767,0.000116415321827,0.000465661287308,0,0,7.66743075308,0.683628605134,77.7552138331,10.2236597397,168.05739142,136.347196531,5150.00149608,0.00279396772385,355.931639206,350.560061634,5,70.9582964191
4.35200020671,2500.00157394,-0.00146489653741,0.000195303509827,-490.333099365,4.34407702414e-05,8.71373322298e-06,100.610557556,39.5434837341,0.972660660744,0.000116415321827,0.000465661287308,0,0,7.77815135995,0.912362993448,76.1378935601,9.96071975776,169.130275026,140.759482747,5150.0024274,0.00279396772385,355.931639206,350.560061634,5,70.9582964191
4.38400020823,2500.00157394,-0.00118426379814,0.000157888876856,-490.333129883,4.22947705374e-05,8.49209118314e-06,100.610145569,39.5437011719,0.97266036272,0.000116415321827,0.000465661287308,0,0,7.89053607439,1.1489459837,74.5562891099,9.73954315314,170.219282154,145.323167089,5150.00149608,0.00279396772385,355.931639206,350.560061634,5,70.9582964191
4.41600020975,2500.0013411,-0.000957053547523,0.000127596664242,-490.33303833,4.13754532929e-05,8.31003217172e-06,100.609642029,39.5439071655,0.972660005093,0.000116415321827,0.000465661287308,0,0,11.1973691313,2.17653778188,73.0097558982,9.55557297209,170.734565472,148.506805999,5150.00196174,0.00279396772385,355.931639206,350.560061634,5,70.9582964191
4.44800021127,2500.0013411,-0.000771277486322,0.0001028285551,-490.333068848,4.06562248827e-05,8.15664316178e-06,100.609458923,39.5441246033,0.972659885883,0.000116415321827,0.000465661287308,0,0,30.5485320329,7.30817167619,71.497561443,9.40837979705,170.734565472,148.521299707,5150.0024274,0.00279396772385,355.931639206,350.560061634,5,70.9582964191
4.48000021279,2500.0013411,-0.000624777507507,8.32968289615e-05,-490.333068848,4.00691606046e-05,8.03235343483e-06,100.609062195,39.5443267822,0.972659647465,0.000116415321827,0.000465661287308,0,0,64.9435175335,14.7920996633,70.019112434,11.6068796785,170.734565472,140.312899021,5150.0024274,0.00279396772385,355.931639206,358.768447768,5,70.9582964191
4.51200021431,2500.0013411,-0.00050518889072,6.73529939377e-05,-490.333099365,3.95769238821e-05,7.93927029008e-06,100.72252655,39.4750366211,0.972740411758,0.000116415321827,0.000465661287308,0,0,92.7580275111,19.8336423909,87.6146853497,16.3828390798,153.294720803,121.522352856,5150.00149608,0.00279396772385,373.371469323,377.558957553,5,70.9582964191
4.54400021583,2500.0013411,-0.000408718392464,5.44913127669e-05,-490.333099365,3.91753455915e-05,7.86539931141e-06,100.805519104,39.4245834351,0.972799360752,0.000116415321827,0.000465661287308,0,0,105.172996906,22.4093421226,101.19274095,19.820468702,132.201093948,105.451101263,5150.00196174,0.00279396772385,394.46511073,393.630180042,5,70.9582964191
4.57600021735,2500.0013411,-0.000330494409617,4.40623043687e-05,-490.333129883,3.88544467569e-05,7.80401023803e-06,100.843528748,39.4016075134,0.972826242447,0.000116415321827,0.000465661287308,0,0,110.290943916,23.3351224697,107.693350297,21.5765521976,117.477080494,94.0837198868,5150.00196174,0.00279396772385,409.189175116,404.997554142,5,70.9582964191
4.60800021887,2500.0013411,-0.000267027511214,3.56007476512e-05,-490.333129883,3.85992389056e-05,7.7526556197e-06,100.861915588,39.3904724121,0.972839295864,0.000116415321827,0.000465661287308,0,0,111.799380738,23.262401656,110.219680741,22.1242088515,108.213484054,86.551415734,5150.00196174,0.00279396772385,418.452807935,412.529887399,5,70.9582964191
4.64000022039,2500.0013411,-0.000215653273017,2.87514103547e-05,-490.333129883,3.83947590308e-05,7.71048053139e-06,100.871208191,39.3849067688,0.972845852375,0.000116415321827,0.000465661287308,0,0,111.238555889,22.5865203643,110.377684435,21.9009226987,102.824684291,81.8224798422,5150.00149608,0.00279396772385,423.841644078,417.258794187,5,70.9582964191
4.67200022191,2500.0013411,-0.000174171260747,2.32209295064e-05,-490.333129883,3.82293364964e-05,7.67653818912e-06,100.875328064,39.3824577332,0.972848773003,0.000116415321827,0.000465661287308,0,0,109.15595572,21.5268514622,108.847148631,21.1918068671,100.271463452,79.1913844296,5150.00149608,0.00279396772385,426.394894021,419.889896875,5,70.9582964191
4.70400022343,2500.0013411,-0.000140708125707,1.8759543309e-05,-490.333129883,3.80948986276e-05,7.64946071286e-06,100.874153137,39.3830833435,0.972847938538,0.000116415321827,0.000465661287308,0,0,97.0990894543,18.6650845448,105.952474959,20.0310902409,100.055454823,78.7259850767,5150.00196174,0.00279396772385,426.610873546,420.355267124,6,70.6791688572
4.73600022495,2500.0013411,-0.000113701825732,1.51589993038e-05,-490.3331604,3.79857810913e-05,7.62779063734e-06,100.873558044,39.3835144043,0.972847521305,0.000116415321827,0.000465661287308,0,0,64.3566749234,11.5467264249,103.588828768,18.9392873531,100.055454823,78.7259850767,5150.00149608,0.00279396772385,426.610873546,420.355267124,6,70.6791688572
4.76800022647,2500.0013411,-9.18848747089e-05,1.22503115563e-05,-490.3331604,3.78975310014e-05,7.61031333241e-06,100.872840881,39.3837928772,0.972846984863,0.000116415321827,0.000465661287308,0,0,26.7428924629,3.39451412893,101.381186596,18.0223352455,100.055454823,78.8379038568,5150.00056475,0.00279396772385,426.610873546,420.355267124,6,70.6791688572
4.80000022799,2500.0013411,-7.42483158289e-05,9.89896307146e-06,-490.3331604,3.78263357561e-05,7.596136129e-06,100.872657776,39.3840713501,0.972846865654,0.000116415321827,0.000465661287308,0,0,4.08738099171,-1.0359176007,99.2403541073,17.2461149059,106.15507199,89.4161639735,5150.00009909,0.00279396772385,426.610873546,420.355267124,6,70.6791688572
4.83200022951,2500.0013411,-5.99897423403e-05,7.9979754446e-06,-490.3331604,3.77689320885e-05,7.58462965678e-06,100.872383118,39.3843345642,0.97284668684,0.000116415321827,0.000465661287308,0,0,3.17834152092,-1.19953611251,97.1505170161,16.471418129,124.558122479,100.020952232,5150.00009909,0.00279396772385,426.610873546,420.355267124,6,70.6791688572
4.86400023103,2500.0013411,-4.84672545153e-05,6.46177022645e-06,-490.3331604,3.77225915145e-05,7.57531552154e-06,100.871925354,39.3845863342,0.972846329212,0.000116415321827,0.000465661287308,0,0,4.4352545514,-0.900244193082,95.1075294741,15.6454512739,136.737609864,105.794293631,5150.00103042,0.00279396772385,426.610873546,420.355267124,6,70.6791688572
4.89600023255,2500.0013411,-3.91563413638e-05,5.22041682416e-06,-490.3331604,3.76851348847e-05,7.5677944551e-06,100.871696472,39.3848419189,0.972846210003,0.000116415321827,0.000465661287308,0,0,5.30626264075,-0.680850094869,93.1095749259,14.8262470589,145.177677041,110.026405309,5150.00009909,0.00279396772385,426.610873546,420.355267124,6,70.6791688572
4.92800023407,2500.0013411,-3.16353887531e-05,4.21770573666e-06,-490.3331604,3.76548523491e-05,7.56172721594e-06,100.871253967,39.3850975037,0.972845852375,0.000116415321827,0.000465661287308,0,0,5.92418766702,-0.493907753628,91.1555399988,14.0506557383,151.165368152,113.632522698,5150.00009909,0.00279396772385,426.610873546,420.355267124,6,70.6791688572
4.96000023559,2500.0013411,-2.55598563148e-05,3.40770111507e-06,-490.3331604,3.76303760277e-05,7.55683140596e-06,100.870933533,39.3853378296,0.972845673561,0.000116415321827,0.000465661287308,0,0,6.37289561549,-0.323154695386,89.2442893459,13.3368840679,155.513349455,116.92634871,5150.00056475,0.00279396772385,426.610873546,420.355267124,6,70.6791688572
4.99200023711,2500.0013411,-2.06522906415e-05,2.75341267297e-06,-490.3331604,3.76105963369e-05,7.55287555876e-06,100.870613098,39.3855705261,0.972845435143,0.000116415321827,0.000465661287308,0,0,6.70670689403,-0.162250787645,87.3749366638,12.6919345758,158.747978276,120.030184917,5150.00009909,0.00279396772385,426.610873546,420.355267124,6,70.6791688572
5.02400023863,2500.05745329,15.4698900587,-2.06248283386,-492.423156738,0.00196380214766,0.000138021088787,100.870246887,39.3858070374,0.972845137119,0.000116415321827,0.000465661287308,1,552.722718567,6.96108141445,-0.00854474686446,85.5464638025,12.1163080964,161.212868989,122.995174024,5150.00056475,0.00279396772385,426.610873546,420.355267124,6,70.6791688572
5.05600024015,2503.70707363,196.521476028,-26.200712204,-518.350952148,0.141936004162,0.00264736684039,100.870071411,39.3860473633,0.97284501791,0.000116415321827,0.000465661287308,1,552.722718567,7.15938581058,0.139164371086,83.7581089808,11.6068577041,163.134434843,125.844482682,5150.00103042,0.00279396772385,426.610873546,420.355267124,6,70.6791688572
5.08800024167,2512.38700002,331.349059707,-44.1762504578,-540.582519531,0.48146045208,0.00584280025214,100.8695755,39.386264801,0.972844660282,0.000116415321827,0.000465661287308,1,552.722718567,7.31720089033,0.281489516485,82.0090078699,11.1586373139,164.66366651,128.58993432,5150.00056475,0.00279396772385,426.610873546,420.355267124,6,70.6791688572
5.12000024319,2524.82271753,434.893416241,-57.9810295105,-560.484924316,0.933112442493,0.0249185562134,100.869255066,39.3864898682,0.972844481468,0.000116415321827,0.000465661287308,1,552.722718567,7.44505974498,0.418801823982,80.2983693892,10.7659408912,165.902616573,131.238688482,5150.00009909,0.00279396772385,426.610873546,420.355267124,6,70.6791688572
5.15200024471,2540.13901576,513.769860845,-68.4970245361,-578.511047363,1.45218622684,0.0639091357589,100.86907196,39.38671875,0.972844302654,0.000116415321827,0.000465661287308,1,552.722718567,7.5506520622,0.552542938341,78.625285261,10.4229699251,166.925805388,133.818553877,5150.00009909,0.00279396772385,426.610873546,420.355267124,6,70.6791688572
5.18400024623,2557.63228051,572.996155825,-76.3932189941,-594.984741211,2.01840400696,0.119539730251,100.868797302,39.3869361877,0.97284412384,0.000116415321827,0.000465661287308,1,552.722718567,7.65413116883,0.730508540903,76.9890156786,10.1254512989,167.928519659,137.251510751,5150.00056475,0.00279396772385,426.610873546,420.355267124,6,70.6791688572
5.21600024775,2576.75186731,617.00301012,-82.2603149414,-610.226745605,2.61908793449,0.187913388014,100.86844635,39.3871498108,0.972843885422,0.000116415321827,0.000465661287308,1,552.722718567,7.76596926856,0.967010729232,75.3887695613,9.87194019163,169.01222989,141.813638038,5150.00056475,0.00279396772385,426.610873546,420.355267124,6,70.6791688572
5.24800024927,2597.06890211,649.053836241,-86.5334091187,-624.461975098,3.24470472336,0.265853077173,100.867897034,39.3873443604,0.972843468189,0.000116415321827,0.000465661287308,1,552.722718567,7.87690641543,1.19806107687,73.8239316242,9.65921642937,170.087208971,146.270598634,5150.00149608,0.00279396772385,426.610873546,420.355267124,6,70.6791688572
5.28000025079,2618.24438348,671.602436341,-89.539642334,-637.851196289,3.88764166832,0.350891768932,100.867668152,39.3875579834,0.97284334898,0.000116415321827,0.000465661287308,1,552.722718567,13.8632392294,2.90210309928,72.2937474109,9.48324952986,170.376515598,148.568346049,5150.00056475,0.00279396772385,426.610873546,420.355267124,6,70.6791688572
5.31200025231,2640.00613242,686.41564576,-91.5145721436,-650.496643066,4.54154443741,0.441125184298,100.867393494,39.3877677917,0.972843110561,0.000116415321827,0.000465661287308,1,552.722718567,36.6517369292,8.9657693035,70.7976455854,9.34327679621,170.376515598,148.568346049,5150.00103042,0.00279396772385,426.610873546,420.355267124,6,70.6791688572
5.34400025383,2662.12970018,694.830203429,-92.6364212036,-662.466430664,5.20102500916,0.535068631172,100.872566223,39.3855514526,0.972846806049,0.000116415321827,0.000465661287308,1,552.722718567,73.0401099526,16.1006888416,70.8661033539,12.6235793548,169.495731825,136.402013595,5150.00149608,0.00279396772385,427.491642768,432.52154137,6,70.6791688572
5.37600025535,2684.42858942,697.837036569,-93.0373001099,-673.801147461,5.86140966415,0.631556153297,100.968955994,39.3427352905,0.972914814949,0.000116415321827,0.000465661287308,1,552.722718567,95.9266641032,20.5503870226,90.9348285203,17.2561096229,147.966769873,117.644187412,5150.00103042,0.00279396772385,449.020561064,451.279338449,6,70.6791688572
5.40800025687,2706.74307831,696.231843904,-92.8232955933,-684.528625488,6.51861047745,0.729633688927,101.020378113,39.3198051453,0.972951054573,0.000116415321827,0.000465661287308,1,552.722718567,106.274422776,22.7002839761,102.626449958,20.3058955157,128.211409901,102.593730844,5150.00009909,0.00279396772385,468.775950139,466.329831397,6,70.6791688572
5.44000025839,2728.9360296,690.575456247,-92.0691680908,-694.656494141,7.16896009445,0.828537106514,101.043937683,39.3092651367,0.972967624664,0.000116415321827,0.000465661287308,1,552.722718567,110.384401295,23.3641250948,108.04600376,21.7565157021,114.852387924,92.1476748772,5150.00103042,0.00279396772385,482.135015773,476.77589464,6,70.6791688572
5.47200025991,2750.88730268,681.383593474,-90.8436889648,-704.194335938,7.80922365189,0.927613079548,101.055534363,39.3040962219,0.972975730896,0.000116415321827,0.000465661287308,1,552.722718567,111.363854261,23.1342997089,109.96427159,22.1052485547,106.571089418,85.2961456985,5150.00149608,0.00279396772385,490.416307002,483.627401991,6,70.6791688572
5.50400026143,2772.49095961,669.089029543,-89.2045516968,-713.148254395,8.43647575378,1.0263158083,101.061332703,39.3015289307,0.972979843616,0.000116415321827,0.000465661287308,1,552.722718567,110.454543772,22.3610971952,109.724991693,21.7573031202,101.875848486,81.0655255918,5150.00196174,0.00279396772385,495.111569762,487.857992994,6,70.6791688572
5.53600026295,2793.65200549,653.968076222,-87.1885910034,-721.508178711,9.04808616638,1.12416470051,101.063682556,39.3005638123,0.972981452942,0.000116415321827,0.000465661287308,1,552.722718567,107.960222792,21.2033361339,107.831957867,20.9639152336,99.8857431114,78.8366742199,5150.00056475,0.00279396772385,497.101747897,490.086851642,6,70.6791688572
5.56800026447,2814.28685412,636.360782664,-84.8411407471,-729.278747559,9.64170360565,1.22073733807,101.062828064,39.3011932373,0.972980856895,0.000116415321827,0.000465661287308,1,552.722718567,91.0536151275,17.4106212088,104.987385965,19.7540563895,99.8754330794,78.6907985457,5150.00103042,0.00279396772385,497.112050653,490.232778247,7,70.5010461388
5.60000026599,2834.31890421,616.489327513,-82.1918334961,-736.451721191,10.2152357101,1.31563174725,101.062187195,39.3014526367,0.972980439663,0.000116415321827,0.000465661287308,1,552.722718567,55.7939675786,9.72253125851,102.685436734,18.7016921643,99.8754330794,78.6907985457,5150.00196174,0.00279396772385,497.112050653,490.232778247,7,70.5010461388
5.63200026751,2853.68063487,594.646553509,-79.2797012329,-743.033325195,10.766866684,1.40848255157,101.061729431,39.3016433716,0.972980082035,0.000116415321827,0.000465661287308,1,552.722718567,19.840163312,2.11732691209,100.5047206,17.8178519058,99.8754330794,79.9924164312,5150.00149608,0.00279396772385,497.112050653,490.232778247,7,70.5010461388
5.66400026903,2872.31127732,570.93356736,-76.1182250977,-749.007019043,11.2949743271,1.49894845486,101.061500549,39.3018341064,0.972979962826,0.000116415321827,0.000465661287308,1,552.722718567,2.44632235033,-1.41591186983,98.3847858231,17.0578981604,110.367225716,92.3098123167,5150.00196174,0.00279396772385,497.112050653,490.232778247,7,70.5010461388
5.69600027055,2890.15634917,545.69891654,-72.7538833618,-754.392700195,11.7981901169,1.58669495583,101.061149597,39.3020095825,0.972979724407,0.000116415321827,0.000465661287308,1,552.722718567,3.46879123802,-1.12385378247,96.3142862569,16.2678796911,127.3725793,101.480865851,5150.00196174,0.00279396772385,497.112050653,490.232778247,7,70.5010461388
5.72800027207,2907.16835298,519.029505085,-69.1982574463,-759.178649902,12.275396347,1.67139053345,101.060646057,39.3021850586,0.972979366779,0.000116415321827,0.000465661287308,1,552.722718567,4.62633255473,-0.84903597535,94.2900356046,15.4389517775,138.589151902,106.782099465,5150.00196174,0.00279396772385,497.112050653,490.232778247,7,70.5010461388
5.76000027359,2923.30537923,491.10740656,-65.4756164551,-763.368530273,12.7256822586,1.75272083282,101.060462952,39.3023681641,0.972979187965,0.000116415321827,0.000465661287308,1,552.722718567,5.43304749365,-0.638767973476,92.3102319605,14.6268984181,146.406222484,110.838169348,5150.0024274,0.00279396772385,497.112050653,490.232778247,7,70.5010461388
5.79200027511,2938.53087351,462.143856566,-61.6141242981,-766.97253418,13.148393631,1.83035266399,101.060371399,39.3025512695,0.972979128361,0.000116415321827,0.000465661287308,1,552.722718567,6.0082042689,-0.456021466573,90.3739743719,13.8637061867,151.979489601,114.363348985,5150.00103042,0.00279396772385,497.112050653,490.232778247,7,70.5010461388
5.82400027663,2952.81480066,432.333821664,-57.6397781372,-770.00213623,13.5430517197,1.90397536755,101.060050964,39.3027191162,0.972978949547,0.000116415321827,0.000465661287308,1,552.722718567,6.42804143903,-0.287597930015,88.4800688928,13.1646152869,156.047710334,117.612238682,5150.00149608,0.00279396772385,497.112050653,490.232778247,7,70.5010461388
5.85600027815,2966.13154933,401.805329602,-53.5696487427,-772.461608887,13.9094209671,1.97326719761,101.059608459,39.3028755188,0.972978591919,0.000116415321827,0.000465661287308,1,552.722718567,6.74203267005,-0.128261605303,86.6276585196,12.5348895177,159.090282978,120.685836009,5150.0024274,0.00279396772385,497.112050653,490.232778247,7,70.5010461388
5.88800027966,2978.46109606,370.682566427,-49.4202842712,-774.357788086,14.2474536896,2.03791308403,101.059104919,39.3030281067,0.972978234291,0.000116415321827,0.000465661287308,1,552.722718567,6.98252802983,0.0242057406268,84.8158129999,11.974015226,161.42068489,123.626930872,5150.00149608,0.00279396772385,497.112050653,490.232778247,7,70.5010461388
5.92000028118,2989.78714272,339.11789069,-45.2120094299,-775.703063965,14.5572538376,2.09759831429,101.058876038,39.3031921387,0.972978115082,0.000116415321827,0.000465661287308,1,552.722718567,7.17089951214,0.170832329391,83.0436899795,11.4783647947,163.246004377,126.455357531,5150.00103042,0.00279396772385,497.112050653,490.232778247,7,70.5010461388
5.9520002827,3000.09734929,307.241163682,-40.9621276855,-776.508605957,14.8390989304,2.15199971199,101.058479309,39.3033447266,0.972977817059,0.000116415321827,0.000465661287308,1,552.722718567,7.32143005833,0.312163945923,81.3105203522,11.0427403483,164.704644703,129.181644297,5150.00196174,0.00279396772385,497.112050653,490.232778247,7,70.5010461388
5.98400028422,3009.384498,275.166879874,-36.6859054565,-776.786132812,15.0933856964,2.20083212852,101.058296204,39.3035049438,0.972977697849,0.000116415321827,0.000465661287308,1,552.722718567,7.44381773018,0.448537818073,79.6153665412,10.6613726754,165.890582139,131.812295876,5150.00149608,0.00279396772385,497.112050653,490.232778247,7,70.5010461388
6.01600028574,3017.64346659,243.01969097,-32.3999671936,-776.549926758,15.3206510544,2.24379038811,101.05783844,39.303653717,0.972977340221,0.000116415321827,0.000465661287308,1,552.722718567,7.54650850304,0.585177243564,77.9574301409,10.3284980582,166.885656654,134.44806973,5150.00149608,0.00279396772385,497.112050653,490.232778247,7,70.5010461388
6.04800028726,3024.87402223,210.996266105,-28.1305274963,-775.825805664,15.5215063095,2.28060770035,101.057472229,39.3037872314,0.972977101803,0.000116415321827,0.000465661287308,1,552.722718567,7.65192685579,0.779398910881,76.3360738921,10.0406738313,167.907157447,138.194605825,5150.00149608,0.00279396772385,497.112050653,490.232778247,7,70.5010461388
6.08000028878,3031.11388348,181.260867976,-24.1661319733,-774.921020508,15.69718647,2.31140208244,101.057243347,39.303943634,0.972976922989,0.000116415321827,0.000465661287308,1,552.722718567,7.76446127123,1.02016179826,74.7503821923,9.79636819169,168.997619767,142.838922329,5150.00149608,0.00279396772385,497.112050653,490.232778247,7,70.5010461388
6.1120002903,3036.43150255,153.020373546,-20.4010429382,-773.763305664,15.8493108749,2.3366458416,101.056892395,39.3040809631,0.97297668457,0.000116415321827,0.000465661287308,1,552.722718567,7.88046078437,1.24595258173,73.1998130048,9.59178505135,170.052211615,147.158047184,5150.00196174,0.00279396772385,497.112050653,490.232778247,7,70.5010461388
6.14400029182,3040.85947573,125.51760301,-16.7343063354,-772.267822266,15.9789848328,2.3564183712,101.056663513,39.3042259216,0.972976565361,0.000116415321827,0.000465661287308,1,552.722718567,17.3252650805,3.8380432007,71.6836704716,9.42386904471,170.125975274,148.599763634,5150.00103042,0.00279396772385,497.112050653,490.232778247,7,70.5010461388
6.17600029334,3044.41037588,98.122676718,-13.0819501877,-770.356567383,16.087015152,2.37058496475,101.056297302,39.304359436,0.972976267338,0.000116415321827,0.000465661287308,1,552.722718567,43.4171531718,10.6867275401,70.20125141,9.51426648048,170.125975274,147.828759509,5150.00196174,0.00279396772385,497.112050653,491.003796924,7,70.5010461388
6.20800029486,3047.08303884,70.6207792973,-9.41533088684,-768.000427246,16.1740016937,2.378885746,101.073097229,39.300907135,0.972988069057,0.000116415321827,0.000465661287308,1,552.722718567,79.3784525606,17.2774687983,75.1334995816,13.6753832313,165.609963005,132.292247145,5150.00149608,0.00279396772385,501.627975609,506.540294737,7,70.5010461388
6.24000029638,3048.87350649,42.9622268712,-5.72782659531,-765.190856934,16.2404384613,2.38104438782,101.132087708,39.2886543274,0.973029434681,0.000116415321827,0.000465661287308,1,552.722718567,98.6311121975,21.1633865652,93.8781389972,18.0510760082,142.965043779,113.97858907,5150.00149608,0.00279396772385,524.272792973,524.853996467,7,70.5010461388
6.2720002979,3049.77339692,14.9819124999,-1.99742436409,-761.901672363,16.2867145538,2.37675738335,101.160301208,39.2827720642,0.973049223423,0.000116415321827,0.000465661287308,1,552.722718567,107.212409936,22.928377042,103.883103415,20.7208300922,124.632933876,99.9658368528,5150.00149608,0.00279396772385,542.604830116,538.866734132,7,70.5010461388
6.30400029942,3049.77223277,-13.299886632,1.77317273617,-758.130554199,16.313167572,2.36571907997,101.173576355,39.280040741,0.973058521748,0.000116415321827,0.000465661287308,1,552.722718567,110.463948841,23.3585362571,108.362377388,21.8916696197,112.541943963,90.3879699763,5150.00149608,0.00279396772385,554.695841856,548.444571905,7,70.5010461388
6.33600030094,3048.86186495,-41.8401432398,5.57822799683,-753.879089355,16.3200302124,2.34768748283,101.180282593,39.2786979675,0.97306317091,0.000116415321827,0.000465661287308,1,552.722718567,110.97205696,22.9881585611,109.737517135,22.0610286159,105.157479993,84.1706132633,5150.00103042,0.00279396772385,562.08029855,554.66190679,7,70.5010461388
6.36800030246,3047.03204893,-70.7880681148,9.43763446808,-749.122497559,16.3073730469,2.32246351242,101.183860779,39.2780532837,0.973065674305,0.000116415321827,0.000465661287308,1,552.722718567,109.733510458,22.1267816946,109.127183827,21.6006142316,101.104815258,80.4086957942,5150.0024274,0.00279396772385,566.132948734,558.423809707,7,70.5010461388
6.40000030398,3044.26834919,-100.12810526,13.3493185043,-743.855651855,16.2748336792,2.28995943069,101.184631348,39.2779655457,0.973066210747,0.000116415321827,0.000465661287308,1,552.722718567,106.172431981,20.7580438406,106.772422643,20.7004322995,99.7484457912,78.6679884186,5150.00103042,0.00279396772385,567.489303648,560.164568014,8,70.3775222064
6.4320003055,3040.55889137,-129.933512653,17.3230457306,-738.063049316,16.2219772339,2.25015687943,101.183860779,39.2782211304,0.973065674305,0.000116415321827,0.000465661287308,1,552.722718567,84.2814966746,15.9746946115,104.161197534,19.4929448659,99.7484457912,78.6679884186,5150.00149608,0.00279396772385,567.489303648,560.164568014,8,70.3775222064
6.46400030702,3035.89040413,-160.04225472,21.3372154236,-731.759765625,16.1482334137,2.20307374001,101.183769226,39.2783699036,0.9730656147,0.000116415321827,0.000465661287308,1,552.722718567,47.3255379931,7.89950623218,101.904779385,18.4788601504,99.7484457912,78.6679884186,5150.00196174,0.00279396772385,567.489303648,560.164568014,8,70.3775222064
6.49600030854,3030.25078028,-190.567254322,25.4068813324,-724.924804688,16.0529460907,2.14878487587,101.183357239,39.2784500122,0.973065376282,0.000116415321827,0.000465661287308,1,552.722718567,13.8397833243,1.05042703922,99.7461329336,17.6271795144,99.7484457912,82.0030763862,5150.00196174,0.00279396772385,567.489303648,560.164568014,8,70.3775222064
6.52800031006,3023.6276798,-221.49286815,29.529958725,-717.554199219,15.9352741241,2.08743286133,101.183143616,39.2785453796,0.973065197468,0.000116415321827,0.000465661287308,1,552.722718567,2.15523262708,-1.46430970288,97.6440414184,16.8741001127,114.644200949,94.9134700932,5150.00149608,0.00279396772385,567.489303648,560.164568014,8,70.3775222064
6.56000031158,3016.0092283,-252.796453424,33.7034263611,-709.645141602,15.7941951752,2.01924061775,101.182685852,39.2786331177,0.973064899445,0.000116415321827,0.000465661287308,1,552.722718567,3.73993295829,-1.05597684938,95.5903523142,16.0702212525,129.999942146,102.790210804,5150.0024274,0.00279396772385,567.489303648,560.164568014,8,70.3775222064
6.5920003131,3007.38029182,-284.621259198,37.9463882446,-701.171142578,15.6284065247,1.94450354576,101.182685852,39.2787322998,0.973064899445,0.000116415321827,0.000465661287308,1,552.722718567,4.80793681889,-0.800584694,93.5822528902,15.2410882439,140.348900459,107.716725324,5150.00196174,0.00279396772385,567.489303648,560.164568014,8,70.3775222064
6.62400031462,2997.72550352,-316.915422445,42.2519226074,-692.131591797,15.4363365173,1.86361920834,101.182319641,39.2788200378,0.973064601421,0.000116415321827,0.000465661287308,1,552.722718567,5.55604678798,-0.597992416864,91.6182415583,14.4376424638,147.598082549,111.62472947,5150.00196174,0.00279396772385,567.489303648,560.164568014,8,70.3775222064
6.65600031614,2987.02623695,-349.862093572,46.6444511414,-682.492858887,15.2160787582,1.77707123756,101.181907654,39.2788963318,0.973064363003,0.000116415321827,0.000465661287308,1,552.722718567,6.09209497544,-0.418945773865,89.6972415698,13.6875213738,152.79238869,115.078539238,5150.00196174,0.00279396772385,567.489303648,560.164568014,8,70.3775222064
6.68800031766,2975.25990754,-383.5533862,51.1362533569,-672.231628418,14.9653024673,1.68545782566,101.181816101,39.2789878845,0.973064243793,0.000116415321827,0.000465661287308,1,552.722718567,6.48544422277,-0.252683517031,87.8183299975,13.0033364829,156.603942742,118.285737699,5150.00149608,0.00279396772385,567.489303648,560.164568014,8,70.3775222064
6.72000031918,2962.40113676,-418.134557549,55.7467002869,-661.316101074,14.6811676025,1.58953380585,101.181648254,39.2790756226,0.973064124584,0.000116415321827,0.000465661287308,1,552.722718567,6.78117696634,-0.0948744244572,85.9805765892,12.38877126,159.4695932,121.329874673,5150.00149608,0.00279396772385,567.489303648,560.164568014,8,70.3775222064
6.7520003207,2948.41686264,-453.832850326,60.5060806274,-649.699768066,14.3602199554,1.49019181728,101.18132782,39.2791519165,0.97306394577,0.000116415321827,0.000465661287308,1,552.722718567,7.00882642291,0.0563489574361,84.183080392,11.842457795,161.675518029,124.246973428,5150.0024274,0.00279396772385,567.489303648,560.164568014,8,70.3775222064
6.78400032222,2933.26773681,-490.920851007,65.4507446289,-637.327026367,13.9983100891,1.3884999752,101.180961609,39.2792243958,0.973063647747,0.000116415321827,0.000465661287308,1,552.722718567,7.18795169327,0.201872656482,82.4250137013,11.3603189099,163.411241374,127.054125187,5150.0024274,0.00279396772385,567.489303648,560.164568014,8,70.3775222064
6.81600032374,2916.90393351,-529.699434992,70.6207962036,-624.133239746,13.5903701782,1.28574383259,101.180641174,39.2793045044,0.973063468933,0.000116415321827,0.000465661287308,1,552.722718567,7.33166603658,0.342179828257,80.7055121883,10.9369772712,164.803830558,129.760650452,5150.0024274,0.00279396772385,567.489303648,560.164568014,8,70.3775222064
6.84800032526,2899.26468395,-570.577802137,76.0707931519,-610.034179688,13.1302595139,1.1834717989,101.180549622,39.2793884277,0.973063409328,0.000116415321827,0.000465661287308,1,552.722718567,7.44891031134,0.47758808311,79.0237920973,10.5666224653,165.939927683,132.37267558,5150.00103042,0.00325962901115,567.489303648,560.164568014,8,70.3775222064
6.88000032678,2880.27524948,-614.005955867,81.8607406616,-594.933044434,12.6106128693,1.08350074291,101.180198669,39.2794494629,0.973063111305,0.000116415321827,0.000465661287308,1,552.722718567,7.55003494611,0.620675896787,77.3790183987,10.2436857977,166.919824551,135.132839205,5150.0024274,0.00325962901115,567.489303648,560.164568014,8,70.3775222064
6.9120003283,2859.84529182,-660.516670905,88.0616607666,-578.714660645,12.0226478577,0.987984478474,101.180107117,39.2795333862,0.973063051701,0.000116415321827,0.000465661287308,1,552.722718567,7.65742321765,0.830042430765,75.7704586106,9.96547905961,167.960417457,139.17151955,5150.00289306,0.00325962901115,567.489303648,560.164568014,8,70.3775222064
6.94400032982,2837.8686402,-710.493186489,94.724647522,-561.275817871,11.3562746048,0.899363994598,101.179924011,39.2796173096,0.973062932491,0.000116415321827,0.000465661287308,1,552.722718567,7.77014990962,1.0717453558,74.1974388495,9.73019942953,169.052742422,143.833967741,5150.00335872,0.00325962901115,567.489303648,560.164568014,8,70.3775222064
6.97600033134,2814.23400156,-763.661519159,101.813179016,-542.598449707,10.6007461548,0.820258915424,101.179603577,39.2796821594,0.973062694073,0.000116415321827,0.000465661287308,1,552.722718567,8.39265249064,1.42480156904,72.6592486079,9.53350512041,169.947481481,147.930040839,5150.0024274,0.00325962901115,567.489303648,560.164568014,8,70.3775222064
7.00800033286,2788.88619505,-817.194289993,108.950294495,-523.032531738,9.74994277954,0.752296626568,101.179420471,39.279750824,0.973062574863,0.000116415321827,0.000465661287308,1,552.722718567,21.559192374,4.97904827829,71.1551554037,9.37363909103,169.947481481,148.611623445,5150.00196174,0.00325962901115,567.489303648,560.164568014,8,70.3775222064
7.04000033438,2761.82871312,-870.551157277,116.063964844,-502.651672363,8.80438804626,0.695316672325,101.179328918,39.279838562,0.973062515259,0.000116415321827,0.000465661287308,1,552.722718567,50.8016668696,12.3109862488,69.684551277,10.0912462203,169.947481481,145.67017206,5150.0024274,0.00325962901115,567.489303648,563.106092159,8,70.3775222064
7.0720003359,2733.1628371,-910.681264941,121.414199829,-483.245605469,7.76825714111,0.649277031422,101.219551086,39.2658157349,0.973090648651,0.000116415321827,0.000465661287308,1,552.722718567,84.6228845639,18.3224917226,79.6990892346,14.7141370252,160.750074429,128.132291138,5150.00289306,0.00325962901115,576.686696149,580.643827561,8,70.3775222064
7.10400033742,2704.21919413,-890.858704224,118.77141571,-471.696380615,6.70133018494,0.611432731152,101.283332825,39.2433738708,0.973135173321,0.000116415321827,0.000465661287308,1,552.722718567,100.919935351,21.679513531,96.4558530545,18.7623526618,138.309580507,110.536930151,5150.00289306,0.00325962901115,599.127262831,598.239246756,8,70.3775222064
7.13600033894,2676.63644627,-832.190620713,110.949645996,-465.993469238,5.69325351715,0.571755886078,101.313102722,39.2330474854,0.973155856133,0.000116415321827,0.000465661287308,1,552.722718567,107.998553575,23.0978880283,104.97067805,21.0680393822,121.419703646,97.5503789959,5150.00335872,0.00372529029846,616.017146967,611.225783359,8,70.3775222064
7.16800034046,2651.29958279,-754.182809032,100.549453735,-463.970153809,4.79285907745,0.524638831615,101.327049255,39.2281608582,0.97316557169,0.000116415321827,0.000465661287308,1,552.722718567,110.512981187,23.3194381987,108.628275682,21.9837572577,110.502362077,88.787295681,5150.00335872,0.00419095158577,626.934517641,619.98894671,8,70.3775222064
7.20000034198,2628.61023657,-668.753753416,89.1598510742,-464.234436035,4.0138001442,0.471088290215,101.334251404,39.2257270813,0.97317057848,0.000116415321827,0.000465661287308,1,552.722718567,110.59507777,22.8230351421,109.512916177,21.9914190195,103.940888948,83.1618381198,5150.00335872,0.00419095158577,633.495976217,625.614426099,8,70.3775222064
7.2320003435,2608.6657308,-583.588611335,77.8054275513,-465.809417725,3.35065698624,0.414989650249,101.337425232,39.2245521545,0.973172783852,0.000116415321827,0.000465661287308,1,552.722718567,109.041600629,21.8813965596,108.552185451,21.4293031708,100.488956377,79.8428955022,5150.0024274,0.00419095158577,636.947806925,628.933310509,8,70.3775222064
7.26400034502,2591.37549438,-503.094051965,67.0736999512,-468.063201904,2.7904419899,0.360245019197,101.337837219,39.2244873047,0.973173081875,0.000116415321827,0.000465661287308,1,552.722718567,103.248466354,20.1537718211,105.915638439,20.4092432333,99.6520248009,78.6464079283,5150.00335872,0.00419095158577,637.784774881,630.129827186,9,70.2954566805
7.29600034654,2576.54627785,-429.630861618,57.2794151306,-470.586212158,2.31940412521,0.309352785349,101.337150574,39.2246818542,0.973172605038,0.000116415321827,0.000465661287308,1,552.722718567,76.8824248968,14.383946039,103.441072498,19.2458054365,99.6520248009,78.6464079283,5150.00289306,0.00419095158577,637.784774881,630.129827186,9,70.2954566805
7.32800034806,2563.93174641,-364.239152987,48.5612335205,-473.11907959,1.92494010925,0.263470202684,101.337104797,39.2247962952,0.973172605038,0.000116415321827,0.000465661287308,1,552.722718567,39.0993585195,6.11566670425,101.218875908,18.2687092312,99.6520248009,78.6464079283,5150.00289306,0.00419095158577,637.784774881,630.129827186,9,70.2954566805
7.36000034958,2553.26973274,-307.05545214,40.9373664856,-475.515014648,1.59573733807,0.222937628627,101.336837769,39.2248916626,0.973172426224,0.000116415321827,0.000465661287308,1,552.722718567,9.06662291993,0.12750709161,99.0786294049,17.4479246863,100.406628917,84.5444883453,5150.00335872,0.00419095158577,637.784774881,630.129827186,9,70.2954566805
7.3920003511,2544.30272616,-257.711566519,34.3587226868,-477.696838379,1.32174396515,0.187653154135,101.336479187,39.2249755859,0.973172128201,0.000116415321827,0.000465661287308,1,552.722718567,2.54766695861,-1.35213214351,96.9920665082,16.6921241139,118.446892884,97.0773762674,5150.00335872,0.00419095158577,637.784774881,630.129827186,9,70.2954566805
7.42400035262,2536.79091111,-215.544801904,28.7369480133,-479.635345459,1.09415340424,0.157286033034,101.336158752,39.2250556946,0.973171949387,0.000116415321827,0.000465661287308,1,552.722718567,3.99109989422,-0.994307014599,94.9529244967,15.877314791,132.433749968,103.979822597,5150.0024274,0.00419095158577,637.784774881,630.129827186,9,70.2954566805
7.45600035414,2530.51728942,-179.785056389,23.969373703,-481.326782227,0.905357718468,0.131392031908,101.335884094,39.2251434326,0.973171710968,0.000116415321827,0.000465661287308,1,552.722718567,4.97826955835,-0.754547341441,92.958940001,15.050384722,141.99942234,108.604785055,5150.00289306,0.00419095158577,637.784774881,630.129827186,9,70.2954566805
7.48800035566,2525.2904743,-149.640371092,19.9504127502,-482.782836914,0.748887658119,0.109474897385,101.335655212,39.225227356,0.973171591759,0.000116415321827,0.000465661287308,1,552.722718567,5.67312579648,-0.558444625992,91.0087066556,14.2568045589,148.732578964,112.38760635,5150.00289306,0.00419095158577,637.784774881,630.129827186,9,70.2954566805
7.52000035718,2520.94399184,-124.340833281,16.5774173737,-484.024627686,0.619295597076,0.0910304039717,101.33556366,39.225315094,0.973171532154,0.000116415321827,0.000465661287308,1,552.722718567,6.17353003604,-0.382665539449,89.1011184127,13.5202591073,153.581495397,115.778384497,5150.00289306,0.00419095158577,637.784774881,630.129827186,9,70.2954566805
7.5520003587,2517.33511686,-103.186437627,13.757062912,-485.075439453,0.5120216012,0.075575530529,101.33530426,39.2253990173,0.97317135334,0.000116415321827,0.000465661287308,1,552.722718567,6.54265152537,-0.218402772514,87.2353182683,12.8510379082,157.1582834,118.947013107,5150.00289306,0.00419095158577,637.784774881,630.129827186,9,70.2954566805
7.58400036022,2514.34161328,-85.5367761687,11.4039678574,-485.960723877,0.423267394304,0.0626678392291,101.334938049,39.2254714966,0.973171055317,0.000116415321827,0.000465661287308,1,552.722718567,6.82160859976,-0.0620594379551,85.4104565433,12.2514519424,159.861374414,121.96287571,5150.00335872,0.00419095158577,637.784774881,630.129827186,9,70.2954566805
7.61600036174,2511.86150126,-70.8511724952,9.4460477829,-486.702545166,0.349857628345,0.0519162751734,101.334846497,39.2255630493,0.973170995712,0.000116415321827,0.000465661287308,1,552.722718567,7.03740329284,0.0879392147078,83.6255590367,11.7194044801,161.952426424,124.85634943,5150.00289306,0.00419095158577,637.784774881,630.129827186,9,70.2954566805
7.64800036326,2509.80746932,-58.6500245845,7.81936168671,-487.32208252,0.289159029722,0.0429780445993,101.334617615,39.2256355286,0.973170876503,0.000116415321827,0.000465661287308,1,552.722718567,7.20794753648,0.232360760809,81.8799152409,11.2504429464,163.605000125,127.642240841,5150.00335872,0.00419095158577,637.784774881,630.129827186,9,70.2954566805
7.68000036478,2508.10780562,-48.5263662995,6.46965122223,-487.838378906,0.2389819175,0.035557217896,101.334434509,39.2257118225,0.973170757294,0.000116415321827,0.000465661287308,1,552.722718567,7.34530759837,0.371643516439,80.1725216555,10.8390517516,164.936020155,130.329004605,5150.00335872,0.00419095158577,637.784774881,630.129827186,9,70.2954566805
7.7120003663,2506.7019742,-40.1328725275,5.35061073303,-488.268096924,0.197504624724,0.0294064693153,101.334434509,39.2257957458,0.973170757294,0.000116415321827,0.000465661287308,1,552.722718567,7.45772252769,0.50607788496,78.5026604481,10.4793838582,166.025318322,132.92224321,5150.00429004,0.00419095158577,637.784774881,630.129827186,9,70.2954566805
7.74400036782,2505.53921796,-33.1822084263,4.42393112183,-488.624664307,0.163228169084,0.0243110936135,101.334159851,39.2258758545,0.973170518875,0.000116415321827,0.000465661287308,1,552.722718567,7.55867594479,0.659570061917,76.8694526405,10.1661791297,167.003556271,135.88310685,5150.00335872,0.00419095158577,637.784774881,630.129827186,9,70.2954566805
7.77600036934,2504.57809307,-27.4302128673,3.65706157684,-488.920227051,0.134903430939,0.0200936663896,101.333854675,39.225933075,0.973170340061,0.000116415321827,0.000465661287308,1,552.722718567,7.6678752781,0.881811512259,75.272224349,9.89746169598,168.061698787,140.170144732,5150.00382438,0.00465661287308,637.784774881,630.129827186,9,70.2954566805
7.80800037086,2503.78367491,-22.6683478104,3.02219843864,-489.165588379,0.111498445272,0.0166053008288,101.333580017,39.2259979248,0.973170161247,0.000116415321827,0.000465661287308,1,552.722718567,7.78025541452,1.12153044111,73.7102211173,9.67092606987,169.150662259,144.794321386,5150.00382438,0.00465661287308,637.784774881,630.129827186,9,70.2954566805
7.84000037238,2503.1270925,-18.7307323358,2.49722599983,-489.368621826,0.092165954411,0.0137192914262,101.333396912,39.2260627747,0.973169982433,0.000116415321827,0.000465661287308,1,552.722718567,9.72461150741,1.8120143339,72.1828423101,9.48201712888,169.812425156,148.448365508,5150.00335872,0.00465661287308,637.784774881,630.129827186,9,70.2954566805
7.8720003739,2502.58482993,-15.4793597176,2.06374526024,-489.536193848,0.0761913508177,0.0113339228556,101.333213806,39.2261314392,0.973169863224,0.000116415321827,0.000465661287308,1,552.722718567,26.5361750531,6.31911129287,70.6893847447,9.32997492295,169.812425156,148.618230014,5150.00289306,0.00465661287308,637.784774881,630.129827186,9,70.2954566805
7.90400037542,2502.13663094,-12.7905914269,1.70527219772,-489.674926758,0.062991335988,0.00936285033822,101.332939148,39.2262039185,0.97316968441,0.000116415321827,0.000465661287308,1,552.722718567,58.7559563467,13.8252051011,69.2292990596,10.9225409664,169.812425156,142.585296999,5150.00335872,0.00465661287308,637.784774881,636.162760202,9,70.2954566805
7.93600037694,2501.76619738,-10.5650415207,1.40855658054,-489.789978027,0.0520865209401,0.00773406447843,101.416435242,39.1853637695,0.973227679729,0.000116415321827,0.000465661287308,1,552.722718567,89.0929512383,19.2415387288,83.9797140874,15.7093987843,155.634130351,124.035243061,5150.00382438,0.00465661287308,651.962996926,654.712901451,9,70.2954566805
7.96800037846,2501.46002509,-8.72972123034,1.16386735439,-489.884521484,0.0430780239403,0.00638815900311,101.495704651,39.1466751099,0.973282575607,0.000116415321827,0.000465661287308,1,552.722718567,102.846201885,22.1088871591,98.6947575591,19.3909998512,134.009271278,107.329040475,5150.00382438,0.00465661287308,673.587899655,671.419024002,9,70.2954566805
8.00000037998,2501.20740384,-7.21381547919,0.961763143539,-489.962799072,0.0356294699013,0.00527809420601,101.531990051,39.1290626526,0.973307669163,0.000116415321827,0.000465661287308,1,552.722718567,108.645269264,23.2159659591,105.899531159,21.3537366645,118.533251225,95.3369089984,5150.00289306,0.00465661287308,689.064036123,683.411082719,9,70.2954566805
8.0320003815,2500.99855475,-5.95981509832,0.794576823711,-490.027557373,0.0294750574976,0.00436086580157,101.549201965,39.1205863953,0.973319590092,0.000116415321827,0.000465661287308,1,552.722718567,110.519134036,23.2510683281,108.83353179,22.03755623,108.698994154,87.335385615,5150.00335872,0.00465661287308,698.898278642,691.412598826,9,70.2954566805
8.06400038302,2500.82579441,-4.92502067573,0.656615555286,-490.080810547,0.0243917237967,0.00360213825479,101.557899475,39.1163444519,0.973325610161,0.000116415321827,0.000465661287308,1,552.722718567,110.210693187,22.6412459262,109.270288837,21.8993643432,102.89662896,82.2629881441,5150.00382438,0.00465661287308,704.700592905,696.484989021,9,70.2954566805
8.09600038454,2500.68330206,-4.07033394367,0.54266667366,-490.124908447,0.0201911367476,0.0029752466362,101.561973572,39.1144104004,0.973328411579,0.000116415321827,0.000465661287308,1,552.722718567,108.352562129,21.6259196537,107.975011603,21.2448623701,100.011144241,79.3642539065,5150.00289306,0.00465661287308,707.585888449,699.383672327,9,70.2954566805
8.12800038606,2500.56548975,-3.36361517839,0.448445230722,-490.161346436,0.0167167112231,0.0024583179038,101.561523438,39.114528656,0.973328053951,0.000116415321827,0.000465661287308,1,552.722718567,99.2293961765,19.2983555269,105.169935131,20.130806679,99.5860973489,78.6333766882,5150.00382438,0.00465661287308,708.010920789,700.11446951,10,70.2264078427
8.16000038758,2500.46793371,-2.78081415672,0.370744794607,-490.191192627,0.013843851164,0.00203169044107,101.561256409,39.1148223877,0.973327875137,0.000116415321827,0.000465661287308,1,552.722718567,69.018886278,12.6800903417,102.789214785,19.0100213094,99.5860973489,78.6333766882,5150.00335872,0.00465661287308,708.010920789,700.11446951,10,70.2264078427
8.1920003891,2500.38737431,-2.29819806918,0.306401252747,-490.216064453,0.0114682242274,0.00167929800227,101.561073303,39.1149902344,0.973327755928,0.000116415321827,0.000465661287308,1,552.722718567,31.2923418749,4.41527381564,100.593988182,18.0687214998,99.5860973489,78.6333766882,5150.00382438,0.00465661287308,708.010920789,700.11446951,10,70.2264078427
8.22400039062,2500.32101758,-1.90000901057,0.253313750029,-490.236602783,0.00950470659882,0.00138778961264,101.560386658,39.1151161194,0.973327279091,0.000116415321827,0.000465661287308,1,552.722718567,5.68937224741,-0.639019191914,98.4699295317,17.2758829747,103.153870441,87.4025208759,5150.00289306,0.00465661287308,708.010920789,700.11446951,10,70.2264078427
8.25600039214,2500.26583672,-1.57089573349,0.20943556726,-490.253417969,0.00788111891598,0.00114707427565,101.560035706,39.1152496338,0.973327040672,0.000116415321827,0.000465661287308,1,552.722718567,2.90278316305,-1.25712899822,96.3973350669,16.5096262217,121.887969726,98.9099862636,5150.00335872,0.00465661287308,708.010920789,700.11446951,10,70.2264078427
8.28800039366,2500.22020191,-1.29912859848,0.173202931881,-490.267272949,0.00653756223619,0.000948172528297,101.559623718,39.1153869629,0.973326802254,0.000116415321827,0.000465661287308,1,552.722718567,4.22619091018,-0.937193504031,94.3714509797,15.6870562519,134.711779538,105.081540823,5150.00289306,0.00465661287308,708.010920789,700.11446951,10,70.2264078427
8.32000039518,2500.18271618,-1.07366759039,0.143143936992,-490.278961182,0.00542632909492,0.000784216623288,101.559394836,39.1155204773,0.97332662344,0.000116415321827,0.000465661287308,1,552.722718567,5.13941147983,-0.710186628752,92.3903361929,14.8644414176,143.560886499,109.460503154,5150.00335872,0.00465661287308,708.010920789,700.11446951,10,70.2264078427
8.3520003967,2500.15151687,-0.889204216037,0.118550829589,-490.288238525,0.00450552115217,0.000649129797239,101.558937073,39.1156539917,0.973326265812,0.000116415321827,0.000465661287308,1,552.722718567,5.78533791985,-0.519630862208,90.4526795636,14.0817962952,149.819912622,113.136324217,5150.00382438,0.00465661287308,708.010920789,700.11446951,10,70.2264078427
8.38400039822,2500.12567267,-0.736924675948,0.0982485562563,-490.295898438,0.00374310510233,0.000536946288776,101.558753967,39.1157951355,0.973326146603,0.000116415321827,0.000465661287308,1,552.722718567,6.25288393215,-0.346769314448,88.5573603943,13.3593199918,154.350433149,116.470822832,5150.00335872,0.00465661287308,708.010920789,700.11446951,10,70.2264078427
8.41600039974,2500.10425225,-0.608958657722,0.0811878219247,-490.302459717,0.00311279576272,0.000444020522991,101.558311462,39.1159133911,0.973325848579,0.000116415321827,0.000465661287308,1,552.722718567,6.59958277381,-0.184372860167,86.7036022541,12.7051805973,157.709946507,119.603450003,5150.00289306,0.00465661287308,708.010920789,700.11446951,10,70.2264078427
8.44800040126,2500.08678995,-0.503740238855,0.0671598538756,-490.307891846,0.00258845812641,0.000368607608834,101.55821991,39.1160469055,0.973325788975,0.000116415321827,0.000465661287308,1,552.722718567,6.86295171548,-0.0294507731795,84.8904455916,12.12051529,160.26198864,122.591896798,5150.00335872,0.00465661287308,708.010920789,700.11446951,10,70.2264078427
8.48000040278,2500.07212162,-0.41736223011,0.0556437298656,-490.312255859,0.00215366482735,0.000306588044623,101.557991028,39.1161727905,0.973325669765,0.000116415321827,0.000465661287308,1,552.722718567,7.06766944939,0.119334087411,83.1170114284,11.6025653595,162.245705724,125.461956486,5150.00335872,0.00465661287308,708.010920789,700.11446951,10,70.2264078427
8.5120004043,2500.06024726,-0.345670343904,0.0460855960846,-490.315979004,0.00179441040382,0.000254533399129,101.557807922,39.1163101196,0.973325490952,0.000116415321827,0.000465661287308,1,552.722718567,7.23016142677,0.262651223751,81.3825086839,11.1465550232,163.820252055,128.226543893,5150.00335872,0.00465661287308,708.010920789,700.11446951,10,70.2264078427
8.54400040582,2500.05000271,-0.287555224077,0.0383375510573,-490.318695068,0.00149857031647,0.000210339247133,101.557533264,39.1164321899,0.973325312138,0.000116415321827,0.000465661287308,1,552.722718567,7.36151925641,0.400898218348,79.6860950038,10.7468606505,165.09310808,130.893327878,5150.00382438,0.00465661287308,708.010920789,700.11446951,10,70.2264078427
8.57600040734,2500.04185364,-0.238393141672,0.0317831449211,-490.321258545,0.00125444319565,0.000173132735654,101.557395935,39.1165542603,0.973325252533,0.000116415321827,0.000465661287308,1,552.722718567,7.46943445719,0.534557815471,78.0269793075,10.3976278789,166.138808709,133.471621666,5150.00335872,0.00465661287308,708.010920789,700.11446951,10,70.2264078427
8.60800040886,2500.03486872,-0.198732507783,0.0264954939485,-490.323120117,0.00105205830187,0.000141787881148,101.557220459,39.1166801453,0.973325133324,0.000116415321827,0.000465661287308,1,552.722718567,7.57147835688,0.702170414331,76.4042752919,10.0941560051,167.127611348,136.704868055,5150.00382438,0.00465661287308,708.010920789,700.11446951,10,70.2264078427
8.64000041038,2500.02904795,-0.163573844247,0.0218080561608,-490.324951172,0.000882025400642,0.000116940769658,101.556770325,39.1167831421,0.973324775696,0.000116415321827,0.000465661287308,1,552.722718567,7.68216417086,0.934256537306,74.8173603471,9.83484547155,168.20016026,141.181808431,5150.00429004,0.00465661287308,708.010920789,700.11446951,10,70.2264078427
8.6720004119,2500.02415851,-0.135453035455,0.0180589221418,-490.326293945,0.000739819020964,9.72177585936e-05,101.556495667,39.116897583,0.973324596882,0.000116415321827,0.000465661287308,1,552.722718567,7.79361680194,1.16957656835,73.2655019912,9.61686157288,169.280130649,145.721132867,5150.00382438,0.00465661287308,708.010920789,700.11446951,10,70.2264078427
8.70400041342,2500.02020039,-0.113135030233,0.0150834331289,-490.327331543,0.000618618971203,8.20270070108e-05,101.556358337,39.1170158386,0.973324537277,0.000116415321827,0.000465661287308,1,552.722718567,11.8741266546,2.40039824636,71.7480483152,9.43581857306,169.718230609,148.621722474,5150.00429004,0.00512227416039,708.010920789,700.11446951,10,70.2264078427
8.73600041494,2500.01694076,-0.0931129022774,0.012414034456,-490.328399658,0.000515368883498,7.0461879659e-05,101.555992126,39.1171112061,0.973324239254,0.000116415321827,0.000465661287308,1,552.722718567,32.2284135941,7.85026970722,70.2642741619,9.29122387794,169.718230609,148.621722474,5150.00382438,0.00512227416039,708.010920789,700.11446951,10,70.2264078427
8.76800041646,2500.01437962,-0.0764853211876,0.010197205469,-490.329376221,0.000433822133346,5.96667305217e-05,101.555641174,39.1172218323,0.973324000835,0.000116415321827,0.000465661287308,1,552.722718567,67.2373728383,15.218723737,68.8137327173,11.8989706131,169.718230609,138.926116051,5150.00475571,0.00558793544769,708.010920789,709.810119588,10,70.2264078427
8.80000041798,2500.01228414,-0.0633085477375,0.0084404470399,-490.330078125,0.000369537185179,4.95450694871e-05,101.673912048,39.0610046387,0.973405480385,0.000116415321827,0.000465661287308,1,552.722718567,92.9056006612,20.0413486514,87.840538852,16.6408064244,150.534702698,120.074051665,5150.00475571,0.00558793544769,727.194477804,728.662300389,10,70.2264078427
8.8320004195,2500.0104215,-0.0528138812683,0.00704127270728,-490.330566406,0.000314964971039,4.15873037127e-05,101.748878479,39.0255050659,0.973456978798,0.000116415321827,0.000465661287308,1,552.722718567,104.45550148,22.4597753401,100.624356886,19.9392608028,130.058513605,104.35331933,5150.00429004,0.00558793544769,747.670594137,744.383025449,10,70.2264078427
8.86400042102,2500.00879169,-0.0443650804982,0.00591485854238,-490.3309021,0.000266394054051,3.61440361303e-05,101.78313446,39.0092811584,0.973480463028,0.000116415321827,0.000465661287308,1,552.722718567,109.165192318,23.2878261065,106.681799969,21.5828442181,115.940893011,93.3119954425,5150.00429004,0.00558793544769,761.788222007,755.42437844,10,70.2264078427
8.89600042254,2500.0073947,-0.0375795359275,0.00501019367948,-490.33114624,0.00022298793192,3.25599612552e-05,101.799934387,39.0013999939,0.97349190712,0.000116415321827,0.000465661287308,1,552.722718567,110.476444984,23.1560342812,108.974117062,22.0563791864,107.105348434,86.020976596,5150.00475571,0.00558793544769,770.623795688,762.715470046,10,70.2264078427
8.92800042406,2500.00646338,-0.0320764748096,0.0042765121907,-490.331420898,0.000184664037079,3.00849151245e-05,101.808357239,38.9974517822,0.97349768877,0.000116415321827,0.000465661287308,1,552.722718567,109.805279046,22.4437303217,108.99759311,21.7864852034,102.006801171,81.4665327198,5150.00382438,0.00558793544769,775.722321123,767.269986682,10,70.2264078427
8.96000042558,2500.00529923,-0.0271568154631,0.00362061150372,-490.331481934,0.000151427419041,2.81916672975e-05,101.811851501,38.9957504272,0.973500072956,0.000116415321827,0.000465661287308,1,552.722718567,107.649284179,21.3601843374,107.379796724,21.0476159527,99.6598100755,78.9683108451,5150.00382438,0.00558793544769,778.069370426,769.76820128,10,70.2264078427
8.9920004271,2500.00460073,-0.0222006910633,0.0029598493129,-490.331817627,0.000125509133795,2.59532807831e-05,101.810935974,38.9962463379,0.97349947691,0.000116415321827,0.000465661287308,1,552.722718567,94.1691247996,18.2061607613,104.508533177,19.8655932561,99.5343216346,78.6206874182,5150.00522137,0.00558793544769,778.194807936,770.115817431,11,70.1839016983
9.02400042862,2500.00413507,-0.0180143491235,0.00240171607584,-490.332122803,0.000107407708128,2.28792468988e-05,101.810218811,38.996509552,0.973499000072,0.000116415321827,0.000465661287308,1,552.722718567,60.8395014175,10.8989367337,102.193582391,18.7858323725,99.5343216346,78.6206874182,5150.00475571,0.00558793544769,778.194807936,770.115817431,11,70.1839016983
9.05600043014,2500.00343658,-0.014509341284,0.00193442008458,-490.332275391,9.45909778238e-05,1.96419296117e-05,101.810127258,38.9967193604,0.973498940468,0.000116415321827,0.000465661287308,1,552.722718567,24.0624001927,2.91960758806,100.019985982,17.8789702045,99.5343216346,79.0202029748,5150.00382438,0.00558793544769,778.194807936,770.115817431,11,70.1839016983
9.08800043166,2500.00297092,-0.011643699338,0.00155236583669,-490.332427979,8.45082904561e-05,1.69465802173e-05,101.809669495,38.9968948364,0.97349858284,0.000116415321827,0.000465661287308,1,552.722718567,3.34586358959,-1.19749202991,97.9102546793,17.1081976999,107.064777694,90.3562904568,5150.00429004,0.00558793544769,778.194807936,770.115817431,11,70.1839016983
9.12000043318,2500.00273809,-0.00939697031299,0.00125282653607,-490.332611084,7.59301328799e-05,1.49653760673e-05,101.809669495,38.9970817566,0.97349858284,0.000116415321827,0.000465661287308,1,552.722718567,3.22501275655,-1.17493513203,95.8504273759,16.3277564328,125.010366901,100.495504739,5150.00382438,0.00558793544769,778.194807936,770.115817431,11,70.1839016983
9.1520004347,2500.00227243,-0.00759828644448,0.00101302168332,-490.332611084,6.85800114297e-05,1.35433319883e-05,101.809181213,38.9972419739,0.973498284817,0.000116415321827,0.000465661287308,1,552.722718567,4.44339883572,-0.884051476574,93.8367830631,15.5005480207,136.8165249,106.106650492,5150.00429004,0.00558793544769,778.194807936,770.115817431,11,70.1839016983
9.18400043622,2500.00227243,-0.00612963502178,0.000817217573058,-490.332794189,6.2474355218e-05,1.24582902572e-05,101.808815002,38.9973983765,0.973497986794,0.000116415321827,0.000465661287308,1,552.722718567,5.28954969034,-0.667530081235,91.8674246125,14.6840191963,145.015728776,110.283348477,5150.00475571,0.00558793544769,778.194807936,770.115817431,11,70.1839016983
9.21600043774,2500.0020396,-0.00498226526702,0.000664247490931,-490.332855225,5.75749836571e-05,1.15611301226e-05,101.808494568,38.9975624084,0.97349780798,0.000116415321827,0.000465661287308,1,552.722718567,5.89093893529,-0.481729839675,89.9412459762,13.9131780215,150.843188749,113.867434266,5150.00335872,0.00558793544769,778.194807936,770.115817431,11,70.1839016983
9.24800043926,2500.0020396,-0.00402787625475,0.000537006068043,-490.332977295,5.36916631972e-05,1.08081640064e-05,101.808036804,38.9977226257,0.973497509956,0.000116415321827,0.000465661287308,1,552.722718567,6.32848935157,-0.311481106739,88.057199705,13.2050354753,155.083049322,117.151532322,5150.00335872,0.00558793544769,778.194807936,770.115817431,11,70.1839016983
9.28000044078,2500.00180677,-0.00325594085027,0.000434089830378,-490.332977295,5.05955686094e-05,1.01753666968e-05,101.807685852,38.9978713989,0.973497271538,0.000116415321827,0.000465661287308,1,552.722718567,6.65464756654,-0.150830277255,86.214465419,12.5659192868,158.243521582,120.250486361,5150.00335872,0.00558793544769,778.194807936,770.115817431,11,70.1839016983
9.3120004423,2500.00157394,-0.00260283683495,0.000347016437445,-490.332946777,4.81162460346e-05,9.65771323536e-06,101.807411194,38.9980278015,0.973497033119,0.000116415321827,0.000465661287308,1,552.722718567,6.90366535447,0.00272261626428,84.4120908917,11.9959374969,160.656505614,123.21252143,5150.00382438,0.00558793544769,778.194807936,770.115817431,11,70.1839016983
9.34400044382,2500.00157394,-0.00212370210306,0.000283137051156,-490.333007812,4.61178460682e-05,9.2374812084e-06,101.807090759,38.9981765747,0.973496854305,0.000116415321827,0.000465661287308,1,552.722718567,7.09813841191,0.150317825975,82.6492191191,11.4917692154,162.540949532,126.059632748,5150.00382438,0.00558793544769,778.194807936,770.115817431,11,70.1839016983
9.37600044534,2500.00157394,-0.00171611302946,0.000228796285228,-490.333068848,4.44685865659e-05,8.91142644832e-06,101.806907654,38.9983329773,0.973496735096,0.000116415321827,0.000465661287308,1,552.722718567,7.25314259196,0.292547162156,80.9250077468,11.0483896158,164.042940014,128.803236294,5150.00382438,0.00558793544769,778.194807936,770.115817431,11,70.1839016983
9.40800044686,2500.00157394,-0.00138741740319,0.000184973803698,-490.333099365,4.31237749581e-05,8.65273432282e-06,101.806373596,38.9984664917,0.973496317863,0.000116415321827,0.000465661287308,1,552.722718567,7.37889418743,0.429768939455,79.2387535921,10.6600285709,165.26147374,131.450244226,5150.00289306,0.00558793544769,778.194807936,770.115817431,11,70.1839016983
9.44000044838,2500.00157394,-0.00112154818765,0.000149527491885,-490.333129883,4.20401520387e-05,8.44210080686e-06,101.806282043,38.998626709,0.973496258259,0.000116415321827,0.000465661287308,1,552.722718567,7.48318451788,0.564334582486,77.5894897788,10.3208967262,166.272046044,134.046014864,5150.00429004,0.00558793544769,778.194807936,770.115817431,11,70.1839016983
9.4720004499,2500.0013411,-0.000906280939184,0.00012082754256,-490.33303833,4.11712499044e-05,8.26898121886e-06,101.805870056,38.9987564087,0.97349601984,0.000116415321827,0.000465661287308,1,552.722718567,7.58703947934,0.747971598667,75.9765131242,10.0270331851,167.278398294,137.588373036,5150.00382438,0.00558793544769,778.194807936,770.115817431,11,70.1839016983
9.50400045142,2500.0013411,-0.000732240934553,9.76241135504e-05,-490.333068848,4.04968195653e-05,8.12120742921e-06,101.805595398,38.9988937378,0.973495781422,0.000116415321827,0.000465661287308,1,552.722718567,7.69882172732,0.98651443609,74.3991131207,9.77695467168,168.361570104,142.189863254,5150.00335872,0.00558793544769,778.194807936,770.115817431,11,70.1839016983
9.53600045294,2500.0013411,-0.000591671267536,7.88830293459e-05,-490.333068848,3.99344644393e-05,8.00612633611e-06,101.805229187,38.9990310669,0.973495543003,0.000116415321827,0.000465661287308,1,552.722718567,7.80879291354,1.21556865581,72.8565572863,9.56722676084,169.427192304,146.608319483,5150.00335872,0.00558793544769,778.194807936,770.115817431,11,70.1839016983
9.56800045446,2500.0013411,-0.000478550588046,6.38015117147e-05,-490.333099365,3.94659800804e-05,7.91890215623e-06,101.804832458,38.9991493225,0.973495304585,0.000116415321827,0.000465661287308,1,552.722718567,14.8245064985,3.19365016598,71.3481717376,9.39412295038,169.640552485,148.619874381,5150.00382438,0.00558793544769,778.194807936,770.115817431,11,70.1839016983
9.60000045598,2500.0013411,-0.000387143872516,5.16149448231e-05,-490.333099365,3.90862187487e-05,7.84865551395e-06,101.804374695,38.9992790222,0.973494946957,0.000116415321827,0.000465661287308,1,552.722718567,38.5967879644,9.55106637654,69.8733338648,9.28266024767,169.640552485,148.530409206,5150.00335872,0.00558793544769,778.194807936,770.205282606,11,70.1839016983
9.6320004575,2500.0013411,-0.000312982972872,4.17276387452e-05,-490.333129883,3.87835971196e-05,7.78996763984e-06,101.817878723,38.9944953918,0.973504245281,0.000116415321827,0.000465661287308,1,552.722718567,74.7955690074,16.4830298,71.5950840975,12.9440210055,167.653488461,134.938556585,5150.00335872,0.00558793544769,780.181842856,783.797120675,11,70.1839016983
9.66400045902,2500.0013411,-0.000252839887915,3.37092169502e-05,-490.333129883,3.85426756111e-05,7.7410331869e-06,101.925636292,38.9554748535,0.973577797413,0.000116415321827,0.000465661287308,1,552.722718567,96.146225585,20.7292115175,91.2571425781,17.4958308408,145.600293763,116.293442261,5150.00335872,0.00558793544769,802.235095762,802.442198619,11,70.1839016983
9.69600046054,2500.0013411,-0.000204190470088,2.72231609415e-05,-490.333129883,3.83491315006e-05,7.70107362769e-06,101.980499268,38.9356613159,0.973615109921,0.000116415321827,0.000465661287308,1,552.722718567,105.788984975,22.7392575125,102.274140762,20.4104206982,126.444399939,101.601908682,5150.00335872,0.00558793544769,821.390887722,817.133812234,11,70.1839016983
9.72800046206,2500.0013411,-0.000164921132306,2.19876801566e-05,-490.333129883,3.81922654924e-05,7.66902485339e-06,102.006004333,38.9265289307,0.973632454872,0.000116415321827,0.000465661287308,1,552.722718567,109.566673032,23.3175960065,107.326186366,21.7596488939,113.612615678,91.4617339731,5150.00382438,0.00558793544769,834.222650155,827.274052426,11,70.1839016983
9.76000046358,2500.0013411,-0.000133244831835,1.77645197255e-05,-490.333129883,3.8064790715e-05,7.64346077631e-06,102.018592834,38.9220237732,0.973641037941,0.000116415321827,0.000465661287308,1,552.722718567,110.377486665,23.0362698106,109.044457309,22.0429326479,105.698287371,84.8334166221,5150.00382438,0.00558793544769,842.136912979,833.902391605,11,70.1839016983
9.7920004651,2500.0013411,-0.000107675784955,1.43555926115e-05,-490.3331604,3.79614029953e-05,7.6229653132e-06,102.024894714,38.91979599,0.973645329475,0.000116415321827,0.000465661287308,1,552.722718567,109.36522583,22.2310926261,108.682728394,21.6540103387,101.256009657,80.7656833786,5150.00429004,0.00558793544769,846.57932166,837.970233988,11,70.1839016983
9.82400046661,2500.0013411,-8.70122446317e-05,1.16006804092e-05,-490.3331604,3.78778386221e-05,7.60640341468e-06,102.027015686,38.9190559387,0.973646759987,0.000116415321827,0.000465661287308,1,552.722718567,106.653570113,21.0132826898,106.631668901,20.8277706341,99.4976289803,78.6860473454,5150.00429004,0.00558793544769,848.337716889,840.049877297,11,70.1839016983
9.85600046813,2500.0013411,-7.03073779751e-05,9.37354798225e-06,-490.3331604,3.78104523406e-05,7.59296108299e-06,102.026115417,38.9195175171,0.973646104336,0.000116415321827,0.000465661287308,1,552.722718567,88.1872665351,16.9058458829,103.898536811,19.6111436562,99.4976289803,78.6120872363,5150.00382438,0.00558793544769,848.337716889,840.123801026,12,70.1429016772
9.88800046965,2500.0013411,-5.68041065574e-05,7.57325915401e-06,-490.3331604,3.77561118512e-05,7.58205669626e-06,102.025436401,38.9197006226,0.973645687103,0.000116415321827,0.000465661287308,1,552.722718567,52.5332763102,9.08464106172,101.63181264,18.571024699,99.4976289803,78.6120872363,5150.00382438,0.00558793544769,848.337716889,840.123801026,12,70.1429016772
9.92000047117,2500.0013411,-4.58937922387e-05,6.11867017142e-06,-490.3331604,3.77122487407e-05,7.57323550715e-06,102.02507782,38.9198532104,0.973645448685,0.000116415321827,0.000465661287308,1,552.722718567,17.573790732,1.73637744064,99.4765356059,17.6974776439,99.4976289803,80.5425661383,5150.00382438,0.00558793544769,848.337716889,840.123801026,12,70.1429016772
9.95200047269,2500.0013411,-3.70793083737e-05,4.94350206282e-06,-490.3331604,3.76767820853e-05,7.56611643737e-06,102.024528503,38.9199943542,0.973645031452,0.000116415321827,0.000465661287308,1,552.722718567,2.14895525628,-1.47402756457,97.380047578,16.940323811,111.498426122,93.1906906771,5150.00335872,0.00558793544769,848.337716889,840.123801026,12,70.1429016772
9.98400047421,2500.0013411,-2.99589034136e-05,3.99419241148e-06,-490.3331604,3.76480966224e-05,7.56037525207e-06,102.024253845,38.9201316833,0.973644852638,0.000116415321827,0.000465661287308,1,552.722718567,3.52278958272,-1.10187234077,95.3321890306,16.1451559931,127.895822516,101.904886833,5150.00289306,0.00558793544769,848.337716889,840.123801026,12,70.1429016772
10.000000475,2500.0013411,-2.69287890597e-05,3.59021055374e-06,-490.3331604,3.76358875656e-05,7.55793371354e-06,102.024116516,38.9202079773,0.973644793034,0.000116415321827,0.000465661287308,1,552.722718567,4.13650947557,-0.956348251882,94.325517033,15.7308751568,133.842768264,104.712045868,5150.00429004,0.00558793544769,848.337716889,840.123801026,12,70.1429016772
