time_s,lung_volume_ml,airflow_ml_s,alveolar_pa,pleural_pa,diaphragm_mm,rib_mm,PaO2_mmhg,PaCO2_mmhg,SaO2,oxygen_balance_error_stpd_ml,co2_balance_error_stpd_ml,breaths,tidal_ml,lv_mmhg,rv_mmhg,aorta_mmhg,pulmonary_artery_mmhg,lv_ml,rv_ml,blood_ml,blood_error_ml,aortic_ejected_ml,pulmonary_ejected_ml,complete_filling_ejection_cycles,last_lv_stroke_ml,right_atrium_ml,left_atrium_ml,blood_continuity_residual_accum_ml,blood_physical_delta_accum_ml,blood_residual_minus_physical_ml,blood_endpoint_minus_physical_ml,inspired_volume_accum_ml,last_inspiration_step,last_inspiration_time_s,last_inspiration_volume_accum_ml,last_complete_breath_inspired_ml,respiratory_net_volume_ml,respiratory_volume_balance_ml,gas_max_donor_fraction,respiratory_gas_substeps,step,min_contact_gap_m,peak_penetration_m,normal_impulse_ns,root_assistance_n,root_assistance_nm,diaphragm_excitation,intercostal_excitation,diaphragm_activation,intercostal_activation,pre_projection_contact_residual_m_s,pre_projection_limit_residual_generalized_s,pre_projection_equality_residual_generalized_s,post_projection_contact_residual_m_s,post_projection_limit_residual_generalized_s,post_projection_equality_residual_generalized_s,equality_position_projection_max_generalized,equality_velocity_projection_max_generalized_s,contact_sweeps
0.01600000076,2500.35943463,55.9179970878,-7.45512104034,-497.963867188,0.0189323872328,9.40355748753e-05,99.9998703003,40,0.972220122814,0.000116415321827,0.000232830643654,0,0,6.87360475068,0.875436286436,83.9718545555,13.4781404763,120.365220937,140.047166497,5149.99963343,0.000931322574615,0,0,0,0,31.8435377267,47.5145025121,-1.93267624127e-05,-5.63886715099e-05,3.70619090972e-05,-0.000409272615798,0.359432533514,0,0,0,0,0.111836001793,-7.7292838796e-05,0.00655022496358,1,8,-0.000116382354463,0.000116382354463,0.810639739037,0,0,0.00402081478387,0.00251300935633,0.00303462333977,0.00189804472029,2.74740159512e-08,1.535786609e-08,3.05469399109e-07,2.84053385258e-08,1.535786609e-08,1.14161764486e-08,4.65661287308e-10,2.68220901489e-07,64
0.0320000015199,2502.2008922,158.409602591,-21.1195468903,-512.53125,0.124309957027,-0.00203522876836,99.9998245239,40,0.972220122814,0.000116415321827,0.000232830643654,0,0,7.01906240117,0.968647712069,82.9146632738,13.1435573448,121.774704894,141.845215694,5149.99963343,0.000931322574615,0,0,0,0,31.1366457026,47.3683830933,-8.49382786328e-05,-7.63975549489e-05,-8.54072368384e-06,-0.000389263732359,2.20087213165,0,0,0,0,0.316819210866,6.32951469015e-05,0.00768147548661,1,16,-3.31452683895e-05,3.31452683895e-05,0.908610105515,0,0,0.00803908798844,0.00502443034202,0.00699944421649,0.00437938515097,5.27879819856e-08,1.45470426816e-08,2.68013764071e-07,5.16884028912e-08,1.45470426816e-08,2.64697348484e-08,9.31322574615e-10,2.38418579102e-07,64
0.0480000022799,2505.49986959,241.075525992,-32.1407661438,-525.170043945,0.319219648838,-0.00775563623756,99.9998703003,40.0000038147,0.972220122814,0.000116415321827,0.000232830643654,0,0,7.15418793513,1.07647078035,81.9731528756,12.830314161,123.084071674,143.925120938,5150.00056475,0.000931322574615,0,0,0,0,29.96638068,47.1047096653,-0.000149015022544,-5.82076609135e-05,-9.08073616301e-05,0.000523868948221,5.49993501409,0,0,0,0,0.482151051528,4.12114786741e-05,0.00908409431577,1,24,1.73103967427e-06,0,1.17596614361,0,0,0.0120522873476,0.00753267994151,0.010997611098,0.0068816957064,6.35381809388e-08,1.16271241524e-08,9.61998125604e-07,1.47431705955e-07,1.16271241524e-08,1.35767379561e-08,1.86264514923e-09,7.7486038208e-07,64
0.0640000030398,2510.00723802,312.005577143,-41.597328186,-536.836730957,0.577665925026,-0.0131261302158,99.9998245239,39.9999885559,0.972220122814,0.000116415321827,0.000232830643654,0,0,7.28122091632,1.19429222804,81.0829381924,12.5380135535,124.315018184,146.197897266,5149.99963343,0.000931322574615,0,0,0,0,28.5044607153,46.7287791253,-0.000259291255134,-0.000285581336357,2.62900812231e-05,-0.000180079950951,10.0073043541,0,0,0,0,0.62401119294,-2.50679477176e-05,0.0100670550019,1,32,-7.95960113464e-06,7.95960113464e-06,1.24806761742,0,0,0.0160578750074,0.0100361723453,0.014990478754,0.00938067119569,1.19587639347e-07,1.31591750829e-08,7.87863996266e-07,1.23312929645e-07,1.31591750829e-08,1.41059786074e-08,1.86264514923e-09,5.96046447754e-07,64
0.0800000037998,2515.57398587,374.73635166,-49.9607467651,-547.9296875,0.87993067503,-0.0144874025136,99.999961853,40.0000038147,0.972220242023,0.000116415321827,0.000232830643654,0,0,7.4005930513,1.31328381573,80.2189317155,12.2659871323,125.471735373,148.493243614,5150.00056475,0.000931322574615,0,0,0,0,27.0021737379,46.2788229925,-0.000511150233251,-0.000536601874046,2.54516407949e-05,0.00100226316135,15.5740618766,0,0,0,0,0.749472746975,9.09494701773e-06,0.0103979967535,1,40,-4.1707157834e-06,4.1707157834e-06,5.83039855957,0,0,0.020053319633,0.0125333247706,0.0189740359783,0.0118737984449,1.45253579831e-07,5.7395975972e-08,1.11250574264e-06,1.49521468984e-07,5.7395975972e-08,2.87817556455e-08,3.72529029846e-09,9.53674316406e-07,64
0.0960000045598,2522.07601443,429.911568062,-57.3168373108,-558.473937988,1.2141879797,-0.0102263437584,99.9998703003,40,0.972220122814,0.000116415321827,0.000232830643654,0,0,7.51204522458,1.42603431337,79.371230288,12.0133311978,126.551705762,150.668201968,5150.00009909,0.000931322574615,0,0,0,0,25.6486891885,45.7991809526,-0.000439641212324,-0.000449290382676,9.64917035162e-06,0.000449290382676,22.0760065304,0,0,0,0,0.859823160226,2.0406787371e-05,0.010153141804,1,48,-2.36251253227e-06,2.36251253227e-06,1.43296468258,0,0,0.0240360926837,0.0150225581601,0.0229457244277,0.0143594713882,1.79201080641e-07,3.79543685369e-08,1.09717200303e-06,1.79203368589e-07,3.79543685369e-08,2.83465908524e-08,3.72529029846e-09,7.7486038208e-07,64
0.11200000532,2529.3964427,478.011439554,-63.7296295166,-568.476196289,1.57337415218,-8.70100338943e-05,99.999961853,40.0000038147,0.972220242023,0.000116415321827,0.000232830643654,0,0,7.62191569453,1.53047571823,78.5356880619,11.7789342085,127.548497403,152.644570335,5149.99963343,0.000931322574615,0,0,0,0,24.5347582677,45.3330940218,-0.000447087700195,-0.000411091605201,-3.59960949936e-05,-5.45696821064e-05,29.3964965294,0,0,0,0,0.956022972787,0.000212480699702,0.00951168779284,1,56,-2.43409749601e-06,2.43409749601e-06,1.40999746323,0,0,0.0280036795884,0.0175023004413,0.0269030611962,0.0168361309916,6.10593758665e-07,3.00669817932e-08,9.41974008128e-07,6.10592906014e-07,3.00669817932e-08,2.66014410499e-08,3.72529029846e-09,5.96046447754e-07,64
0.12800000608,2537.42723726,519.640452694,-69.2797088623,-577.963989258,1.95282614231,0.015579608269,100.000053406,40.0000038147,0.972220301628,0.000116415321827,0.000232830643654,0,0,10.1017307847,2.29766329567,77.7106716022,11.5623502661,127.785053337,153.882661834,5149.99963343,0.00139698386192,0,0,0,0,24.0560966631,45.3071443189,-0.000353172713297,-0.000345607986674,-7.56472662289e-06,-0.000120053300634,37.4273317902,0,0,0,0,1.03928095996,-0.000157797330758,0.00297888345085,1,64,-3.51967173629e-06,3.51967173629e-06,1.45385980606,0,0,0.0319535769522,0.0199709869921,0.0308435745537,0.0193022228777,2.81594111584e-07,1.49532262128e-08,1.16118894766e-06,2.82525434159e-07,1.49532262128e-08,2.90644379675e-08,3.72529029846e-09,7.7486038208e-07,64
0.14400000684,2546.07154056,555.546197575,-74.0667495728,-586.989624023,2.34911155701,0.036228723824,99.999961853,40.0000038147,0.972220242023,0.000116415321827,0.000232830643654,0,0,16.8914855731,4.24386615882,76.8953751787,11.3651203295,127.785053337,153.912580572,5150.00009909,0.00139698386192,0,0,0,0,24.2427595367,45.1525702374,-0.000196692551135,-0.000220097717829,2.34051666936e-05,0.000220097717829,46.0716753423,0,0,0,0,1.11109250156,-0.000257500687439,0.00295726233162,1,72,-4.14619171352e-06,4.14619171352e-06,1.43722748756,0,0,0.0358832962811,0.0224270615727,0.0347648076713,0.0217562019825,3.28727765009e-07,5.14070030988e-08,1.56171472554e-06,3.28727765009e-07,5.14070030988e-08,2.71743374469e-08,7.45058059692e-09,8.34465026855e-07,64
0.1600000076,2555.24460226,586.447946262,-78.1866455078,-595.607421875,2.75952196121,0.06128872931,99.9998703003,40,0.972220122814,0.000116415321827,0.000232830643654,0,0,27.7938411666,7.36609406435,76.0894764994,11.186474377,127.785053337,153.912580572,5149.99963343,0.00139698386192,0,0,0,0,24.2549340328,44.9876497441,-0.000190731097582,-0.000156433088705,-3.42980088774e-05,-0.000309228198603,55.2446416577,0,0,0,0,1.17289596346,-0.000128011379275,0.00293659837916,1,80,-9.22100389289e-06,9.22100389289e-06,1.44072294235,0,0,0.0397903472185,0.0248689670116,0.03866430372,0.0241965260357,4.42523742095e-07,3.98217494535e-08,1.6498235027e-06,4.42523742095e-07,3.98217494535e-08,2.45719604663e-08,7.45058059692e-09,8.94069671631e-07,64
0.17600000836,2564.87145089,612.9196845,-81.7159194946,-603.856994629,3.18182301521,0.0902099013329,100.000144958,40.0000114441,0.972220361233,0.000116415321827,0.000232830643654,0,0,42.4527197492,11.5414635416,75.2926752467,11.0702477945,127.785053337,153.755507199,5149.99963343,0.00139698386192,0,0.157072364004,0,0,24.2740807153,44.900305511,1.49291690121e-06,-1.45519152284e-05,1.60448321296e-05,-0.000451109372079,64.8714725457,0,0,0,0,1.22583946904,1.3869794202e-05,0.00291601312347,1,88,-4.76526793136e-06,4.76526793136e-06,1.4473811388,0,0,0.0436722710729,0.0272951703519,0.0425396300852,0.0266216695309,3.52039933205e-07,9.50672998101e-08,2.64609184342e-06,7.20610842109e-07,9.50672998101e-08,2.54521523857e-08,7.45058059692e-09,1.90734863281e-06,64
0.19200000912,2574.88642819,635.534292087,-84.7309494019,-611.782714844,3.61406731606,0.122503682971,100.000053406,40.0000038147,0.972220301628,0.000116415321827,0.000232830643654,0,0,60.3892740267,15.5825969928,74.5049787453,12.5369862475,127.785053337,148.083403474,5149.99963343,0.00139698386192,0,5.82918937653,0,0,24.3894082814,44.9362814834,-0.000169920036375,-0.000150976120494,-1.89439158804e-05,-0.000314685166813,74.886467587,0,0,0,0,1.27106864056,-4.6156856115e-05,0.00680893752724,1,96,-1.08994272523e-05,1.08994272523e-05,1.42877447605,0,0,0.0475266128778,0.0297041330487,0.046388361603,0.0290301050991,6.21672938905e-07,2.98023223877e-08,2.07841480915e-06,6.05845798418e-07,2.98023223877e-08,2.60965862253e-08,7.45058059692e-09,2.02655792236e-06,64
0.208000009879,2585.23202501,654.724717606,-87.2894668579,-619.414001465,4.05457878113,0.157731831074,100.000053406,40.0000152588,0.972220301628,0.000116415321827,0.000232830643654,0,0,79.6664864605,18.8188142061,76.6121976346,15.0026378824,125.992592075,138.543677167,5150.00009909,0.00139698386192,1.79244898391,15.368905224,0,0,24.8497472057,45.3068678326,6.57794235748e-05,8.0035533756e-05,-1.42561101812e-05,-8.0035533756e-05,85.2320138165,0,0,0,0,1.30944954435,-1.00044417195e-05,0.012438855134,1,104,-1.00777560874e-05,1.00777560874e-05,1.48588144779,0,0,0.0513509325683,0.0320943333209,0.0502080917358,0.0314203202724,3.78472032025e-06,7.35531386908e-07,2.65705898528e-06,3.78472032025e-06,7.35531386908e-07,2.77968297269e-08,7.45058059692e-09,1.90734863281e-06,64
0.224000010639,2595.85678577,670.888053719,-89.4443969727,-626.778564453,4.50185585022,0.19550769031,100.000053406,40.0000114441,0.972220301628,0.000116415321827,0.000232830643654,0,0,92.1186000177,21.2529050225,87.1598799463,17.4982095761,115.690432722,128.344705445,5149.99916777,0.00139698386192,12.0946033348,25.5678787653,0,0,25.8473173744,46.1383897346,8.66978017156e-05,1.09139364213e-05,7.57838652943e-05,-0.000942236511037,95.8568450642,0,0,0,0,1.34177616928,2.68300937023e-05,0.0231621395797,1,112,-1.97209719772e-05,1.97209719772e-05,1.45953893661,0,0,0.0551428161561,0.0344642624259,0.0539964288473,0.0337908193469,7.30989938802e-07,1.57859176397e-07,2.27671716857e-06,7.29125531507e-07,1.57859176397e-07,2.86428303298e-08,7.45058059692e-09,1.54972076416e-06,64
0.240000011399,2606.71577416,684.342929162,-91.2382354736,-633.896972656,4.95455265045,0.235495135188,100.000236511,40.0000267029,0.972220420837,0.000116415321827,0.000232830643654,0,0,100.423224652,22.9817914612,95.6867762457,19.6265092975,104.501377791,118.891235616,5150.00009909,0.00139698386192,23.283642804,35.0213558704,0,0,27.4145950243,47.3454783787,7.61249258074e-05,7.82165443525e-05,-2.09161854503e-06,-7.82165443525e-05,106.715675315,0,0,0,0,1.36868595746,0.000125396582007,0.0297894570976,1,120,-1.41752216223e-05,1.41752216223e-05,1.56005859375,0,0,0.0588998682797,0.0368124209344,0.0577510036528,0.0361401066184,2.49710865319e-07,1.1998672278e-07,3.5298783132e-06,2.48779542744e-07,1.1998672278e-07,2.52103689036e-08,1.49011611938e-08,3.51667404175e-06,64
0.256000012159,2617.76754633,695.403199643,-92.7128143311,-640.790588379,5.41145658493,0.277392268181,100.000404358,40.000038147,0.972220540047,0.000116415321827,0.000232830643654,0,0,105.92497026,24.1341486365,101.832256341,21.2729310806,94.4683561102,110.679793579,5150.00056475,0.00139698386192,33.316675399,43.232797907,0,0,29.4194451271,48.7152501591,0.000206978476025,0.000163709046319,4.32694297059e-05,0.000301952240989,117.767697475,0,0,0,0,1.39080646022,-0.000109025677375,0.0297934114933,1,128,-9.66676816461e-06,9.66676816461e-06,1.48310482502,0,0,0.062619715929,0.0391373261809,0.0614694617689,0.0384667143226,2.53901816905e-07,6.18460234136e-08,2.86804743155e-06,5.17786247656e-07,6.18460234136e-08,2.82720691303e-08,1.49011611938e-08,1.60932540894e-06,64
0.272000012919,2628.97601351,704.221893102,-93.8885498047,-647.462219238,5.87141609192,0.320944935083,100.000404358,40.0000305176,0.972220540047,0.000116415321827,0.000232830643654,0,0,109.456200095,24.8317461886,106.080520139,22.4516264777,86.0379877849,103.780410427,5149.99963343,0.00139698386192,41.7470510001,50.1321846968,0,0,31.4419958158,49.9463785673,0.000233581196052,0.000227373675443,6.20752060865e-06,-0.000693034962751,128.97613226,0,0,0,0,1.40844383623,-5.12727638124e-05,0.0269275531173,1,136,-7.43466580388e-06,7.43466580388e-06,1.44598770142,0,0,0.0663000196218,0.0414375141263,0.0651494860649,0.0407691709697,1.77009496838e-07,1.70737749272e-07,3.08163475893e-06,4.38740244135e-07,1.70737749272e-07,2.16944897602e-08,1.49011611938e-08,2.20537185669e-06,64
0.288000013679,2640.30811377,711.100175977,-94.8055725098,-653.93572998,6.33339166641,0.365928381681,100.000320435,40.0000267029,0.972220480442,0.000116415321827,0.000232830643654,0,0,111.628228992,25.1764906767,108.915672322,23.2258233357,79.1903803474,98.0905097094,5150.00009909,0.00139698386192,48.5946584377,55.8220781386,0,0,32.8790956701,50.7837939949,0.000242448769394,0.000296495272778,-5.40465033838e-05,-0.000296495272778,140.308095638,0,0,0,0,1.42220039834,-7.08268999006e-05,0.0232042465359,1,144,-5.02456387039e-05,5.02456387039e-05,1.1636890173,0,0,0.0699384510517,0.0437115319073,0.0687887743115,0.0430460460484,2.73721525446e-07,1.59129925237e-07,2.89207628157e-06,2.83005647361e-07,1.59129925237e-07,1.02895114651e-08,1.49011611938e-08,1.40070915222e-06,64
0.304000014439,2651.73334628,716.155278496,-95.4795303345,-660.211853027,6.79639673233,0.412146270275,100.000236511,40.0000305176,0.972220420837,0.000116415321827,0.000232830643654,0,0,112.851781588,25.2495191329,110.710245916,23.6684677066,73.7424270483,93.4560812311,5150.00009909,0.00139698386192,54.0426080988,60.4565066169,0,0,33.8745849149,51.4123785251,0.000293153099018,0.000314685166813,-2.15320677954e-05,-0.000314685166813,151.733378743,0,0,0,0,1.43231056882,6.35509422864e-05,0.0195450298488,1,152,-3.33224852511e-05,3.33224852511e-05,1.40165448189,0,0,0.0735326930881,0.0459579341114,0.0723850280046,0.045295894146,6.48976879347e-07,9.92331337102e-08,1.74991657786e-06,6.50837193916e-07,9.92331337102e-08,1.43965337429e-08,1.49011611938e-08,8.94069671631e-07,64
0.320000015199,2663.22446987,719.575560652,-95.9355316162,-666.302307129,7.25953722,0.459421247244,100.000144958,40.0000190735,0.972220361233,0.000116415321827,0.000232830643654,0,0,113.385233584,25.1129881491,111.723048788,23.8458382247,69.4798800396,89.7221034393,5150.00056475,0.00139698386192,58.3051587455,64.1904771328,0,0,34.6702399838,51.9956411154,0.000275190578658,0.000323780113831,-4.85895351732e-05,0.000141881173477,163.224594644,0,0,0,0,1.43915121953,-0.000257841747953,0.0162923485041,1,160,-6.7888859121e-06,6.7888859121e-06,1.42130243778,0,0,0.077080488205,0.0481753088534,0.0759360045195,0.0475173071027,1.68466584682e-07,1.21223138194e-07,2.32470688388e-06,1.74521105123e-07,1.21223138194e-07,1.23527144069e-08,1.49011611938e-08,1.04308128357e-06,64
0.336000015959,2674.75610599,721.420394257,-96.1814880371,-672.202575684,7.72193050385,0.507601737976,100.000236511,40.0000267029,0.972220420837,0.000116415321827,0.000232830643654,0,0,113.385489953,24.8137491057,112.125386506,23.8135412618,66.2104066578,86.7526687216,5149.99963343,0.00139698386192,61.5746321273,67.1599045745,0,0,35.3546383849,52.5635987287,0.000233495930924,0.000232830643654,6.65287269719e-07,-0.000698491930962,174.756184833,0,0,0,0,1.44284081216,1.06865627458e-05,0.013513892889,1,168,-3.34868468599e-06,3.34868468599e-06,1.39898562431,0,0,0.0805796161294,0.0503622591496,0.0794394761324,0.0497088842094,0,1.56986530442e-07,1.61400646448e-06,0,1.56986530442e-07,7.26231519366e-09,1.49011611938e-08,1.2218952179e-06,64
0.352000016719,2686.30497158,721.895834431,-96.2448806763,-677.928771973,8.18278217316,0.55655246973,100.000236511,40.0000305176,0.972220420837,0.000116415321827,0.000232830643654,0,0,112.945854252,24.3867926682,112.027915125,23.6160805934,63.7796911178,84.4368769322,5150.00009909,0.00139698386192,64.0053331153,69.4757109159,0,0,35.9668956662,53.1168552698,0.000226077864762,0.000201907823794,2.41700409687e-05,-0.000201907823794,186.305168995,0,0,0,0,1.44379168887,-0.000241698216996,0.0111616021022,1,176,-2.45968271884e-06,2.45968271884e-06,1.46917545795,0,0,0.0840278416872,0.0525174029171,0.0828932523727,0.0518692545593,5.92342985328e-07,9.05275321372e-09,1.98764200832e-06,5.89549017604e-07,9.05275321372e-09,7.16639192433e-09,1.49011611938e-08,8.79168510437e-07,64
0.368000017479,2697.84941338,721.053103916,-96.132522583,-683.477050781,8.64130401611,0.606151998043,100.000144958,40.0000152588,0.972220361233,0.000116415321827,0.000232830643654,0,0,112.119731744,23.8577300701,111.500330309,23.2879085107,62.072147557,82.6883479021,5150.00056475,0.00139698386192,65.7128766761,71.224225394,0,0,36.5258092643,53.6508086952,0.000352753423694,0.000349245965481,3.50745821276e-06,0.000116415321827,197.84957226,0,0,0,0,1.4421062815,4.67252903036e-05,0.00914930645376,1,184,-2.39624250753e-06,2.39624250753e-06,1.42163944244,0,0,0.0874229893088,0.0546393692493,0.086295157671,0.0539970546961,5.88122929912e-07,1.74694562816e-07,1.83916608876e-06,5.93012373429e-07,1.74694562816e-07,6.43517239496e-09,1.49011611938e-08,4.02331352234e-07,64
0.384000018239,2709.36894231,718.975788914,-95.8555679321,-688.848449707,9.09677314758,0.656287252903,100.000144958,40.0000190735,0.972220361233,0.000116415321827,0.000232830643654,0,0,110.934107068,23.2445840311,110.583856146,22.8548688102,61.0067399975,81.4427621663,5150.00009909,0.00139698386192,66.7782878736,72.4698111298,0,0,37.0414527424,54.1608023923,0.000300564059752,0.000212821760215,8.77422995371e-05,-0.000212821760215,209.369052641,0,0,0,0,1.43795159602,1.04591890704e-05,0.00738590257242,1,192,-2.28433077609e-06,2.28433077609e-06,1.40515851974,0,0,0.0907629281282,0.0567268319428,0.0896430686116,0.0560909509659,5.51774732571e-08,1.45232235127e-07,1.43257307172e-06,7.30471896304e-08,1.45232235127e-07,3.62067709148e-09,1.49011611938e-08,2.38418579102e-07,64
0.400000018999,2720.84469907,715.731817763,-95.4230804443,-694.042907715,9.54846858978,0.706871569157,100.000144958,40.0000190735,0.972220361233,0.000116415321827,0.000232830643654,0,0,108.480079922,22.3658693155,109.090376606,22.2967175203,60.6856992817,80.789468484,5150.00103042,0.00139698386192,67.0993249514,73.1230902602,1,67.0993249514,37.5199888367,54.64287824,0.00037060580993,0.000349245965481,2.13598444487e-05,0.000582076609135,220.8449514,0,0,0,0,1.43146371556,-0.000253749021795,0.0055119371973,1,200,-2.22627363655e-06,2.22627363655e-06,1.40515315533,0,0,0.09404553473,0.0587784610689,0.0929348692298,0.0581496171653,5.25753080183e-07,1.8619446962e-07,1.55543330038e-06,5.37918481314e-07,1.8619446962e-07,1.80397208283e-09,1.49011611938e-08,1.86264514923e-07,64
0.416000019759,2732.25922137,711.410481017,-94.8469467163,-699.063720703,9.99572849274,0.757808089256,100.000144958,40.0000190735,0.972220361233,0.000116415321827,0.000465661287308,0,0,100.204278455,20.4786312539,107.666065342,21.605664695,60.6856992817,80.7880787761,5150.00103042,0.00139698386192,67.0993249514,73.1244799681,1,67.0993249514,37.9656848963,55.0919467059,0.000506219996477,0.000496584107168,9.63588930869e-06,0.000434738467447,232.259111613,0,0,0,0,1.42282101478,0.000239879227593,0.00434370944276,1,208,-2.0847480755e-06,2.0847480755e-06,1.41371142864,0,0,0.0972687378526,0.0607929639518,0.0961684808135,0.0601717606187,4.36141272075e-06,5.87326269397e-07,1.49940512983e-06,4.36134814663e-06,5.87326269397e-07,8.00255861577e-10,1.49011611938e-08,8.56816768646e-08,64
0.432000020519,2743.59504692,706.109800376,-94.1402435303,-703.915283203,10.4379072189,0.809024751186,100.000053406,40.0000152588,0.972220301628,0.000116415321827,0.000465661287308,0,0,86.1308745723,17.2710870488,106.416604858,20.9719798606,60.6856992817,80.7880787761,5150.00056475,0.00139698386192,67.0993249514,73.1244799681,1,67.0993249514,38.3818187402,55.5053520657,0.000497292027002,0.000494765117764,2.52690923741e-06,-2.91038304567e-05,243.595114853,0,0,0,0,1.41221971717,-0.000101863406599,0.00387649843469,1,216,-2.02973251362e-06,2.02973251362e-06,1.41232967377,0,0,0.100430503488,0.0627690702677,0.0993418991566,0.0621561072767,6.21335448159e-06,1.22393203128e-06,1.49612048972e-06,6.21332628725e-06,1.22393203128e-06,2.34636199359e-11,1.49011611938e-08,1.75017120796e-08,64
0.448000021279,2754.83704172,699.780415744,-93.2963943481,-708.58380127,10.8743925095,0.860446631908,100.000236511,40.0000267029,0.972220420837,0.000116415321827,0.000465661287308,0,0,68.0834921046,13.1578086979,105.242135882,20.3912644625,60.6856992817,80.7880787761,5150.00056475,0.00139698386192,67.0993249514,73.1244799681,1,67.0993249514,38.7710606446,55.8846295462,0.000772993266618,0.000760337570682,1.26556959357e-05,-0.000294676283374,254.837044395,0,0,0,0,1.39956091516,-1.5916157281e-05,0.00367653230205,1,224,-2.02195928978e-06,2.02195928978e-06,1.41200578213,0,0,0.10352884233,0.0647055283189,0.102453112602,0.0641014054418,6.19732963969e-06,1.01857483514e-06,1.4984622112e-06,6.19738693786e-06,1.01857483514e-06,7.26129920081e-12,1.49011611938e-08,1.55507464683e-08,64
0.464000022039,2765.96983895,692.556495778,-92.3332901001,-713.079467773,11.3045902252,0.912008285522,100.000144958,40.0000190735,0.972220361233,0.000116415321827,0.000465661287308,0,0,48.4008765165,8.67183526106,104.105397055,19.8590668414,60.6856992817,80.7880787761,5150.00103042,0.00139698386192,67.0993249514,73.1244799681,1,67.0993249514,39.1357280023,56.2323148188,0.000916057493749,0.00088220986072,3.38476330297e-05,4.91127138957e-05,265.969875727,0,0,0,0,1.38511302339,-3.52429196937e-06,0.00358306802809,1,232,-1.96147175302e-06,1.96147175302e-06,1.41271722317,0,0,0.106561772525,0.0666011124849,0.105500139296,0.066006436944,6.05146215094e-06,1.02581338979e-06,1.49002119088e-06,6.05143213761e-06,1.02581338979e-06,7.12269132563e-12,1.49011611938e-08,1.99079117635e-08,64
0.480000022799,2776.97946876,684.498809278,-91.2590179443,-717.403564453,11.7279424667,0.963645815849,100.000320435,40.0000305176,0.972220480442,0.000116415321827,0.000465661287308,0,0,29.6336418621,4.39449284328,102.991394469,19.3713455278,60.6856992817,80.7880787761,5150.00056475,0.00139698386192,67.0993249514,73.1244799681,1,67.0993249514,39.4778508053,56.5509653825,0.000817704168266,0.000789441401139,2.82627671266e-05,-0.000323780113831,276.979320802,0,0,0,0,1.36899768677,4.64979166281e-05,0.00353230000474,1,240,-1.96922292162e-06,1.96922292162e-06,1.41264343262,0,0,0.109527423978,0.0684546455741,0.108481109142,0.0678699910641,6.06661342317e-06,1.05832032204e-06,1.49197614974e-06,6.0666693571e-06,1.05832032204e-06,7.25175822169e-12,1.49011611938e-08,1.5676977938e-08,64
0.496000023559,2787.85219416,675.606948789,-90.0735321045,-721.549316406,12.1439247131,1.01530373096,100.000236511,40.0000267029,0.972220420837,0.000116415321827,0.000465661287308,0,0,14.2136815119,1.24792662075,101.894099797,18.9243758507,60.6856992817,83.4105667309,5150.00103042,0.00139698386192,67.0993249514,73.1244799681,1,67.0993249514,37.5764066121,56.8429932173,0.000564374366685,0.000698491930962,-0.000134117564277,0.000232830643654,287.85229847,0,0,0,0,1.3512139958,-9.77706804406e-05,0.0160583537072,1,248,-2.11798419514e-06,2.11798419514e-06,1.41137671471,0,0,0.112423874438,0.0702649280429,0.111394114792,0.0696908906102,6.14196505921e-06,1.08888764316e-06,1.49328184307e-06,6.14199507254e-06,1.08888764316e-06,7.13258965779e-12,1.49011611938e-08,1.18184164677e-08,64
0.512000024319,2798.57590795,665.94791133,-88.7857666016,-725.519775391,12.5520057678,1.06693649292,100.000236511,40.0000267029,0.972220420837,0.000116415321827,0.000465661287308,0,0,5.07648211934,-0.758181196126,100.810934703,18.5102964469,65.9464130877,89.6454585018,5150.00056475,0.00139698386192,67.0993249514,73.1244799681,1,67.0993249514,33.3329553541,53.6483166798,0.000622493209756,0.000542058842257,8.04343674998e-05,-7.63975549489e-05,298.576106843,0,0,0,0,1.33189587359,-0.000104591890704,0.025228574872,1,256,-1.92870743376e-06,1.92870743376e-06,1.41259670258,0,0,0.115249305964,0.0720308199525,0.114237308502,0.0714679956436,6.77462094245e-06,1.17418358059e-06,1.49152640461e-06,6.77461912346e-06,1.17418358059e-06,6.76584482884e-12,1.49011611938e-08,1.80607244715e-08,64
0.528000025079,2809.13827009,655.53735476,-87.3978042603,-729.310852051,12.9517297745,1.11848115921,100.000404358,40.000038147,0.972220540047,0.000116415321827,0.000465661287308,0,0,2.35699548279,-1.40240112474,99.7407711653,18.0982020694,76.5992808738,96.1076875683,5150.00149608,0.00139698386192,67.0993249514,73.1244799681,1,67.0993249514,29.7527567454,49.7497130709,0.000703210864539,0.000618456397206,8.47544673332e-05,0.000778527464718,309.13844239,0,0,0,0,1.31107481138,-0.000238287611865,0.0260409340262,1,264,-2.0147979285e-06,2.0147979285e-06,1.42378246784,0,0,0.118001975119,0.0737512335181,0.117008909583,0.0732001811266,1.321732816e-05,2.14888814298e-06,1.49000277361e-06,1.32173563543e-05,2.14888814298e-06,2.21433982261e-11,1.49011611938e-08,1.58422182039e-08,64
0.544000025839,2819.52763908,644.38622212,-85.9111099243,-732.918395996,13.342625618,1.16989099979,100.000404358,40.0000343323,0.972220540047,0.000116415321827,0.000465661287308,0,0,3.28243659914,-1.168427945,98.6828840258,17.6675978716,85.5668040458,100.62102956,5150.00103042,0.00139698386192,67.0993249514,73.1244799681,1,67.0993249514,28.1918491964,48.6523422296,0.000804505836949,0.000753061613068,5.14442238808e-05,0.000178260961547,319.527761008,0,0,0,0,1.28877252337,-5.49107426195e-05,0.0207046661526,1,272,-2.11404358197e-06,2.11404358197e-06,1.41227591038,0,0,0.120680078864,0.0754250511527,0.119707167149,0.0748863443732,3.14038115903e-05,3.37651090376e-06,1.48888216245e-06,3.14038406941e-05,3.37651090376e-06,2.34485209027e-11,1.49011611938e-08,1.99700735948e-08,64
0.560000026599,2829.73283902,632.633513305,-84.3442153931,-736.35546875,13.7242679596,1.22111666203,100.000495911,40.000038147,0.972220599651,0.000116415321827,0.000465661287308,0,0,4.02680106727,-0.999784148811,97.6369876167,17.2227468987,92.7796936594,103.874168417,5150.00149608,0.00139698386192,67.0993249514,73.1244799681,1,67.0993249514,27.6145383395,48.3186558995,0.000892385762508,0.000842192093842,5.01936686659e-05,0.000554791768081,329.733059857,0,0,0,0,1.26526708755,-6.53699316899e-05,0.0170949343592,1,280,-2.18245850192e-06,2.18245850192e-06,1.41249656677,0,0,0.123281978071,0.0770512446761,0.122330382466,0.0765254348516,1.48722156155e-05,7.39605184208e-06,1.49308789332e-06,1.48722156155e-05,7.39605184208e-06,1.78678738472e-11,1.49011611938e-08,1.51793280168e-08,64
0.576000027359,2839.74432386,620.23033388,-82.6905899048,-739.610778809,14.0962619781,1.27211284637,100.000495911,40.000038147,0.972220599651,0.000116415321827,0.000465661287308,0,0,4.64177464885,-0.865206030695,96.6028035949,16.7727282652,98.7387902569,106.470179162,5150.00149608,0.00139698386192,67.0993249514,73.1244799681,1,67.0993249514,27.4328667729,48.143985623,0.000919272699629,0.000962245394476,-4.2972694847e-05,0.000434738467447,339.744305506,0,0,0,0,1.24046073324,6.09361450188e-05,0.0142447045073,1,288,-2.18201375901e-06,2.18201375901e-06,1.41272270679,0,0,0.12580601871,0.0786287635565,0.124876879156,0.07811640203,1.78259069799e-05,2.8749386729e-06,1.49301934016e-06,1.78258906089e-05,2.8749386729e-06,2.79724576835e-11,1.49011611938e-08,1.94699509848e-08,64
0.592000028118,2849.55161624,607.23349452,-80.957824707,-742.686828613,14.4582519531,1.32282817364,100.000587463,40.0000495911,0.972220659256,0.000116415321827,0.000465661287308,0,0,5.15407439622,-0.750390734948,95.5800902413,16.3251194976,103.70297241,108.684966108,5150.00056475,0.00139698386192,67.0993249514,73.1244799681,1,67.0993249514,27.4353787972,48.0385606352,0.000786600160008,0.000756699591875,2.99005681326e-05,-0.000291038304567,349.55172282,0,0,0,0,1.21446703361,-2.23963070312e-05,0.0119262095541,1,296,-2.06896334021e-06,2.06896334021e-06,1.41382980347,0,0,0.128250598907,0.0801566243172,0.127345070243,0.0796582475305,1.58875191119e-05,7.485243259e-06,1.49656011672e-06,1.5889381757e-05,7.485243259e-06,2.60677035513e-11,1.49011611938e-08,1.80716313025e-08,64
0.608000028878,2859.14586857,593.688338995,-79.1519470215,-745.585327148,14.8098936081,1.37321376801,100.000587463,40.0000534058,0.972220659256,0.000116415321827,0.000465661287308,0,0,5.58329054066,-0.647891780808,94.5686644355,15.885558876,107.86207713,110.66217121,5150.00056475,0.00139698386192,67.0993249514,73.1244799681,1,67.0993249514,27.5335223705,47.9796144646,0.000753858350744,0.000765794538893,-1.1936188149e-05,-0.000300133251585,359.146001188,0,0,0,0,1.18737671073,5.95719029661e-05,0.0100303152576,1,304,-2.09400968743e-06,2.09400968743e-06,1.41196155548,0,0,0.13061414659,0.0816338434815,0.129733353853,0.0811499878764,1.5309513401e-05,2.43236081587e-06,1.49104630509e-06,1.53094733832e-05,2.43236081587e-06,2.2725488158e-11,1.49011611938e-08,1.97735801066e-08,64
0.624000029638,2868.51916462,579.67583416,-77.2837677002,-748.313232422,15.1508846283,1.42323303223,100.000495911,40.0000457764,0.972220599651,0.000116415321827,0.000465661287308,0,0,5.9449036316,-0.553484578297,93.5684309547,15.4581721053,111.366105557,112.483285193,5150.00056475,0.00139698386192,67.0993249514,73.1244799681,1,67.0993249514,27.6845476037,47.955156333,0.000856744938882,0.000838554115035,1.81908238472e-05,-0.000372892827727,368.51928121,0,0,0,0,1.15935176837,-8.79936123965e-05,0.00847713369876,1,312,-2.12628265217e-06,2.12628265217e-06,1.41154420376,0,0,0.132895216346,0.0830595120788,0.13204023242,0.0825906917453,1.52065431394e-05,1.88057924788e-06,1.49063487243e-06,1.52065367729e-05,1.88057924788e-06,2.72591949013e-11,1.49011611938e-08,1.23074102021e-08,64
0.640000030398,2877.66358815,565.137597732,-75.3454971313,-750.858703613,15.4809675217,1.47283601761,100.000495911,40.0000495911,0.972220599651,0.000116415321827,0.000465661287308,0,0,6.25131458944,-0.464647014465,92.5791993538,15.0458222747,114.335227408,114.196962386,5150.00056475,0.00139698386192,67.0993249514,73.1244799681,1,67.0993249514,27.8655224975,47.9565242131,0.000730126223369,0.000665750121698,6.43761016716e-05,-0.00020008883439,377.66373373,0,0,0,0,1.13027522275,0.000117552190204,0.00752426916733,1,320,-1.98586576516e-06,1.98586576516e-06,1.41188120842,0,0,0.135092392564,0.0844327434897,0.13426426053,0.0839794427156,1.42193857755e-05,1.91045546671e-06,1.49032518948e-06,1.4219381228e-05,1.91045546671e-06,2.89572255063e-11,1.49011611938e-08,1.83731998504e-08,64
0.656000031158,2886.57168858,550.175085664,-73.3506546021,-753.231872559,15.7999134064,1.52196800709,100.000495911,40.0000457764,0.972220599651,0.000116415321827,0.000465661287308,0,0,6.51249432551,-0.379824567925,91.6009037091,14.6504037657,116.866060125,115.83318701,5150.00056475,0.00139698386192,67.0993249514,73.1244799681,1,67.0993249514,28.0632812064,47.9770060338,0.000923734908009,0.000933141564019,-9.40665600968e-06,-0.000467480276711,386.571868034,0,0,0,0,1.10035023226,-0.000225440999202,0.00716923130676,1,328,-2.14254691855e-06,2.14254691855e-06,1.41278767586,0,0,0.137204200029,0.0857526287436,0.136404022574,0.085315361619,1.48960516526e-05,1.94747303794e-06,1.49184643305e-06,1.48959688886e-05,1.94747303794e-06,2.69010369536e-11,1.49011611938e-08,1.3710228508e-08,64
0.672000031918,2895.23694664,534.804130439,-71.3013687134,-755.431396484,16.1075210571,1.57058286667,100.000404358,40.0000343323,0.972220540047,0.000116415321827,0.000465661287308,0,0,6.7364690114,-0.298044897425,90.6333828749,14.2731160176,119.036376418,117.410716484,5150.00056475,0.00186264514923,67.0993249514,73.1244799681,1,67.0993249514,28.2699784293,48.0113631056,0.000773270378285,0.000760337570682,1.29328076026e-05,-0.000294676283374,395.237018893,0,0,0,0,1.06960828816,1.56887836056e-05,0.00688437558711,1,336,-2.22314611165e-06,2.22314611165e-06,1.41243779659,0,0,0.139229401946,0.0870183855295,0.138458147645,0.0865976065397,1.47614373418e-05,1.92531638277e-06,1.49354002588e-06,1.47614191519e-05,1.92531638277e-06,2.87829204915e-11,1.49011611938e-08,2.38438246924e-08,64
0.688000032678,2903.65330875,519.10628099,-69.2084884644,-757.465332031,16.4036483765,1.61862623692,100.000320435,40.0000305176,0.972220480442,0.000116415321827,0.000465661287308,0,0,6.92971104126,-0.218685665077,89.6765343034,13.9145605813,120.908887766,118.941556138,5150.00103042,0.00186264514923,67.0993249514,73.1244799681,1,67.0993249514,28.4808593278,48.0555245304,0.000825481058508,0.000751242623664,7.4238434844e-05,0.000180079950951,403.653327339,0,0,0,0,1.03821264474,-2.08046913031e-05,0.00664563197643,1,344,-2.16613466364e-06,2.16613466364e-06,1.41189837456,0,0,0.141166627407,0.08822914958,0.140425309539,0.0878253355622,1.51919903146e-05,1.90666366962e-06,1.49465472532e-06,1.51919621203e-05,1.90666366962e-06,2.83686407698e-11,1.49011611938e-08,3.13927870366e-08,64
0.704000033438,2911.81541979,503.091374412,-67.0733413696,-759.332336426,16.68816185,1.66604912281,100.000144958,40.0000190735,0.972220361233,0.000116415321827,0.000465661287308,0,0,7.09744758981,-0.141345507939,88.730270097,13.5749663573,122.534256661,120.433447591,5150.00103042,0.00186264514923,67.0993249514,73.1244799681,1,67.0993249514,28.6929862341,48.1063252664,0.000748003478601,0.000694853952155,5.31495264466e-05,0.000236468622461,411.815404391,0,0,0,0,1.00618274246,0.000111299414129,0.00643787300214,1,352,-2.11791780202e-06,2.11791780202e-06,1.41235697269,0,0,0.143014684319,0.0893841907382,0.142304241657,0.0889977738261,1.50705182023e-05,1.89124148164e-06,1.4921984075e-06,1.5070561858e-05,1.89124148164e-06,2.27634577854e-11,1.49011611938e-08,2.14463682369e-08,64
0.720000034198,2919.71839033,486.773962621,-64.8978652954,-761.031921387,16.9609851837,1.7127969265,100.000144958,40.0000190735,0.972220361233,0.000116415321827,0.000465661287308,0,0,7.24392018568,-0.0657592803992,87.7944144599,13.2541905116,123.953577713,121.891505842,5150.00103042,0.00186264514923,67.0993249514,73.1244799681,1,67.0993249514,28.9045656245,48.1613387819,0.000697327570687,0.000703948899172,-6.6213284855e-06,0.000227373675443,419.718494527,0,0,0,0,0.973548026195,-0.000315935722028,0.00625159265473,1,360,-2.01412922252e-06,2.01412922252e-06,1.41219317913,0,0,0.144772410393,0.0904827713966,0.144093751907,0.0901141837239,1.49313837028e-05,4.5808978939e-06,1.4924730749e-06,1.4931349142e-05,4.5808978939e-06,2.86884405121e-11,1.49011611938e-08,1.42425022887e-08,64
0.736000034958,2927.35896073,470.256141853,-62.6956748962,-762.57611084,17.2220859528,1.75881636143,100.000144958,40.0000267029,0.972220361233,0.000116415321827,0.000465661287308,0,0,7.37256737409,0.00824993090366,86.8688868191,12.9518658878,125.200167531,123.319143313,5150.00056475,0.00186264514923,67.0993249514,73.1244799681,1,67.0993249514,29.1144879156,48.2186878799,0.000524480944786,0.000552972778678,-2.84918338922e-05,-8.73114913702e-05,427.358824425,0,0,0,0,0.940512336456,0.000123463905766,0.00608072942123,1,368,-1.95932352653e-06,1.95932352653e-06,1.41271340847,0,0,0.146438702941,0.0915241986513,0.145792707801,0.0911738425493,1.49631587192e-05,1.90677587852e-06,1.49052300458e-06,1.49631605382e-05,1.90677587852e-06,2.80704348654e-11,1.49011611938e-08,2.31300845144e-08,64
0.752000035718,2934.73270722,453.506538179,-60.4625740051,-763.958618164,17.4714641571,1.80404424667,100.000144958,40.0000190735,0.972220361233,0.000116415321827,0.000465661287308,0,0,7.48618677851,0.0808043249268,85.9536066017,12.6674953136,126.301136333,124.718717416,5150.00103042,0.00186264514923,67.0993249514,73.1244799681,1,67.0993249514,29.3220819003,48.2769792143,0.000530421082057,0.00056934368331,-3.89226012532e-05,0.000361978891306,434.732676013,0,0,0,0,0.907013145479,9.50421963353e-05,0.00592136615887,1,376,-1.9385329324e-06,1.9385329324e-06,1.41228580475,0,0,0.14801248908,0.0925078094006,0.147399991751,0.0921760797501,1.55916422955e-05,1.55320628892e-06,1.49239690472e-06,1.55916095537e-05,1.55320628892e-06,2.88142842919e-11,1.49011611938e-08,1.51367629542e-08,64
0.768000036478,2941.83706865,436.618633103,-58.2110404968,-765.190612793,17.7091579437,1.84842121601,100.000144958,40.0000152588,0.972220361233,0.000116415321827,0.000465661287308,0,0,7.58707060982,0.15199179057,85.0484126614,12.4004342048,127.278704895,126.091923448,5150.00056475,0.00186264514923,67.0993249514,73.1244799681,1,67.0993249514,29.5269564958,48.3351395815,0.000637720140584,0.000603904481977,3.38156586066e-05,-0.000138243194669,441.837105598,0,0,0,0,0.873237297583,0.000110446762847,0.00577097292989,1,384,-2.1257019398e-06,2.1257019398e-06,1.41366994381,0,0,0.149492785335,0.0934329926968,0.148914605379,0.0931202545762,1.53379660333e-05,1.54048200329e-06,1.49299376062e-06,1.53379533003e-05,1.54048200329e-06,2.85673151801e-11,1.49011611938e-08,1.8140838165e-08,64
0.784000037238,2948.67041521,419.629941462,-55.9460678101,-766.276245117,17.9352436066,1.89189755917,100.000053406,40.0000152588,0.972220301628,0.000116415321827,0.000465661287308,0,0,7.67709127516,0.221875695752,84.1532097757,12.1499528262,128.151004901,127.439983771,5150.00009909,0.00186264514923,67.0993249514,73.1244799681,1,67.0993249514,29.7288715956,48.392386816,0.000563226840167,0.000511136022396,5.20908177704e-05,-0.000511136022396,448.670557773,0,0,0,0,0.839259939767,-0.000138300038088,0.00562788592651,1,392,-2.15229556488e-06,2.15229556488e-06,1.41249525547,0,0,0.150878638029,0.0942991599441,0.150335535407,0.0940057709813,1.5117935618e-05,1.52007123688e-06,1.49342849909e-06,1.51178801389e-05,1.52007123688e-06,2.48770448685e-11,1.49011611938e-08,1.26585888438e-08,64
0.800000037998,2955.23088425,402.527104598,-53.6658744812,-767.212890625,18.1498298645,1.93440234661,100.000053406,40.0000114441,0.972220301628,0.000116415321827,0.000465661287308,0,0,7.75779385376,0.290508086754,83.2679320213,11.9153031307,128.933010274,128.763902467,5150.00056475,0.00186264514923,67.0993249514,73.1244799681,1,67.0993249514,29.9277126032,48.4481606691,0.000625804338905,0.00063118932303,-5.38498412528e-06,-0.000165528035723,455.230837588,0,0,0,0,0.805054241937,7.41238181945e-05,0.0054909507744,1,400,-2.10330335904e-06,2.10330335904e-06,1.41245102882,0,0,0.152169212699,0.0951057672501,0.151661887765,0.0948320552707,1.56800961122e-05,1.66092058862e-06,1.48531955801e-06,1.56800579134e-05,1.66092058862e-06,2.77227130141e-11,1.49011611938e-08,1.59937343369e-08,64
0.816000038758,2961.5170788,385.368563002,-51.3782577515,-768.007568359,18.353055954,1.97587859631,99.999961853,40.0000114441,0.972220242023,0.000116415321827,0.000465661287308,0,0,7.83045423771,0.357928935348,82.3924255768,11.6956629071,129.63709014,130.064450786,5150.00056475,0.00186264514923,67.0993249514,73.1244799681,1,67.0993249514,30.1234213111,48.5020464112,0.000712234757283,0.000727595761418,-1.53610041354e-05,-0.000261934474111,461.517087899,0,0,0,0,0.77073718785,-6.77573552821e-05,0.00535939075053,1,408,-2.15973318518e-06,2.15973318518e-06,1.41165411472,0,0,0.153363659978,0.0958522930741,0.152892783284,0.0955985710025,1.68741371454e-05,7.03611306108e-07,1.49435163621e-06,1.68741225934e-05,7.03611306108e-07,2.82170120602e-11,1.49011611938e-08,1.39231843832e-08,64
0.832000039518,2967.52899885,368.214037735,-49.0911750793,-768.668334961,18.5451145172,2.01625919342,99.9998703003,40.0000038147,0.972220122814,0.000116415321827,0.000465661287308,0,0,7.89612674331,0.424172977204,81.5265659204,11.4902712897,130.273459945,131.342298118,5150.00009909,0.00186264514923,67.0993249514,73.1244799681,1,67.0993249514,30.3159940813,48.5537711938,0.000756913684508,0.000842192093842,-8.52784093341e-05,-0.000842192093842,467.528913646,0,0,0,0,0.736428091841,0.000248064679909,0.00523265777156,1,416,-2.07224024962e-06,2.07224024962e-06,1.4116820097,0,0,0.154461234808,0.0965382829309,0.154027447104,0.0963048264384,1.58258444571e-05,6.30753334008e-07,1.49398408666e-06,1.58258881129e-05,6.30753334008e-07,2.62903587789e-11,1.49011611938e-08,1.29991537534e-08,64
0.848000040278,2973.26594591,351.059512468,-46.8040924072,-769.194274902,18.7261962891,2.05548071861,99.999961853,40.0000114441,0.972220242023,0.000116415321827,0.000465661287308,0,0,7.95569858939,0.489270341367,80.6703237527,11.29830973,130.850705318,132.598026539,5150.00009909,0.00186264514923,67.0993249514,73.1244799681,1,67.0993249514,30.5054381897,48.6031713081,0.000698784183295,0.00068212102633,1.66631569654e-05,-0.00068212102633,473.266077677,0,0,0,0,0.702119052676,-0.000134662059281,0.00511032436043,1,424,-2.05627770811e-06,2.05627770811e-06,1.41193664074,0,0,0.155461266637,0.097163297236,0.155065119267,0.0969503819942,1.60415329447e-05,5.89880983171e-07,1.49201889599e-06,1.60414383572e-05,5.89880983171e-07,2.42841580178e-11,1.49011611938e-08,2.17362696731e-08,64
0.864000041038,2978.72908413,333.927717293,-44.5200424194,-769.588989258,18.8965396881,2.09347581863,100.000144958,40.0000152588,0.972220361233,0.000116415321827,0.000465661287308,0,0,8.01012658058,0.553810246665,79.8235306029,11.1190173621,131.378110382,133.843001095,5150.00056475,0.00186264514923,67.0993249514,73.1244799681,1,67.0993249514,30.6735855702,48.6445278511,0.000555766141441,0.00054387783166,1.1888309781e-05,-7.82165443525e-05,478.729063843,0,0,0,0,0.667855488246,-9.7202246252e-05,0.00519766611978,1,432,-2.19527623813e-06,2.19527623813e-06,1.41266608238,0,0,0.156363084912,0.0977269411087,0.156005144119,0.0975347980857,1.57717604452e-05,4.96696429764e-07,1.49156392126e-06,1.57716785907e-05,4.96696429764e-07,2.59614829634e-11,1.49011611938e-08,1.91206623867e-08,64
0.880000041798,2983.91864635,316.93855999,-42.2550048828,-769.868591309,19.0564098358,2.13018035889,100.000053406,40.0000114441,0.972220301628,0.000116415321827,0.000465661287308,0,0,8.06371404865,0.628451994451,78.9861498469,10.9518585588,131.897380925,135.282840347,5150.00009909,0.00186264514923,67.0993249514,73.1244799681,1,67.0993249514,30.5079429381,48.5863820359,0.000390380214266,0.000380168785341,1.02114289247e-05,-0.000380168785341,483.918838654,0,0,0,0,0.633877164091,-0.000344982709066,0.00653218152002,1,440,-2.32308229897e-06,2.32308229897e-06,1.41269981861,0,0,0.157166138291,0.0982288494706,0.156846880913,0.0980577170849,1.52571637955e-05,4.35551697819e-07,1.49056268128e-06,1.52572183652e-05,4.35551697819e-07,2.42055542277e-11,1.49011611938e-08,2.23404299504e-08,64
0.896000042558,2988.83649521,299.956765957,-39.9909515381,-770.015869141,19.2060718536,2.16553139687,99.9998703003,40.0000114441,0.972220122814,0.000116415321827,0.000465661287308,0,0,8.1196244003,0.722715104017,78.1580569628,10.7966968951,132.439148729,137.101174914,5150.00103042,0.00186264514923,67.0993249514,73.1244799681,1,67.0993249514,29.7781662084,48.3698859171,0.000570652011755,0.000525687937625,4.49640741307e-05,0.000405634636991,488.836671138,0,0,0,0,0.599913562382,-0.000141824330058,0.00829056836665,1,448,-2.18537002183e-06,2.18537002183e-06,1.41165924072,0,0,0.157869920135,0.0986687019467,0.157589778304,0.0985187739134,1.56134592544e-05,4.18226051124e-07,1.48564697611e-06,1.56135010911e-05,4.18226051124e-07,2.86038970287e-11,1.49011611938e-08,1.41031932799e-08,64
0.912000043318,2993.48379485,283.090630546,-37.7423210144,-770.045959473,19.3458309174,2.19945788383,100.000053406,40.0000038147,0.972220301628,0.000116415321827,0.000465661287308,0,0,8.17796109859,0.833951652905,77.3391201038,10.6533565754,133.004432428,139.246927574,5150.00149608,0.00186264514923,67.0993249514,73.1244799681,1,67.0993249514,28.592416129,48.0113776575,0.000427605548192,0.000381987774745,4.56177734476e-05,0.00101499608718,493.484020865,0,0,0,0,0.566181313388,-0.000170018665813,0.00976479612291,1,456,-2.33442187891e-06,2.33442187891e-06,1.41150856018,0,0,0.158473983407,0.0990462452173,0.158233344555,0.0989176928997,1.5893501768e-05,1.36098861958e-07,1.48537390032e-06,1.5893494492e-05,1.36098861958e-07,2.73821521013e-11,1.49011611938e-08,1.45508352034e-08,64
0.928000044078,2997.86264077,266.371120233,-35.5132331848,-769.963928223,19.4759922028,2.23189902306,99.999961853,40.0000038147,0.972220242023,0.000116415321827,0.000465661287308,0,0,8.23775452048,0.953379925771,76.5292953209,10.5215418601,133.583831484,141.550699482,5150.00103042,0.00186264514923,67.0993249514,73.1244799681,1,67.0993249514,27.2006709565,47.5494089187,0.000202519820358,0.000318323145621,-0.000115803325262,0.000612999428995,497.862809937,0,0,0,0,0.532742262749,-2.57500687439e-05,0.0105978548527,1,464,-2.1666610337e-06,2.1666610337e-06,1.41205310822,0,0,0.158977940679,0.0993612185121,0.158777117729,0.0992541909218,1.37121660373e-05,1.64867387298e-07,7.46162868381e-07,1.37122278829e-05,1.64867387298e-07,2.72263322998e-11,7.45058059692e-09,1.90186870697e-08,64
0.944000044838,3001.97536126,249.794917181,-33.3032569885,-769.770568848,19.596868515,2.26279497147,100.000053406,40.0000114441,0.972220301628,0.000116415321827,0.000465661287308,0,0,8.29751223387,1.0717838111,75.7284580923,10.4007482522,134.162881295,143.834709888,5150.00103042,0.00186264514923,67.0993249514,73.1244799681,1,67.0993249514,25.8408963418,47.0305567433,0.00012060845378,0.000152795109898,-3.21866561181e-05,0.000778527464718,501.975437146,0,0,0,0,0.499589873471,6.46878106636e-05,0.0107521265745,1,472,-2.00536123884e-06,2.00536123884e-06,1.41293537617,0,0,0.159381493926,0.0996134355664,0.159220770001,0.0995280593634,1.45028361658e-05,1.44964744209e-07,1.49231948399e-06,1.45027324834e-05,1.44964744209e-07,2.84908208137e-11,1.49011611938e-08,2.05187262736e-08,64
0.960000045598,3005.82381897,233.346159803,-31.1102676392,-769.464599609,19.7087917328,2.2920768261,100.000053406,40.0000114441,0.972220301628,0.000116415321827,0.000465661287308,0,0,8.35556692659,1.18287249019,74.9365205201,10.2902689066,134.725429234,145.977610373,5150.00056475,0.00186264514923,67.0993249514,73.1244799681,1,67.0993249514,24.6600920946,46.5016855742,2.82307927035e-05,0.000123691279441,-9.54604867376e-05,0.000341970007867,505.823865012,0,0,0,0,0.466692341661,0.000133098865263,0.0103933177888,1,480,-2.128564347e-06,2.128564347e-06,1.41260182858,0,0,0.159684360027,0.0998027399182,0.159563988447,0.0997391119599,1.42275694088e-05,8.06181503776e-08,1.48916126363e-06,1.42275193866e-05,8.06181503776e-08,2.35691466344e-11,1.49011611938e-08,2.74783644727e-08,64
0.976000046358,3009.41127352,217.121880269,-28.9472084045,-769.060668945,19.8121204376,2.31968784332,99.999961853,40.0000114441,0.972220242023,0.000116415321827,0.000465661287308,0,0,8.94940107744,1.42095683965,74.1534826043,10.1893475356,135.111811687,147.857921547,5149.99963343,0.00186264514923,67.0993249514,73.1244799681,1,67.0993249514,23.7682106672,46.1126983282,-0.000113359058251,-8.73114913702e-05,-2.60475668812e-05,-0.000378349795938,509.411377806,0,0,0,0,0.434243787595,-1.46371803567e-05,0.00826335977763,1,488,-2.1672051389e-06,2.1672051389e-06,1.41269111633,0,0,0.15988637507,0.099928997457,0.159806489944,0.0998871996999,1.40512784128e-05,6.07782908446e-08,1.49769982727e-06,1.40512001963e-05,6.07782908446e-08,2.9098251586e-11,1.49011611938e-08,1.55024508786e-08,64
0.992000047117,3012.74145022,201.155606192,-26.8185462952,-768.564880371,19.9072494507,2.34556388855,100.000053406,40.0000114441,0.972220301628,0.000116415321827,0.000465661287308,0,0,13.5619135279,2.63388901803,73.3791246002,10.0983247433,135.111811687,148.509483552,5149.99963343,0.00186264514923,67.0993249514,73.1244799681,1,67.0993249514,23.7855492742,45.8646718471,-8.50528120155e-05,-0.000125510268845,4.04574568291e-05,-0.000340151018463,512.74159128,0,0,0,0,0.402311229664,-0.000212708073377,0.00286446069367,1,496,-1.98193697543e-06,1.98193697543e-06,1.4124943018,0,0,0.159987419844,0.0999921411276,0.159948140383,0.0999722182751,1.43958122862e-05,4.8129564334e-08,1.49164532104e-06,1.43958313856e-05,4.8129564334e-08,1.32770183736e-11,1.49011611938e-08,1.27746631051e-08,64
1.00800004788,3015.81714302,185.330674867,-24.7087287903,-767.963134766,19.9945411682,2.36963844299,99.999961853,40.0000114441,0.972220242023,0.000116415321827,0.000465661287308,0,0,22.7073029849,4.97005751944,72.613446508,10.01729209,135.111811687,148.509483552,5150.00009909,0.00186264514923,67.0993249514,73.1244799681,1,67.0993249514,23.9550263359,45.586941269,0.000111650286239,0.000109139364213,2.51092202586e-06,-0.000109139364213,515.817291699,0,0,0,0,0.370661354054,-0.000227800001085,0.00284472806379,1,504,-1.82398196102e-06,1.82398196102e-06,1.41193377972,0,0,0.159987360239,0.0999921038747,0.15998916328,0.0999947339296,1.43623101394e-05,3.18159472101e-08,1.49478751155e-06,1.43623046824e-05,3.18159472101e-08,1.4315382213e-11,1.49011611938e-08,2.23576854808e-08,64
1.02400004864,3018.64393987,170.08089344,-22.6755905151,-767.316040039,20.0743942261,2.39188075066,99.999961853,40.0000038147,0.972220242023,0.000116415321827,0.000465661287308,0,0,36.0868284929,8.38782543421,71.8563750793,9.94508859172,135.111811687,148.509483552,5150.00009909,0.00186264514923,67.0993249514,73.1244799681,1,67.0993249514,24.0157169173,45.3838802059,0.000180192791244,0.00017462298274,5.5698085033e-06,-0.00017462298274,518.644057507,0,0,0,0,0.340161790291,3.78008735424e-06,0.00282496446744,1,512,-2.13498174162e-06,2.13498174162e-06,1.41326463223,0,0,0.159886270761,0.0999289304018,0.159975588322,0.0999868512154,1.45370640894e-05,2.34896162965e-07,1.49589675402e-06,1.45370295286e-05,2.34896162965e-07,1.31042399154e-11,1.49011611938e-08,2.15954116811e-08,64
1.0400000494,3021.23418078,155.630754307,-20.7490634918,-766.659606934,20.1472969055,2.41234540939,99.9998703003,40,0.972220122814,0.000116415321827,0.000465661287308,0,0,53.2634400123,12.4320527062,71.1078077668,10.4853288653,135.111811687,146.410486195,5150.00009909,0.00186264514923,67.0993249514,75.2234773245,1,67.0993249514,24.1085326707,45.2864769613,0.000376942518865,0.000347426976077,2.95155427876e-05,-0.000347426976077,521.234250186,0,0,0,0,0.311261516117,3.30544480676e-05,0.00441255001351,1,520,-2.1139862838e-06,2.1139862838e-06,1.41185081005,0,0,0.159684181213,0.0998026207089,0.159924373031,0.0999578759074,1.46377542478e-05,2.33989339904e-07,1.49036713992e-06,1.4637717868e-05,2.33989339904e-07,1.10636499961e-11,1.49011611938e-08,1.96914413664e-08,64
1.05600005016,3023.60043861,141.929631354,-18.9223976135,-765.993225098,20.2136821747,2.43110775948,100.000144958,39.999710083,0.972220361233,0.000116415321827,0.000465661287308,0,0,73.2845025745,15.9019536545,71.4624462556,12.5567815737,134.506204631,138.776056701,5150.00056475,0.00186264514923,67.7049320075,82.8578922665,1,67.0993249514,24.3643371505,45.3882785223,0.000312931083823,0.000322870619129,-9.93953530593e-06,0.000142790668178,523.600542493,0,0,0,0,0.283859264982,-3.87103682442e-05,0.0079708956182,1,528,-2.01775651476e-06,2.01775651476e-06,1.41471076012,0,0,0.159381255507,0.0996132865548,0.15981939435,0.0998981967568,1.50553296407e-05,7.7985629332e-07,1.49269965277e-06,1.50553960339e-05,7.7985629332e-07,1.26805232981e-11,1.49011611938e-08,1.94884819393e-08,64
1.07200005092,3025.7513281,128.636689624,-17.1501502991,-765.275634766,20.2739143372,2.44819617271,100.004936218,39.9957542419,0.972223818302,0.000116415321827,0.000465661287308,0,0,87.7882616111,18.6358109013,82.5732900341,15.0195051118,124.527694425,129.28545766,5150.00009909,0.00186264514923,77.6834131102,92.3485058593,1,67.0993249514,25.0652483373,45.9197253804,0.000341466480092,0.000332875060849,8.5914192427e-06,-0.000332875060849,525.751374255,0,0,0,0,0.257273399029,4.46220838057e-06,0.0244652647525,1,536,-2.10035454984e-06,2.10035454984e-06,1.41265106201,0,0,0.158977597952,0.0993610024452,0.15964859724,0.0998004376888,1.45451358549e-05,3.38062818628e-07,1.49287723161e-06,1.4545112208e-05,3.38062818628e-07,1.36931022077e-11,1.49011611938e-08,1.38579281383e-08,64
1.08800005168,3027.69313566,115.764079965,-15.4339437485,-764.511535645,20.3282966614,2.46362471581,100.009376526,39.9922180176,0.972227096558,0.000116415321827,0.000465661287308,0,0,97.6983403096,20.6631324844,92.4549850549,17.2861798405,112.363952212,119.932949019,5149.99963343,0.00186264514923,89.8471334949,101.701014501,1,67.0993249514,26.3240144704,46.895333071,3.15561604625e-05,5.45696821064e-06,2.60991922518e-05,-0.000471118255518,527.693331705,0,0,0,0,0.231528176187,-0.000327347038365,0.0314654037356,1,544,-2.12194322557e-06,2.12194322557e-06,1.41250097752,0,0,0.158473476768,0.0990459248424,0.159403145313,0.0996589511633,1.48136186908e-05,1.34061212975e-06,1.49244772274e-06,1.48135886775e-05,1.34061212975e-06,1.12440334821e-11,1.49011611938e-08,1.66026392634e-08,64
1.10400005244,3029.4302851,103.003418189,-13.7326622009,-763.66204834,20.3771018982,2.47737622261,100.012367249,39.9897880554,0.972229242325,0.000116415321827,0.000465661287308,0,0,104.440829865,22.0833033938,99.8072512323,19.135528439,101.105506474,111.551889859,5150.00009909,0.00186264514923,101.105593785,110.082080937,1,67.0993249514,28.1183984043,48.1659262732,-0.000157505050669,-0.000132786226459,-2.47188242097e-05,0.000132786226459,529.430437794,0,0,0,0,0.20600684536,-0.000184556370186,0.0326344929636,1,552,-2.25092480832e-06,2.25092480832e-06,1.41320943832,0,0,0.157869189978,0.0986682474613,0.159076586366,0.0994694381952,1.51121594172e-05,4.14892099343e-07,1.49532831983e-06,1.51122412717e-05,4.14892099343e-07,1.32404087694e-11,1.49011611938e-08,1.46475258589e-08,64
1.1200000532,3030.96603602,90.5075066839,-12.0666770935,-762.749084473,20.4205513,2.48943662643,100.014274597,39.9881629944,0.972230672836,0.000116415321827,0.000465661287308,0,0,108.874433585,23.012068605,105.005456296,20.5272607344,91.4913180168,104.387938336,5150.00056475,0.00186264514923,110.719782242,117.246025184,1,67.0993249514,30.2116204693,49.4714040542,0.000109431644302,0.000220097717829,-0.000110666073527,0.000245563569479,530.965998408,0,0,0,0,0.181015025191,0.00012721557141,0.0299760140479,1,560,-2.0964137093e-06,2.0964137093e-06,1.41269171238,0,0,0.157165169716,0.0982282310724,0.158664256334,0.0992286577821,1.48633007484e-05,2.66819910166e-07,1.4878262391e-06,1.48632552737e-05,2.66819910166e-07,1.42002520853e-11,1.49011611938e-08,2.91615407377e-08,64
1.13600005396,3032.30201825,78.0670816312,-10.4080896378,-761.745544434,20.4588394165,2.49977755547,100.015678406,39.9870872498,0.972231686115,0.000116415321827,0.000465661287308,0,0,111.689449839,23.5543232041,108.556814737,21.500599307,83.6087201606,98.4188081929,5150.00009909,0.00186264514923,118.602387374,123.215155327,1,67.0993249514,32.0471590385,50.4948075104,0.000194412555499,0.000278305378743,-8.38928232438e-05,-0.000278305378743,532.301980797,0,0,0,0,0.156134177587,9.51843048824e-05,0.0260092001408,1,568,-2.1995674615e-06,2.1995674615e-06,1.41258072853,0,0,0.156361892819,0.0977261886001,0.158162847161,0.0989341884851,1.56152800628e-05,1.19343985716e-06,1.49449192577e-06,1.56153619173e-05,1.19343985716e-06,1.35517430611e-11,1.49011611938e-08,1.62948303739e-08,64
1.15200005472,3033.43916312,65.667401941,-8.75493526459,-760.650024414,20.4921588898,2.50835561752,100.016487122,39.9863204956,0.972232282162,0.000116415321827,0.000465661287308,0,0,113.378575323,23.7966905132,110.889484264,22.1213320284,77.2952844272,93.5219431994,5150.00056475,0.00186264514923,124.915823108,128.112005768,1,67.0993249514,33.2600502588,51.1493853992,0.000452026929776,0.000458385329694,-6.35839991769e-06,7.27595761418e-06,533.43931647,0,0,0,0,0.131334815023,-1.83320025826e-05,0.0219526868314,1,576,-2.27361056204e-06,2.27361056204e-06,1.41260766983,0,0,0.155459806323,0.0971623808146,0.157570034266,0.098584279418,1.48247709149e-05,3.77679498342e-07,1.49343543399e-06,1.48247581819e-05,3.77679498342e-07,1.16560372465e-11,1.49011611938e-08,1.30335422455e-08,64
1.16800005548,3034.37793627,53.2361300429,-7.09756803513,-759.452941895,20.5206565857,2.51512765884,100.017127991,39.9858055115,0.972232699394,0.000116415321827,0.000465661287308,0,0,114.262974099,23.8073371392,112.31492355,22.4557869755,72.3199991626,89.5514967851,5150.00056475,0.00186264514923,129.89109382,132.082466735,1,67.0993249514,34.1711202054,51.6947511642,0.000645862988091,0.000558429746889,8.74332412026e-05,-9.27684595808e-05,534.37819173,0,0,0,0,0.106472263894,-6.86597445565e-05,0.0182969737798,1,584,-2.1977778033e-06,2.1977778033e-06,1.41426253319,0,0,0.154459550977,0.0965372249484,0.156884342432,0.0981776416302,1.57605118147e-05,7.97713880729e-07,1.49203469846e-06,1.57605136337e-05,7.97713880729e-07,1.16791021298e-11,1.49011611938e-08,1.62394968584e-08,64
1.18400005624,3035.11926904,40.9242238675,-5.45611524582,-758.174987793,20.5444755554,2.52006387711,100.017631531,39.9854354858,0.972233116627,0.000116415321827,0.000465661287308,0,0,114.542005795,23.6380257543,113.044739323,22.5617936029,68.4621554683,86.3700333866,5150.00056475,0.00186264514923,133.748922963,135.263937409,1,67.0993249514,34.9291331077,52.216106269,0.000592259644105,0.000636646291241,-4.43866471356e-05,-0.000170985003933,535.119370149,0,0,0,0,0.0818484551246,-0.000124899202092,0.0151697909459,1,592,-2.00453541765e-06,2.00453541765e-06,1.41294515133,0,0,0.153361737728,0.0958510860801,0.156104847789,0.0977134183049,1.50717469296e-05,9.72446628111e-07,1.49181346387e-06,1.50717823999e-05,9.72446628111e-07,1.12490017301e-11,1.49011611938e-08,2.03213090799e-08,64
1.200000057,3035.66269577,28.5272835754,-3.80332565308,-756.788635254,20.5637130737,2.5231282711,100.01789093,39.985168457,0.972233295441,0.000116415321827,0.000465661287308,0,0,114.336310197,23.3277005958,113.217934694,22.486963241,65.5387266306,83.8610576466,5150.00056475,0.00186264514923,136.672359076,137.772905873,1,67.0993249514,35.5954252882,52.7258198417,0.00064742618211,0.000658474164084,-1.10479819737e-05,-0.000192812876776,535.662719102,0,0,0,0,0.0570545708456,0.000221767493258,0.0125406654552,1,600,-2.03330000659e-06,2.03330000659e-06,1.4130821228,0,0,0.152167052031,0.0951044112444,0.155231103301,0.0971910506487,1.55660454766e-05,1.68597864558e-07,1.49053641962e-06,1.55660163728e-05,1.68597864558e-07,1.4498180434e-11,1.49011611938e-08,1.64202695885e-08,64
1.21600005776,3036.00775078,16.1379903147,-2.15155553818,-755.306091309,20.5784931183,2.52427482605,100.018302917,39.9850006104,0.972233593464,0.000116415321827,0.000465661287308,0,0,113.717077233,22.9053001964,112.923791894,22.2688722168,63.4089374216,81.9314955152,5150.00103042,0.00186264514923,138.802133733,139.702460729,1,67.0993249514,36.1981255992,53.2213925908,0.000830689364517,0.000822183210403,8.50615411441e-06,0.000109139364213,536.007681607,0,0,0,0,0.032275980999,8.74784689131e-05,0.0103207407519,1,608,-2.14696115108e-06,2.14696115108e-06,1.41378688812,0,0,0.150876238942,0.0942976549268,0.154262945056,0.0966102480888,1.53840555868e-05,8.74651220784e-07,1.4926406493e-06,1.53840501298e-05,8.74651220784e-07,1.23677457164e-11,1.49011611938e-08,1.30156934119e-08,64
1.23200005852,3036.15373559,3.678291705,-0.490398645401,-753.716491699,20.5889053345,2.52346658707,100.018348694,39.9848747253,0.972233593464,0.000116415321827,0.000465661287308,0,0,112.723897554,22.3916966311,112.21781841,21.9362759428,61.9707570877,80.510180851,5150.00009909,0.00186264514923,140.240343171,141.123789945,1,67.0993249514,36.7513930541,53.6981642654,0.000608701603011,0.000592990545556,1.5711057455e-05,-0.000592990545556,536.153786808,0,0,0,0,0.00735658378659,9.39968103353e-05,0.0084111765027,1,616,-2.1335265501e-06,2.1335265501e-06,1.41344630718,0,0,0.14949016273,0.093431353569,0.153200596571,0.0959709137678,1.48830622493e-05,1.27903319935e-06,1.49259506088e-06,1.4883023141e-05,1.27903319935e-06,1.12085341009e-11,1.49011611938e-08,9.99706628591e-09,64
1.24800005928,3036.10041738,-8.811146472,1.17472314835,-752.025268555,20.5950241089,2.52067136765,100.018302917,39.9848060608,0.972233593464,0.000116415321827,0.000465661287308,0,0,111.344934251,21.7935664732,111.12087533,21.5096894088,61.1608993495,79.547848145,5150.00009909,0.00186264514923,141.050215461,142.086122651,1,67.0993249514,37.2633185179,54.151933,0.000598313468214,0.000562067725696,3.62457425185e-05,-0.000562067725696,536.159157383,0,0,0,0,-0.0176222929582,0.000159994684168,0.00670937681571,1,624,-2.18443028643e-06,2.18443028643e-06,1.41240739822,0,0,0.14800965786,0.092506043613,0.152044415474,0.095273129642,1.5295090634e-05,5.71391353787e-07,1.49351399159e-06,1.52951542987e-05,5.71391353787e-07,8.84706197191e-12,1.49011611938e-08,1.94781613061e-08,64
1.26400006004,3035.84616631,-21.3992134377,2.85299420357,-750.222290039,20.5969314575,2.51584124565,100.018348694,39.9848365784,0.972233593464,0.000116415321827,0.000465661287308,0,0,106.737659047,20.6467724988,109.486744595,20.9176846317,61.1046634731,79.3127110228,5150.00056475,0.00186264514923,141.106444062,142.321267049,2,74.0071191103,37.7391697839,54.578671552,0.000763705612639,0.000805812305771,-4.21066931322e-05,-0.000340151018463,536.159157383,0,0,0,0,-0.0427984296891,-4.24087431838e-05,0.00490036699921,1,632,-2.16560692934e-06,2.16560692934e-06,1.41330957413,0,0,0.146435722709,0.0915223360062,0.150795027614,0.0945171117783,1.52983266162e-05,8.05632453194e-07,1.49688037254e-06,1.52982283907e-05,8.05632453194e-07,6.49474918291e-12,1.49011611938e-08,1.6336148434e-08,64
1.2800000608,3035.39028391,-34.0712686011,4.54246282578,-748.309326172,20.5946750641,2.50894331932,100.018302917,39.9848518372,0.972233593464,0.000116415321827,0.000465661287308,0,0,95.6972800377,18.2591118856,108.144434692,20.3111419181,61.1046634731,79.3127110228,5150.00056475,0.00186264514923,141.106444062,142.321267049,2,74.0071191103,38.1827776437,54.9736541871,0.000891816467896,0.000884028850123,7.78761777287e-06,-0.000418367562816,536.159157383,0,0,0,0,-0.0681425404991,0.000155992552209,0.00411354610696,1,640,-2.24364725909e-06,2.24364725909e-06,1.41278100014,0,0,0.144769340754,0.0904808342457,0.149453133345,0.0937031432986,1.52591419464e-05,1.23631537008e-06,1.49039590269e-06,1.52591946971e-05,1.23631537008e-06,7.22270854236e-12,1.49011611938e-08,1.03616315528e-08,64
1.29600006156,3034.7306747,-46.8259495392,6.24294757843,-746.285400391,20.58826828,2.49994468689,100.018302917,39.9848670959,0.972233593464,0.000116415321827,0.000465661287308,0,0,79.5140276554,14.759218546,106.922347061,19.7552887905,61.1046634731,79.3127110228,5150.00056475,0.00186264514923,141.106444062,142.321267049,2,74.0071191103,38.5971979995,55.3365352971,0.000844117734045,0.000765794538893,7.83231951518e-05,-0.000300133251585,536.159157383,0,0,0,0,-0.0936519057859,5.39870370631e-05,0.00378891499713,1,648,-2.15709110307e-06,2.15709110307e-06,1.41455161572,0,0,0.143011510372,0.0893822014332,0.148019596934,0.0928316712379,1.58477105288e-05,1.29796865167e-06,1.49207187405e-06,1.58476814249e-05,1.29796865167e-06,6.69245214802e-12,1.49011611938e-08,7.51603579374e-09,64
1.31200006232,3033.86640735,-59.6173886152,7.94833278656,-744.156188965,20.57771492,2.48882675171,100.018119812,39.9848594666,0.972233474255,0.000116415321827,0.000465661287308,0,0,60.2849099903,10.6006096304,105.755708317,19.2458951655,61.1046634731,79.3127110228,5150.00149608,0.00186264514923,141.106444062,142.321267049,2,74.0071191103,38.9849992644,55.6692830287,0.00089325886965,0.000869476934895,2.37819347548e-05,0.000527506927028,536.159157383,0,0,0,0,-0.119234783824,2.54942733591e-05,0.00364542636089,1,656,-2.16002104025e-06,2.16002104025e-06,1.41357517242,0,0,0.141163393855,0.0882271155715,0.146495342255,0.0919031649828,1.52690845425e-05,7.40542986932e-07,1.49254356074e-06,1.5269168216e-05,7.40542986932e-07,5.01766683758e-12,1.49011611938e-08,1.72581593461e-08,64
1.32800006308,3032.79585205,-72.5349527784,9.67053318024,-741.909118652,20.5630054474,2.47556853294,100.018028259,39.9848670959,0.972233355045,0.000116415321827,0.000465661287308,0,0,40.5018528068,6.32220328254,104.619013439,18.7790697324,61.1046634731,79.3127110228,5150.00056475,0.00186264514923,141.106444062,142.321267049,2,74.0071191103,39.3484369852,55.9742802579,0.000949913994686,0.000884028850123,6.58851445623e-05,-0.000418367562816,536.159157383,0,0,0,0,-0.145069918744,1.64277480508e-05,0.00357449660078,1,664,-2.01440434466e-06,2.01440434466e-06,1.41284775734,0,0,0.139226123691,0.0870163291693,0.144881412387,0.0909181982279,1.56443711603e-05,8.14745078515e-07,1.48709693804e-06,1.56443693413e-05,8.14745078515e-07,6.91997847913e-12,1.49011611938e-08,1.21439143186e-08,64
1.34400006384,3031.51831031,-85.5419566506,11.4046583176,-739.548522949,20.54413414,2.46015071869,100.018028259,39.9848709106,0.972233355045,0.000116415321827,0.000465661287308,0,0,22.7283581802,2.59897480534,103.50205895,18.3512526286,61.1046634731,79.9327390268,5150.00056475,0.00186264514923,141.106444062,142.321267049,2,74.0071191103,39.1310968553,56.2537970836,0.000899220323203,0.000953150447458,-5.39301242553e-05,-0.00048748916015,536.159157383,0,0,0,0,-0.171083925693,0.000186233251043,0.00802570488304,1,672,-2.19320918404e-06,2.19320918404e-06,1.41321885586,0,0,0.137200936675,0.0857505947351,0.143178939819,0.0898773893714,1.53554847202e-05,6.30286308478e-07,7.46132343465e-07,1.53554501594e-05,6.30286308478e-07,7.20708215329e-12,7.45058059692e-09,1.22602816788e-08,64
1.3600000646,3030.03145382,-98.6190279946,13.1481246948,-737.07598877,20.5210819244,2.4425535202,100.018119812,39.9848899841,0.972233474255,0.000116415321827,0.000465661287308,0,0,9.492495284,0.159759976855,102.400647729,17.9590011887,61.8859194219,84.8452691571,5150.00056475,0.00186264514923,141.106444062,142.321267049,2,74.0071191103,35.5757911166,55.8722531423,0.000981073070006,0.00100772012956,-2.66470595589e-05,-0.000542058842257,536.159157383,0,0,0,0,-0.19723806588,-0.00020231993858,0.0214127525687,1,680,-2.0922279873e-06,2.0922279873e-06,1.41212940216,0,0,0.135089114308,0.0844306945801,0.141389116645,0.0887814238667,1.63395397976e-05,1.06743186734e-06,1.49233267166e-06,1.63395561685e-05,1.06743186734e-06,4.95938012879e-12,1.49011611938e-08,1.55627333243e-08,64
1.37600006536,3028.33481692,-111.8050277,14.9061136246,-734.486083984,20.4938144684,2.42276716232,100.018028259,39.9848899841,0.972233355045,0.000116415321827,0.000465661287308,0,0,3.04570322118,-1.3100786347,101.312867999,17.5864681644,70.3943151166,91.5752025321,5150.00149608,0.00186264514923,141.106444062,142.321267049,2,74.0071191103,31.376566767,51.3804916409,0.000973399208459,0.000982254277915,-8.85506945547e-06,0.000414729584008,536.159157383,0,0,0,0,-0.22361007268,-0.000140175870911,0.0264544654638,1,688,-2.1416067284e-06,2.1416067284e-06,1.41001772881,0,0,0.132891952991,0.0830574780703,0.139513224363,0.0876310095191,1.57983831741e-05,1.11963436211e-06,1.49372704072e-06,1.57984250109e-05,1.11963436211e-06,4.86598261684e-12,1.49011611938e-08,1.23192762658e-08,64
1.39200006612,3026.42676979,-125.050428323,16.6720218658,-731.784606934,20.4623146057,2.40077733994,100.018028259,39.9849014282,0.972233355045,0.000116415321827,0.000465661287308,0,0,2.76068646047,-1.34242069104,100.237833456,17.20162578,80.5110466899,97.2647103481,5150.00009909,0.00186264514923,141.106444062,142.321267049,2,74.0071191103,28.7314796878,48.8001169288,0.000871876862374,0.000885847839527,-1.39709771529e-05,-0.000885847839527,536.159157383,0,0,0,0,-0.250100868016,4.07567313232e-05,0.0230413470417,1,696,-2.10169855563e-06,2.10169855563e-06,1.41257214546,0,0,0.130610913038,0.0816318169236,0.137552574277,0.0864269286394,1.68538281287e-05,5.60716785003e-07,1.49582706399e-06,1.6853764464e-05,5.60716785003e-07,6.57907062163e-12,1.49011611938e-08,1.85670216979e-08,64
1.40800006688,3024.30638112,-138.377581607,18.4488296509,-728.968139648,20.4265155792,2.37658667564,100.018211365,39.9849205017,0.972233533859,0.000116415321827,0.000465661287308,0,0,3.58037457136,-1.14135941575,99.1750386867,16.7966712708,88.4538239916,101.143181382,5150.00056475,0.00186264514923,141.106444062,142.321267049,2,74.0071191103,27.7287617791,48.1934730487,0.000748015052676,0.000747604644857,4.1040781884e-07,-0.00028194335755,536.159157383,0,0,0,0,-0.276755173445,-8.04618593975e-05,0.0187251772732,1,704,-2.09204654311e-06,2.09204654311e-06,1.41264796257,0,0,0.128247365355,0.0801546126604,0.135508537292,0.0851699858904,1.68528149516e-05,2.31957028518e-06,1.49276661432e-06,1.68528313225e-05,2.31957028518e-06,6.70040412043e-12,1.49011611938e-08,1.63986442203e-08,64
1.42400006764,3021.97248675,-151.776694111,20.2352313995,-726.037353516,20.3863735199,2.35018706322,100.018211365,39.9849281311,0.972233533859,0.000116415321827,0.000465661287308,0,0,4.24968984859,-0.988589878078,98.1242199985,16.3797022256,94.9394889176,104.090104287,5150.00149608,0.00186264514923,141.106444062,142.321267049,2,74.0071191103,27.3704936262,47.9461705254,0.000643650535648,0.000683940015733,-4.02894800855e-05,0.00071304384619,536.159157383,0,0,0,0,-0.303553406411,0.000175077730091,0.0155239105225,1,712,-2.22676089834e-06,2.22676089834e-06,1.41327309608,0,0,0.125802829862,0.0786267742515,0.133382573724,0.0838610380888,1.72893796844e-05,2.18912009586e-06,1.49758091084e-06,1.72893960553e-05,2.18912009586e-06,6.28450069762e-12,1.49011611938e-08,1.6476832343e-08,64
1.4400000684,3019.42345686,-165.184115758,22.0227413177,-722.999938965,20.3418235779,2.32158112526,100.018211365,39.9849395752,0.972233533859,0.000116415321827,0.000465661287308,0,0,4.8043664269,-0.862385059363,97.0850917232,15.9593491134,100.314304291,106.524596049,5150.00056475,0.00186264514923,141.106444062,142.321267049,2,74.0071191103,27.2898851108,47.8006331832,0.000524393042878,0.000518411980011,5.9810628672e-06,-5.27506927028e-05,536.159157383,0,0,0,0,-0.330368237655,0.000214384954234,0.0129496287555,1,720,-2.17250658352e-06,2.17250658352e-06,1.41254878044,0,0,0.123278863728,0.077049292624,0.131176188588,0.082500949502,1.85404787771e-05,2.30410046242e-06,1.49080358369e-06,1.8540504243e-05,2.30410046242e-06,5.61474478022e-12,1.49011611938e-08,1.7213267256e-08,64
1.45600006916,3016.65859297,-178.747257451,23.8310108185,-719.835998535,20.2927799225,2.29077482224,100.018119812,39.9849395752,0.972233474255,0.000116415321827,0.000465661287308,0,0,5.26703044662,-0.752157103864,96.0574853898,15.542334288,104.797516542,108.650892798,5150.00103042,0.00186264514923,141.106444062,142.321267049,2,74.0071191103,27.3457517324,47.7117391711,0.00066451207037,0.000691215973347,-2.67039029778e-05,0.000240106601268,536.159157383,0,0,0,0,-0.357494542413,-0.000133326238938,0.0108500383794,1,728,-2.11224323721e-06,2.11224323721e-06,1.41273486614,0,0,0.12067707628,0.0754231736064,0.128890886903,0.0810906514525,1.81006398634e-05,2.14851684177e-06,1.49351944856e-06,1.81006762432e-05,2.14851684177e-06,7.07784525433e-12,1.49011611938e-08,1.25365566817e-08,64
1.47200006992,3013.67696375,-192.287407117,25.6362171173,-716.568786621,20.2391471863,2.25778484344,100.018119812,39.9849433899,0.972233474255,0.000116415321827,0.000465661287308,0,0,5.65506965719,-0.652146070644,95.0412032283,15.1336779979,108.557615022,110.580105684,5150.00103042,0.00186264514923,141.106444062,142.321267049,2,74.0071191103,27.4748908851,47.6634922961,0.000518424483897,0.00060026650317,-8.18420192727e-05,0.000331056071445,536.159157383,0,0,0,0,-0.384574832424,0.000171439751284,0.00913271587342,1,736,-2.08320307138e-06,2.08320307138e-06,1.41158723831,0,0,0.117999047041,0.0737494081259,0.126528248191,0.0796311050653,1.73167918547e-05,1.96448672796e-06,1.49254492499e-06,1.73167754838e-05,1.96448672796e-06,7.08692132756e-12,1.49011611938e-08,1.10085967009e-08,64
1.48800007068,3010.47693938,-205.979711609,27.4617080688,-713.174255371,20.1808395386,2.2226126194,100.018028259,39.9849510193,0.972233355045,0.000116415321827,0.000465661287308,0,0,5.9823375824,-0.55899833661,94.0361207166,14.7369584178,111.728841148,112.376925244,5150.00103042,0.00186264514923,141.106444062,142.321267049,2,74.0071191103,27.6451373793,47.6457244076,0.000555600079832,0.000576619640924,-2.10195610917e-05,0.000354702933691,536.159157383,0,0,0,0,-0.411959433677,8.20250534161e-05,0.00792399793863,1,744,-2.1364994609e-06,2.1364994609e-06,1.4121799469,0,0,0.115246504545,0.0720290765166,0.124089963734,0.0781232714653,1.72136078618e-05,1.93325877262e-06,1.49166567098e-06,1.72136351466e-05,1.93325877262e-06,5.49012224571e-12,1.49011611938e-08,2.76724847481e-08,64
1.50400007144,3007.05805421,-219.689420192,29.2895183563,-709.670043945,20.1177349091,2.18528342247,100.018028259,39.9849586487,0.972233355045,0.000116415321827,0.000465661287308,0,0,6.25995421472,-0.470679003798,93.0421426322,14.3546577459,114.418944577,114.080605272,5150.00009909,0.00186264514923,141.106444062,142.321267049,2,74.0071191103,27.8386323771,47.6507775602,0.000658429824552,0.000587533577345,7.08962472062e-05,-0.000587533577345,536.159157383,0,0,0,0,-0.439378851524,2.74269496003e-05,0.00750740990043,1,752,-2.15086492972e-06,2.15086492972e-06,1.41247296333,0,0,0.112421214581,0.0702632665634,0.121577695012,0.0765681788325,1.72710624611e-05,1.91319486476e-06,1.49401148519e-06,1.72711443156e-05,1.91319486476e-06,6.7910399526e-12,1.49011611938e-08,1.96527611962e-08,64
1.5200000722,3003.41867842,-233.493046835,31.1298503876,-706.045166016,20.0496902466,2.14582228661,100.018028259,39.9849662781,0.972233355045,0.000116415321827,0.000465661287308,0,0,6.49685446124,-0.385921050009,92.0591224787,13.9884506194,116.714509204,115.715585707,5150.00056475,0.00186264514923,141.106444062,142.321267049,2,74.0071191103,28.0449166894,47.6726672787,0.000601785357657,0.000602085492574,-3.0013491692e-07,-0.000136424205266,536.159157383,0,0,0,0,-0.466986108449,-7.21627202438e-05,0.00718108890578,1,760,-2.26564134209e-06,2.26564134209e-06,1.41360628605,0,0,0.109524928033,0.0684530809522,0.118993185461,0.0749668702483,1.77590245585e-05,1.887833605e-06,1.49122456605e-06,1.77590281965e-05,1.887833605e-06,6.56714266301e-12,1.49011611938e-08,2.25210214921e-08,64
1.53600007296,2999.55788068,-247.394171311,32.9831809998,-702.29876709,19.9765586853,2.10424900055,100.01789093,39.9849662781,0.972233295441,0.000116415321827,0.000465661287308,0,0,6.7002372467,-0.303926785171,91.0869284092,13.6393194796,118.685289635,117.297255201,5150.00056475,0.00186264514923,141.106444062,142.321267049,2,74.0071191103,28.2577093458,47.7067333122,0.000542142400417,0.000594809534959,-5.26671345424e-05,-0.000129148247652,536.159157383,0,0,0,0,-0.494788366723,0.000256079601968,0.0069134728983,1,768,-2.23344090955e-06,2.23344090955e-06,1.41264927387,0,0,0.106559447944,0.0665996596217,0.116338171065,0.0733203962445,1.78654554475e-05,2.03050967684e-06,1.49675429384e-06,1.78654754563e-05,2.03050967684e-06,3.44975437105e-12,1.49011611938e-08,2.21017444346e-08,64
1.55200007372,2995.4740312,-261.34721702,34.8434371948,-698.436096191,19.8981628418,2.06060123444,100.018028259,39.9849700928,0.972233355045,0.000116415321827,0.000465661287308,0,0,6.87591298461,-0.224180911052,90.1254871756,13.3077587521,120.387587231,118.835552712,5150.00009909,0.00186264514923,141.106444062,142.321267049,2,74.0071191103,28.4731468128,47.749337682,0.000559977023085,0.000542058842257,1.7918180828e-05,-0.000542058842257,536.159157383,0,0,0,0,-0.522694449501,-1.03455022327e-05,0.00668481085449,1,776,-2.19520620703e-06,2.19520620703e-06,1.41447901726,0,0,0.103526718915,0.0647042021155,0.113614484668,0.0716298520565,1.81348568731e-05,1.90764217223e-06,1.49520053583e-06,1.81348877959e-05,1.90764217223e-06,3.22784160511e-12,1.49011611938e-08,1.49405821048e-08,64
1.56800007448,2991.16619863,-275.376602076,36.7138671875,-694.453369141,19.8143177032,2.01492023468,100.018028259,39.9849777222,0.972233355045,0.000116415321827,0.000465661287308,0,0,7.02857825805,-0.146351922318,89.1746449566,12.9938865494,121.866913105,120.336873806,5150.00056475,0.00186264514923,141.106444062,142.321267049,2,74.0071191103,28.6888716801,47.7976791444,0.000758161602943,0.000696672941558,6.14886613848e-05,-0.00023101165425,536.159157383,0,0,0,0,-0.550753213702,-0.000124089183373,0.00648274784908,1,784,-2.28575186156e-06,2.28575186156e-06,1.41232669353,0,0,0.100428752601,0.0627679750323,0.110823981464,0.0698963701725,1.72750806087e-05,1.87283478681e-06,1.49318941567e-06,1.72750405909e-05,1.87283478681e-06,5.23327908786e-12,1.49011611938e-08,2.08867447782e-08,64
1.58400007524,2986.63298599,-289.516232442,38.5989952087,-690.345458984,19.7248096466,1.96724593639,100.017936707,39.9849777222,0.972233295441,0.000116415321827,0.000465661287308,0,0,7.16203464864,-0.0702161329837,88.2343211793,12.6975536284,123.160105431,121.805533126,5150.00103042,0.00186264514923,141.106444062,142.321267049,2,74.0071191103,28.9034360321,47.849593102,0.000792452395371,0.000780346454121,1.21059412495e-05,0.000150976120494,536.159157383,0,0,0,0,-0.579032473524,-0.000250167886406,0.00629944261163,1,792,-2.14605120163e-06,2.14605120163e-06,1.4118386507,0,0,0.0972674489021,0.0607921592891,0.107968583703,0.0681211128831,1.74481319846e-05,1.86182535344e-06,1.49236188918e-06,1.74481046997e-05,1.86182535344e-06,3.46139783503e-12,1.49011611938e-08,1.48497800723e-08,64
1.600000076,2981.87322915,-303.729291772,40.4939155579,-686.116699219,19.6293945312,1.9176325798,100.017936707,39.9849891663,0.972233295441,0.000116415321827,0.000465661287308,0,0,7.27937506166,0.00437847200253,87.304376672,12.418380014,124.29713388,123.244462884,5150.00056475,0.00186264514923,141.106444062,142.321267049,2,74.0071191103,29.1159449262,47.9034169985,0.000832725957634,0.000864019966684,-3.12940090508e-05,-0.000398358679377,536.159157383,0,0,0,0,-0.607458616741,3.46744855051e-06,0.00612985482439,1,800,-2.2115361844e-06,2.2115361844e-06,1.41442489624,0,0,0.0940447673202,0.0587779842317,0.105050213635,0.0663052499294,1.80367260327e-05,1.78933021289e-06,1.48935725974e-06,1.80366114364e-05,1.78933021289e-06,2.63517679899e-12,1.49011611938e-08,1.6408165493e-08,64
1.61600007676,2976.88459978,-318.088917993,42.4083747864,-681.756103516,19.527765274,1.86614131927,100.017936707,39.9850082397,0.972233295441,0.000116415321827,0.000465661287308,0,0,7.3831155728,0.0775363678946,86.3847235369,12.155850222,125.302380184,124.655678519,5150.00103042,0.00186264514923,141.106444062,142.321267049,2,74.0071191103,29.3258599413,47.957906645,0.00076717839026,0.000807631295174,-4.04529049147e-05,0.000123691279441,536.159157383,0,0,0,0,-0.636177844626,8.4526163846e-05,0.00597073184326,1,808,-2.13882867683e-06,2.13882867683e-06,1.41292047501,0,0,0.0907626748085,0.0567266792059,0.102070808411,0.0644499659538,1.78521804628e-05,1.77247727606e-06,1.48823232848e-06,1.78521713678e-05,1.77247727606e-06,3.20165768897e-12,1.49011611938e-08,2.48860203556e-08,64
1.63200007752,2971.66476957,-332.646013703,44.3491630554,-677.25592041,19.4195365906,1.81285095215,100.018028259,39.9850082397,0.972233355045,0.000116415321827,0.000465661287308,0,0,7.47531399871,0.149334869456,85.475200628,11.909366364,126.195780467,126.040671603,5150.00056475,0.00186264514923,141.106444062,142.321267049,2,74.0071191103,29.5328700304,48.0121198052,0.000752285414518,0.000789441401139,-3.71559866208e-05,-0.000323780113831,536.159157383,0,0,0,0,-0.665292077429,-0.000137902134156,0.00581995118409,1,816,-2.09768904824e-06,2.09768904824e-06,1.41202425957,0,0,0.0874233171344,0.0546395741403,0.0990323573351,0.0625564530492,1.77795955096e-05,1.80666188498e-06,1.49380662151e-06,1.77796628122e-05,1.80666188498e-06,3.49948542366e-12,1.49011611938e-08,2.06817389881e-08,64
1.64800007828,2966.21024609,-347.377470462,46.3131942749,-672.61730957,19.30427742,1.7578407526,100.01789093,39.9850158691,0.972233295441,0.000116415321827,0.000465661287308,0,0,7.55766054161,0.219832085257,84.5757200474,11.6782435693,126.993720187,127.400562633,5150.00103042,0.00186264514923,141.106444062,142.321267049,2,74.0071191103,29.7367951134,48.065365263,0.000688251303171,0.00071304384619,-2.47925430186e-05,0.000218278728426,536.159157383,0,0,0,0,-0.694754987762,-0.00024448354452,0.00567605113611,1,824,-2.12350528273e-06,2.12350528273e-06,1.41277122498,0,0,0.0840287283063,0.0525179579854,0.0959368795156,0.0606259480119,1.77493311639e-05,1.72046873104e-06,1.4958122847e-06,1.77493566298e-05,1.72046873104e-06,3.46443013166e-12,1.49011611938e-08,2.95825373087e-08,64
1.66400007904,2960.51846817,-362.291117199,48.3015174866,-667.838134766,19.1815071106,1.70121145248,100.017936707,39.9850196838,0.972233295441,0.000116415321827,0.000465661287308,0,0,7.63154371272,0.289073251784,83.6861719228,11.4617795708,127.709645312,128.736224724,5150.00056475,0.00186264514923,141.106444062,142.321267049,2,74.0071191103,29.9375587929,48.1171482534,0.000819353543347,0.000765794538893,5.35590044537e-05,-0.000300133251585,536.159157383,0,0,0,0,-0.724582264411,1.33013600134e-05,0.00553813157603,1,832,-2.11799670069e-06,2.11799670069e-06,1.41277313232,0,0,0.0805811285973,0.0503632128239,0.0927864089608,0.0586597062647,1.74365359271e-05,1.84507416634e-06,1.4889724298e-06,1.74364904524e-05,1.84507416634e-06,3.34643424083e-12,1.49011611938e-08,2.65671928901e-08,64
1.6800000798,2954.58524488,-377.478689188,50.3263626099,-662.904052734,19.0506820679,1.64307153225,100.018028259,39.9850349426,0.972233355045,0.000116415321827,0.000465661287308,0,0,7.69811396658,0.357097625495,82.806446382,11.2591951908,128.354717162,130.048414576,5150.00149608,0.00186264514923,141.106444062,142.321267049,2,74.0071191103,30.135121051,48.1671195303,0.000768691846287,0.000778527464718,-9.83561843082e-06,0.000618456397206,536.159157383,0,0,0,0,-0.75495739793,-0.000112379439088,0.00540544046089,1,840,-2.19457842832e-06,2.19457842832e-06,1.41200816631,0,0,0.077082619071,0.048176638782,0.0895830467343,0.0566589795053,1.84029340744e-05,1.79138658041e-06,1.49248307935e-06,1.84028631338e-05,1.79138658041e-06,3.61950747152e-12,1.49011611938e-08,1.21226779726e-08,64
1.69600008056,2948.40661809,-392.952817492,52.3894081116,-657.811462402,18.9112110138,1.58353316784,100.018028259,39.9850387573,0.972233355045,0.000116415321827,0.000465661287308,0,0,7.75832581881,0.423937610134,81.9364335526,11.0697634407,128.938161652,131.337757921,5150.00009909,0.00186264514923,141.106444062,142.321267049,2,74.0071191103,30.3294928017,48.2150389871,0.000619691034598,0.00068212102633,-6.24299917318e-05,-0.00068212102633,536.159157383,0,0,0,0,-0.785905683642,-0.000130569333123,0.00527754798532,1,848,-2.09773997994e-06,2.09773997994e-06,1.41106009483,0,0,0.0735354870558,0.0459596812725,0.0863288715482,0.0546250641346,1.79990638571e-05,1.74427509592e-06,1.49265133587e-06,1.79991111509e-05,1.74427509592e-06,3.20374282659e-12,1.49011611938e-08,1.81178734238e-08,64
1.71200008132,2941.97816402,-408.700259868,54.4888954163,-652.559875488,18.7624092102,1.52273619175,100.018119812,39.9850540161,0.972233474255,0.000116415321827,0.000465661287308,0,0,7.8129735546,0.489621131579,81.0760675112,10.8927564168,129.467705847,132.60479318,5150.00103042,0.00186264514923,141.106444062,142.321267049,2,74.0071191103,30.5206958728,48.2607647427,0.000661385682332,0.000585714587942,7.56710943906e-05,0.000345607986674,536.159157383,0,0,0,0,-0.81740057567,-6.78141987009e-05,0.00515404110774,1,856,-2.23335200644e-06,2.23335200644e-06,1.41288995743,0,0,0.0699419230223,0.0437137037516,0.083026021719,0.0525592565536,1.7665384803e-05,1.7630311504e-06,1.49389347825e-06,1.76653629751e-05,1.7630311504e-06,3.29791055576e-12,1.49011611938e-08,2.19154401293e-08,64
1.72800008208,2935.29452756,-424.811209086,56.636844635,-647.13470459,18.6035251617,1.46082568169,100.018028259,39.9850540161,0.972233355045,0.000116415321827,0.000465661287308,0,0,7.86395796474,0.557502184884,80.2252090863,10.7274855858,129.961743369,133.914218168,5150.00056475,0.00186264514923,141.106444062,142.321267049,2,74.0071191103,30.6057809212,48.2733375975,0.000728418284024,0.00074396666605,-1.55483820263e-05,-0.000278305378743,536.159157383,0,0,0,0,-0.849622438182,2.34194885707e-05,0.00574610475451,1,864,-2.25522717301e-06,2.25522717301e-06,1.41289496422,0,0,0.0663041844964,0.0414401106536,0.0796766504645,0.0504628680646,1.84368836926e-05,1.71356703049e-06,1.4975034901e-06,1.84369400813e-05,1.71356703049e-06,2.29560814802e-12,1.49011611938e-08,2.00407086481e-08,64
1.74400008284,2928.34942229,-441.345066065,58.841178894,-641.524963379,18.4336948395,1.39796793461,100.018119812,39.9850692749,0.972233474255,0.000116415321827,0.000465661287308,0,0,7.91613906737,0.641186651955,79.3838070041,10.5736542926,130.467378767,135.528491228,5150.00103042,0.00186264514923,141.106444062,142.321267049,2,74.0071191103,30.2067601297,48.1481620227,0.000706078820412,0.000671207089908,3.48717305032e-05,0.000260115484707,536.159157383,0,0,0,0,-0.882690187609,2.92175172945e-05,0.00737080862746,1,872,-2.21356094698e-06,2.21356094698e-06,1.41176950932,0,0,0.0626246109605,0.039140380919,0.0762829482555,0.0483372397721,1.81599079951e-05,1.90354262486e-06,1.49656432313e-06,1.8159938918e-05,1.90354262486e-06,3.31226018835e-12,1.49011611938e-08,2.37374422341e-08,64
1.7600000836,2921.13586329,-458.297843579,61.1013641357,-635.727783203,18.251947403,1.3343487978,100.018211365,39.985080719,0.972233533859,0.000116415321827,0.000465661287308,0,0,7.97094245558,0.74442981926,78.5517074434,10.4311783016,130.99842181,137.520051794,5150.00103042,0.00186264514923,141.106444062,142.321267049,2,74.0071191103,29.2625445582,47.8696674691,0.000688123405479,0.000702129909769,-1.40065042897e-05,0.000229192664847,536.159157383,0,0,0,0,-0.916595752187,0.000174338765646,0.00907126814127,1,880,-2.1764885787e-06,2.1764885787e-06,1.4129652977,0,0,0.0589054711163,0.036815918982,0.0728470906615,0.0461837127805,1.75627501449e-05,1.74070066805e-06,1.48481876749e-06,1.75627574208e-05,1.74070066805e-06,1.73160791261e-12,1.49011611938e-08,1.40883926747e-08,64
1.77600008436,2913.64570148,-475.872773677,63.4444961548,-629.711975098,18.0571746826,1.27017104626,100.018119812,39.985080719,0.972233474255,0.000116415321827,0.000465661287308,0,0,8.0279039189,0.861222358627,77.7288737801,10.2998900578,131.550375954,139.77297931,5150.00056475,0.00186264514923,141.106444062,142.321267049,2,74.0071191103,27.9629075521,47.4661173939,0.000671702762856,0.00065665517468,1.50475881755e-05,-0.000190993887372,536.159157383,0,0,0,0,-0.951745619204,0.000166778590938,0.0102951508015,1,888,-2.15191948882e-06,2.15191948882e-06,1.412555933,0,0,0.0551491826773,0.0344682410359,0.0693713054061,0.0440036579967,1.82096227945e-05,1.83450254099e-06,1.49531751958e-06,1.82097428478e-05,1.83450254099e-06,1.69866898325e-12,1.49011611938e-08,1.74904357664e-08,64
1.79200008512,2905.86915798,-494.051899295,65.8681793213,-623.475158691,17.8481063843,1.20567703247,100.018211365,39.9850921631,0.972233533859,0.000116415321827,0.000465661287308,0,0,8.08580021239,0.982029700548,76.9151375433,10.179405008,132.111395942,142.103352118,5150.00103042,0.00186264514923,141.106444062,142.321267049,2,74.0071191103,26.5671005764,46.9800106657,0.00071788804068,0.00080035533756,-8.24672968802e-05,0.000130967237055,536.159157383,0,0,0,0,-0.988103806776,0.000203385752684,0.0108290025964,1,896,-2.26766269407e-06,2.26766269407e-06,1.41287505627,0,0,0.0513580441475,0.0320987775922,0.0658578202128,0.0417984388769,1.76606190507e-05,1.80048039056e-06,1.50112589381e-06,1.76605535671e-05,1.80048039056e-06,1.81512790909e-12,1.49011611938e-08,1.66360063503e-08,64
1.80800008588,2897.79459126,-512.989587151,68.3929977417,-616.991088867,17.6232719421,1.14113128185,100.018302917,39.9851036072,0.972233593464,0.000116415321827,0.000465661287308,0,0,8.14304001888,1.09868558624,76.1104401345,10.0691829466,132.666042191,144.353645737,5150.00056475,0.00186264514923,141.106444062,142.321267049,2,74.0071191103,25.2778791037,46.4581244159,0.000598730023893,0.000545696821064,5.30332028292e-05,-8.0035533756e-05,536.159157383,0,0,0,0,-1.02597925888,-0.000105387698568,0.0107410522178,1,904,-2.0959446374e-06,2.0959446374e-06,1.41254687309,0,0,0.0475345291197,0.0297090820968,0.0623088814318,0.0395694412291,1.76795656444e-05,1.81512336894e-06,1.49342224631e-06,1.76795365405e-05,1.81512336894e-06,1.72364206241e-12,1.49011611938e-08,4.1661621708e-08,64
1.82400008664,2889.40989412,-532.825069968,71.0375137329,-610.235351562,17.3809776306,1.07684469223,100.018119812,39.9850921631,0.972233474255,0.000116415321827,0.000465661287308,0,0,8.19797525385,1.2064444479,75.3147815537,9.96850054789,133.198365802,146.432314068,5150.00103042,0.00186264514923,141.106444062,142.321267049,2,74.0071191103,24.1999568971,45.945027523,0.000700046312585,0.000700310920365,-2.64607780132e-07,0.00023101165425,536.159157383,0,0,0,0,-1.06565016722,0.000217141860048,0.010232521221,1,912,-1.9463989247e-06,1.9463989247e-06,1.41348862648,0,0,0.0436810031533,0.0273006279022,0.0587267465889,0.0373180657625,1.7844591639e-05,1.62158107742e-06,1.49209790834e-06,1.78445479833e-05,1.62158107742e-06,1.78496106784e-12,1.49011611938e-08,2.48256810664e-08,64
1.8400000874,2880.69806993,-553.717836738,73.8229827881,-603.178161621,17.1192550659,1.01316261292,100.017936707,39.9850997925,0.972233295441,0.000116415321827,0.000465661287308,0,0,10.1466868679,1.7848328422,74.527949381,9.87687895156,133.343986818,147.969622049,5150.00009909,0.00186264514923,141.106444062,142.321267049,2,74.0071191103,23.6140440393,45.6876368844,0.000680652048612,0.000670297595207,1.03544534058e-05,-0.000670297595207,536.159157383,0,0,0,0,-1.10743576442,9.32232069317e-05,0.004908291623,1,920,-1.98039151655e-06,1.98039151655e-06,1.41264522076,0,0,0.0397998727858,0.0248749237508,0.0551136955619,0.0350457020104,1.77908041223e-05,1.56929240802e-06,1.4889438944e-06,1.77908405021e-05,1.56929240802e-06,1.14743978208e-12,1.49011611938e-08,2.23514575737e-08,64
1.85600008816,2871.64095789,-575.871090405,76.776512146,-595.783630371,16.8357791901,0.9505007267,100.017936707,39.9850997925,0.972233295441,0.000116415321827,0.000465661287308,0,0,16.6322492034,3.46953653846,73.7499143173,9.79499020991,133.343986818,148.134917254,5150.00056475,0.00186264514923,141.106444062,142.321267049,2,74.0071191103,23.8733737206,45.4036489828,0.000667244107189,0.000681211531628,-1.39674244393e-05,-0.00021555024432,536.159157383,0,0,0,0,-1.15174225357,0.000161890056916,0.00287182931788,1,928,-2.12742725125e-06,2.12742725125e-06,1.41005265713,0,0,0.035893663764,0.0224335398525,0.0514720156789,0.0327537693083,1.79245562322e-05,1.71650503944e-06,1.49436618813e-06,1.79245998879e-05,1.71650503944e-06,1.7498363869e-12,1.49011611938e-08,1.96866380975e-08,64
1.87200008892,2862.21667193,-599.514110945,79.9286575317,-588.010437012,16.5278396606,0.889334261417,100.017936707,39.9851074219,0.972233295441,0.000116415321827,0.000465661287308,0,0,27.4752114933,6.27044885069,72.9805884647,9.72221354444,133.343986818,148.134917254,5150.00009909,0.00186264514923,141.106444062,142.321267049,2,74.0071191103,23.979733669,45.1537125628,0.000722371565343,0.00073850969784,-1.6138132497e-05,-0.00073850969784,536.159157383,0,0,0,0,-1.19902824736,0.000183263182407,0.00285218586214,1,936,-2.14626152228e-06,2.14626152228e-06,1.41262531281,0,0,0.031964763999,0.0199779774994,0.0478039905429,0.0304436888546,1.81427767529e-05,1.88747003449e-06,1.48815945522e-06,1.81428313226e-05,1.88747003449e-06,1.73820333127e-12,1.49011611938e-08,3.57756562153e-08,64
1.88800008968,2852.39773802,-624.972686637,83.3228530884,-579.801696777,16.1922092438,0.830219984055,100.01789093,39.9851150513,0.972233295441,0.000116415321827,0.000465661287308,0,0,42.3214333365,10.0874217486,72.2198692756,9.69539920934,133.343986818,148.004241055,5150.00056475,0.00186264514923,141.106444062,142.451943248,2,74.0071191103,24.0516255872,44.9939507234,0.000664266933126,0.000552972778678,0.000111294154448,-8.73114913702e-05,536.159157383,0,0,0,0,-1.24994539874,-0.000122327037388,0.00283218198456,1,944,-2.22240532821e-06,2.22240532821e-06,1.41268265247,0,0,0.028015723452,0.0175098273903,0.0441119298339,0.02811688371,1.71157516888e-05,1.87186697076e-06,1.49631046042e-06,1.7115722585e-05,1.87186697076e-06,1.39981082281e-12,1.49011611938e-08,2.0025813896e-08,64
1.90400009044,2842.15272404,-652.572547551,87.002532959,-571.098571777,15.8250722885,0.773816525936,100.017799377,39.9851150513,0.972233235836,0.000116415321827,0.000465661287308,0,0,60.6859585391,13.8792915726,71.4677347757,11.0961245526,133.343986818,142.878809129,5150.00056475,0.00186264514923,141.106444062,147.577404277,2,74.0071191103,24.1895468207,44.9563594884,0.000707385885979,0.000675754563417,3.16313225612e-05,-0.00021009327611,536.159157383,0,0,0,0,-1.3051451333,-0.000103455022327,0.0064511783421,1,952,-2.28234716815e-06,2.28234716815e-06,1.41268157959,0,0,0.0240489672869,0.0150306038558,0.040398132056,0.0257747881114,1.71256051544e-05,1.88964293102e-06,1.49451761899e-06,1.71256069734e-05,1.88964293102e-06,8.84742799856e-13,1.49011611938e-08,1.12107727546e-08,64
1.9200000912,2831.45043068,-681.71066232,90.887298584,-561.966125488,15.4224567413,0.720839440823,100.030807495,39.9745140076,0.972242712975,0.000116415321827,0.000465661287308,0,0,79.5753290746,16.9941410953,75.6381137615,13.4469092747,130.048938445,134.069530759,5150.00149608,0.00186264514923,144.401506986,156.386682647,2,74.0071191103,24.6166018769,45.2225867775,0.00107417603978,0.00106774677988,6.42925990224e-06,0.000329237082042,536.159157383,0,0,0,0,-1.36342134738,-3.49018591805e-05,0.017172627151,1,960,-2.21307732318e-06,2.21307732318e-06,1.41268599033,0,0,0.0200670734048,0.012541920878,0.0366649106145,0.0234188325703,1.74009583134e-05,1.90315347481e-06,1.50233120166e-06,1.74009619514e-05,1.90315347481e-06,1.04996046579e-12,1.49011611938e-08,1.76147896269e-08,64
1.93600009196,2820.27525827,-711.598899215,94.8720626831,-552.501831055,14.9821004868,0.671734750271,100.067314148,39.9449691772,0.972269237041,0.000116415321827,0.000465661287308,0,0,91.946137129,19.3868466783,86.6745886418,15.8554831647,118.71886818,124.523416162,5150.00103042,0.00186264514923,155.731555424,165.932797245,2,74.0071191103,25.5566628766,45.946744649,0.00107076543465,0.000965883373283,0.000104882061369,-3.45607986674e-05,536.159157383,0,0,0,0,-1.42319788665,-9.58380041993e-05,0.0262559037656,1,968,-2.2356559839e-06,2.2356559839e-06,1.4133515358,0,0,0.0160725917667,0.010045370087,0.0329145751894,0.021050458774,1.7518437744e-05,1.87383670891e-06,1.49087998125e-06,1.75184268301e-05,1.87383670891e-06,8.80279790033e-13,1.49011611938e-08,2.40630839698e-08,64
1.95200009272,2808.61323699,-742.469448596,98.9878005981,-542.667785645,14.5025949478,0.626710832119,100.095039368,39.9224510193,0.972289443016,0.000116415321827,0.000465661287308,0,0,100.432080359,21.1195438546,95.4620727402,17.9381913748,106.93083459,115.589922643,5150.00056475,0.00186264514923,167.519625393,174.866290763,2,74.0071191103,27.0642431133,47.0615959784,0.00121253292129,0.00116779119708,4.47417242144e-05,-0.000702129909769,536.159157383,0,0,0,0,-1.48493893448,-5.49107426195e-05,0.0319990515709,1,976,-2.25226904149e-06,2.25226904149e-06,1.4127163887,0,0,0.0120681105182,0.00754256965593,0.0291494615376,0.0186711307615,1.79967391887e-05,1.74722879365e-06,1.49314098508e-06,1.7996686438e-05,1.74722879365e-06,8.93620247244e-13,1.49011611938e-08,2.7452898621e-08,64
1.96800009347,2796.44690454,-774.507410824,103.259178162,-532.430847168,13.9823055267,0.585985839367,100.113883972,39.907245636,0.97230309248,0.000116415321827,0.000465661287308,0,0,106.114316859,22.3007480026,101.834856652,19.5734208328,96.4261926129,107.779895188,5150.00149608,0.00186264514923,178.024245542,182.676318218,2,74.0071191103,29.0417301585,48.3693984279,0.00111123794888,0.00115869625006,-4.74583011778e-05,0.000238287611865,536.159157383,0,0,0,0,-1.54901488258,-0.000240220288106,0.0314092673361,1,984,-2.18980380851e-06,2.18980380851e-06,1.41062903404,0,0,0.00805605296046,0.00503503344953,0.0253718867898,0.0162822939456,1.73415501195e-05,1.8708863081e-06,1.49446611886e-06,1.73415119207e-05,1.8708863081e-06,9.08886464354e-13,1.49011611938e-08,1.24517622879e-08,64
1.98400009423,2783.75647031,-807.860516943,107.70589447,-521.76159668,13.4191513062,0.549872517586,100.126434326,39.8970794678,0.97231221199,0.000116415321827,0.000465661287308,0,0,109.794570159,23.0417524384,106.270276928,20.76529175,87.6194098964,101.190315036,5150.00056475,0.00186264514923,186.831035535,189.265905647,2,74.0071191103,31.1198091367,49.5798631164,0.000974131622589,0.000965883373283,8.24824930579e-06,-0.000500222085975,536.159157383,0,0,0,0,-1.61572108937,-0.000123577592603,0.028135266155,1,992,-2.20524884753e-06,2.20524884753e-06,1.41277945042,0,0,0.00403901468962,0.00252438453026,0.021584155038,0.0138853872195,1.80618790182e-05,1.87057571566e-06,1.49401375893e-06,1.80618953891e-05,1.87057571566e-06,8.311454823e-13,1.49011611938e-08,2.35810588833e-08,64
2.00000009499,2770.51958255,-842.657289468,112.345085144,-510.631958008,12.8106355667,0.51877874136,100.135047913,39.8901672363,0.972318470478,0.000116415321827,0.000465661287308,0,0,112.084308915,23.4388565716,109.253925189,21.5688904358,80.4730370874,95.7410520641,5150.00056475,0.00186264514923,193.977393792,194.71514679,2,74.0071191103,32.6760600728,50.4123854626,0.00111385274615,0.0011295924196,-1.57396734535e-05,-0.000663931132294,536.159157383,0,0,0,0,-1.68531471445,8.65156835061e-05,0.0241200905293,1,1000,-2.14971123569e-06,2.14971123569e-06,1.41272103786,0,0,1.95910979528e-05,1.224443713e-05,0.0177885759622,0.0114818662405,1.81725463335e-05,1.81870893812e-06,1.49581137521e-06,1.81725426955e-05,1.81870893812e-06,9.07758243573e-13,1.49011611938e-08,1.28036958813e-08,64
2.01600009575,2756.76744059,-869.948999025,115.983680725,-500.250244141,12.1568489075,0.493197828531,100.141059875,39.8853797913,0.972322821617,0.000116415321827,0.000465661287308,0,0,113.400762203,23.5700001503,111.165454185,22.0518597724,74.7878730181,91.2942559808,5150.00149608,0.00186264514923,199.662565137,199.161935598,2,74.0071191103,33.7368765031,50.9961901116,0.00121952466181,0.00119507603813,2.44486236811e-05,0.000201907823794,536.159157383,0,0,0,0,-1.73989803898,-4.53610482509e-05,0.0202485471964,1,1008,-2.05421247301e-06,2.05421247301e-06,1.41271114349,0,0,0,0,0.0144226942211,0.00934147462249,1.76166086021e-05,1.85692294963e-06,1.49440734276e-06,1.76165685843e-05,1.85692294963e-06,9.04657859041e-13,1.49011611938e-08,1.68831775227e-08,64
2.03200009651,2742.7431196,-879.27619461,117.227203369,-492.130157471,11.4709939957,0.473067969084,100.145500183,39.882019043,0.972326040268,0.000116415321827,0.000465661287308,0,0,114.009015262,23.495398689,112.27137017,22.2769020508,70.3354962752,87.7060447237,5150.00103042,0.00186264514923,204.114927328,202.750146855,2,74.0071191103,34.5767293766,51.5252395417,0.00117927952126,0.00115869625006,2.05832711986e-05,-0.000227373675443,536.159157383,0,0,0,0,-1.75855245743,-1.73940861714e-05,0.0168414451182,1,1016,-2.16013995669e-06,2.16013995669e-06,1.41295111179,0,0,0,0,0.0117152146995,0.00760899949819,1.76700468728e-05,1.84000828085e-06,1.49346476519e-06,1.76700868906e-05,1.84000828085e-06,7.99743951618e-13,1.49011611938e-08,1.71292668938e-08,64
2.04800009727,2728.70040499,-874.681922141,116.614685059,-485.857055664,10.7708015442,0.457099974155,100.148353577,39.879611969,0.972328126431,0.000116415321827,0.000465661287308,0,0,114.071342156,23.260579607,112.749468501,22.2971368663,66.9119253871,84.8480922286,5150.00149608,0.00186264514923,207.538498216,205.608113902,2,74.0071191103,35.295397538,52.0393296028,0.00138783802506,0.00143154466059,-4.3706635533e-05,-3.45607986674e-05,536.159157383,0,0,0,0,-1.74936394615,0.000107320374809,0.0139505090192,1,1024,-1.98784118766e-06,1.98784118766e-06,1.41268205643,0,0,0,0,0.00953010376543,0.00620372127742,1.83305801329e-05,1.56097394211e-06,1.49340701228e-06,1.83306474355e-05,1.56097394211e-06,1.02255226855e-12,1.49011611938e-08,1.96025098376e-08,64
2.06400009803,2714.82742392,-859.837338794,114.635566711,-481.033813477,10.0715618134,0.443664222956,100.150535583,39.8779296875,0.972329735756,0.000116415321827,0.000465661287308,0,0,113.684877324,22.8995996552,112.715254266,22.1554015978,64.3536332063,82.6146788313,5150.00196174,0.00186264514923,210.096783121,207.841527299,2,74.0071191103,35.9364712494,52.5413197465,0.00126406148049,0.00126601662487,-1.95514437973e-06,0.000596628524363,536.159157383,0,0,0,0,-1.71967474216,-0.000245222508966,0.0115177044645,1,1032,-2.13685120798e-06,2.13685120798e-06,1.41229462624,0,0,0,0,0.00776184396818,0.00506188208237,1.72869658854e-05,1.91568938135e-06,1.49391462401e-06,1.72869349626e-05,1.91568938135e-06,9.01704926004e-13,1.49011611938e-08,2.54686085555e-08,64
2.08000009879,2701.26340911,-837.401428726,111.644363403,-477.37411499,9.38517284393,0.431373983622,100.152076721,39.8767814636,0.97233080864,0.000116415321827,0.000465661287308,0,0,112.906007231,22.4375261991,112.242232035,21.8850699568,62.5378379482,80.9229313745,5150.00149608,0.00186264514923,211.912571103,209.533260204,2,74.0071191103,36.5206979041,53.0271827301,0.00132667450636,0.00136788003147,-4.12055251031e-05,2.91038304567e-05,536.159157383,0,0,0,0,-1.67480288837,-0.000180762071977,0.00944862421602,1,1040,-2.08929077417e-06,2.08929077417e-06,1.41240215302,0,0,0,0,0.00632780650631,0.00413279654458,1.77305355464e-05,1.81942061772e-06,1.49405639149e-06,1.77305191755e-05,1.81942061772e-06,8.97947298115e-13,1.49011611938e-08,2.22463825139e-08,64
2.09600009955,2688.11150454,-809.349119663,107.90435791,-474.665344238,8.72035312653,0.419229269028,100.152885437,39.8760604858,0.972331404686,0.000116415321827,0.000465661287308,0,0,111.764038482,21.8921200962,111.374453276,21.511308194,61.3778684055,79.7108441475,5150.00149608,0.00186264514923,213.072547922,210.745347431,2,74.0071191103,37.0590933017,53.4923965461,0.00136095108794,0.00129875843413,6.21926538047e-05,9.82254277915e-05,536.159157383,0,0,0,0,-1.61869832027,0.000292516233458,0.00764641538262,1,1048,-2.17735032493e-06,2.17735032493e-06,1.4149633646,0,0,0,0,0.00516277551651,0.00337596330792,1.78618356586e-05,1.81166899438e-06,1.48844435444e-06,1.78618029167e-05,1.81166899438e-06,8.59134378223e-13,1.49011611938e-08,1.27693624563e-08,64
2.11200010031,2675.44621602,-777.245499194,103.624229431,-472.73526001,8.08317089081,0.406594544649,100.153251648,39.875919342,0.972331702709,0.000116415321827,0.000465661287308,0,0,109.742454064,21.1527765633,109.954053466,21.0312577982,60.9388080193,79.0074191173,5150.00103042,0.00186264514923,213.511608308,211.448772461,3,72.4051569705,37.5583294954,53.9330940228,0.00137285578738,0.00136788003147,4.9757559184e-06,-0.000436557456851,536.159157383,0,0,0,0,-1.55449106387,0.000113686837722,0.00580590451136,1,1056,-2.21283835344e-06,2.21283835344e-06,1.4126855135,0,0,0,0,0.00421493873,0.00275887548923,1.72005784407e-05,1.94634503714e-06,1.49739105382e-06,1.72006093635e-05,1.94634503714e-06,8.97228038393e-13,1.49011611938e-08,2.29755698911e-08,64
2.12800010107,2663.32156025,-742.322241422,98.9681777954,-471.44619751,7.47757768631,0.393129914999,100.153068542,39.8761367798,0.9723315835,0.000116415321827,0.000465661287308,0,0,102.361503891,19.5499594341,108.476542034,20.4031361646,60.9388080193,78.9857294876,5150.00196174,0.00232830643654,213.511608308,211.470454815,3,72.4051569705,38.0229539587,54.3446403753,0.00155762176768,0.00150612322614,5.14985415423e-05,0.000356521923095,536.159157383,0,0,0,0,-1.48464459926,-0.000116415321827,0.00446162978187,1,1064,-2.19155504055e-06,2.19155504055e-06,1.41244494915,0,0,0,0,0.00344290724024,0.00225534918718,1.76190605998e-05,1.89708214293e-06,1.49257164139e-06,1.76191115315e-05,1.89708214293e-06,9.06004221299e-13,1.49011611938e-08,1.75691070581e-08,64
2.14400010183,2651.77316032,-705.58936568,94.0708618164,-470.680969238,6.90586280823,0.378718435764,100.152839661,39.8762512207,0.972331404686,0.000116415321827,0.000465661287308,0,0,88.9461032454,16.6667655868,107.203979068,19.8216626476,60.9388080193,78.9857294876,5150.00196174,0.00279396772385,213.511608308,211.470454815,3,72.4051569705,38.4564518754,54.7238742001,0.00167975695853,0.00174077285919,-6.10159006653e-05,0.000121872290038,536.159157383,0,0,0,0,-1.41117880048,-0.000240561348619,0.00392933003604,1,1072,-2.28846874961e-06,2.28846874961e-06,1.41268110275,0,0,0,0,0.00281347893178,0.00184423301835,1.79727412615e-05,1.8569680833e-06,1.49080881329e-06,1.79727576324e-05,1.8569680833e-06,1.43910751371e-12,1.49011611938e-08,1.44790908152e-08,64
2.16000010259,2640.82243666,-667.870452162,89.0420837402,-470.340240479,6.36905765533,0.363393008709,100.152839661,39.8763465881,0.972331404686,0.000116415321827,0.000465661287308,0,0,71.2346004023,12.8602680971,106.01572478,19.2887764935,60.9388080193,78.9857294876,5150.00149608,0.00279396772385,213.511608308,211.470454815,3,72.4051569705,38.8616681448,55.0718905288,0.00154266484309,0.00159707269631,-5.44078532227e-05,-0.00020008883439,536.159157383,0,0,0,0,-1.33574098982,-8.4128259914e-06,0.00370422401465,1,1080,-2.26002953241e-06,2.26002953241e-06,1.41256976128,0,0,0,0,0.00229991832748,0.00150839833077,1.77944457391e-05,1.82567669071e-06,1.49601055455e-06,1.77944439201e-05,1.82567669071e-06,9.04828620883e-13,1.49011611938e-08,1.80063750577e-08,64
2.17600010335,2630.47893532,-629.830989055,83.9705734253,-470.339996338,5.86724805832,0.347288310528,100.152748108,39.8764152527,0.972331345081,0.000116415321827,0.000465661287308,0,0,51.5222094206,8.62374964846,104.868833752,18.800439895,60.9388080193,78.9857294876,5150.00103042,0.00279396772385,213.511608308,211.470454815,3,72.4051569705,39.2410402128,55.3909158043,0.00133852591511,0.00140789779834,-6.93718832379e-05,-0.000476575223729,536.159157383,0,0,0,0,-1.25966198539,4.8203219194e-05,0.00360021041706,1,1088,-2.25533858611e-06,2.25533858611e-06,1.41176366806,0,0,0,0,0.00188063189853,0.00123394688126,1.7530110199e-05,1.84857310614e-06,1.49368736402e-06,1.7530106561e-05,1.84857310614e-06,7.72878939667e-13,1.49011611938e-08,1.27299131236e-08,64
2.19200010411,2620.74242346,-592.015334405,78.9289016724,-470.607543945,5.39982795715,0.330593794584,100.152488708,39.8764648438,0.972331166267,0.000116415321827,0.000465661287308,0,0,32.3633734041,4.50619772285,103.746349024,18.3528915571,60.9388080193,78.9857294876,5150.00149608,0.00279396772385,213.511608308,211.470454815,3,72.4051569705,39.5967254008,55.683314713,0.0014487772787,0.00138970790431,5.90693743918e-05,7.27595761418e-06,536.159157383,0,0,0,0,-1.18403067972,-0.000145973899635,0.00354513176717,1,1096,-2.24490258915e-06,2.24490258915e-06,1.41266155243,0,0,0,0,0.00153813778888,0.00100958405528,1.78372902155e-05,1.78566619979e-06,1.49122752191e-06,1.78372847586e-05,1.78566619979e-06,8.88259518023e-13,1.49011611938e-08,1.38833513574e-08,64
2.20800010487,2611.60568334,-554.85276971,73.9742965698,-471.082092285,4.96571159363,0.313521414995,100.152397156,39.8765182495,0.972331047058,0.000116415321827,0.000465661287308,0,0,16.2408108185,1.41273152451,102.641202146,17.9427547377,60.9388080193,81.4168088255,5150.00103042,0.00279396772385,213.511608308,211.470454815,3,72.4051569705,37.8638360417,55.9512882319,0.00139956508882,0.00138243194669,1.71331421273e-05,-0.000451109372079,536.159157383,0,0,0,0,-1.10970563583,3.47881723428e-05,0.015263187699,1,1104,-2.21512436838e-06,2.21512436838e-06,1.41403698921,0,0,0,0,0.0012582547497,0.000826118164696,1.77943675226e-05,1.88010756119e-06,1.49073628108e-06,1.77943857125e-05,1.88010756119e-06,9.67273136587e-13,1.49011611938e-08,1.90420337276e-08,64
2.22400010563,2603.05521078,-518.677406944,69.1513137817,-471.712524414,4.5634894371,0.296284288168,100.152259827,39.87657547,0.972330987453,0.000116415321827,0.000465661287308,0,0,5.95714752616,-0.629860305561,101.550521786,17.5646658374,64.4838582957,87.5148543855,5150.00196174,0.00279396772385,213.511608308,211.470454815,3,72.4051569705,33.7053243129,53.7153355253,0.00143377772155,0.00150430423673,-7.05265151835e-05,0.000358340912499,536.159157383,0,0,0,0,-1.03735487755,9.43600753089e-05,0.0247935727239,1,1112,-2.29178976952e-06,2.29178976952e-06,1.4133310318,0,0,0,0,0.00102945836261,0.000676060677506,1.7450638552e-05,1.90981995729e-06,1.49231345858e-06,1.74506567419e-05,1.90981995729e-06,1.34419732289e-12,1.49011611938e-08,1.71855631947e-08,64
2.24000010639,2595.07237934,-483.738724142,64.4932022095,-472.456390381,4.19154262543,0.279084324837,100.152168274,39.8766288757,0.972330927849,0.000116415321827,0.000465661287308,0,0,2.21958094255,-1.48600742225,100.473004129,17.1922609975,74.5577854104,94.1529069678,5150.00196174,0.00279396772385,213.511608308,211.470454815,3,72.4051569705,29.9479052046,49.5415843034,0.00129371553748,0.00127874955069,1.49659867832e-05,0.000583895598538,536.159157383,0,0,0,0,-0.967477490121,-0.0001666649041,0.0262448359281,1,1120,-2.16672015085e-06,2.16672015085e-06,1.41251075268,0,0,0,0,0.00084237154806,0.000553305551875,1.7650963855e-05,1.84257385172e-06,1.49340928601e-06,1.76509947778e-05,1.84257385172e-06,8.96244124922e-13,1.49011611938e-08,1.14811484764e-08,64
2.25600010715,2587.63600141,-450.265884865,60.0305252075,-473.272766113,3.84810948372,0.262103438377,100.151939392,39.8766746521,0.972330749035,0.000116415321827,0.000465661287308,0,0,3.07324179786,-1.254604911,99.4078947169,16.8012840763,83.5397077026,98.958676972,5150.00149608,0.00279396772385,213.511608308,211.470454815,3,72.4051569705,28.1773591269,48.1776041852,0.00120856409602,0.0012332748156,-2.47107195817e-05,0.000163709046319,536.159157383,0,0,0,0,-0.900531802017,-5.71276359551e-05,0.020786318928,1,1128,-2.14499164031e-06,2.14499164031e-06,1.41284251213,0,0,0,0,0.000689355656505,0.000452870153822,1.78505106305e-05,1.83619522431e-06,1.49839559072e-06,1.78504978976e-05,1.83619522431e-06,1.28317842463e-12,1.49011611938e-08,1.48311123382e-08,64
2.27200010791,2580.72093129,-418.349954998,55.7754173279,-474.137176514,3.53136754036,0.245504230261,100.151847839,39.8767280579,0.97233068943,0.000116415321827,0.000465661287308,0,0,3.81109770555,-1.07736646851,98.3548932324,16.3936175525,90.6895293156,102.377605799,5150.00103042,0.00279396772385,213.511608308,211.470454815,3,72.4051569705,27.5246366073,47.8005858895,0.000982099915281,0.00101135810837,-2.92581930905e-05,-8.0035533756e-05,536.159157383,0,0,0,0,-0.836699939555,-9.33937371883e-05,0.017097922042,1,1136,-2.07813718589e-06,2.07813718589e-06,1.41429424286,0,0,0,0,0.000564182351809,0.000370686262613,1.78497957677e-05,1.84373925549e-06,1.49411960138e-06,1.78496920853e-05,1.84373925549e-06,8.90994743263e-13,1.49011611938e-08,1.51226835499e-08,64
2.28800010867,2574.30202328,-388.072454371,51.7387466431,-475.02645874,3.23953771591,0.229412764311,100.151847839,39.876789093,0.97233068943,0.000116415321827,0.000465661287308,0,0,4.41884420762,-0.937056964807,97.3136114599,15.978164745,96.578594821,105.08417472,5150.00103042,0.00279396772385,213.511608308,211.470454815,3,72.4051569705,27.3128207482,47.6111454191,0.00083595548539,0.000871295924298,-3.53404389086e-05,6.0026650317e-05,536.159157383,0,0,0,0,-0.776144929659,-0.000112436282507,0.0142210070044,1,1144,-2.18611671698e-06,2.18611671698e-06,1.41254818439,0,0,0,0,0.000461769872345,0.000303430191707,1.73629632627e-05,1.9104400053e-06,1.49422817231e-06,1.73629414348e-05,1.9104400053e-06,8.68711244432e-13,1.49011611938e-08,1.84485031696e-08,64
2.30400010943,2568.35250184,-359.455763828,47.923500061,-475.924468994,2.97090339661,0.213922411203,100.151756287,39.8768424988,0.972330629826,0.000116415321827,0.000465661287308,0,0,4.92412311494,-0.817961742353,96.2839175528,15.5626423517,101.474746771,107.381521957,5150.00056475,0.00279396772385,213.511608308,211.470454815,3,72.4051569705,27.3030454991,47.4952612421,0.000859716034474,0.000905856722966,-4.61406884922e-05,-0.000440195435658,536.159157383,0,0,0,0,-0.718911564945,-6.94626578479e-05,0.0118867475539,1,1152,-2.18477111957e-06,2.18477111957e-06,1.41267335415,0,0,0,0,0.000377969117835,0.00024838608806,1.81152572623e-05,1.86198019492e-06,1.49351285472e-06,1.81152572623e-05,1.86198019492e-06,1.77984710303e-12,1.49011611938e-08,1.96393052931e-08,64
2.32000011019,2562.84605712,-332.523166435,44.3327827454,-476.815185547,2.72382235527,0.199097305536,100.151847839,39.8769073486,0.97233068943,0.000116415321827,0.000465661287308,0,0,5.34664620504,-0.712006960992,95.2656503651,15.1528992414,105.568993604,109.425389383,5150.00103042,0.00279396772385,213.511608308,211.470454815,3,72.4051569705,27.3970417766,47.4270818813,0.000840389272061,0.000867657945491,-2.72686734304e-05,6.36646291241e-05,536.159157383,0,0,0,0,-0.665046343329,8.20250534161e-05,0.00997985433787,1,1160,-2.19129788093e-06,2.19129788093e-06,1.41126430035,0,0,0,0,0.000309390481561,0.000203333445825,1.76484645635e-05,1.8929157477e-06,1.49513505221e-06,1.76484609256e-05,1.8929157477e-06,1.35923911015e-12,1.49011611938e-08,1.70725513726e-08,64
2.33600011095,2557.75521509,-307.254551444,40.9639129639,-477.687866211,2.49673008919,0.184978961945,100.151847839,39.8769721985,0.97233068943,0.000116415321827,0.000465661287308,0,0,5.70191279719,-0.614646768712,94.2585681775,14.7532048687,109.011525637,111.303466838,5150.00009909,0.00279396772385,213.511608308,211.470454815,3,72.4051569705,27.5481070275,47.394176363,0.000792640800218,0.000756699591875,3.59412083428e-05,-0.000756699591875,536.159157383,0,0,0,0,-0.614509133356,6.90647539159e-05,0.00841904710978,1,1168,-2.1469031708e-06,2.1469031708e-06,1.41275250912,0,0,0,0,0.000253264297498,0.000166456680745,1.75466248038e-05,1.83803501841e-06,1.49270340444e-06,1.7546590243e-05,1.83803501841e-06,9.08718413017e-13,1.49011611938e-08,2.29320562539e-08,64
2.35200011171,2553.05389874,-283.606670564,37.8111190796,-478.535430908,2.28814816475,0.171590268612,100.151847839,39.8770256042,0.97233068943,0.000116415321827,0.000465661287308,0,0,6.002327932,-0.523176017899,93.262641691,14.3665862154,111.922548967,113.067937491,5150.00149608,0.00279396772385,213.511608308,211.470454815,3,72.4051569705,27.7314302366,47.3877553304,0.000834392291371,0.000789441401139,4.49508902323e-05,0.000607542460784,536.159157383,0,0,0,0,-0.567213362501,-0.000194916083274,0.00778048392385,1,1176,-2.08799679058e-06,2.08799679058e-06,1.41256475449,0,0,0,0,0.00020732631674,0.000136270668008,1.77147085196e-05,1.88109481769e-06,1.4902481098e-06,1.77146921487e-05,1.88109481769e-06,1.59813134948e-12,1.49011611938e-08,2.12997974813e-08,64
2.36800011247,2548.71696234,-261.537759798,34.8688392639,-479.351196289,2.09667038918,0.158941403031,100.151756287,39.87707901,0.972330629826,0.000116415321827,0.000465661287308,0,0,6.25785290696,-0.435938469452,92.2776584857,13.995096978,114.398586447,114.750750072,5150.00056475,0.00279396772385,213.511608308,211.470454815,3,72.4051569705,27.9328523902,47.4010339531,0.000673468572576,0.00074396666605,-7.0498093474e-05,-0.000278305378743,536.159157383,0,0,0,0,-0.523075527781,-9.49285094975e-05,0.00740528665483,1,1184,-2.11578731069e-06,2.11578731069e-06,1.41253232956,0,0,0,0,0.000169725011801,0.000111560613732,1.75270597538e-05,1.84802524927e-06,1.49029756358e-06,1.7527014279e-05,1.84802524927e-06,9.98295196508e-13,1.49011611938e-08,1.76793761852e-08,64
2.38400011323,2544.71926019,-240.996363573,32.1302108765,-480.129608154,1.92097616196,0.147032305598,100.151664734,39.8771247864,0.972330570221,0.000116415321827,0.000465661287308,0,0,6.47650656887,-0.351891910201,91.3035306637,13.6400473836,116.517338029,116.372008051,5150.00056475,0.00279396772385,213.511608308,211.470454815,3,72.4051569705,28.1439752143,47.4287298857,0.000794147150818,0.000749423634261,4.47235165568e-05,-0.000283762346953,536.159157383,0,0,0,0,-0.481992742607,3.33102434524e-05,0.00710515119135,1,1192,-2.20486845137e-06,2.20486845137e-06,1.41236245632,0,0,0,0,0.000138946081279,9.13324620342e-05,1.75158311322e-05,1.77965557668e-06,1.49347397382e-06,1.75159257196e-05,1.77965557668e-06,1.13076215058e-12,1.49011611938e-08,1.59056696702e-08,64
2.40000011399,2541.03704356,-221.887559746,29.5825805664,-480.871734619,1.75981736183,0.135856196284,100.151573181,39.8771858215,0.972330451012,0.000116415321827,0.000465661287308,0,0,6.66474895123,-0.270375132072,90.3401263783,13.3021946356,118.341406051,117.944466183,5150.00056475,0.00279396772385,213.511608308,211.470454815,3,72.4051569705,28.3596982626,47.4667249364,0.000758421062064,0.0007694325177,-1.10114556362e-05,-0.000303771230392,536.159157383,0,0,0,0,-0.443775149961,-0.000232887487073,0.00685426127166,1,1200,-2.24091013479e-06,2.24091013479e-06,1.41241669655,0,0,0,0,0.000113750706078,7.47729209252e-05,1.7348324036e-05,1.85720966783e-06,1.49644267822e-06,1.73483422259e-05,1.85720966783e-06,1.77747400132e-12,1.49011611938e-08,2.12174029457e-08,64
2.41600011475,2537.64796071,-204.170966754,27.2205619812,-481.571990967,1.61204791069,0.125395730138,100.151573181,39.8772392273,0.972330451012,0.000116415321827,0.000465661287308,0,0,6.82779853053,-0.190962336978,89.3873504068,12.981847292,119.921358419,119.476339023,5150.00056475,0.00279396772385,213.511608308,211.470454815,3,72.4051569705,28.5769037873,47.5118213217,0.000873159503034,0.000905856722966,-3.26972199316e-05,-0.000440195435658,536.159157383,0,0,0,0,-0.408341946923,-4.30020463682e-05,0.00663649756461,1,1208,-2.29441457122e-06,2.29441457122e-06,1.415828228,0,0,0,0,9.31253671297e-05,6.12163566984e-05,1.77471411007e-05,1.92928746401e-06,1.49137667904e-06,1.77470992639e-05,1.92928746401e-06,1.80425119289e-12,1.49011611938e-08,1.58128443672e-08,64
2.43200011551,2534.53082405,-187.755547813,25.0320186615,-482.232086182,1.4765907526,0.11562884599,100.151481628,39.8772850037,0.972330391407,0.000116415321827,0.000465661287308,0,0,6.96987806556,-0.113373236101,88.445092877,12.6789614038,121.298107842,120.973032608,5150.00149608,0.00279396772385,213.511608308,211.470454815,3,72.4051569705,28.7936582026,47.561545216,0.000801593638688,0.000813088263385,-1.14946246965e-05,0.000583895598538,536.159157383,0,0,0,0,-0.375511120865,0.00018812329472,0.00644163740799,1,1216,-2.1212313186e-06,2.1212313186e-06,1.4135119915,0,0,0,0,7.62406707508e-05,5.01180220454e-05,1.74575307028e-05,1.93852201846e-06,1.49635263824e-06,1.74575088749e-05,1.93852201846e-06,1.79653167343e-12,1.49011611938e-08,2.75264540051e-08,64
2.44800011627,2531.66491166,-172.569853021,23.0074253082,-482.85144043,1.35244381428,0.106530211866,100.151390076,39.8773345947,0.972330331802,0.000116415321827,0.000465661287308,0,0,7.09440962069,-0.0374169871204,87.5132585661,12.3933034924,122.504818137,122.438228573,5150.00056475,0.00279396772385,213.511608308,211.470454815,3,72.4051569705,29.0087809844,47.6140085084,0.000843330918987,0.000798536348157,4.47945708304e-05,-0.000332875060849,536.159157383,0,0,0,0,-0.345139710589,-0.000148133949551,0.00626317225397,1,1224,-2.27683972298e-06,2.27683972298e-06,1.41273736954,0,0,0,0,6.24179592705e-05,4.10320208175e-05,1.74700471689e-05,1.8556941086e-06,1.49078232425e-06,1.74700180651e-05,1.8556941086e-06,9.92889798157e-13,1.49011611938e-08,2.15609361476e-08,64
2.46400011703,2529.03159708,-158.535331138,21.13630867,-483.431335449,1.23868513107,0.0980716645718,100.151161194,39.8773765564,0.972330152988,0.000116415321827,0.000465661287308,0,0,7.20418257896,0.0370346622709,86.5916790034,12.1244221659,123.568519484,123.874400742,5150.00103042,0.00279396772385,213.511608308,211.470454815,3,72.4051569705,29.221551813,47.6677523693,0.00081947089392,0.000845830072649,-2.63591787286e-05,8.54925019667e-05,536.159157383,0,0,0,0,-0.317070686151,-4.46505055152e-05,0.00609693489969,1,1232,-2.15987506635e-06,2.15987506635e-06,1.4122647047,0,0,0,0,5.11017387907e-05,3.35934128088e-05,1.75664554263e-05,1.8894288587e-06,1.49236620928e-06,1.75664608832e-05,1.8894288587e-06,1.7647480699e-12,1.49011611938e-08,2.03486649752e-08,64
2.48000011779,2526.61295235,-145.585174323,19.4097633362,-483.971954346,1.13445782661,0.0902225002646,100.151077271,39.8774261475,0.972330093384,0.000116415321827,0.000465661287308,0,0,7.30147175482,0.110074871051,85.6802516412,11.8717753874,124.51125076,125.283346279,5150.00103042,0.00279396772385,213.511608308,211.470454815,3,72.4051569705,29.4315541396,47.7216963191,0.000744977593503,0.000756699591875,-1.1721998372e-05,0.00017462298274,536.159157383,0,0,0,0,-0.291170351829,-0.00010078338164,0.00594022683799,1,1240,-2.03840954782e-06,2.03840954782e-06,1.4125982523,0,0,0,0,4.18373711e-05,2.75034490187e-05,1.75610257429e-05,1.9478663944e-06,1.49096433688e-06,1.75610512088e-05,1.9478663944e-06,1.64017410764e-12,1.49011611938e-08,1.76254513207e-08,64
2.49600011855,2524.39221367,-133.647248731,17.8181705475,-484.474639893,1.03897285461,0.082950823009,100.151077271,39.8774833679,0.972330093384,0.000116415321827,0.000465661287308,0,0,7.38813627916,0.181770789366,84.7789178811,11.6347121636,125.351027236,126.666360302,5150.00009909,0.00279396772385,213.511608308,211.470454815,3,72.4051569705,29.6385369438,47.7750181744,0.000916332079659,0.000878571881913,3.77601977464e-05,-0.000878571881913,536.159157383,0,0,0,0,-0.267294524292,-0.000227885266213,0.00579125108197,1,1248,-2.22699122787e-06,2.22699122787e-06,1.41260802746,0,0,0,0,3.42527455359e-05,2.25175699597e-05,1.80493625521e-05,1.9301305656e-06,1.48517324305e-06,1.80493734661e-05,1.9301305656e-06,1.52448019486e-12,1.49011611938e-08,1.80454264864e-08,64
2.51200011931,2522.35424705,-122.6450986,16.3513374329,-484.942169189,0.951504290104,0.0762241184711,100.151077271,39.877532959,0.972330093384,0.000116415321827,0.000465661287308,0,0,7.46570429257,0.252175214575,83.8875092523,11.412517409,126.102662762,128.024461446,5150.00103042,0.00279396772385,213.511608308,211.470454815,3,72.4051569705,29.8423583445,47.8271467728,0.000892507581729,0.000934960553423,-4.24529716936e-05,-3.63797880709e-06,536.159157383,0,0,0,0,-0.245290209477,0.000119541709864,0.00564877595752,1,1256,-2.18271929953e-06,2.18271929953e-06,1.41063630581,0,0,0,0,2.80432450381e-05,1.84355922102e-05,1.74755041371e-05,1.93727123587e-06,1.49596962729e-06,1.74754659383e-05,1.93727123587e-06,1.75062048191e-12,1.49011611938e-08,1.63511000295e-08,64
2.52800012007,2520.48415132,-112.516630907,15.0009860992,-485.375579834,0.871387183666,0.0700090900064,100.150993347,39.87758255,0.972330033779,0.000116415321827,0.000465661287308,0,0,7.5354361219,0.321329642071,83.0059744809,11.2045062529,126.778366393,129.358450067,5150.00056475,0.00279396772385,213.511608308,211.470454815,3,72.4051569705,30.0429692288,47.8776382806,0.000867176733199,0.000822183210403,4.49935227964e-05,-0.000356521923095,536.159157383,0,0,0,0,-0.225033275569,0.000118873799693,0.00551199959591,1,1264,-2.22797211791e-06,2.22797211791e-06,1.4138469696,0,0,0,0,2.29595079873e-05,1.50936311911e-05,1.76958164957e-05,1.82326948561e-06,1.4903345118e-06,1.76958619704e-05,1.82326948561e-06,1.42381939572e-12,1.49011611938e-08,1.9722875777e-08,64
2.54400012083,2518.76865514,-103.201367892,13.7590532303,-485.77633667,0.798006176949,0.0642739161849,100.150856018,39.8776283264,0.972329974174,0.000116415321827,0.000465661287308,0,0,7.59838058982,0.389272527158,82.1341817202,11.0099086735,127.388295368,130.669068312,5150.00056475,0.00279396772385,213.511608308,211.470454815,3,72.4051569705,30.240349588,47.9262162116,0.000831386695599,0.000885847839527,-5.44611439279e-05,-0.000420186552219,536.159157383,0,0,0,0,-0.206402745562,-0.000118035359264,0.00538027333096,1,1272,-2.0961165319e-06,2.0961165319e-06,1.41591143608,0,0,0,0,1.87974128494e-05,1.23575164253e-05,1.793985939e-05,1.93234768631e-06,1.49178242737e-06,1.79398939508e-05,1.93234768631e-06,9.0253152174e-13,1.49011611938e-08,1.71334590959e-08,64
2.56000012159,2517.19565131,-94.6347718127,12.6169338226,-486.147155762,0.730799257755,0.0589858964086,100.150764465,39.8776702881,0.972329854965,0.000116415321827,0.000465661287308,0,0,7.65540477192,0.456034056107,81.2720503972,10.8280132477,127.940860693,131.956898258,5150.00103042,0.00279396772385,213.511608308,211.470454815,3,72.4051569705,30.4345176119,47.9726913909,0.00070771673244,0.00074396666605,-3.62499336104e-05,0.000187355908565,536.159157383,0,0,0,0,-0.189269556472,-2.1756818569e-05,0.00525320786983,1,1280,-2.13597832044e-06,2.13597832044e-06,1.4126124382,0,0,0,0,1.5389859982e-05,1.01174082374e-05,1.72378895513e-05,1.93746836885e-06,1.49103334479e-06,1.72378859133e-05,1.93746836885e-06,1.97362959309e-12,1.49011611938e-08,1.53892809607e-08,64
2.57600012235,2515.75303264,-86.7614944582,11.5672502518,-486.489471436,0.669251084328,0.0541149638593,100.15058136,39.8777046204,0.972329735756,0.000116415321827,0.000465661287308,0,0,7.70731851861,0.521847364208,80.419412041,10.6580902404,128.443905851,133.226436446,5150.00056475,0.00279396772385,213.511608308,211.470454815,3,72.4051569705,30.6187794195,48.014906497,0.000791134449618,0.000833097146824,-4.19626972059e-05,-0.000367435859516,536.159157383,0,0,0,0,-0.173522991531,-0.000168668634615,0.00522635970265,1,1288,-2.16716603063e-06,2.16716603063e-06,1.41281247139,0,0,0,0,1.26000422824e-05,8.28338397696e-06,1.79720336746e-05,1.96362793758e-06,1.49296499785e-06,1.79720555025e-05,1.96362793758e-06,2.41013806135e-12,1.49011611938e-08,2.43743514261e-08,64
2.59200012311,2514.43078741,-79.5289088273,10.6029844284,-486.805389404,0.612884938717,0.0496323592961,100.150535583,39.8777618408,0.972329735756,0.000116415321827,0.000465661287308,0,0,7.7577746261,0.595543122926,79.5762300275,10.4995939524,128.932821099,134.648027597,5150.00009909,0.00279396772385,213.511608308,211.470454815,3,72.4051569705,30.5303583445,47.9768932564,0.000625741417015,0.000623913365416,1.82805159898e-06,-0.000623913365416,536.159157383,0,0,0,0,-0.15905781936,3.44897443938e-05,0.0064116679132,1,1296,-2.18009358832e-06,2.18009358832e-06,1.41290092468,0,0,0,0,1.03159709397e-05,6.78182959746e-06,1.81468694791e-05,1.86431475413e-06,1.49240474911e-06,1.81468276423e-05,1.86431475413e-06,2.84941827078e-11,1.49011611938e-08,2.63869637251e-08,64
2.60800012387,2513.21890391,-72.8903760319,9.71791934967,-487.096252441,0.561265587807,0.0455096773803,100.15058136,39.8778152466,0.972329735756,0.000116415321827,0.000465661287308,0,0,7.81042360161,0.688304987727,78.7423798348,10.3523632376,129.442996695,136.437403853,5150.00009909,0.00279396772385,213.511608308,211.470454815,3,72.4051569705,29.8856848531,47.7861940453,0.000560151217077,0.000520230969414,3.99202476631e-05,-0.000520230969414,536.159157383,0,0,0,0,-0.145780759908,2.87769807983e-05,0.00815972313285,1,1304,-2.2515728233e-06,2.2515728233e-06,1.41247069836,0,0,0,0,8.44595160743e-06,5.55247015654e-06,1.81006325874e-05,2.06554773285e-06,1.4908994217e-06,1.81006089406e-05,2.06554773285e-06,3.05590275307e-12,1.49011611938e-08,1.99741805318e-08,64
2.62400012463,2512.10806891,-66.79778744,8.90564060211,-487.363861084,0.513991832733,0.0417212843895,100.150352478,39.8778495789,0.972329556942,0.000116415321827,0.000465661287308,0,0,7.86561154287,0.798893518939,77.9177882147,10.2163111139,129.977765027,138.570656418,5150.00056475,0.00279396772385,213.511608308,211.470454815,3,72.4051569705,28.7571037916,47.4531443615,0.000646560319173,0.000711224856786,-6.46645376134e-05,-0.000245563569479,536.159157383,0,0,0,0,-0.133595577267,-4.92121898787e-05,0.00970542896539,1,1312,-2.2892781999e-06,2.2892781999e-06,1.41293156147,0,0,0,0,6.9149277806e-06,4.54596420241e-06,1.72506915987e-05,2.01138755074e-06,1.49792947468e-06,1.72507134266e-05,2.01138755074e-06,1.52918649965e-12,1.49011611938e-08,1.83735267001e-08,64
2.64000012539,2511.09036617,-61.2077419646,8.16036224365,-487.610107422,0.470698654652,0.0382415130734,100.150444031,39.877910614,0.972329676151,0.000116415321827,0.000465661287308,0,0,7.92248877077,0.919052042032,77.1022720466,10.0911903686,130.528904265,140.888514579,5150.00056475,0.00279396772385,213.511608308,211.470454815,3,72.4051569705,27.3842506431,47.0133782073,0.000630203625396,0.000576619640924,5.35839844718e-05,-0.000110958353616,536.159157383,0,0,0,0,-0.122415485748,-5.34328137292e-05,0.0106425685808,1,1320,-2.35204765886e-06,2.35204765886e-06,1.41245472431,0,0,0,0,5.66144035474e-06,3.7219110709e-06,1.75138375198e-05,1.96036671696e-06,1.49470201904e-06,1.75138593477e-05,1.96036671696e-06,3.53526929953e-12,1.49011611938e-08,1.47518672833e-08,64
2.65600012615,2510.15787944,-56.075718021,7.47614860535,-487.837127686,0.431056290865,0.0350455492735,100.150352478,39.877948761,0.972329556942,0.000116415321827,0.000465661287308,0,0,7.97964251062,1.03936369964,76.2959045788,9.97652946629,131.082721055,143.209326779,5150.00009909,0.00279396772385,213.511608308,211.470454815,3,72.4051569705,26.0133019765,46.5116863779,0.000628761223642,0.000612999428995,1.57617946472e-05,-0.000612999428995,536.159157383,0,0,0,0,-0.112151440135,0.000159900537255,0.0108914747834,1,1328,-2.11285441765e-06,2.11285441765e-06,1.4126458168,0,0,0,0,4.63518017568e-06,3.04723562294e-06,1.78063783096e-05,1.87817954611e-06,1.49157119722e-06,1.78063692147e-05,1.87817954611e-06,1.55818673936e-12,1.49011611938e-08,1.25741932422e-08,64
2.67200012691,2509.30362381,-51.3716113346,6.84898614883,-488.045379639,0.394761025906,0.032110914588,100.150169373,39.8779945374,0.972329437733,0.000116415321827,0.000465661287308,0,0,8.03544848358,1.15304525058,75.4985246653,9.87173051865,131.623484776,145.402242197,5150.00103042,0.00279396772385,213.511608308,211.470454815,3,72.4051569705,24.805583962,45.9940674773,0.00072705060028,0.000754880602472,-2.78300021916e-05,0.000176441972144,536.159157383,0,0,0,0,-0.102743229036,6.4915184339e-05,0.0105976834893,1,1336,-2.08095593734e-06,2.08095593734e-06,1.41262090206,0,0,0,0,3.79495486413e-06,2.49486060966e-06,1.75647182914e-05,1.8694991013e-06,1.49272955241e-06,1.75647001015e-05,1.8694991013e-06,3.00409697118e-12,1.49011611938e-08,1.70521445853e-08,64
2.68800012767,2508.52084719,-47.0575978397,6.27383136749,-488.236724854,0.361527621746,0.0294177569449,100.150352478,39.8780441284,0.972329556942,0.000116415321827,0.000465661287308,0,0,8.3499863293,1.32501485844,74.7099931344,9.77602167272,132.06715812,147.375831148,5150.00103042,0.00279396772385,213.511608308,211.470454815,3,72.4051569705,23.8514458033,45.5568733742,0.000762808663457,0.000743057171348,1.97514921085e-05,0.000188265403267,536.159157383,0,0,0,0,-0.0941152009659,5.1620929753e-05,0.00921138841659,1,1344,-2.24805376092e-06,2.24805376092e-06,1.41246807575,0,0,0,0,3.10703899231e-06,2.0426152787e-06,1.74823035195e-05,1.91458366317e-06,1.48828326019e-06,1.74823107955e-05,1.91458366317e-06,1.11454595553e-12,1.49011611938e-08,1.52645327489e-08,64
2.70400012843,2507.80396163,-43.1050139014,5.74686336517,-488.412200928,0.331097275019,0.0269471015781,100.150169373,39.8780899048,0.972329437733,0.000232830643654,0.000465661287308,0,0,12.1990437704,2.37925996012,73.9302953365,9.6895439313,132.06715812,148.283288581,5150.00103042,0.00279396772385,213.511608308,211.470454815,3,72.4051569705,23.7262520386,45.334763854,0.000747931674927,0.000698491930962,4.94397439654e-05,0.000232830643654,536.159157383,0,0,0,0,-0.0862100293375,-0.000170139458078,0.00287446589209,1,1352,-2.26857741836e-06,2.26857741836e-06,1.41248869896,0,0,0,0,2.54382302955e-06,1.67235009485e-06,1.72568579728e-05,1.9023581217e-06,1.4914435269e-06,1.72568852577e-05,1.9023581217e-06,1.73755454469e-12,1.49011611938e-08,2.61861998752e-08,64
2.72000012919,2507.14714639,-39.4836170017,5.26405000687,-488.572967529,0.303231447935,0.0246812440455,100.150260925,39.8781394958,0.972329497337,0.000232830643654,0.000465661287308,0,0,20.4960203768,4.54902686144,73.1592921001,9.6125985276,132.06715812,148.283288581,5150.00149608,0.00279396772385,213.511608308,211.470454815,3,72.4051569705,23.9548044192,45.0564257335,0.00083585423305,0.000850377546158,-1.45233131077e-05,0.000546606315766,536.159157383,0,0,0,0,-0.0789672398582,-0.000195178984086,0.00285474513657,1,1360,-2.20310380428e-06,2.20310380428e-06,1.41263866425,0,0,0,0,2.0827019398e-06,1.3692030052e-06,1.72231484612e-05,1.91792810256e-06,1.49523543769e-06,1.72230866156e-05,1.91792810256e-06,3.29944058186e-12,1.49011611938e-08,2.13540545246e-08,64
2.73600012995,2506.54574484,-36.1626953236,4.82129716873,-488.720825195,0.27771243453,0.0226047243923,100.150123596,39.8781776428,0.972329437733,0.000232830643654,0.000465661287308,0,0,32.969945417,7.81111945952,72.3969101769,9.54417097404,132.06715812,148.283288581,5150.00103042,0.00279396772385,213.511608308,211.470454815,3,72.4051569705,24.030709028,44.8440259788,0.000958055149103,0.000895852281246,6.22028678565e-05,3.54702933691e-05,536.159157383,0,0,0,0,-0.0723253918977,-0.000317768922287,0.0028351964429,1,1368,-2.13091971091e-06,2.13091971091e-06,1.41265118122,0,0,0,0,1.70517046172e-06,1.12100747174e-06,1.73820790224e-05,1.89629543002e-06,1.49488630541e-06,1.73820881173e-05,1.89629543002e-06,1.6242909795e-12,1.49011611938e-08,1.82673218774e-08,64
2.75200013071,2505.99510036,-33.1168921548,4.41522312164,-488.856872559,0.254346221685,0.0207016766071,100.150123596,39.8782234192,0.972329437733,0.000232830643654,0.000465661287308,0,0,49.2133235849,11.7795018821,71.6430982931,9.99655094637,132.06715812,146.503269207,5150.00056475,0.00279396772385,213.511608308,213.250488741,3,72.4051569705,24.1229718085,44.7319871455,0.00081799296503,0.000826730683912,-8.73771888177e-06,-0.000361069396604,536.159157383,0,0,0,0,-0.0662337882318,0.000109885434085,0.00404028547928,1,1376,-2.21323489313e-06,2.21323489313e-06,1.4126791954,0,0,0,0,1.39607425353e-06,9.17802651657e-07,1.79066028068e-05,1.89102706827e-06,1.49221875745e-06,1.79066555575e-05,1.89102706827e-06,1.51702955753e-12,1.49011611938e-08,1.85426927146e-08,64
2.76800013147,2505.49055636,-30.3269716824,4.04326438904,-488.981445312,0.232953608036,0.0189571920782,100.150169373,39.8782730103,0.972329437733,0.000232830643654,0.000465661287308,0,0,68.6956273184,15.2675189416,70.8978051752,11.9943370237,132.06715812,139.16248281,5150.00103042,0.00279396772385,213.511608308,220.591246034,3,72.4051569705,24.3450595008,44.7917700512,0.000645015305056,0.000585714587942,5.93007171146e-05,0.000345607986674,536.159157383,0,0,0,0,-0.0606539458659,0.000117978515846,0.00777919823304,1,1384,-2.32213619711e-06,2.32213619711e-06,1.41108107567,0,0,0,0,1.14300758014e-06,7.51432878587e-07,1.70756829903e-05,1.93886194211e-06,1.49249774495e-06,1.70757048181e-05,1.93886194211e-06,2.70155425808e-12,1.49011611938e-08,2.46832598805e-08,64
2.78400013223,2505.02862036,-27.7739527519,3.70288968086,-489.095336914,0.213368088007,0.0173577498645,100.205528259,39.8359527588,0.972369551659,0.000232830643654,0.000465661287308,0,0,84.7182317468,18.0531251267,79.8840702408,14.4456713822,124.579397379,129.762425786,5150.00103042,0.00279396772385,220.999398152,229.991332162,3,72.4051569705,24.9803160841,45.2504682471,0.00096367951119,0.00103682396002,-7.31444488311e-05,-0.000105501385406,536.159157383,0,0,0,0,-0.055547907607,-9.86162262961e-05,0.0223713107407,1,1392,-2.21339610107e-06,2.21339610107e-06,1.41268324852,0,0,0,0,9.35814625791e-07,6.15220869804e-07,1.78127847903e-05,1.93242703972e-06,1.49453296672e-06,1.78127793333e-05,1.93242703972e-06,1.61765392748e-12,1.49011611938e-08,1.47766456848e-08,64
2.80000013299,2504.60533425,-25.4363894783,3.39124035835,-489.199432373,0.195431604981,0.0158925503492,100.272071838,39.7852058411,0.972417712212,0.000232830643654,0.000465661287308,0,0,95.2087658123,20.1393822121,90.0371864696,16.7369044014,112.805661047,120.376367704,5150.00103042,0.00279396772385,232.773134485,239.37736114,3,72.4051569705,26.1679469986,46.1542149424,0.00115592395378,0.00122054188978,-6.4617936002e-05,-0.000289219315164,536.159157383,0,0,0,0,-0.0508727815429,-0.000117129417276,0.0293951947242,1,1400,-2.19452135752e-06,2.19452135752e-06,1.41351032257,0,0,0,0,7.66179766742e-07,5.03699936871e-07,1.74390388565e-05,1.93732898879e-06,1.49700406382e-06,1.74390934262e-05,1.93732898879e-06,3.41908792945e-12,1.49011611938e-08,2.08061692319e-08,64
2.81600013375,2504.21813689,-23.2923212025,3.1053879261,-489.295440674,0.1790060848,0.0145509038121,100.319145203,39.7493629456,0.972451627254,0.000232830643654,0.000465661287308,0,0,102.353827479,21.6127239904,97.699871197,18.6258033659,101.575671579,111.903333163,5150.00103042,0.00279396772385,244.003138505,247.850402957,3,72.4051569705,27.9071864497,47.3753243568,0.0011719537979,0.00113323039841,3.8723399487e-05,-0.000201907823794,536.159157383,0,0,0,0,-0.0465846454745,1.85167436939e-05,0.0319866761565,1,1408,-2.2463359528e-06,2.2463359528e-06,1.41269743443,0,0,0,0,6.272945825e-07,4.1239442794e-07,1.76673056558e-05,1.89151637642e-06,1.49690049511e-06,1.76673347596e-05,1.89151637642e-06,2.13298129159e-12,1.49011611938e-08,1.49410137595e-08,64
2.83200013451,2503.86330299,-21.3295843423,2.84371113777,-489.383087158,0.163966029882,0.013322125189,100.350898743,39.7253379822,0.972474515438,0.000232830643654,0.000465661287308,0,0,107.068455247,22.58526782,103.147398487,20.0592614989,91.8670630199,104.630227725,5150.0024274,0.00279396772385,253.711739788,255.123537499,3,72.4051569705,29.9996372632,48.6733588332,0.00151460592679,0.00155705492944,-4.24490026463e-05,0.000771251507103,536.159157383,0,0,0,0,-0.0426591704183,5.11626296884e-05,0.030000269413,1,1416,-2.26763199862e-06,2.26763199862e-06,1.41252589226,0,0,0,0,5.13585121098e-07,3.37639818326e-07,1.75577188202e-05,1.86231682164e-06,1.48943922795e-06,1.75576533366e-05,1.86231682164e-06,3.00313940382e-12,1.49011611938e-08,1.72451297686e-08,64
2.84800013527,2503.53850424,-19.5294578589,2.60371398926,-489.46383667,0.150194451213,0.0121966758743,100.372184753,39.7091560364,0.972489833832,0.000232830643654,0.000465661287308,0,0,110.075396436,23.162373913,106.88470481,21.0703759998,83.854807599,98.5550068435,5150.00103042,0.00279396772385,261.723995209,261.198729277,3,72.4051569705,31.9314240187,49.7409637319,0.00153063577091,0.00146246748045,6.81682904569e-05,-0.000531144905835,536.159157383,0,0,0,0,-0.0390589178778,-5.66302560401e-05,0.0263006743044,1,1424,-2.25512462748e-06,2.25512462748e-06,1.41190075874,0,0,0,0,4.20487708652e-07,2.76435997648e-07,1.80494462256e-05,1.95566735783e-06,1.49395395965e-06,1.80494098458e-05,1.95566735783e-06,3.57711776866e-12,1.49011611938e-08,1.66112066324e-08,64
2.86400013603,2503.24094668,-17.8841473826,2.38435721397,-489.53729248,0.137587785721,0.011165141128,100.386772156,39.6980476379,0.972500383854,0.000232830643654,0.000465661287308,0,0,111.898111988,23.4322898704,109.35483191,21.7230376119,77.4127183831,93.5625575949,5150.00196174,0.00279396772385,268.166098977,266.191171249,3,72.4051569705,33.2248018822,50.4258387082,0.00158725181609,0.0015406840248,4.65677912898e-05,0.000321961124428,536.159157383,0,0,0,0,-0.0357682949925,0.00014520651348,0.0223152786493,1,1432,-2.22326821131e-06,2.22326821131e-06,1.41251146793,0,0,0,0,3.44266027241e-07,2.26326548614e-07,1.75368313649e-05,1.8925400127e-06,1.49450352183e-06,1.75369077624e-05,1.8925400127e-06,3.32696023508e-12,1.49011611938e-08,1.77826962044e-08,64
2.88000013679,2502.96853483,-16.378442524,2.1836130619,-489.60446167,0.126043304801,0.0102203972638,100.396736145,39.6902732849,0.972507536411,0.000232830643654,0.000465661287308,0,0,112.881161441,23.464958568,110.885418989,22.0838307808,72.3218472558,89.5082921488,5150.00196174,0.00279396772385,273.256999208,270.245451247,3,72.4051569705,34.1757040587,50.9769597556,0.00158128325711,0.00154795998242,3.33232746952e-05,0.000314685166813,536.159157383,0,0,0,0,-0.0327568869807,-7.22337745174e-05,0.0186473149806,1,1440,-2.2336598704e-06,2.2336598704e-06,1.41198313236,0,0,0,0,2.81861076701e-07,1.85300422118e-07,1.75037093868e-05,1.94688118427e-06,7.48188256239e-07,1.75037203007e-05,1.94688118427e-06,1.45857978473e-12,7.45058059692e-09,2.54676422173e-08,64
2.89600013755,2502.71917321,-14.9981533468,1.99958968163,-489.66619873,0.115468561649,0.00935604516417,100.404029846,39.6847724915,0.97251278162,0.000232830643654,0.000465661287308,0,0,113.23924992,23.3137669568,111.700297897,22.2115023948,68.3629259584,86.2534725456,5150.00149608,0.00279396772385,277.215935057,273.500249023,3,72.4051569705,34.9585279764,51.4993407705,0.00155459527196,0.0015916157281,-3.70204561451e-05,-0.000194631866179,536.159157383,0,0,0,0,-0.02999630766,-3.8845371364e-05,0.015479917638,1,1448,-2.30729006034e-06,2.30729006034e-06,1.41095936298,0,0,0,0,2.30768208098e-07,1.51711077478e-07,1.72771360667e-05,1.91588810594e-06,1.49298489305e-06,1.72772233782e-05,1.91588810594e-06,3.37861683075e-12,1.49011611938e-08,1.49898085056e-08,64
2.91200013831,2502.49053352,-13.7305014505,1.83058333397,-489.723114014,0.105784624815,0.00856516323984,100.409065247,39.6808700562,0.972516357899,0.000232830643654,0.000465661287308,0,0,113.102436931,23.0188532196,111.946917264,22.1546654534,65.3503302601,83.6791732581,5150.00149608,0.00279396772385,280.228501651,276.074541034,3,72.4051569705,35.6426789949,52.0096764376,0.00125659364858,0.00126055965666,-3.96600807751e-06,0.000136424205266,536.159157383,0,0,0,0,-0.0274610041373,-0.000245842457502,0.0128074157983,1,1456,-2.24096038437e-06,2.24096038437e-06,1.41273665428,0,0,0,0,1.88936922996e-07,1.24210458807e-07,1.78733298526e-05,1.90251228105e-06,1.49503944158e-06,1.78733607754e-05,1.90251228105e-06,2.62542071416e-12,1.49011611938e-08,1.51390562309e-08,64
2.92800013907,2502.28168443,-12.5737524286,1.67636275291,-489.774932861,0.0969184935093,0.00784064643085,100.412727356,39.678150177,0.972519040108,0.000232830643654,0.000465661287308,0,0,112.547830854,22.6101300906,111.720243382,21.9519052776,63.1396251265,81.6897299956,5150.00103042,0.00279396772385,282.439170405,278.063962469,3,72.4051569705,36.259618355,52.5063151144,0.00116268832062,0.00118961906992,-2.69307492973e-05,-0.000258296495304,536.159157383,0,0,0,0,-0.0251475054114,0.000234626540419,0.0105512440205,1,1464,-2.30572254623e-06,2.30572254623e-06,1.41241180897,0,0,0,0,1.54688379439e-07,1.01694872967e-07,1.78094633156e-05,1.92935226551e-06,1.49373511249e-06,1.78094869625e-05,1.92935226551e-06,3.46845469013e-12,1.49011611938e-08,1.8268679014e-08,64
2.94400013983,2502.09006481,-11.5153079605,1.53524839878,-489.82208252,0.0887997969985,0.00717701436952,100.41494751,39.6763305664,0.972520589828,0.000232830643654,0.000465661287308,0,0,111.618706726,22.1093101675,111.079621943,21.6328342839,61.6250108578,80.2115755505,5150.00149608,0.00279396772385,283.95379195,279.542116914,3,72.4051569705,36.8249638996,52.9847238795,0.00119251690467,0.00119871401694,-6.19711226779e-06,0.000198269844986,536.159157383,0,0,0,0,-0.0230306174132,0.000213214335076,0.00861540436745,1,1472,-2.25183521252e-06,2.25183521252e-06,1.41286361217,0,0,0,0,1.26648075138e-07,8.32606801282e-08,1.81126961252e-05,1.84613122656e-06,1.48943320255e-06,1.81127070391e-05,1.84613122656e-06,2.66344238331e-12,1.49011611938e-08,1.81801169674e-08,64
2.96000014059,2501.9145105,-10.5457893369,1.40598988533,-489.86529541,0.0813641399145,0.00656949356198,100.416351318,39.6753082275,0.972521603107,0.000232830643654,0.000465661287308,0,0,110.33536895,21.531369045,110.058974189,21.2194397508,60.7342481089,79.1908532847,5150.00103042,0.00279396772385,284.844543785,280.562817352,3,72.4051569705,37.3474977096,53.4406462975,0.00105095547542,0.00101681507658,3.41403988413e-05,-8.54925019667e-05,536.159157383,0,0,0,0,-0.021091580038,-9.60085344559e-05,0.00690556084737,1,1480,-2.15961654249e-06,2.15961654249e-06,1.41250991821,0,0,0,0,1.03690616982e-07,6.81680418779e-08,1.75382301677e-05,1.95310349227e-06,1.491834837e-06,1.75382338057e-05,1.95310349227e-06,1.69167110875e-12,1.49011611938e-08,1.92000868537e-08,64
2.97600014135,2501.75409019,-9.65564140643,1.28731322289,-489.905273438,0.0745536908507,0.00601362297311,100.41594696,39.675617218,0.972521305084,0.000232830643654,0.000465661287308,0,0,106.590796405,20.5284913042,108.465357034,20.6541064749,60.6053799856,78.8462202763,5150.00056475,0.00279396772385,284.973386442,280.907435808,4,71.4618581696,37.8328222723,53.8702406629,0.00108215363059,0.00109139364213,-9.24001153368e-06,-0.00062573235482,536.159157383,0,0,0,0,-0.0193112832392,0.000219170459559,0.0050510414876,1,1488,-2.27008490583e-06,2.27008490583e-06,1.41179215908,0,0,0,0,8.48946584142e-08,5.58112418503e-08,1.71016581589e-05,1.90141781786e-06,1.4892963236e-06,1.71017491084e-05,1.90141781786e-06,3.48087184077e-12,1.49011611938e-08,2.50765594956e-08,64
2.99200014211,2501.60670839,-8.8412207333,1.17873263359,-489.941589355,0.0683180913329,0.00550446799025,100.41544342,39.6759681702,0.972520947456,0.000232830643654,0.000465661287308,0,0,96.5303684491,18.3597420951,107.112418817,20.0418467391,60.6053799856,78.8462202763,5150.00149608,0.00279396772385,284.973386442,280.907435808,4,71.4618581696,38.2849721063,54.26865755,0.00107468227373,0.00105865183286,1.60304408636e-05,0.00033833202906,536.159157383,0,0,0,0,-0.0176824421771,-1.2686740547e-05,0.00415830966085,1,1496,-2.23475649364e-06,2.23475649364e-06,1.41254854202,0,0,0,0,6.950583753e-08,4.56943602956e-08,1.7546941308e-05,1.76482160441e-06,1.49413131112e-06,1.75469831447e-05,1.76482160441e-06,3.33050254042e-12,1.49011611938e-08,1.62510502832e-08,64
3.00800014287,2501.47213228,-8.09663833934,1.07946312428,-489.974884033,0.0626086071134,0.00503803836182,100.415031433,39.6761779785,0.972520649433,0.000232830643654,0.000465661287308,0,0,81.1348784916,15.0409009112,105.893861749,19.4807581965,60.6053799856,78.8462202763,5150.00103042,0.00279396772385,284.973386442,280.907435808,4,71.4618581696,38.7071268051,54.6348928765,0.00102696932902,0.00111685949378,-8.98901647561e-05,-0.000185536919162,536.159157383,0,0,0,0,-0.0161932778298,-0.000104867226014,0.00379372318275,1,1504,-2.08907295018e-06,2.08907295018e-06,1.41406571865,0,0,0,0,5.69065399247e-08,3.74113575674e-08,1.76855719474e-05,1.88602609796e-06,1.49123229676e-06,1.76855774043e-05,1.88602609796e-06,3.20639348406e-12,1.49011611938e-08,1.59987507686e-08,64
3.02400014363,2501.34896487,-7.41303983887,0.988324165344,-490.005645752,0.0573821701109,0.0046107750386,100.414863586,39.6763534546,0.972520530224,0.000232830643654,0.000465661287308,0,0,62.3992852288,11.0020271671,104.735961516,18.9665539959,60.6053799856,78.8462202763,5150.00103042,0.00279396772385,284.973386442,280.907435808,4,71.4618581696,39.101956645,54.9707801838,0.00115506242071,0.00122236087918,-6.72984584726e-05,-0.000291038304567,536.159157383,0,0,0,0,-0.0148260808075,0.000157750257301,0.0036344465334,1,1512,-2.31904596149e-06,2.31904596149e-06,1.41256380081,0,0,0,0,4.65911078606e-08,3.06298097996e-08,1.74563574546e-05,1.92961806533e-06,1.49167271957e-06,1.74563465407e-05,1.92961806533e-06,3.60606336458e-12,1.49011611938e-08,1.47029108888e-08,64
3.04000014439,2501.23580918,-6.79047980157,0.905323028564,-490.03314209,0.0525962933898,0.00421929173172,100.414726257,39.6764793396,0.972520470619,0.000232830643654,0.000465661287308,0,0,42.7515394466,6.76651771237,103.610004823,18.4953153587,60.6053799856,78.8462202763,5150.00149608,0.00279396772385,284.973386442,280.907435808,4,71.4618581696,39.4717826566,55.2786586923,0.00134585735612,0.0013842509361,-3.83935799819e-05,1.27329258248e-05,536.159157383,0,0,0,0,-0.0135809603563,-0.000156047619271,0.00355715979822,1,1520,-2.18603531721e-06,2.18603531721e-06,1.41254913807,0,0,0,0,3.81455507181e-08,2.50775542554e-08,1.81172872544e-05,1.87735315649e-06,1.48669585087e-06,1.81172199518e-05,1.87735315649e-06,3.44325956636e-12,1.49011611938e-08,1.70125247223e-08,64
3.05600014515,2501.13243237,-6.21959679847,0.82921153307,-490.058563232,0.0482089482248,0.00386166851968,100.414634705,39.6766204834,0.972520411015,0.000232830643654,0.000465661287308,0,0,24.7376222506,2.95663524025,102.50442578,18.0634659414,60.6053799856,79.1965721874,5150.00149608,0.00279396772385,284.973386442,280.907435808,4,71.4618581696,39.4982271246,55.5608094146,0.00136821813601,0.0012805685401,8.76495959146e-05,0.000116415321827,536.159157383,0,0,0,0,-0.0124391945633,-0.000133660194024,0.00588632235304,1,1528,-2.15711861529e-06,2.15711861529e-06,1.41252279282,0,0,0,0,3.12309182959e-08,2.05317540747e-08,1.77235597221e-05,1.93568735085e-06,1.49524748849e-06,1.77236215677e-05,1.93568735085e-06,3.59633850477e-12,1.49011611938e-08,1.71756369127e-08,64
3.07200014591,2501.0376703,-5.69566327613,0.759359419346,-490.081939697,0.044187348336,0.00353527744301,100.414222717,39.6767234802,0.972520112991,0.000232830643654,0.000465661287308,0,0,10.760115828,0.428396022104,101.414668349,17.6676766134,60.8170630585,83.7283441797,5150.00196174,0.00279396772385,284.973386442,280.907435808,4,71.4618581696,36.1897582479,55.6370177947,0.00135773763066,0.00138243194669,-2.46943160365e-05,0.000480213202536,536.159157383,0,0,0,0,-0.0113913269928,-1.73745462462e-05,0.0202963687479,1,1536,-2.01265129363e-06,2.01265129363e-06,1.41305625439,0,0,0,0,2.55697010232e-08,1.68099703046e-08,1.75373788807e-05,1.88059732409e-06,1.4928989458e-06,1.75373861566e-05,1.88059732409e-06,3.46622383574e-12,1.49011611938e-08,2.50113405542e-08,64
3.08800014667,2500.9510573,-5.21469473824,0.695235550404,-490.103637695,0.0405043885112,0.00323655898683,100.414039612,39.6768493652,0.972519934177,0.000232830643654,0.000465661287308,0,0,3.49473918424,-1.19322337656,100.338498458,17.2959896058,68.1193851051,90.4235421331,5150.00056475,0.00279396772385,284.973386442,280.907435808,4,71.4618581696,31.9300852425,51.4980201842,0.00120153191563,0.00121326593217,-1.17340165362e-05,-0.000747604644857,536.159157383,0,0,0,0,-0.0104293897962,0.000184841475459,0.0264911409467,1,1544,-2.18207856051e-06,2.18207856051e-06,1.41243958473,0,0,0,0,2.09346904256e-08,1.37628326513e-08,1.75880959432e-05,1.90837749869e-06,1.49072161548e-06,1.75881814357e-05,1.90837749869e-06,2.99734889686e-12,1.49011611938e-08,1.81826749213e-08,64
3.10400014743,2500.87142922,-4.77528510601,0.63665241003,-490.123138428,0.0371332913637,0.00296266307123,100.413673401,39.6769561768,0.972519695759,0.000232830643654,0.000465661287308,0,0,2.52549289703,-1.38565658605,99.2750810793,16.91660055,78.2320203143,96.4306891547,5150.00103042,0.00279396772385,284.973386442,280.907435808,4,71.4618581696,28.9808376692,48.5132186441,0.0010790911914,0.0011277734302,-4.86822387957e-05,-0.000196450855583,536.159157383,0,0,0,0,-0.00955057100072,-0.000228316032747,0.0235372353345,1,1552,-2.2153556074e-06,2.2153556074e-06,1.41273093224,0,0,0,0,1.71398646387e-08,1.12680487163e-08,1.78765931196e-05,1.89366232917e-06,1.49201559907e-06,1.78764985321e-05,1.89366232917e-06,3.55706089583e-12,1.49011611938e-08,2.0928927924e-08,64
3.12000014819,2500.79901889,-4.37478229287,0.583256423473,-490.141052246,0.03404661268,0.00271131633781,100.413497925,39.6770820618,0.97251957655,0.000232830643654,0.000465661287308,0,0,3.35318543395,-1.17325259797,98.2237936026,16.5176542245,86.2523593241,100.527962786,5150.00103042,0.00279396772385,284.973386442,280.907435808,4,71.4618581696,27.8274001175,47.8001056763,0.00106709723002,0.00105865183286,8.44539715938e-06,-0.000127329258248,536.159157383,0,0,0,0,-0.00874956462837,0.000367661456835,0.0190047156066,1,1560,-2.18362765736e-06,2.18362765736e-06,1.41254091263,0,0,0,0,1.40329259324e-08,9.22549325821e-09,1.77795773197e-05,1.95789812096e-06,1.49489210344e-06,1.77796246135e-05,1.95789812096e-06,3.26831617325e-12,1.49011611938e-08,1.37479707618e-08,64
3.13600014895,2500.73219649,-4.007192274,0.53424847126,-490.157287598,0.0312190782279,0.00248132576235,100.413322449,39.6772003174,0.97251945734,0.000232830643654,0.000465661287308,0,0,4.02621370826,-1.01407498723,97.18435036,16.1061092085,92.7740038605,103.598496935,5150.00103042,0.00279396772385,284.973386442,280.907435808,4,71.4618581696,27.4096473731,47.5359302072,0.00102531731716,0.00103682396002,-1.15066428608e-05,-0.000105501385406,536.159157383,0,0,0,0,-0.00801438471143,-0.000134687816455,0.0157346650958,1,1568,-2.25337475968e-06,2.25337475968e-06,1.41190850735,0,0,0,0,1.1489181162e-08,7.55319096157e-09,1.69378599821e-05,1.96352493731e-06,1.49394202253e-06,1.69378636201e-05,1.96352493731e-06,3.6354599886e-12,1.49011611938e-08,1.754270329e-08,64
3.15200014971,2500.67119487,-3.67087477571,0.489409804344,-490.172210693,0.0286271516234,0.00227118539624,100.413230896,39.6773262024,0.972519397736,0.000232830643654,0.000465661287308,0,0,4.58341231369,-0.883747095965,96.1564730083,15.6905501911,98.1732591754,106.11252219,5150.00103042,0.00279396772385,284.973386442,280.907435808,4,71.4618581696,27.3025361821,47.3852815048,0.00115497715558,0.0011805241229,-2.55469673194e-05,-0.000249201548286,536.159157383,0,0,0,0,-0.00734174987471,-0.000108830722212,0.0131190000102,1,1576,-2.13511270886e-06,2.13511270886e-06,1.41242277622,0,0,0,0,9.40654043546e-09,6.18402618002e-09,1.77083074959e-05,1.92373477148e-06,1.49351114942e-06,1.77083384187e-05,1.92373477148e-06,2.84693102426e-12,1.49011611938e-08,1.2404123062e-08,64
3.16800015047,2500.61531551,-3.36255993716,0.448304533958,-490.185913086,0.0262518618256,0.00207885843702,100.413047791,39.6774330139,0.972519218922,0.000232830643654,0.000465661287308,0,0,5.0479345487,-0.770603118148,95.1399564525,15.2777974954,102.674479422,108.295069367,5150.00103042,0.00279396772385,284.973386442,280.907435808,4,71.4618581696,27.3457571893,47.293237003,0.000888324677706,0.000914951669984,-2.66269922777e-05,1.63709046319e-05,536.159157383,0,0,0,0,-0.00672512001643,-2.69686495358e-05,0.0109875751659,1,1584,-2.22742210099e-06,2.22742210099e-06,1.41298449039,0,0,0,0,7.70141905804e-09,5.06304953518e-09,1.79519156518e-05,1.88276067092e-06,1.49674099248e-06,1.79519538506e-05,1.88276067092e-06,3.49336184979e-12,1.49011611938e-08,1.75465686425e-08,64
3.18400015123,2500.56385994,-3.07930645249,0.410540491343,-490.198455811,0.0240749828517,0.00190319807734,100.412864685,39.6775550842,0.972519099712,0.000232830643654,0.000465661287308,0,0,5.43734578963,-0.668375354027,94.1346541963,14.8729327153,106.447871076,110.267043056,5150.00103042,0.00279396772385,284.973386442,280.907435808,4,71.4618581696,27.4689464277,47.2425017506,0.00109549051774,0.00121508492157,-0.000119594403825,-0.000283762346953,536.159157383,0,0,0,0,-0.00615861317499,-0.000127814203665,0.0092446366325,1,1592,-2.1954992917e-06,2.1954992917e-06,1.41118597984,0,0,0,0,6.30538554702e-09,4.14527212556e-09,1.72093205038e-05,1.9406231786e-06,1.48869764871e-06,1.72093350557e-05,1.9406231786e-06,3.54738460828e-12,1.49011611938e-08,1.4810865423e-08,64
3.20000015199,2500.51706098,-2.82102860183,0.376106292009,-490.209960938,0.0220806505531,0.00174241955392,100.412818909,39.6776733398,0.972519099712,0.000232830643654,0.000465661287308,0,0,5.76561080598,-0.573437502636,93.1404490425,14.4796072736,109.628759674,112.098394311,5150.00149608,0.00279396772385,284.973386442,280.907435808,4,71.4618581696,27.6368318737,47.2226602142,0.001080597542,0.00110412656795,-2.35290259498e-05,0.000292857293971,536.159157383,0,0,0,0,-0.00564205748788,5.41220401828e-05,0.00807051733136,1,1600,-2.35389097725e-06,2.35389097725e-06,1.41260826588,0,0,0,0,5.16241005499e-09,3.39385985981e-09,1.76903286047e-05,1.86370459687e-06,1.49248762682e-06,1.76903195097e-05,1.86370459687e-06,3.6237401968e-12,1.49011611938e-08,1.29663719761e-08,64
3.21600015275,2500.47422014,-2.58481804849,0.344614118338,-490.220428467,0.0202541053295,0.00159482937306,100.412635803,39.6777839661,0.972518920898,0.000232830643654,0.000465661287308,0,0,6.04393107883,-0.483599213873,92.1572091443,14.1003802794,112.325680675,113.83137462,5150.00149608,0.00279396772385,284.973386442,280.907435808,4,71.4618581696,27.8300012724,47.225952585,0.00103890289427,0.0010750227375,-3.61198432275e-05,0.000321961124428,536.159157383,0,0,0,0,-0.00516963627462,4.73621142305e-05,0.00763357849792,1,1608,-2.20864899347e-06,2.20864899347e-06,1.41138529778,0,0,0,0,4.22662171928e-09,2.77865597198e-09,1.79604121513e-05,1.95637107936e-06,1.49244453951e-06,1.79604503501e-05,1.95637107936e-06,3.4714384145e-12,1.49011611938e-08,1.26987913518e-08,64
3.23200015351,2500.43463893,-2.36799223785,0.315706372261,-490.229919434,0.0185808166862,0.00145968305878,100.412635803,39.6779098511,0.972518920898,0.000232830643654,0.000465661287308,0,0,6.28130972766,-0.397502620603,91.1847880054,13.7369336944,114.625880087,115.492177429,5150.00103042,0.00279396772385,284.973386442,280.907435808,4,71.4618581696,28.0371532426,47.2463434562,0.000891365800615,0.000896761775948,-5.39597533322e-06,3.45607986674e-05,536.159157383,0,0,0,0,-0.00473598449346,7.93716203873e-05,0.00729319872335,1,1616,-2.17043248085e-06,2.17043248085e-06,1.41273808479,0,0,0,0,3.46046347133e-09,2.27496999017e-09,1.7506074073e-05,1.93566847884e-06,1.4858085251e-06,1.75060195033e-05,1.93566847884e-06,3.35179800581e-12,1.49011611938e-08,1.31109061385e-08,64
3.24800015427,2500.39855018,-2.16962689592,0.289259850979,-490.238677979,0.0170460809022,0.00133636966348,100.41254425,39.678024292,0.972518861294,0.000232830643654,0.000465661287308,0,0,6.48499649314,-0.314290032176,90.2230977279,13.3902984871,116.599607281,117.097348266,5150.00149608,0.00279396772385,284.973386442,280.907435808,4,71.4618581696,28.2515193248,47.2791216453,0.000945025988019,0.00096952135209,-2.44953640705e-05,0.000427462509833,536.159157383,0,0,0,0,-0.00433925384513,-8.45283842921e-05,0.00701548205689,1,1624,-2.18535797103e-06,2.18535797103e-06,1.41285121441,0,0,0,0,2.83318657424e-09,1.86258708457e-09,1.73219414137e-05,1.93999198927e-06,1.49419895479e-06,1.73219723365e-05,1.93999198927e-06,3.37926214788e-12,1.49011611938e-08,1.103163072e-08,64
3.26400015503,2500.36548823,-1.98852558242,0.265114992857,-490.246612549,0.0156387221068,0.00122372002807,100.412452698,39.6781463623,0.972518801689,0.000232830643654,0.000465661287308,0,0,6.66084070192,-0.233413732308,89.2719918154,13.0610267658,118.303534691,118.657451821,5150.00196174,0.00279396772385,284.973386442,280.907435808,4,71.4618581696,28.4689485852,47.3206200695,0.00104782731103,0.00107138475869,-2.35574476593e-05,0.000791260390542,536.159157383,0,0,0,0,-0.00397705113286,-0.000213900452906,0.00677928095683,1,1632,-2.12872078009e-06,2.12872078009e-06,1.41254401207,0,0,0,0,2.31961583275e-09,1.52495649441e-09,1.78222235263e-05,1.92538755073e-06,1.4867474647e-06,1.78221725946e-05,1.92538755073e-06,3.60557417256e-12,1.49011611938e-08,2.16635918093e-08,64
3.28000015579,2500.33545308,-1.82166934337,0.242869317532,-490.254150391,0.0143491029739,0.00112042529508,100.412315369,39.6782493591,0.972518742085,0.000232830643654,0.000465661287308,0,0,6.81357281434,-0.154514275484,88.3313603956,12.749234812,119.783508126,120.179422083,5150.00056475,0.00279396772385,284.973386442,280.907435808,4,71.4618581696,28.6869017145,47.3680192954,0.00118938163485,0.00111140252557,7.79791092809e-05,-0.000645741238259,536.159157383,0,0,0,0,-0.00364333896385,0.000150879309047,0.00657130451873,1,1640,-2.1097168883e-06,2.1097168883e-06,1.41487777233,0,0,0,0,1.89913995641e-09,1.24852816974e-09,1.76819339686e-05,1.9523906758e-06,1.48402284594e-06,1.7681857571e-05,1.9523906758e-06,3.53554685528e-12,1.49011611938e-08,1.45181218159e-08,64
3.29600015655,2500.3075134,-1.66855647876,0.22245593369,-490.260864258,0.0131686059758,0.00102566892747,100.41204834,39.6783599854,0.972518503666,0.000232830643654,0.000465661287308,0,0,6.9470191333,-0.0773570600188,87.4010935963,12.4547852854,121.076605865,121.667784697,5150.00149608,0.00279396772385,284.973386442,280.907435808,4,71.4618581696,28.903808925,47.4191074318,0.00119088798545,0.00115687726066,3.4010724792e-05,0.000240106601268,536.159157383,0,0,0,0,-0.00333711303035,7.74840192008e-05,0.0063831564039,1,1648,-2.29649799621e-06,2.29649799621e-06,1.41430985928,0,0,0,0,1.55488344422e-09,1.02220798492e-09,1.78417503776e-05,1.93195160136e-06,1.49418383444e-06,1.78417885763e-05,1.93195160136e-06,3.54729093321e-12,1.49011611938e-08,1.8185630779e-08,64
3.31200015731,2500.28213486,-1.52803954734,0.203721880913,-490.267120361,0.0120863532647,0.000939111458138,100.411872864,39.6784667969,0.972518384457,0.000232830643654,0.000465661287308,0,0,7.06429362294,-0.00178025518195,86.4810888698,12.1773568093,122.212994029,123.125661048,5150.00056475,0.00279396772385,284.973386442,280.907435808,4,71.4618581696,29.118722523,47.4722146464,0.00110296542732,0.00111867848318,-1.57130558565e-05,-0.000653017195873,536.159157383,0,0,0,0,-0.00305607916751,2.92808000069e-05,0.0062094614841,1,1656,-2.13112980418e-06,2.13112980418e-06,1.41257369518,0,0,0,0,1.27303012576e-09,8.36912650293e-10,1.72971940628e-05,1.9302074179e-06,7.45717784412e-07,1.72971776919e-05,1.9302074179e-06,3.48082673796e-12,7.45058059692e-09,1.57112935995e-08,64
3.32800015807,2500.2588518,-1.39963412948,0.186602562666,-490.272827148,0.0110950153321,0.000859892985318,100.411827087,39.6785774231,0.972518384457,0.000232830643654,0.000465661287308,0,0,7.16792609299,0.0723266468403,85.5712802929,11.9164284062,123.217192595,124.555182992,5150.00056475,0.00279396772385,284.973386442,280.907435808,4,71.4618581696,29.3310513371,47.5260712847,0.00110596391767,0.00108957465272,1.63892649452e-05,-0.000623913365416,536.159157383,0,0,0,0,-0.00279926837266,5.30064880877e-06,0.00604673242196,1,1664,-2.15496856981e-06,2.15496856981e-06,1.41362643242,0,0,0,0,1.04226827169e-09,6.85205725492e-10,3.04627137666e-05,1.99348846763e-06,1.49827292262e-06,3.0462813811e-05,1.99348846763e-06,6.77247147252e-12,1.49011611938e-08,1.9070455437e-08,64
3.34400015883,2500.23766421,-1.28305327962,0.171059727669,-490.277984619,0.0101868091151,0.000787217286415,100.411460876,39.6786727905,0.972518086433,0.000232830643654,0.000465661287308,0,0,7.25998900972,0.145044742366,84.6714774203,11.671421415,124.109283206,125.957914861,5150.00149608,0.00279396772385,284.973386442,280.907435808,4,71.4618581696,29.5404697681,47.5797205581,0.000977782008138,0.00107320374809,-9.5421739954e-05,0.000323780113831,536.159157383,0,0,0,0,-0.0025661066605,0.000237800223957,0.00589274335653,1,1672,-2.27884970627e-06,2.27884970627e-06,1.4148607254,0,0,0,0,8.53336623585e-10,5.60998691945e-10,3.11851108563e-05,6.20577111476e-07,1.4876457044e-06,3.11850199068e-05,6.20577111476e-07,3.39046499209e-12,1.49011611938e-08,1.32647812734e-08,64
3.36000015959,2500.21810643,-1.1758789924,0.1567710042,-490.282684326,0.00935463793576,0.000720533251297,100.411460876,39.6787872314,0.972518086433,0.000232830643654,0.000465661287308,0,0,7.3421812736,0.216435886648,83.7815777043,11.4416463872,124.905724078,127.33504991,5150.00103042,0.00279396772385,284.973386442,280.907435808,4,71.4618581696,29.7467722703,47.6324676129,0.0008437025939,0.000803993316367,3.97092775328e-05,0.000127329258248,536.159157383,0,0,0,0,-0.00235175812158,2.34516850384e-05,0.00574590172619,1,1680,-2.18378431782e-06,2.18378431782e-06,1.41374063492,0,0,0,0,6.98652524722e-10,4.59306592759e-10,2.92611257464e-05,6.9237421485e-07,1.49382663039e-06,2.92611621262e-05,6.9237421485e-07,1.43010742137e-11,1.49011611938e-08,1.59942317168e-08,64
3.37600016035,2500.20017847,-1.07847881736,0.143785372376,-490.286865234,0.0085923364386,0.000659164157696,100.4114151,39.6788902283,0.972518086433,0.000232830643654,0.000465661287308,0,0,7.41589734725,0.286547619487,82.9015371962,11.2264111273,125.620033941,128.687504912,5150.00056475,0.00279396772385,284.973386442,280.907435808,4,71.4618581696,29.9498733511,47.6837922179,0.000791584284232,0.000805812305771,-1.42280215387e-05,-0.000340151018463,536.159157383,0,0,0,0,-0.00215695772354,6.14819306577e-05,0.00560523988679,1,1688,-2.32905313169e-06,2.32905313169e-06,1.40957164764,0,0,0,0,5.72008052035e-10,3.76048248096e-10,2.90899442916e-05,4.00214105412e-07,1.49556069573e-06,2.90900388791e-05,4.00214105412e-07,7.78985209671e-12,1.49011611938e-08,1.80958181772e-08,64
3.39200016111,2500.1836475,-0.988937927104,0.131847575307,-490.290740967,0.00789398606867,0.00060268084053,100.411231995,39.6790008545,0.972517967224,0.000232830643654,0.000465661287308,0,0,7.48229409444,0.355419125807,82.031231374,11.0249822376,126.263417769,130.016036564,5150.00103042,0.00279396772385,284.973386442,280.907435808,4,71.4618581696,30.1497329929,47.7333487652,0.000742393410635,0.000816726242192,-7.43328315567e-05,0.000114596332423,536.159157383,0,0,0,0,-0.00197787586309,0.00011523071386,0.00547000858933,1,1696,-2.32442630477e-06,2.32442630477e-06,1.40528070927,0,0,0,0,4.68320326963e-10,3.07882080941e-10,2.90567695629e-05,4.79907953377e-08,1.49370066538e-06,2.90566858894e-05,4.87766023127e-08,1.35314953686e-11,1.49011611938e-08,9.82043957265e-09,64
3.40800016187,2500.16851351,-0.905953299934,0.120783858001,-490.294342041,0.00725317839533,0.000551219738554,100.411048889,39.6791000366,0.97251778841,0.000232830643654,0.000465661287308,0,0,7.54232786199,0.423086672052,81.1705064164,10.8366244893,126.845145132,131.32134336,5150.00056475,0.00279396772385,284.973386442,280.907435808,4,71.4618581696,30.3463621094,47.7809007862,0.000810967890064,0.000754880602472,5.60872875921e-05,-0.000289219315164,536.159157383,0,0,0,0,-0.00181190673576,-5.07384134707e-05,0.00533969979733,1,1704,-2.34215599448e-06,2.34215599448e-06,1.41571652889,0,0,0,0,3.83428039319e-10,2.5207244625e-10,2.93596676784e-05,4.93233045518e-08,1.49422783124e-06,2.93595985568e-05,4.95172436388e-08,6.68533284287e-12,1.49011611938e-08,2.02232399715e-08,64
3.42400016263,2500.1547765,-0.830003841656,0.110658094287,-490.29776001,0.00666354596615,0.000504835508764,100.410957336,39.6792030334,0.972517728806,0.000232830643654,0.000465661287308,0,0,7.59679934429,0.489578155486,80.3192890753,10.6606026537,127.372972202,132.603963721,5150.00056475,0.00279396772385,284.973386442,280.907435808,4,71.4618581696,30.5397697957,47.8262991237,0.000822933429734,0.000834916136228,-1.19827064937e-05,-0.00036925484892,536.159157383,0,0,0,0,-0.00166000779789,-0.000202637351343,0.00521390559152,1,1712,-2.28157318816e-06,2.28157318816e-06,1.40839910507,0,0,0,0,3.13924136686e-10,2.0637934417e-10,2.90860025416e-05,4.83835762566e-08,7.45578347505e-07,2.90860098175e-05,4.88585030212e-08,5.97911997691e-12,7.45058059692e-09,1.65096594174e-08,64
3.44000016339,2500.14197081,-0.760115199228,0.101340375841,-490.30078125,0.00612129736692,0.000463009811938,100.411048889,39.6793212891,0.97251778841,0.000232830643654,0.000465661287308,0,0,7.64714832629,0.55700278094,79.4774987777,10.4962254507,127.860854263,133.9045848,5150.00056475,0.00279396772385,284.973386442,280.907435808,4,71.4618581696,30.6646652461,47.8501278849,0.000948102638065,0.000964064383879,-1.5961745814e-05,-0.000498403096572,536.159157383,0,0,0,0,-0.00152023049704,-0.000342414652188,0.00561073655263,1,1720,-2.26679594562e-06,2.26679594562e-06,1.41260576248,0,0,0,0,2.57019239225e-10,1.6896903321e-10,2.88672199531e-05,4.81652584483e-08,1.4932962813e-06,2.88672108582e-05,4.84192845818e-08,7.2148120811e-12,1.49011611938e-08,1.22654268964e-08,64
3.45600016415,2500.13056211,-0.696581537341,0.0928699150681,-490.30368042,0.00562343141064,0.000425016041845,100.410820007,39.6794128418,0.972517669201,0.000232830643654,0.000465661287308,0,0,7.69813685664,0.638552349085,78.6450476256,10.3431394579,128.354935441,135.47767594,5150.00103042,0.00279396772385,284.973386442,280.907435808,4,71.4618581696,30.347293432,47.7493886137,0.000790120566196,0.000758518581279,3.16019849178e-05,0.000172803993337,536.159157383,0,0,0,0,-0.00139316314041,-3.82072151695e-06,0.00715991621837,1,1728,-2.25030066758e-06,2.25030066758e-06,1.41134059429,0,0,0,0,2.10429437764e-10,1.38340047751e-10,2.92063123197e-05,4.88485234484e-08,1.49294578478e-06,2.92062995868e-05,4.86905697983e-08,6.64529542505e-12,1.49011611938e-08,1.37240476761e-08,64
3.47200016491,2500.12008473,-0.638753249405,0.0851601138711,-490.306213379,0.00516690919176,0.000390216853702,100.410728455,39.6795120239,0.972517549992,0.000232830643654,0.000465661287308,0,0,7.75166664176,0.739922422555,77.8217891227,10.2012540306,128.873638459,137.433104101,5150.00056475,0.00279396772385,284.973386442,280.907435808,4,71.4618581696,29.4714955089,47.4962362205,0.000837805089193,0.000896761775948,-5.89566867548e-05,-0.00043110048864,536.159157383,0,0,0,0,-0.00127750654499,0.000113353326725,0.00889402627945,1,1736,-2.26076645049e-06,2.26076645049e-06,1.41570115089,0,0,0,0,1.72284964073e-10,1.13263183554e-10,2.94966685033e-05,4.93207643615e-08,1.4897722167e-06,2.94966775982e-05,4.95491754293e-08,7.13948344888e-12,1.49011611938e-08,1.91641902347e-08,64
3.48800016567,2500.11007302,-0.586205942454,0.0781543776393,-490.308319092,0.00474854977801,0.000358189980034,100.410469055,39.6796035767,0.972517371178,0.000232830643654,0.000465661287308,0,0,7.80744148424,0.856094812897,77.0076353712,10.0704025292,129.414096591,139.674069942,5150.00103042,0.00279396772385,284.973386442,280.907435808,4,71.4618581696,28.203767215,47.1150997328,0.00071557042236,0.000705767888576,9.80253378469e-06,0.00022555468604,536.159157383,0,0,0,0,-0.0011724119453,8.25872703558e-06,0.010209992528,1,1744,-2.26840597861e-06,2.26840597861e-06,1.41328382492,0,0,0,0,1.41054917746e-10,9.27320095712e-11,2.92713575618e-05,4.90447931156e-08,1.49057223098e-06,2.92713721137e-05,4.94230043557e-08,6.16041939683e-12,1.49011611938e-08,1.25227170855e-08,64
3.50400016643,2500.10122545,-0.537535242984,0.0716654807329,-490.31048584,0.00436551822349,0.000328608090058,100.410377502,39.6797027588,0.972517311573,0.000232830643654,0.000465661287308,0,0,7.86433244617,0.977658041915,76.2026010207,9.95027639554,129.965366796,142.01902377,5150.00056475,0.00279396772385,284.973386442,280.907435808,4,71.4618581696,26.8036146736,46.6464443889,0.000603823366307,0.000653017195873,-4.91938295655e-05,-0.000187355908565,536.159157383,0,0,0,0,-0.00107507058811,-8.90826301614e-05,0.0108463317156,1,1752,-2.19870298679e-06,2.19870298679e-06,1.40808010101,0,0,0,0,1.15485926377e-10,7.59225113334e-11,2.99311159324e-05,5.02722627971e-08,1.49166862684e-06,2.99310759146e-05,5.05867028266e-08,6.70115352097e-12,1.49011611938e-08,1.32601485348e-08,64
3.52000016719,2500.09307638,-0.492873027724,0.0657110139728,-490.312438965,0.00401496049017,0.000301158521324,100.41028595,39.6798095703,0.972517251968,0.000232830643654,0.000465661287308,0,0,7.92080955577,1.09602873666,75.4064956259,9.84032352137,130.512635224,144.302393892,5150.00009909,0.00279396772385,284.973386442,280.907435808,4,71.4618581696,25.487082894,46.1360723421,0.000542766429024,0.000554791768081,-1.20253390579e-05,-0.000554791768081,536.159157383,0,0,0,0,-0.000985746151372,5.44235767563e-05,0.0108381556347,1,1760,-2.29460124501e-06,2.29460124501e-06,1.41142225266,0,0,0,0,9.4551831642e-11,6.21600687589e-11,2.90613643301e-05,4.85020308361e-08,1.49183074427e-06,2.90613588732e-05,4.92173697353e-08,5.44379819001e-12,1.49011611938e-08,1.13076907837e-08,64
3.53600016795,2500.0856258,-0.452373740245,0.0603115484118,-490.314208984,0.00369516573846,0.000275538506685,100.410102844,39.6798973083,0.972517132759,0.000232830643654,0.000465661287308,0,0,7.97524853418,1.20593834861,74.619223964,9.73986361402,131.040142151,146.422549733,5150.00009909,0.00279396772385,284.973386442,280.907435808,4,71.4618581696,24.3729191425,45.6283778476,0.000699256361147,0.000639374775346,5.98815858011e-05,-0.000639374775346,536.159157383,0,0,0,0,-0.000904747499142,-2.65750754735e-05,0.0103775607422,1,1768,-2.39238715949e-06,2.39238715949e-06,1.41267299652,0,0,0,0,7.74124514491e-11,5.08923285458e-11,2.88989649562e-05,4.79857469315e-08,1.49212974065e-06,2.88989831461e-05,4.87801621318e-08,1.45347067715e-11,1.49011611938e-08,2.22680114348e-08,64
3.55200016871,2500.07864088,-0.414805526816,0.0553028658032,-490.315765381,0.00340196141042,0.00025183998514,100.409828186,39.6799926758,0.972516953945,0.000232830643654,0.000465661287308,0,0,9.35019783558,1.64973077055,73.8407494111,9.64831068788,131.254870212,148.122184328,5150.00149608,0.00279396772385,284.973386442,280.907435808,4,71.4618581696,23.6651903833,45.34060281,0.000705211819496,0.000696672941558,8.53887793806e-06,0.000700310920365,536.159157383,0,0,0,0,-0.000829611102038,-0.000101711472578,0.00625810120255,1,1776,-2.27332088798e-06,2.27332088798e-06,1.41116726398,0,0,0,0,6.33799193683e-11,4.16670968562e-11,2.8900878533e-05,4.79462691771e-08,1.48933781929e-06,2.89008567051e-05,4.90991389768e-08,7.07557623603e-12,1.49011611938e-08,2.28058496532e-08,64
3.56800016947,2500.07235445,-0.381029934715,0.0507998205721,-490.317169189,0.00313410814852,0.000229837722145,100.409645081,39.6800804138,0.972516775131,0.000232830643654,0.000465661287308,0,0,15.0894434095,3.17999830367,73.0709620948,9.56627636543,131.254870212,148.42566452,5150.00056475,0.00279396772385,284.973386442,280.907435808,4,71.4618581696,23.8800912484,45.0673760497,0.000581527645482,0.000620275386609,-3.87477411268e-05,-0.000154614099301,536.159157383,0,0,0,0,-0.000762059915171,6.35679842098e-05,0.00285112834536,1,1784,-2.42909163717e-06,2.42909163717e-06,1.41283917427,0,0,0,0,5.18910643621e-11,3.41141143112e-11,2.90841526294e-05,4.84376450061e-08,1.49393099491e-06,2.90840944217e-05,4.88586024971e-08,9.19826714796e-12,1.49011611938e-08,2.24734524323e-08,64
3.58400017023,2500.06653368,-0.350352763689,0.0467098690569,-490.31842041,0.00288726901636,0.000209707402973,100.409416199,39.6801719666,0.972516655922,0.000232830643654,0.000465661287308,0,0,25.1476766657,5.8324223211,72.3097667924,9.49340173049,131.254870212,148.42566452,5150.00103042,0.00279396772385,284.973386442,280.907435808,4,71.4618581696,24.0096360358,44.8121027148,0.00055918818187,0.000639374775346,-8.01865934763e-05,0.000291947799269,536.159157383,0,0,0,0,-0.000700705549139,2.21361817765e-06,0.00283137103543,1,1792,-2.30316754823e-06,2.30316754823e-06,1.41262173653,0,0,0,0,4.24847865221e-11,2.79302622697e-11,2.9159058613e-05,4.86526978705e-08,1.49236836933e-06,2.91589931294e-05,4.88636615614e-08,9.68561342241e-12,1.49011611938e-08,1.94564790945e-08,64
3.60000017099,2500.06117858,-0.320957980193,0.0427908860147,-490.319732666,0.00266064936295,0.000191342493054,100.409324646,39.6802597046,0.972516596317,0.000232830643654,0.000465661287308,0,0,39.1963427998,9.5329539277,71.5571342047,9.43768457097,131.254870212,148.393912241,5150.00103042,0.00279396772385,284.973386442,280.939188087,4,71.4618581696,24.0811332333,44.6411031589,0.000693287136033,0.000673026079312,2.02610567213e-05,0.000258296495304,536.159157383,0,0,0,0,-0.000641915964827,-5.65759661342e-05,0.00281175551936,1,1800,-2.2975855245e-06,2.2975855245e-06,1.41702997684,0,0,0,0,3.47835822645e-11,2.28673503744e-11,2.94767560263e-05,4.91800626889e-08,1.49569552832e-06,2.94766541629e-05,4.91758171961e-08,8.40602587537e-12,1.49011611938e-08,1.08785922492e-08,64
3.61600017175,2500.05628914,-0.295849048371,0.0394433028996,-490.320678711,0.00245291064493,0.00017433463654,100.408973694,39.6803436279,0.972516298294,0.000232830643654,0.000465661287308,0,0,56.7765738799,13.350211578,70.8129984083,10.6938967077,131.254870212,143.787357956,5150.00103042,0.00279396772385,284.973386442,285.545713268,4,71.4618581696,24.2052028625,44.5838995802,0.000742588698865,0.000776708475314,-3.41197764486e-05,0.000154614099301,536.159157383,0,0,0,0,-0.000591698134933,0.000126036847625,0.00612027663738,1,1808,-2.27624263971e-06,2.27624263971e-06,1.41224503517,0,0,0,0,2.84783741727e-11,1.87221956688e-11,2.88471019303e-05,4.81587072443e-08,1.49280458572e-06,2.88470400847e-05,4.80696868976e-08,6.82025269594e-12,1.49011611938e-08,1.58536241912e-08,64
3.63200017251,2500.05163252,-0.270648968126,0.0360835678875,-490.321746826,0.00226137577556,0.000158893919433,100.425682068,39.6687965393,0.972528338432,0.000232830643654,0.000465661287308,0,0,76.0573937875,16.5314670039,72.9741279734,13.0077927203,129.458057927,135.149268317,5150.00103042,0.00279396772385,286.770198727,294.183817459,4,71.4618581696,24.5742594416,44.7919155704,0.000657735241272,0.00065665517468,1.08006659172e-06,0.000274667399935,536.159157383,0,0,0,0,-0.000541297950907,7.5636663599e-05,0.0127960154787,1,1816,-2.19256958189e-06,2.19256958189e-06,1.40790975094,0,0,0,0,2.33161077251e-11,1.53284294979e-11,2.90921361739e-05,4.86131099819e-08,1.49399784277e-06,2.90921798296e-05,4.83754654113e-08,1.00841279771e-11,1.49011611938e-08,1.95560119209e-08,64
3.64800017327,2500.04744157,-0.247591060543,0.0330094322562,-490.322753906,0.00208632415161,0.000144787380123,100.508674622,39.6117401123,0.972587823868,0.000232830643654,0.000465661287308,0,0,89.0510752419,19.0021745959,83.9150798751,15.4386606159,118.877673231,125.573671539,5150.00103042,0.00279396772385,297.350605251,303.759385133,4,71.4618581696,25.4400911217,45.4470100522,0.000678426245737,0.000722138793208,-4.37125474706e-05,0.000209183781408,536.159157383,0,0,0,0,-0.000495182117533,-0.000203309813429,0.0243548117578,1,1824,-2.09923496186e-06,2.09923496186e-06,1.4116319418,0,0,0,0,1.90896031621e-11,1.25498509154e-11,2.91103806376e-05,4.8568576716e-08,1.49167726704e-06,2.91103733616e-05,4.88209117577e-08,5.07438535635e-12,1.49011611938e-08,1.37952156365e-08,64
3.66400017403,2500.04394911,-0.227386493634,0.0303157102317,-490.323760986,0.00192530977074,0.000132016677526,100.576164246,39.565372467,0.97263610363,0.000232830643654,0.000465661287308,0,0,97.9184365033,20.8066513466,92.9535489334,17.5696851704,107.203886728,116.513794637,5150.00056475,0.00279396772385,309.024384478,312.819262035,4,71.4618581696,26.8756703008,46.5062439616,0.000797570051669,0.000723957782611,7.36122690581e-05,-0.000258296495304,536.159157383,0,0,0,0,-0.000454772997038,0.000221942353384,0.0312039405107,1,1832,-2.32894194596e-06,2.32894194596e-06,1.40738856792,0,0,0,0,1.56292374875e-11,1.02749423553e-11,2.93253469863e-05,4.91700191674e-08,1.4897290157e-06,2.93253451673e-05,4.99549592803e-08,1.02186314965e-11,1.49011611938e-08,2.45966589318e-08,64
3.68000017479,2500.04022382,-0.208975251326,0.0278610792011,-490.324371338,0.00177530234214,0.000120862692711,100.622276306,39.5337295532,0.972669064999,0.000232830643654,0.000465661287308,0,0,103.881748323,22.0469210125,99.5628586105,19.2591640771,96.6449151747,108.545442345,5150.00103042,0.00279396772385,319.583370583,320.78762888,4,71.4618581696,28.8109204121,47.7909961774,0.000895795479461,0.000885847839527,9.947639934e-06,4.54747350886e-05,536.159157383,0,0,0,0,-0.000417950535292,-4.77107520158e-05,0.0313697941601,1,1840,-2.37746212406e-06,2.37746212406e-06,1.41250634193,0,0,0,0,1.2796131342e-11,8.41240532096e-12,2.90992757073e-05,4.84823701186e-08,1.49575544128e-06,2.90992502414e-05,4.89153393346e-08,6.79492573319e-12,1.49011611938e-08,1.73378111867e-08,64
3.69600017555,2500.03719702,-0.190814958501,0.0254399068654,-490.325317383,0.00163646554574,0.000111144414404,100.653266907,39.5125274658,0.972691118717,0.000232830643654,0.000465661287308,0,0,107.761734817,22.8341267509,104.185691732,20.501041541,87.7283455338,101.799319964,5150.00056475,0.00279396772385,328.499940224,327.53375126,4,71.4618581696,30.921150028,49.0253660246,0.000813940956301,0.000793079379946,2.08615763553e-05,-0.000327418092638,536.159157383,0,0,0,0,-0.000381629922108,-8.40313651995e-05,0.0284136980772,1,1848,-2.32612251239e-06,2.32612251239e-06,1.40597462654,0,0,0,0,1.04765805406e-11,6.88749144523e-12,2.9253809771e-05,5.57319808081e-08,1.49487198087e-06,2.92538497888e-05,5.57319808081e-08,6.69973104772e-12,1.49011611938e-08,2.40166855292e-08,64
3.71200017631,2500.03417023,-0.174849731138,0.0233113840222,-490.325958252,0.00150948134251,0.000102261081338,100.674110413,39.498134613,0.972705960274,0.000232830643654,0.000465661287308,0,0,110.192703429,23.2665438417,107.311587999,21.3466737068,80.4635565146,96.2088888627,5150.00103042,0.00279396772385,335.764721967,333.124160534,4,71.4618581696,32.5847358909,49.9137895531,0.000845261680094,0.000805812305771,3.94493743228e-05,0.000125510268845,536.159157383,0,0,0,0,-0.000349699491586,-0.000115961795721,0.0244929064065,1,1856,-2.3786951715e-06,2.3786951715e-06,1.4126906395,0,0,0,0,8.57749461736e-12,5.63899838282e-12,2.88617939077e-05,4.79233648321e-08,1.49337301991e-06,2.88617666229e-05,4.83703210818e-08,1.05137842876e-11,1.49011611938e-08,2.50462264262e-08,64
3.72800017707,2500.03160909,-0.160763917734,0.0214334297925,-490.326599121,0.00139289605431,9.40906465985e-05,100.688789368,39.4881858826,0.972716450691,0.000232830643654,0.000465661287308,0,0,111.613183812,23.4244486505,109.332439935,21.8634306071,74.6689329389,91.6396311368,5150.00056475,0.00279396772385,341.559352819,337.693432812,4,71.4618581696,33.6981393048,50.5164025526,0.0007202061586,0.000676664058119,4.35421004807e-05,-0.000211002770811,536.159157383,0,0,0,0,-0.000321527859892,8.86972162384e-05,0.0206158608198,1,1864,-2.25565690926e-06,2.25565690926e-06,1.41649520397,0,0,0,0,7.02265502694e-12,4.6168195135e-12,2.89968193101e-05,4.82269904012e-08,1.49597826749e-06,2.8996841138e-05,4.93355436504e-08,1.42235945244e-11,1.49011611938e-08,2.12924078369e-08,64
3.74400017783,2500.02904795,-0.1482476506,0.0197647307068,-490.32699585,0.00128494377714,8.67625421961e-05,100.698982239,39.4811706543,0.972723662853,0.000232830643654,0.000465661287308,0,0,112.303914345,23.3702578004,110.526466181,22.115067476,70.1200551703,87.9465951584,5150.00103042,0.00279396772385,346.108223312,341.38650517,4,71.4618581696,34.5660955645,51.0514728376,0.000760451299153,0.000754880602472,5.57069668172e-06,0.000176441972144,536.159157383,0,0,0,0,-0.000296495328289,-0.000169165959019,0.0171668883413,1,1872,-2.29638749261e-06,2.29638749261e-06,1.41770231724,0,0,0,0,5.74966073016e-12,3.77993036177e-12,2.92604654533e-05,4.91840239647e-08,1.49460618104e-06,2.92604581773e-05,4.9719158568e-08,1.02456376716e-11,1.49011611938e-08,1.84043642548e-08,64
3.76000017859,2500.02695248,-0.13590735648,0.0181194934994,-490.327606201,0.0011842858512,8.040254761e-05,100.706352234,39.4762001038,0.972728908062,0.000232830643654,0.000465661287308,0,0,112.437489764,23.1512200432,111.080215254,22.1560956245,66.6114501655,84.998573584,5150.00149608,0.00279396772385,349.616806488,344.334461261,4,71.4618581696,35.3025097866,51.5694300702,0.000691926557717,0.000691215973347,7.10584369124e-07,0.000705767888576,536.159157383,0,0,0,0,-0.000271814737385,3.89840937309e-05,0.0142283113673,1,1880,-2.4448916065e-06,2.4448916065e-06,1.41585195065,0,0,0,0,4.70742195224e-12,3.09474364538e-12,2.91787218885e-05,4.85214251e-08,1.49229117596e-06,2.91787255264e-05,4.81227715454e-08,1.09455083885e-11,1.49011611938e-08,1.60222271006e-08,64
3.77600017935,2500.024857,-0.124020090198,0.0165346544236,-490.328155518,0.00109258049633,7.45575016481e-05,100.711387634,39.4726638794,0.972732484341,0.000232830643654,0.000465661287308,0,0,112.117409776,22.8027783522,111.115257193,22.0306837176,63.9762220089,82.6866016723,5150.00056475,0.00279396772385,352.252012817,346.646411344,4,71.4618581696,35.9564328392,52.0753892488,0.000683002140955,0.000707586877979,-2.45847370239e-05,-0.000241925590672,536.159157383,0,0,0,0,-0.000248040199491,1.5209555837e-05,0.0117539549246,1,1888,-2.20369679482e-06,2.20369679482e-06,1.40889453888,0,0,0,0,3.85410930601e-12,2.53376052778e-12,2.92355143756e-05,4.86748135131e-08,1.4916240616e-06,2.92354907288e-05,4.92032299348e-08,1.07178294018e-11,1.49011611938e-08,2.04025241146e-08,64
3.79200018011,2500.02299435,-0.113627400822,0.0151490764692,-490.328643799,0.0010097224731,6.88646905473e-05,100.715011597,39.4702453613,0.972735106945,0.000232830643654,0.000465661287308,0,0,111.404126122,22.3510713477,110.70906662,21.77339575,62.087950937,80.9247139841,5150.00103042,0.00279396772385,354.140269337,348.408299033,4,71.4618581696,36.550918594,52.5656614627,0.000820023202119,0.000789441401139,3.05818009805e-05,0.000141881173477,536.159157383,0,0,0,0,-0.000227254812191,-5.57583146321e-06,0.00965344160795,1,1896,-2.33060836763e-06,2.33060836763e-06,1.40933263302,0,0,0,0,3.15547609743e-12,2.0744666835e-12,2.90651460091e-05,4.83853810351e-08,1.49313086695e-06,2.90652023978e-05,5.01406915987e-08,1.03342195912e-11,1.49011611938e-08,2.0506263354e-08,64
3.80800018087,2500.02113171,-0.104366023379,0.0139143280685,-490.328948975,0.00093465851387,6.33581294096e-05,100.717277527,39.4687194824,0.97273671627,0.000232830643654,0.000465661287308,0,0,110.32985336,21.8147645025,109.908786078,21.4104033038,60.8564841968,79.6480890131,5150.00009909,0.00279396772385,355.371768819,349.684880348,4,71.4618581696,37.097997847,53.0357174284,0.000800682228852,0.000802174326964,-1.49209811173e-06,-0.000802174326964,536.159157383,0,0,0,0,-0.000208732059415,-0.000256929227893,0.00783141329885,1,1904,-2.25336862059e-06,2.25336862059e-06,1.41553139687,0,0,0,0,2.58348377413e-12,1.69842883247e-12,2.89728213829e-05,4.81076938286e-08,1.4931467831e-06,2.89728741336e-05,4.8794937868e-08,7.12591097241e-12,1.49011611938e-08,1.73339635978e-08,64
3.82400018163,2500.01950189,-0.0960629975566,0.0128073487431,-490.32925415,0.000865872192662,5.82226639381e-05,100.718086243,39.4682235718,0.972737252712,0.000232830643654,0.000465661287308,0,0,108.640434883,21.1352739057,108.617837813,20.9506481533,60.2965992584,78.8454417489,5150.00103042,0.00279396772385,355.931697413,350.487534888,4,71.4618581696,37.6048155886,53.4816499567,0.00101078927173,0.00101499608718,-4.20681545155e-06,-8.36735125631e-05,536.159157383,0,0,0,0,-0.000192126009546,-4.07046341078e-05,0.00607028789818,1,1912,-2.30821842706e-06,2.30821842706e-06,1.41539621353,0,0,0,0,2.11517652352e-12,1.39055509728e-12,2.91059586743e-05,5.55142953829e-08,1.49690151829e-06,2.91058859148e-05,5.55142953829e-08,6.94365398513e-12,1.49011611938e-08,1.58467514666e-08,64
3.84000018239,2500.01810491,-0.0888847679903,0.0118503300473,-490.329559326,0.000801651563961,5.37085361429e-05,100.717185974,39.468837738,0.972736656666,0.000232830643654,0.000465661287308,0,0,102.309658814,19.7087798454,107.102376488,20.3274451363,60.2965992584,78.7728931755,5150.00103042,0.00279396772385,355.931697413,350.560061634,5,70.9582600393,38.0761885026,53.8990607311,0.00113299906956,0.00108229869511,5.07003744543e-05,-0.000150976120494,536.159157383,0,0,0,0,-0.000177769549081,-5.50610945727e-05,0.00454843696207,1,1920,-2.32417073676e-06,2.32417073676e-06,1.41103720665,0,0,0,0,1.73175926724e-12,1.13848958472e-12,2.96331018035e-05,4.96007395157e-08,1.49092034007e-06,2.96329526464e-05,4.95665908318e-08,1.32979183221e-11,1.49011611938e-08,2.1143137019e-08,64
3.85600018315,2500.01670793,-0.0822464230055,0.010965289548,-490.329742432,0.000740612391382,5.00206806464e-05,100.716682434,39.4691810608,0.972736299038,0.000232830643654,0.000465661287308,0,0,89.8428223688,17.0089939992,105.830963519,19.7367020596,60.2965992584,78.7728931755,5150.0024274,0.00279396772385,355.931697413,350.560061634,5,70.9582600393,38.515736378,54.2841880815,0.00117029190505,0.00124236976262,-7.20778575714e-05,0.00108593667392,536.159157383,0,0,0,0,-0.000164492849897,-6.83377937571e-05,0.00394707452506,1,1928,-2.30157706937e-06,2.30157706937e-06,1.41105139256,0,0,0,0,1.41784392386e-12,9.3211582116e-13,2.90692423732e-05,4.84663189582e-08,1.49441416397e-06,2.90691859846e-05,4.87797784388e-08,9.28356003183e-12,1.49011611938e-08,2.10771418097e-08,64
3.87200018391,2500.01554377,-0.0756779456879,0.0100895650685,-490.330047607,0.000682578072883,4.71230086987e-05,100.716415405,39.469417572,0.972736060619,0.000232830643654,0.000465661287308,0,0,72.8553706655,13.3302367937,104.65275156,19.1953227765,60.2965992584,78.7728931755,5150.00149608,0.00279396772385,355.931697413,350.560061634,5,70.9582600393,38.9264023397,54.6377123101,0.00117925540166,0.00113504938781,4.42060138495e-05,0.000261934474111,536.159157383,0,0,0,0,-0.000151355900035,0.000151355900035,0.00369462021627,1,1936,-2.23183928938e-06,2.23183928938e-06,1.4168856144,0,0,0,0,1.16083184731e-12,7.63151477776e-13,2.98075774481e-05,5.0378229588e-08,1.49308448272e-06,2.98076029139e-05,5.05701258646e-08,1.3358744666e-11,1.49011611938e-08,2.07098480587e-08,64
3.88800018467,2500.01437962,-0.0686479708634,0.00915231183171,-490.330413818,0.000629420334008,4.4556814828e-05,100.716239929,39.4696083069,0.97273594141,0.000232830643654,0.000465661287308,0,0,53.5487307671,9.14924231238,103.519301576,18.6991889071,60.2965992584,78.7728931755,5150.00149608,0.00279396772385,355.931697413,350.560061634,5,70.9582600393,39.310703869,54.96182348,0.00120010983096,0.0012823875295,-8.22776985432e-05,0.000114596332423,536.159157383,0,0,0,0,-0.000137295952385,-9.5534691269e-05,0.00358014856465,1,1944,-2.24371342483e-06,2.24371342483e-06,1.41086137295,0,0,0,0,9.50408263374e-13,6.24815195242e-13,2.95856552839e-05,4.97335115313e-08,1.49001380123e-06,2.95857353194e-05,4.95188494654e-08,1.40789740977e-11,1.49011611938e-08,1.3060684978e-08,64
3.90400018543,2500.0134483,-0.0624777740654,0.00832968577743,-490.330780029,0.000582718290389,4.17392293457e-05,100.715827942,39.4697685242,0.972735643387,0.000232830643654,0.000465661287308,0,0,34.424662009,5.00778583645,102.41140789,18.2445135192,60.2965992584,78.7728931755,5150.00103042,0.00279396772385,355.931697413,350.560061634,5,70.9582600393,39.670845581,55.2588790015,0.00133868698071,0.00129693944473,4.17475359837e-05,-0.000365616870113,536.159157383,0,0,0,0,-0.000124955559788,0.000124955559788,0.00352102494799,1,1952,-2.30370619647e-06,2.30370619647e-06,1.41459131241,0,0,0,0,7.78128104485e-13,5.11555153706e-13,2.89024428639e-05,4.80007464887e-08,1.49101447278e-06,2.8902421036e-05,4.83850541855e-08,1.05556258179e-11,1.49011611938e-08,1.96066025637e-08,64
3.92000018619,2500.01251698,-0.0569442484277,0.00759194325656,-490.331054688,0.00054219760932,3.85472631024e-05,100.715644836,39.4699211121,0.972735524178,0.000232830643654,0.000465661287308,0,0,17.9614311977,1.75229484692,101.321232944,17.8278283107,60.2965992584,80.6380339782,5150.00149608,0.00279396772385,355.931697413,350.560061634,5,70.9582600393,38.4003760701,55.5311307835,0.00143265625752,0.00150612322614,-7.34669686198e-05,-0.000109139364213,536.159157383,0,0,0,0,-0.000113888502795,0.000113888502795,0.0135342571884,1,1960,-2.30430259762e-06,2.30430259762e-06,1.41253387928,0,0,0,0,6.37077142342e-13,4.18825727138e-13,2.95329082292e-05,4.95431642378e-08,1.49032700847e-06,2.95328864013e-05,5.10074862348e-08,1.19984716607e-11,1.49011611938e-08,2.18180957745e-08,64
3.93600018695,2500.01158565,-0.0521750749272,0.00695610558614,-490.331237793,0.00050664646551,3.51603994204e-05,100.715415955,39.4700698853,0.972735404968,0.000232830643654,0.000465661287308,0,0,6.84233188916,-0.398745007371,100.245641714,17.4448262874,62.7164918114,86.4806424943,5150.0024274,0.00279396772385,355.931697413,350.560061634,5,70.9582600393,34.3483661709,54.0001929039,0.00147295113606,0.00157342583407,-0.000100474698006,0.000754880602472,536.159157383,0,0,0,0,-0.000104350153518,0.000104350153518,0.0239713843912,1,1968,-2.27060013458e-06,2.27060013458e-06,1.41421449184,0,0,0,0,5.21594323722e-13,3.42905337371e-13,2.90066418529e-05,4.82346891317e-08,1.49040806718e-06,2.90066673188e-05,5.00447754348e-08,1.353650525e-11,1.49011611938e-08,1.75157879312e-08,64
3.95200018771,2500.01065433,-0.04781056262,0.00637421850115,-490.331359863,0.000474661646876,3.18814818456e-05,100.715187073,39.4702224731,0.972735226154,0.000232830643654,0.000465661287308,0,0,2.23592101384,-1.47116562002,99.1831033136,17.0727638828,72.2970798961,93.2439506869,5150.00149608,0.00279396772385,355.931697413,350.560061634,5,70.9582600393,30.396555303,49.6678694617,0.00158311368181,0.00157160684466,1.15068371498e-05,-0.00017462298274,536.159157383,0,0,0,0,-9.56211290704e-05,9.56211290704e-05,0.0263342615217,1,1976,-2.27971872846e-06,2.27971872846e-06,1.40994179249,0,0,0,0,4.27045063808e-13,2.80746996831e-13,2.91251672024e-05,4.84922075827e-08,1.49823995343e-06,2.91251308226e-05,4.97623595663e-08,9.8013819283e-12,1.49011611938e-08,2.14627675632e-08,64
3.96800018847,2500.00995584,-0.0441986394151,0.00589266838506,-490.331512451,0.000444843957666,2.8977607144e-05,100.715011597,39.4703674316,0.972735106945,0.000232830643654,0.000465661287308,0,0,2.86548884163,-1.28558901437,98.1328999103,16.6843689606,81.526581198,98.3609934337,5150.00196174,0.00279396772385,355.931697413,350.560061634,5,70.9582600393,28.3547087747,47.9788905068,0.00141326554626,0.00148429535329,-7.10298070361e-05,0.000378349795938,536.159157383,0,0,0,0,-8.83972825494e-05,-0.000144433354166,0.0213165991008,1,1984,-2.25410303756e-06,2.25410303756e-06,1.41287958622,0,0,0,0,3.49634763416e-13,2.29856064737e-13,2.92880231427e-05,5.96505529415e-08,1.48583671944e-06,2.92880395136e-05,5.96505529415e-08,8.00881583274e-12,1.49011611938e-08,1.38027616003e-08,64
3.98400018923,2500.00925735,-0.0408269897889,0.00544315204024,-490.331634521,0.000416019727709,2.66752231255e-05,100.714744568,39.4705238342,0.972734928131,0.000232830643654,0.000465661287308,0,0,3.61703598254,-1.1000758142,97.0945920148,16.2787259184,88.8090726221,101.939542219,5150.00103042,0.00279396772385,355.931697413,350.560061634,5,70.9582600393,27.6009905065,47.5523847854,0.00131788228941,0.00132786226459,-9.9799751796e-06,-0.000396539689973,536.159157383,0,0,0,0,-8.16539821868e-05,-0.000151176654528,0.0174801815301,1,1992,-2.24369750867e-06,2.24369750867e-06,1.41364562511,0,0,0,0,2.86256587011e-13,1.88190134591e-13,2.91456890409e-05,4.84091238206e-08,1.49041818531e-06,2.91458018182e-05,4.84784230537e-08,1.34109251482e-11,1.49011611938e-08,2.3342181521e-08,64
4.00000018999,2500.00855885,-0.0378331854733,0.00504401093349,-490.331665039,0.000387949228752,2.49955955951e-05,100.714515686,39.4706611633,0.972734749317,0.000232830643654,0.000465661287308,0,0,4.23476323867,-0.954966607695,96.0678866343,15.8645000182,94.7948501562,104.738697701,5150.00196174,0.00279396772385,355.931697413,350.560061634,5,70.9582600393,27.346499337,47.3515065096,0.00140877491617,0.00139880285133,9.97206484055e-06,0.000463842297904,536.159157383,0,0,0,0,-7.56663759427e-05,7.56663759427e-05,0.0145277623087,1,2000,-2.34730555349e-06,2.34730555349e-06,1.41365253925,0,0,0,0,2.34366914981e-13,1.54076973619e-13,2.90065981972e-05,4.81872319824e-08,1.48462140714e-06,2.90066363959e-05,4.87909481706e-08,1.23884513759e-11,1.49011611938e-08,1.6648300516e-08,64
4.01600019075,2500.00809319,-0.0351303093282,0.004683656618,-490.331817627,0.000360573962098,2.38439224631e-05,100.714332581,39.4708061218,0.972734630108,0.000232830643654,0.000465661287308,0,0,4.74796851692,-0.832773558601,95.0525566994,15.4495562857,99.7678071144,107.095802377,5150.00149608,0.00279396772385,355.931697413,350.560061634,5,70.9582600393,27.316456908,47.2300926049,0.00141474347515,0.00145337253343,-3.86290582854e-05,-5.63886715099e-05,536.159157383,0,0,0,0,-7.0260623708e-05,7.0260623708e-05,0.0121377790347,1,2008,-2.28121689361e-06,2.28121689361e-06,1.41329967976,0,0,0,0,1.91883306661e-13,1.26147491975e-13,2.94314122584e-05,4.93575278426e-08,1.49053539644e-06,2.94314104394e-05,5.01315504664e-08,1.45478906699e-11,1.49011611938e-08,1.35176492222e-08,64
4.03200019151,2500.00762753,-0.0327070210915,0.0043605780229,-490.331878662,0.000334132491844,2.30829900829e-05,100.71396637,39.4709434509,0.972734332085,0.000232830643654,0.000465661287308,0,0,5.17688525934,-0.724653720655,94.0485143122,15.0398900861,103.924008727,109.1814338,5150.00103042,0.00279396772385,355.931697413,350.560061634,5,70.9582600393,27.4001977232,47.1580569865,0.00151910799218,0.00151703716256,2.07082961889e-06,-0.000585714587942,536.159157383,0,0,0,0,-6.54140422385e-05,6.54140422385e-05,0.0101861543953,1,2016,-2.22876542466e-06,2.22876542466e-06,1.41344428062,0,0,0,0,1.57100691505e-13,1.0328077369e-13,2.91519172606e-05,6.38789074969e-08,1.49327740928e-06,2.91520082101e-05,6.38789074969e-08,1.16436305042e-11,1.49011611938e-08,1.66018949699e-08,64
4.04800019227,2500.00716187,-0.030562961939,0.00407472718507,-490.331939697,0.000308753689751,2.25912444876e-05,100.713829041,39.4710884094,0.97273427248,0.000232830643654,0.000465661287308,0,0,5.5373350773,-0.625676917694,93.0555250785,14.6398926489,107.416766696,111.090696009,5150.00149608,0.00279396772385,355.931697413,350.560061634,5,70.9582600393,27.5460806733,47.1222265332,0.00151308258978,0.00152249413077,-9.41154099099e-06,-0.000125510268845,536.159157383,0,0,0,0,-6.11259237671e-05,6.11259237671e-05,0.00858896970749,1,2024,-2.24099153456e-06,2.24099153456e-06,1.41258442402,0,0,0,0,1.28623118558e-13,8.45591026128e-14,2.90423995466e-05,4.82465409846e-08,7.44838757782e-07,2.90423631668e-05,4.90556892885e-08,1.04254938016e-11,7.45058059692e-09,2.14752731154e-08,64
4.06400019303,2500.00669621,-0.0286257062498,0.0038164476864,-490.331970215,0.000284585374175,2.22682883759e-05,100.713432312,39.4712257385,0.972733974457,0.000232830643654,0.000465661287308,0,0,5.84196473046,-0.532931247613,92.0735084253,14.2526962505,110.368629976,112.879759399,5150.00103042,0.00279396772385,355.931697413,350.560061634,5,70.9582600393,27.7270155493,47.1135754196,0.00147582172871,0.00156978785526,-9.39661265464e-05,-0.000638465280645,536.159157383,0,0,0,0,-5.7251415414e-05,5.7251415414e-05,0.0078831044957,1,2032,-2.22792368731e-06,2.22792368731e-06,1.41515314579,0,0,0,0,1.05307642218e-13,6.92310995315e-14,2.90085481538e-05,4.80145381232e-08,1.492338356e-06,2.90085499728e-05,4.86088858054e-08,1.03645841909e-11,1.49011611938e-08,3.20443405144e-08,64
4.08000019379,2500.00623055,-0.0268064148656,0.00357389519922,-490.332000732,0.000261674373178,2.2046155209e-05,100.713249207,39.4713630676,0.972733855247,0.000232830643654,0.000465661287308,0,0,6.10092458824,-0.444634146774,91.1022665824,13.8804369913,112.877947686,114.583010145,5150.00196174,0.00279396772385,355.931697413,350.560061634,5,70.9582600393,27.9276846413,47.1251769341,0.00180815677708,0.00188447302207,-7.63162449902e-05,-2.18278728426e-05,536.159157383,0,0,0,0,-5.36128329232e-05,5.36128329232e-05,0.00749199325219,1,2040,-2.37197559727e-06,2.37197559727e-06,1.41039907932,0,0,0,0,8.62185621292e-14,5.66815982984e-14,2.89809722744e-05,4.81359201387e-08,1.48937294853e-06,2.89809904643e-05,4.89220752797e-08,1.3517020836e-11,1.49011611938e-08,1.9018614239e-08,64
4.09600019455,2500.00576489,-0.0252477487805,0.00336609012447,-490.332000732,0.000240013469011,2.18827008212e-05,100.712974548,39.4715042114,0.972733616829,0.000232830643654,0.000465661287308,0,0,6.32238686085,-0.359671040798,90.1417409513,13.5245010937,115.023918625,116.221948701,5150.0024274,0.00279396772385,355.931697413,350.560061634,5,70.9582600393,28.1390184682,47.15162504,0.00183348052019,0.00188811100088,-5.46304806948e-05,0.000440195435658,536.159157383,0,0,0,0,-5.04955001424e-05,5.04955001424e-05,0.00718099903315,1,2048,-2.29955116993e-06,2.29955116993e-06,1.41118550301,0,0,0,0,7.05897403789e-14,4.64069395704e-14,2.9014514439e-05,4.8193701474e-08,1.49743209477e-06,2.9014521715e-05,4.91707901062e-08,1.33523886392e-11,1.49011611938e-08,1.85294766197e-08,64
4.11200019531,2500.00553206,-0.0237398740666,0.00316505669616,-490.332061768,0.000219497291255,2.1770121748e-05,100.712791443,39.4716377258,0.97273349762,0.000232830643654,0.000465661287308,0,0,6.51293518812,-0.277333138893,89.1917996852,13.185659495,116.870331112,117.810246593,5150.00149608,0.00279396772385,355.931697413,350.560061634,5,70.9582600393,28.3555345959,47.18870332,0.00195867815023,0.00203726813197,-7.85899817446e-05,-0.000640284270048,536.159157383,0,0,0,0,-4.74797492989e-05,4.74797492989e-05,0.00692245084792,1,2056,-2.29138549912e-06,2.29138549912e-06,1.4127471447,0,0,0,0,5.77939727867e-14,3.79947673801e-14,2.89704948955e-05,4.81807518327e-08,1.489698775e-06,2.89705531031e-05,4.84891380381e-08,8.56520410153e-12,1.49011611938e-08,1.35347164587e-08,64
4.12800019607,2500.00506639,-0.021987560217,0.00293143419549,-490.332061768,0.000200252121431,2.16762800846e-05,100.712745667,39.4717903137,0.97273349762,0.000232830643654,0.000465661287308,0,0,6.67788372703,-0.197165572593,88.2523182622,12.864241812,118.468684377,119.356678624,5150.0024274,0.00279396772385,355.931697413,350.560061634,5,70.9582600393,28.5738606181,47.2331412311,0.00190351161222,0.00190993887372,-6.4272615008e-06,0.000418367562816,536.159157383,0,0,0,0,-4.39751221548e-05,4.39751221548e-05,0.00669900141656,1,2064,-2.38122493101e-06,2.38122493101e-06,1.41092896461,0,0,0,0,4.73176795597e-14,3.11074713352e-14,2.94104465866e-05,4.87777889191e-08,1.49456377585e-06,2.94104502245e-05,4.91054485963e-08,7.52148343608e-12,1.49011611938e-08,1.53701087413e-08,64
4.14400019683,2500.00483356,-0.0200233749581,0.00266956421547,-490.332244873,0.000183205745998,2.14188694372e-05,100.712562561,39.4719161987,0.972733318806,0.000232830643654,0.000465661287308,0,0,6.82153580936,-0.118868868345,87.3231794851,12.5602993186,119.860669656,120.867021906,5150.00149608,0.00279396772385,355.931697413,350.560061634,5,70.9582600393,28.7919392576,47.2824067401,0.00180215979639,0.00177897163667,2.31881597257e-05,-0.000381987774745,536.159157383,0,0,0,0,-4.00467506378e-05,4.00467506378e-05,0.00649976637214,1,2072,-2.32194474847e-06,2.32194474847e-06,1.41256868839,0,0,0,0,3.87404172598e-14,2.54686307038e-14,2.90094085358e-05,4.82019117953e-08,1.49701475038e-06,2.90093921649e-05,4.85222599877e-08,5.71501179714e-12,1.49011611938e-08,1.73864123099e-08,64
4.16000019759,2500.0043679,-0.0181471957461,0.0024194275029,-490.332244873,0.00016892743588,2.08134206332e-05,100.712333679,39.4720535278,0.972733199596,0.000232830643654,0.000465661287308,0,0,6.94737988069,-0.0422427309488,86.4042881313,12.2735756459,121.080098324,122.345139971,5150.00149608,0.00279396772385,355.931697413,350.560061634,5,70.9582600393,29.0085008601,47.3345644423,0.00185879005243,0.00188083504327,-2.20449908328e-05,-0.000483851181343,536.159157383,0,0,0,0,-3.62943945731e-05,3.62943945731e-05,0.00631780922413,1,2080,-2.34058438764e-06,2.34058438764e-06,1.41109347343,0,0,0,0,3.17179584734e-14,2.08519403052e-14,2.90416719508e-05,4.83242317273e-08,1.4894759488e-06,2.90416792268e-05,4.95118115396e-08,9.5501662134e-12,1.49011611938e-08,1.97471763386e-08,64
4.17600019835,2500.00413507,-0.0163774025452,0.00218347436748,-490.332336426,0.000157372269314,1.98414982151e-05,100.712242126,39.4721794128,0.972733139992,0.000232830643654,0.000465661287308,0,0,7.05824744177,0.0328486277411,85.4955709526,12.0036413764,122.154408018,123.793652165,5150.00196174,0.00279396772385,355.931697413,350.560061634,5,70.9582600393,29.2227596219,47.3881336802,0.00186475861141,0.00183717929758,2.75793138327e-05,2.54658516496e-05,536.159157383,0,0,0,0,-3.27548058121e-05,3.27548058121e-05,0.00614865450189,1,2088,-2.19987578021e-06,2.19987578021e-06,1.40961360931,0,0,0,0,2.59684546815e-14,1.70721167644e-14,2.88888913929e-05,4.79734332259e-08,1.498132292e-06,2.88889423246e-05,4.91397393887e-08,1.2580658737e-11,1.49011611938e-08,1.14071099233e-08,64
4.19200019911,2500.00390224,-0.0147666749939,0.00196872837842,-490.332458496,0.000148127830471,1.85972985491e-05,100.711982727,39.4723167419,0.972732961178,0.000232830643654,0.000465661287308,0,0,7.15645588255,0.106504414687,84.5968375037,11.7499718699,123.106045066,125.214472064,5150.00196174,0.00279396772385,355.931697413,350.560061634,5,70.9582600393,29.4342626148,47.4419866805,0.00181259766918,0.00181717041414,-4.57274496046e-06,4.54747350886e-05,536.159157383,0,0,0,0,-2.95333514588e-05,2.95333514588e-05,0.00598940858617,1,2096,-2.17273282033e-06,2.17273282033e-06,1.41043460369,0,0,0,0,2.12611622508e-14,1.39774607158e-14,2.88522678602e-05,4.81171475997e-08,1.49218737988e-06,2.8852307878e-05,4.84552806768e-08,1.41626571581e-11,1.49011611938e-08,2.13691464523e-08,64
4.20800019987,2500.00343658,-0.0132643638295,0.00176843674853,-490.332427979,0.000140634336276,1.72273666976e-05,100.711662292,39.4724388123,0.972732722759,0.000232830643654,0.000465661287308,0,0,7.24389638001,0.178795524705,83.7080145363,11.5119197954,123.953344882,126.608967548,5150.0024274,0.00279396772385,355.931697413,350.560061634,5,70.9582600393,29.6427442663,47.495286708,0.00189455166832,0.0018990249373,-4.47326897746e-06,0.000429281499237,536.159157383,0,0,0,0,-2.65287288664e-05,2.65287288664e-05,0.00583817996085,1,2104,-2.24429027185e-06,2.24429027185e-06,1.40726172924,0,0,0,0,1.74071589527e-14,1.14437708712e-14,2.94400942948e-05,4.90963358857e-08,1.49094410062e-06,2.94401052088e-05,4.94609793122e-08,1.31073624177e-11,1.49011611938e-08,1.3624287476e-08,64
4.22400020063,2500.00343658,-0.0118855165709,0.00158460543025,-490.332611084,0.000134373898618,1.58513066708e-05,100.71157074,39.4725799561,0.972732663155,0.000232830643654,0.000465661287308,0,0,7.32212362723,0.249776278775,82.8290361271,11.2887874639,124.711368699,127.978186356,5150.00149608,0.00279396772385,355.931697413,350.560061634,5,70.9582600393,29.8480626952,47.5474371342,0.00176190044499,0.00170985003933,5.20504056523e-05,-0.00031286617741,536.159157383,0,0,0,0,-2.37710337525e-05,2.37710337525e-05,0.00569368200377,1,2112,-2.18601280721e-06,2.18601280721e-06,1.41839051247,0,0,0,0,1.42517664066e-14,9.3693634665e-15,2.99239181913e-05,5.02544494907e-08,1.49047798459e-06,2.99239873129e-05,5.17560572177e-08,1.40377431901e-11,1.49011611938e-08,2.20470983692e-08,64
4.24000020139,2500.00320375,-0.0106223811969,0.00141620123759,-490.332672119,0.000128909974592,1.45727854033e-05,100.711387634,39.4726982117,0.972732484341,0.000232830643654,0.000465661287308,0,0,7.3924203833,0.319490454142,81.9597264804,11.0798689456,125.39254385,129.322972498,5150.00149608,0.00279396772385,355.931697413,350.560061634,5,70.9582600393,30.0501342281,47.5979977637,0.00176784768768,0.00182444637176,-5.65986840728e-05,-0.000427462509833,536.159157383,0,0,0,0,-2.12447628933e-05,2.12447628933e-05,0.00555501319468,1,2120,-2.3991146918e-06,2.3991146918e-06,1.41287446022,0,0,0,0,1.16683523398e-14,7.67098193912e-15,2.89454328595e-05,4.81790642937e-08,1.49449215314e-06,2.89454656013e-05,4.93695324622e-08,1.40645134428e-11,1.49011611938e-08,1.18575371744e-08,64
4.25600020215,2500.00297092,-0.00954697743083,0.00127282587346,-490.332702637,0.000123937454191,1.34505398819e-05,100.711158752,39.4728317261,0.972732365131,0.000232830643654,0.000465661287308,0,0,7.45585149396,0.387977264345,81.0999830487,10.8844152779,126.007187646,130.644082674,5150.00149608,0.00279396772385,355.931697413,350.560061634,5,70.9582600393,30.2489534079,47.6466739201,0.00178874474954,0.0017935235519,-4.77880235383e-06,-0.000396539689973,536.159157383,0,0,0,0,-1.90939555833e-05,1.90939555833e-05,0.00542156072333,1,2128,-2.32777574638e-06,2.32777574638e-06,1.40901362896,0,0,0,0,9.55323314352e-15,6.28046554785e-15,2.89481777145e-05,4.7815749582e-08,1.49278525896e-06,2.89482140943e-05,4.86249795983e-08,9.69234414949e-12,1.49011611938e-08,1.31299771056e-08,64
4.27200020291,2500.00297092,-0.00855482618078,0.00114054989535,-490.332855225,0.00011929529137,1.250578498e-05,100.7110672,39.4729652405,0.972732305527,0.000232830643654,0.000465661287308,0,0,7.51329776882,0.455266867042,80.2498131569,10.7017067971,126.563842059,131.94209896,5150.00149608,0.00279396772385,355.931697413,350.560061634,5,70.9582600393,30.4445347865,47.6932618767,0.00176340679559,0.00172803993337,3.53668622166e-05,-0.000331056071445,536.159157383,0,0,0,0,-1.71096539714e-05,1.71096539714e-05,0.00529287336394,1,2136,-2.22452922571e-06,2.22452922571e-06,1.41272187233,0,0,0,0,7.8215217167e-15,5.14200795048e-15,2.88875817205e-05,4.78501647194e-08,1.49304412389e-06,2.88876326522e-05,4.82704578531e-08,1.34700167687e-11,1.49011611938e-08,3.48021558239e-08,64
4.28800020367,2500.00273809,-0.00762613705518,0.00101673486643,-490.332855225,0.000114892012789,1.17305189633e-05,100.710884094,39.4730834961,0.972732126713,0.000232830643654,0.000465661287308,0,0,7.56551457994,0.521430192814,79.4090410092,10.531000034,127.069826704,133.218389237,5150.00103042,0.00279396772385,355.931697413,350.560061634,5,70.9582600393,30.6355432258,47.7372414025,0.00173807594706,0.00176260073204,-2.45247849806e-05,-0.00083127815742,536.159157383,0,0,0,0,-1.52522751373e-05,1.52522751373e-05,0.00519367679954,1,2144,-2.46874924414e-06,2.46874924414e-06,1.41146624088,0,0,0,0,6.40371731201e-15,4.20991764873e-15,2.89154304483e-05,4.79668038622e-08,1.49214258727e-06,2.89154613711e-05,4.80954867044e-08,1.3731474291e-11,1.49011611938e-08,2.44986040343e-08,64
4.30400020443,2500.00273809,-0.00686034162811,0.000914637173992,-490.332946777,0.000110748937004,1.10953142212e-05,100.710700989,39.4732093811,0.972732007504,0.000232830643654,0.000465661287308,0,0,7.61551105497,0.593365247906,78.5775274341,10.3717080874,127.554289065,134.606016218,5150.0024274,0.00279396772385,355.931697413,350.560061634,5,70.9582600393,30.6140682369,47.7187240904,0.00180663621563,0.00180625647772,3.79737907785e-07,0.000522049958818,536.159157383,0,0,0,0,-1.37206843109e-05,1.37206843109e-05,0.00620596529916,1,2152,-2.25416874855e-06,2.25416874855e-06,1.41126966476,0,0,0,0,5.24291752659e-15,3.44678691479e-15,2.92576914944e-05,4.87434874685e-08,1.48843844272e-06,2.92577387881e-05,4.90259708386e-08,1.23705629074e-11,1.49011611938e-08,1.82450321518e-08,64
4.32000020519,2500.00273809,-0.00617603346242,0.000823403534014,-490.33303833,0.000106860359665,1.05761773739e-05,100.710700989,39.4733428955,0.972732007504,0.000232830643654,0.000465661287308,0,0,7.66742022365,0.683630092988,77.7552138331,10.2236386808,128.057290567,136.347225634,5150.00103042,0.00279396772385,355.931697413,350.560061634,5,70.9582600393,30.0497231365,47.5523629575,0.00169637419389,0.00168620317709,1.01710168066e-05,-0.000754880602472,536.159157383,0,0,0,0,-1.23520672857e-05,1.23520672857e-05,0.00793160218745,1,2160,-2.26354791266e-06,2.26354791266e-06,1.41367387772,0,0,0,0,4.29253554834e-15,2.82198915487e-15,2.90269690595e-05,4.82082995745e-08,1.49208017319e-06,2.90269545076e-05,4.88051696834e-08,1.36597538836e-11,1.49011611938e-08,2.02636556423e-08,64
4.33600020595,2500.00250526,-0.00559164003988,0.000745490833651,-490.333007812,0.00010329853103,1.01252408058e-05,100.710533142,39.4734687805,0.972731888294,0.000232830643654,0.000465661287308,0,0,7.7218738517,0.792514516255,76.9420489323,10.0867130723,128.584943013,138.447605423,5150.00196174,0.00279396772385,355.931697413,350.560061634,5,70.9582600393,28.9753934339,47.2416213597,0.00163676676379,0.00160434865393,3.24181098632e-05,0.000258296495304,536.159157383,0,0,0,0,-1.11832808639e-05,1.11832808639e-05,0.00954116042703,1,2168,-2.32181537285e-06,2.32181537285e-06,1.41434466839,0,0,0,0,3.51442906013e-15,2.31044817034e-15,2.89521722152e-05,4.77779593666e-08,1.49126606175e-06,2.89521558443e-05,4.74681129958e-08,1.42200279329e-11,1.49011611938e-08,1.97197209673e-08,64
4.35200020671,2500.00250526,-0.00497772045804,0.000663641607389,-490.333068848,0.000100069424661,9.72655561782e-06,100.71030426,39.4735870361,0.972731769085,0.000232830643654,0.000465661287308,0,0,7.77814128833,0.912363737375,76.1378935601,9.9606977833,129.130174173,140.759497299,5150.0024274,0.00279396772385,355.931697413,350.560061634,5,70.9582600393,27.6181835943,46.8195394205,0.0016576780365,0.00170803104993,-5.03530134255e-05,0.000620275386609,536.159157383,0,0,0,0,-9.95544098548e-06,9.95544098548e-06,0.0105791632086,1,2176,-2.19765775e-06,2.19765775e-06,1.40946674347,0,0,0,0,2.87736965127e-15,1.89163378836e-15,2.91856758849e-05,4.85178084375e-08,1.48843753323e-06,2.91856958938e-05,4.91736784625e-08,1.30501998097e-11,1.49011611938e-08,1.45426888309e-08,64
4.36800020747,2500.00227243,-0.00453114168408,0.000604102620855,-490.333007812,9.72007474047e-05,9.35694242798e-06,100.710121155,39.4737091064,0.972731590271,0.000232830643654,0.000465661287308,0,0,7.83489033187,1.03360478876,75.3426744685,9.84515973382,129.680076498,143.098237459,5150.00103042,0.00279396772385,355.931697413,350.560061634,5,70.9582600393,26.2316079898,46.3296564703,0.00143555527188,0.0013860699255,4.94853463762e-05,-0.000454747350886,536.159157383,0,0,0,0,-9.0622839094e-06,9.0622839094e-06,0.0109223872423,1,2184,-2.21037976189e-06,2.21037976189e-06,1.4124866724,0,0,0,0,2.355789844e-15,1.54873801653e-15,2.88843057206e-05,4.77967923018e-08,1.48983554027e-06,2.88843093585e-05,4.80060471375e-08,1.36765737624e-11,1.49011611938e-08,1.89936031347e-08,64
4.38400020823,2500.00227243,-0.00407818490089,0.00054371333681,-490.333068848,9.46373183979e-05,9.01588646229e-06,100.709892273,39.4738235474,0.972731471062,0.000232830643654,0.000465661287308,0,0,7.89052691837,1.14894747155,74.5562744603,9.73952209428,130.219195853,145.323196193,5150.00149608,0.00279396772385,355.931697413,350.560061634,5,70.9582600393,24.9917447945,45.817654609,0.00145191196566,0.00139334588312,5.85660825392e-05,3.63797880709e-06,536.159157383,0,0,0,0,-8.15637054424e-06,8.15637054424e-06,0.0106937913224,1,2192,-2.27102259487e-06,2.27102259487e-06,1.40997707844,0,0,0,0,1.92875670134e-15,1.26799900468e-15,2.91093783744e-05,5.97966973714e-08,1.49321635945e-06,2.91093765554e-05,5.97966973714e-08,1.3889611683e-11,1.49011611938e-08,2.14098285767e-08,64
4.40000020899,2500.0020396,-0.00363293195527,0.00048435118515,-490.33303833,9.23761326703e-05,8.69810264703e-06,100.709892273,39.4739532471,0.972731471062,0.000232830643654,0.000465661287308,0,0,8.03170458492,1.27783534897,73.7786056376,9.64301667417,130.713960971,147.353697685,5150.00149608,0.00279396772385,355.931697413,350.560061634,5,70.9582600393,23.9845121541,45.3406937595,0.00150854577441,0.00146792444866,4.06213257476e-05,-7.09405867383e-05,536.159157383,0,0,0,0,-7.26586412564e-06,7.26586412564e-06,0.00983459409326,1,2200,-2.28959925153e-06,2.28959925153e-06,1.41258203983,0,0,0,0,1.57913157038e-15,1.0381492029e-15,2.88838564302e-05,4.80020005966e-08,1.4924420384e-06,2.88838600682e-05,4.81782329587e-08,1.14070558555e-11,1.49011611938e-08,1.34659572382e-08,64
4.41600020975,2500.0020396,-0.00329804450416,0.00043970317347,-490.333099365,9.03872132767e-05,8.39744643599e-06,100.709663391,39.474067688,0.972731292248,0.000232830643654,0.000465661287308,0,0,11.1973572285,2.17653961308,73.0096753252,9.55556015366,130.734479171,148.506835103,5150.00149608,0.00279396772385,355.931697413,350.560061634,5,70.9582600393,23.6928171944,45.1344276371,0.00159350092843,0.00167710823007,-8.36073016375e-05,-0.000280124368146,536.159157383,0,0,0,0,-6.59608912629e-06,6.59608912629e-06,0.00284871109761,1,2208,-2.24392078962e-06,2.24392078962e-06,1.41189658642,0,0,0,0,1.29288282096e-15,8.49964263587e-16,2.95118115901e-05,4.9150269632e-08,1.49186428189e-06,2.95118097711e-05,4.87510547487e-08,1.43496603489e-11,1.49011611938e-08,1.80472170541e-08,64
4.43200021051,2500.0020396,-0.00296478086526,0.000395271665184,-490.333129883,8.86062698555e-05,8.12334474176e-06,100.709571838,39.4741973877,0.972731232643,0.000232830643654,0.000465661287308,0,0,18.7848636651,4.18916394469,72.249285753,9.47765153612,130.734479171,148.521328811,5150.00196174,0.00279396772385,355.931697413,350.560061634,5,70.9582600393,23.9640157815,44.8562423117,0.00164268114389,0.00167892721947,-3.62460755854e-05,0.000183717929758,536.159157383,0,0,0,0,-5.92956196296e-06,5.92956196296e-06,0.00282890326343,1,2216,-2.14626675188e-06,2.14626675188e-06,1.40657866001,0,0,0,0,1.05852225111e-15,6.9589151158e-16,2.92315526167e-05,4.88379043873e-08,1.49336267441e-06,2.92315671686e-05,4.90920086804e-08,1.45287254449e-11,1.49011611938e-08,2.95811446449e-08,64
4.44800021127,2500.0020396,-0.00266426924966,0.0003552067501,-490.3331604,8.70092917467e-05,7.87589306128e-06,100.709388733,39.4743118286,0.972731113434,0.000232830643654,0.000465661287308,0,0,30.5485063961,7.30817488079,71.4974222715,9.4083624006,130.734479171,148.521328811,5150.00196174,0.00279396772385,355.931697413,350.560061634,5,70.9582600393,24.0486697294,44.6343619842,0.0017991426543,0.00180807546712,-8.93281282277e-06,5.45696821064e-05,536.159157383,0,0,0,0,-5.32853882546e-06,5.32853882546e-06,0.00280901044607,1,2224,-2.29442116506e-06,2.29442116506e-06,1.41213750839,0,0,0,0,8.66644354022e-16,5.69747500487e-16,2.92911790893e-05,4.85636810765e-08,7.48293871311e-07,2.9291235478e-05,4.8686999321e-08,1.37644201592e-11,7.45058059692e-09,1.55176849148e-08,64
4.46400021203,2500.0020396,-0.00239419750692,0.000319200131344,-490.333221436,8.55733960634e-05,7.65377444623e-06,100.70929718,39.4744300842,0.972731053829,0.000232830643654,0.000465661287308,0,0,46.1040619843,11.2397130006,70.7540409315,9.7170175002,130.734479171,147.240119986,5150.00196174,0.00279396772385,355.931697413,351.841270458,5,70.9582600393,24.1343313974,44.5082914666,0.00191236231017,0.00192540028365,-1.30379734786e-05,-6.27551344223e-05,536.159157383,0,0,0,0,-4.78839537466e-06,4.78839537466e-06,0.00343535561115,1,2232,-2.14808073906e-06,2.14808073906e-06,1.41907382011,0,0,0,0,7.0954806497e-16,4.66469567322e-16,2.89174349746e-05,4.77126462783e-08,1.49764889557e-06,2.89174095087e-05,4.91911684719e-08,1.37195116379e-11,1.49011611938e-08,1.69451368492e-08,64
4.48000021279,2500.0020396,-0.00215032325279,0.000286686234176,-490.333251953,8.43159868964e-05,7.44867566027e-06,100.709129333,39.4745407104,0.97273093462,0.000232830643654,0.000465661287308,0,0,64.9434662597,14.7920905073,70.0190098865,11.6068668601,130.734479171,140.312855365,5150.00196174,0.00279396772385,355.931697413,358.768476872,5,70.9582600393,24.3235808739,44.5328259957,0.00181695773704,0.00181898940355,-2.0316665017e-06,4.36557456851e-05,536.159157383,0,0,0,0,-4.30064664436e-06,4.30064664436e-06,0.00751012051478,1,2240,-2.24514246838e-06,2.24514246838e-06,1.41634833813,0,0,0,0,5.80928600089e-16,3.81912782827e-16,2.90765383397e-05,4.83216453517e-08,1.49132904426e-06,2.90765456157e-05,4.98191177201e-08,1.16383014337e-11,1.49011611938e-08,1.34716060529e-08,64
4.49600021355,2500.0020396,-0.00193411042737,0.000257860228885,-490.333282471,8.31611614558e-05,7.26773077986e-06,100.753562927,39.4491691589,0.972762465477,0.000232830643654,0.000465661287308,0,0,81.8355707801,17.6631315625,77.2760241036,14.0508864701,124.828511616,130.994725623,5150.00149608,0.00279396772385,361.837621313,368.086621165,5,70.9582600393,24.8891974479,44.9257240689,0.00171551355066,0.00170803104993,7.48250073013e-06,-0.000311047188006,536.159157383,0,0,0,0,-3.8682208478e-06,3.8682208478e-06,0.0209732726216,1,2248,-2.21686445911e-06,2.21686445911e-06,1.41502535343,0,0,0,0,4.7562382296e-16,3.12683588907e-16,2.9001304938e-05,4.78297224049e-08,1.49757340751e-06,2.90013267659e-05,4.8551527243e-08,1.25327803691e-11,1.49011611938e-08,1.95107645595e-08,64
4.51200021431,2500.0020396,-0.00173841763207,0.000231769998209,-490.333282471,8.21080830065e-05,7.1097711043e-06,100.820915222,39.410484314,0.972810268402,0.000232830643654,0.000465661287308,0,0,92.7579542629,19.8336368973,87.6146194263,16.3828317549,113.294649054,121.522331028,5150.00103042,0.00279396772385,373.371469323,377.558986656,5,70.9582600393,25.9985408775,45.7669048046,0.00172313056879,0.00175532477442,-3.21942056347e-05,-0.000824002199806,536.159157383,0,0,0,0,-3.47683535608e-06,3.47683535608e-06,0.0282787512988,1,2256,-2.32916295317e-06,2.32916295317e-06,1.41260278225,0,0,0,0,3.89407647981e-16,2.56003505739e-16,2.90022853733e-05,4.80673669756e-08,1.49166794472e-06,2.90023635898e-05,4.84802953338e-08,1.23313304012e-11,1.49011611938e-08,1.36903395287e-08,64
4.52800021507,2500.0020396,-0.00156292057074,0.000208372308407,-490.333312988,8.11511272332e-05,6.97097357261e-06,100.869941711,39.3826065063,0.972844958305,0.000232830643654,0.000465661287308,0,0,100.222832224,21.3791116725,95.5301569428,18.3292616875,102.029836853,112.893962068,5150.00103042,0.00279396772385,384.636281524,386.187341064,5,70.9582600393,27.6703704003,46.9486403745,0.00167958850994,0.0016916601453,-1.2071635358e-05,-0.000760337570682,536.159157383,0,0,0,0,-3.12584138261e-06,3.12584138261e-06,0.0318177044392,1,2264,-2.29718989431e-06,2.29718989431e-06,1.41277337074,0,0,0,0,3.18819866154e-16,2.09597813107e-16,2.95240715786e-05,4.91694294169e-08,1.4908812318e-06,2.95240570267e-05,4.88697828871e-08,8.467462842e-12,1.49011611938e-08,1.52231791617e-08,64
4.54400021583,2500.00180677,-0.0014053851416,0.000187369310879,-490.333221436,8.0285470176e-05,6.84780434312e-06,100.902732849,39.3638458252,0.972868144512,0.000232830643654,0.000465661287308,0,0,105.172879709,22.4093402914,101.192623753,19.8204613772,92.2010149225,105.451093987,5150.00149608,0.00279396772385,394.465081627,393.630209146,5,70.9582600393,29.7422884614,48.2470059069,0.00170187113013,0.0016934791347,8.3919954319e-06,-0.000296495272778,536.159157383,0,0,0,0,-2.81077049656e-06,2.81077049656e-06,0.0302639883012,1,2272,-2.25703092838e-06,2.25703092838e-06,1.41100680828,0,0,0,0,2.61027496377e-16,1.71604084084e-16,2.93452285405e-05,6.74309674764e-08,1.49560321461e-06,2.93451994366e-05,6.74309674764e-08,1.35509381494e-11,1.49011611938e-08,1.85173689715e-08,64
4.56000021659,2500.00180677,-0.00126380239607,0.000168493163073,-490.333221436,7.95059313532e-05,6.73738804835e-06,100.924934387,39.351234436,0.972883820534,0.000232830643654,0.000465661287308,0,0,108.347346858,23.0311241245,105.096357313,20.8822618018,84.0498396428,99.2165514617,5150.0024274,0.00279396772385,402.616278734,399.864715291,5,70.9582600393,31.7467784043,49.3622101203,0.00169743734346,0.00174986780621,-5.24304627492e-05,0.000578438630328,536.159157383,0,0,0,0,-2.52760486152e-06,2.52760486152e-06,0.0267115421593,1,2280,-2.39681708081e-06,2.39681708081e-06,1.41188907623,0,0,0,0,2.13711137448e-16,1.40497474075e-16,2.93670746032e-05,4.87905040814e-08,1.49037634856e-06,2.9367107345e-05,4.92739680169e-08,1.41572586987e-11,1.49011611938e-08,2.43923636845e-08,64
4.57600021735,2500.00180677,-0.00113643983113,0.000151512867888,-490.333251953,7.88065663073e-05,6.63759146846e-06,100.9401474,39.3425941467,0.97289454937,0.000232830643654,0.000465661287308,0,0,110.290819394,23.3351059889,107.693247749,21.5765338856,77.4770087446,94.083690783,5150.00149608,0.00279396772385,409.189116908,404.99761235,5,70.9582600393,33.1256851496,50.0891801494,0.00169277618312,0.00167347025126,1.93059318532e-05,-0.000276486389339,536.159157383,0,0,0,0,-2.27287980104e-06,2.27287980104e-06,0.0227378308773,1,2288,-2.24915584113e-06,2.24915584113e-06,1.4127471447,0,0,0,0,1.74971781203e-16,1.15029535927e-16,2.88142528007e-05,4.74700811992e-08,1.4890389366e-06,2.88142364298e-05,4.75282746493e-08,6.92579327222e-12,1.49011611938e-08,1.26054260363e-08,64
4.59200021811,2500.00180677,-0.00102180630623,0.000136229660711,-490.333282471,7.81806375016e-05,6.54694576951e-06,100.950614929,39.336566925,0.972901880741,0.000232830643654,0.000465661287308,0,0,111.365700116,23.3937027183,109.322946968,21.9704810213,72.2714248695,89.9089427548,5150.00196174,0.00279396772385,414.394715335,409.172353102,5,70.9582600393,34.1137347277,50.6507021782,0.00159006012523,0.00154977897182,4.02811534128e-05,0.00031286617741,536.159157383,0,0,0,0,-2.04361267492e-06,2.04361267492e-06,0.0190273784101,1,2296,-2.30307728089e-06,2.30307728089e-06,1.41287088394,0,0,0,0,1.43254711902e-16,9.41781589513e-17,2.92515178444e-05,4.86436597669e-08,1.49233017055e-06,2.92514632747e-05,5.01416046461e-08,1.05726122301e-11,1.49011611938e-08,1.92217157746e-08,64
4.60800021887,2500.00180677,-0.000917323772498,0.000122299796203,-490.333282471,7.76572196628e-05,6.45797263132e-06,100.957954407,39.3322906494,0.972907066345,0.000232830643654,0.000465661287308,0,0,111.799234242,23.2623815127,110.219563544,22.1241923707,68.2134123053,86.5513866302,5150.00149608,0.00279396772385,418.452749727,412.529916503,5,70.9582600393,34.9174515577,51.1771650054,0.00148870830941,0.00149702827912,-8.31996971318e-06,-0.000100044417195,536.159157383,0,0,0,0,-1.83464766816e-06,1.83464766816e-06,0.0158044788986,1,2304,-2.41782345256e-06,2.41782345256e-06,1.41392970085,0,0,0,0,1.1728698461e-16,7.71065143019e-17,2.9106013244e-05,4.82680988512e-08,1.49365519064e-06,2.91059332085e-05,4.85024749253e-08,1.16289616825e-11,1.49011611938e-08,1.98224547887e-08,64
4.62400021963,2500.00180677,-0.000826081425487,0.000110135151772,-490.333282471,7.71685736254e-05,6.3793040681e-06,100.963294983,39.3292655945,0.972910821438,0.000232830643654,0.000465661287308,0,0,111.729414057,22.9829139899,110.537753728,22.0876927922,65.113978053,83.8888809085,5150.00103042,0.00279396772385,421.552191256,415.19239312,5,70.9582600393,35.6153104804,51.6909058206,0.00140674009941,0.00137151801027,3.52220891342e-05,-0.000440195435658,536.159157383,0,0,0,0,-1.65216289e-06,1.65216289e-06,0.0130807515234,1,2312,-2.37987228502e-06,2.37987228502e-06,1.41156220436,0,0,0,0,9.60264046945e-17,6.31294449682e-17,2.90470234177e-05,4.80400039748e-08,1.49302638874e-06,2.90469870379e-05,4.83100350834e-08,1.26142429835e-11,1.49011611938e-08,2.58452814705e-08,64
4.64000022039,2500.00180677,-0.000742468198034,9.89876352833e-05,-490.333312988,7.67196615925e-05,6.31157126918e-06,100.96710968,39.3271446228,0.972913563251,0.000232830643654,0.000465661287308,0,0,111.238424042,22.5864928962,110.377545264,21.9009062178,62.8246270935,81.8224434624,5150.00103042,0.00279396772385,423.841527663,417.25882329,5,70.9582600393,36.2424543709,52.1913461853,0.00151101935131,0.00155159796122,-4.05786099167e-05,-0.000620275386609,536.159157383,0,0,0,0,-1.48493641428e-06,1.48493641428e-06,0.0107841491699,1,2320,-2.14322517422e-06,2.14322517422e-06,1.41410052776,0,0,0,0,7.86197320447e-17,5.16859901461e-17,2.91775813821e-05,4.85051678822e-08,1.49509708081e-06,2.91775832011e-05,4.8773621586e-08,1.38685729567e-11,1.49011611938e-08,1.78763599479e-08,64
4.65600022115,2500.00180677,-0.000667559341139,8.90006049303e-05,-490.333312988,7.63094139984e-05,6.25276970823e-06,100.969734192,39.3257217407,0.972915410995,0.000232830643654,0.000465661287308,0,0,110.372908653,22.0958526418,109.801704533,21.5946225288,61.2356816418,80.2754511824,5150.00149608,0.00279396772385,425.430480391,418.805837398,5,70.9582600393,36.8161054212,52.6740659552,0.00134259230122,0.00139880285133,-5.62105501034e-05,-1.81898940355e-06,536.159157383,0,0,0,0,-1.335118756e-06,1.335118756e-06,0.0088189933449,1,2328,-2.22497487812e-06,2.22497487812e-06,1.41259491444,0,0,0,0,6.4368356385e-17,4.23168892334e-17,2.89427807729e-05,4.78086725764e-08,1.4913865698e-06,2.89427807729e-05,4.75596415583e-08,1.20706084017e-11,1.49011611938e-08,1.60837885232e-08,64
4.67200022191,2500.00180677,-0.000600370309023,8.00428024377e-05,-490.333312988,7.59369650041e-05,6.20098762738e-06,100.971183777,39.3248786926,0.972916424274,0.000232830643654,0.000465661287308,0,0,109.1557433,21.526840475,108.846943536,21.1917903862,60.2713807893,79.1913698777,5150.00103042,0.00279396772385,426.394777605,419.889925979,5,70.9582600393,37.3457369278,53.1347395736,0.00109975721585,0.00108229869511,1.74585207402e-05,-0.000150976120494,536.159157383,0,0,0,0,-1.20074067876e-06,1.20074067876e-06,0.00709224771708,1,2336,-2.13308999264e-06,2.13308999264e-06,1.41702640057,0,0,0,0,5.27003286441e-17,3.46461158496e-17,2.92990625894e-05,4.85761937341e-08,1.49584241171e-06,2.92991499009e-05,4.84366395881e-08,1.24579235816e-11,1.49011611938e-08,1.88559479142e-08,64
4.68800022267,2500.00180677,-0.000539997047078,7.19936942915e-05,-490.333343506,7.56011213525e-05,6.15468343312e-06,100.970909119,39.3251152039,0.972916185856,0.000232830643654,0.000465661287308,0,0,106.161393477,20.6353091554,107.317975243,20.6527403959,60.0553612458,78.7259705248,5150.00196174,0.00279396772385,426.610757131,420.355296228,6,70.6791106495,37.8373006242,53.5696017323,0.00129497705614,0.00133695721161,-4.1980155463e-05,0.000525687937625,536.159157383,0,0,0,0,-1.07999416701e-06,1.07999416701e-06,0.00522507727146,1,2344,-2.31182320931e-06,2.31182320931e-06,1.41259765625,0,0,0,0,4.31473554073e-17,2.83658297669e-17,2.88057053695e-05,4.74648587101e-08,1.49516074543e-06,2.88057326543e-05,4.90418585741e-08,1.37765493458e-11,1.49011611938e-08,2.53068037637e-08,64
4.70400022343,2500.00180677,-0.000485671725059,6.4750915044e-05,-490.333343506,7.52999621909e-05,6.1127502704e-06,100.969963074,39.3255157471,0.972915530205,0.000232830643654,0.000465661287308,0,0,97.0988916842,18.6650735575,105.952277189,20.031082916,60.0553612458,78.7259705248,5150.00196174,0.00279396772385,426.610757131,420.355296228,6,70.6791106495,38.2950238418,53.9737811778,0.00122644876199,0.00117688614409,4.95626178987e-05,0.000685759005137,536.159157383,0,0,0,0,-9.71343448383e-07,9.71343448383e-07,0.00421113427728,1,2352,-2.2027693376e-06,2.2027693376e-06,1.41094362736,0,0,0,0,3.5326048387e-17,2.32239658914e-17,2.93816592603e-05,4.90171245815e-08,1.49117931869e-06,2.93816447083e-05,4.86464841742e-08,1.36193417655e-11,1.49011611938e-08,1.65173545952e-08,64
4.72000022419,2500.00180677,-0.000436746860899,5.82281354582e-05,-490.333343506,7.50309336581e-05,6.07447873335e-06,100.969917297,39.3257827759,0.972915530205,0.000232830643654,0.000465661287308,0,0,82.5348127543,15.4987680894,104.737192086,19.4613748913,60.0553612458,78.7259705248,5150.00103042,0.00279396772385,426.610757131,420.355296228,6,70.6791106495,38.7222025893,54.345553508,0.000901581517776,0.000927684595808,-2.61030780324e-05,3.63797880709e-06,536.159157383,0,0,0,0,-8.73493768636e-07,8.73493768636e-07,0.00380088249221,1,2360,-2.21817049351e-06,2.21817049351e-06,1.41402173042,0,0,0,0,2.8922512393e-17,1.90141658215e-17,2.90143834718e-05,5.63749118498e-08,1.48912931763e-06,2.90144489554e-05,5.63749118498e-08,1.20328885744e-11,1.49011611938e-08,1.7095203475e-08,64
4.73600022495,2500.00180677,-0.000392673810135,5.23522103322e-05,-490.333343506,7.47909871279e-05,6.03945545663e-06,100.969734192,39.3259658813,0.972915410995,0.000232830643654,0.000465661287308,0,0,64.3565357518,11.5467200156,103.588630998,18.9392818595,60.0553612458,78.7259705248,5150.00149608,0.00279396772385,426.610757131,420.355296228,6,70.6791106495,39.1215689888,54.6865703654,0.000904523164702,0.000902218744159,2.30442054328e-06,0.000494765117764,536.159157383,0,0,0,0,-7.85347644121e-07,7.85347644121e-07,0.00362373772077,1,2368,-2.23990946324e-06,2.23990946324e-06,1.4142588377,0,0,0,0,2.36797374459e-17,1.55674746082e-17,2.89606959996e-05,4.77719197534e-08,1.4913044879e-06,2.89606487058e-05,4.81635638039e-08,1.19903670326e-11,1.49011611938e-08,1.56959458764e-08,64
4.75200022571,2500.00180677,-0.000352981061047,4.70602790301e-05,-490.333343506,7.4576921179e-05,6.00745624979e-06,100.969413757,39.3261146545,0.972915172577,0.000232830643654,0.000465661287308,0,0,44.9196129411,7.32103314464,102.474203573,18.4608191185,60.0553612458,78.7259705248,5150.00149608,0.00279396772385,426.610757131,420.355296228,6,70.6791106495,39.4955059164,54.9991491425,0.000692927090706,0.000803993316367,-0.000111066225661,0.000592990545556,536.159157383,0,0,0,0,-7.05962144212e-07,7.05962144212e-07,0.00353897665627,1,2376,-2.30193472817e-06,2.30193472817e-06,1.41858017445,0,0,0,0,1.93873202307e-17,1.27455636649e-17,2.90385141852e-05,4.79503690087e-08,1.49006325501e-06,2.90385160042e-05,4.86866511551e-08,1.34288413722e-11,1.49011611938e-08,1.72944059074e-08,64
4.76800022647,2500.00180677,-0.000317251558357,4.2296735046e-05,-490.333374023,7.43856435292e-05,5.97834559812e-06,100.969139099,39.3262481689,0.972914993763,0.000232830643654,0.000465661287308,0,0,26.7428302019,3.39451252663,101.381003475,18.0223315831,60.0553612458,78.8378965808,5150.00056475,0.00279396772385,426.610757131,420.355296228,6,70.6791106495,39.7418334614,55.2856181457,0.000591607249301,0.000634827301838,-4.32200525369e-05,-0.00016916601453,536.159157383,0,0,0,0,-6.34503137965e-07,6.34503137965e-07,0.00349184777588,1,2384,-2.24749715017e-06,2.24749715017e-06,1.41236197948,0,0,0,0,1.587298715e-17,1.04351787308e-17,2.91299584205e-05,4.83674469365e-08,1.49610923472e-06,2.91300002573e-05,4.76109107694e-08,1.11284453874e-11,1.49011611938e-08,2.37888571064e-08,64
4.78400022723,2500.00180677,-0.000285113183063,3.80119709007e-05,-490.333374023,7.42143165553e-05,5.95200435782e-06,100.969047546,39.3263893127,0.972914874554,0.000232830643654,0.000465661287308,0,0,12.1817050057,0.731303169431,100.303756836,17.6204846288,60.0553612458,82.8338525025,5150.00009909,0.00279396772385,426.610757131,420.355296228,6,70.6791106495,36.8021683244,55.5481528863,0.000317337753297,0.00033833202906,-2.09942757623e-05,-0.00033833202906,536.159157383,0,0,0,0,-5.70226374799e-07,5.70226374799e-07,0.018909888342,1,2392,-2.24392579184e-06,2.24392579184e-06,1.41520178318,0,0,0,0,1.29956956375e-17,8.5435969953e-18,2.88685623673e-05,4.72501895388e-08,1.49170705299e-06,2.88685350824e-05,4.87806737226e-08,1.00621316834e-11,1.49011611938e-08,2.07758628079e-08,64
4.80000022799,2500.00180677,-0.000256221377448,3.41600461979e-05,-490.333374023,7.40604518796e-05,5.92829564994e-06,100.968955994,39.3265304565,0.972914814949,0.000232830643654,0.000465661287308,0,0,4.08737229349,-1.0359180585,99.2401416876,17.2461112435,66.1550147925,89.4161566976,5150.00009909,0.00279396772385,426.610757131,420.355296228,6,70.6791106495,32.5215260091,51.9194181834,7.92490933987e-05,2.54658516496e-05,5.37832417491e-05,-2.54658516496e-05,536.159157383,0,0,0,0,-5.12442790025e-07,5.12442790025e-07,0.0262067392468,1,2400,-2.35676611737e-06,2.35676611737e-06,1.41268444061,0,0,0,0,1.06399696253e-17,6.994901476e-18,2.93615885312e-05,5.15808977752e-08,1.48889455431e-06,2.93615594273e-05,5.15808977752e-08,1.40622652411e-11,1.49011611938e-08,2.41565203396e-08,64
4.81600022875,2500.00180677,-0.000230262281464,3.06991169055e-05,-490.333374023,7.39220049581e-05,5.90704439674e-06,100.968513489,39.3266448975,0.972914516926,0.000232830643654,0.000465661287308,0,0,2.32775045194,-1.42361758055,98.1892351015,16.868386753,76.3158968766,95.6984222285,5150.00056475,0.00279396772385,426.610757131,420.355296228,6,70.6791106495,29.2734875984,48.5289383505,0.000262512275806,0.000267391442321,-4.87916651526e-06,0.000198269844986,536.159157383,0,0,0,0,-4.60524576373e-07,4.60524576373e-07,0.0243495758623,1,2408,-2.32706497627e-06,2.32706497627e-06,1.40851545334,0,0,0,0,8.71126650546e-18,5.72693782172e-18,2.96534271911e-05,4.92958101006e-08,1.49180596054e-06,2.96534890367e-05,4.96704970487e-08,1.19527582276e-11,1.49011611938e-08,1.78780510396e-08,64
4.83200022951,2500.00180677,-0.000206945474646,2.75904658338e-05,-490.333374023,7.37972659408e-05,5.88804505242e-06,100.968330383,39.3267745972,0.972914397717,0.000232830643654,0.000465661287308,0,0,3.17833923192,-1.19953657031,97.1503558701,16.4714089729,84.558101662,100.020944956,5149.99963343,0.00279396772385,426.610757131,420.355296228,6,70.6791106495,27.9436080746,47.6670502394,0.000356417603764,0.00036925484892,-1.28372451558e-05,-0.000834916136228,536.159157383,0,0,0,0,-4.1389098095e-07,4.1389098095e-07,0.0195088200271,1,2416,-2.20346146307e-06,2.20346146307e-06,1.41281676292,0,0,0,0,7.13217788892e-18,4.68881788116e-18,2.89212166535e-05,4.759200678e-08,1.49297716234e-06,2.89212548523e-05,4.77375721175e-08,8.89781304192e-12,1.49011611938e-08,2.27660734708e-08,64
4.84800023027,2500.00180677,-0.000186002740987,2.47983298323e-05,-490.333374023,7.36848087399e-05,5.87107524552e-06,100.968147278,39.3269042969,0.972914278507,0.000232830643654,0.000465661287308,0,0,3.86635912391,-1.03422327826,96.1231377521,16.0608747821,91.2250106921,103.209837107,5150.00056475,0.00279396772385,426.610757131,420.355296228,6,70.6791106495,27.457042961,47.3769578093,0.000220959736619,0.000249201548286,-2.82418116671e-05,0.000216459739022,536.159157383,0,0,0,0,-3.72005486311e-07,3.72005486311e-07,0.0161259509623,1,2424,-2.24934501603e-06,2.24934501603e-06,1.41264677048,0,0,0,0,5.83933057386e-18,3.83887698046e-18,2.92135264317e-05,4.81844892875e-08,1.49389541093e-06,2.92136337521e-05,4.85269850969e-08,1.41890665883e-11,1.49011611938e-08,2.08597725759e-08,64
4.86400023103,2500.00180677,-0.000167190664091,2.22902581299e-05,-490.333374023,7.35834473744e-05,5.85590896662e-06,100.96787262,39.3270187378,0.972914099693,0.000232830643654,0.000465661287308,0,0,4.43525043119,-0.900244536433,95.1073829777,15.6454421178,96.737567219,105.794286355,5149.99963343,0.00279396772385,426.610757131,420.355296228,6,70.6791106495,27.3189652944,47.2173087473,0.000307418576706,0.000323780113831,-1.63615371251e-05,-0.000789441401139,536.159157383,0,0,0,0,-3.34381339891e-07,3.34381339891e-07,0.0134371556342,1,2432,-2.21675099965e-06,2.21675099965e-06,1.41260695457,0,0,0,0,4.7808375884e-18,3.1430048795e-18,2.89113831968e-05,4.77577337676e-08,1.49242725911e-06,2.89113977487e-05,4.77577337676e-08,1.19620702232e-11,1.49011611938e-08,1.6743570086e-08,64
4.88000023179,2500.00180677,-0.000150289516943,2.00369577215e-05,-490.333374023,7.34921486583e-05,5.84233566769e-06,100.967689514,39.3271484375,0.972913920879,0.000232830643654,0.000465661287308,0,0,4.90919650503,-0.784728461414,94.102871802,15.2321473854,101.330108009,108.02259203,5150.00056475,0.00279396772385,426.610757131,420.355296228,6,70.6791106495,27.3467121588,47.1197054139,-3.82462533866e-05,-5.63886715099e-05,1.81424181234e-05,0.000522049958818,536.159157383,0,0,0,0,-3.0057906034e-07,3.0057906034e-07,0.0112484423444,1,2440,-2.21172808779e-06,2.21172808779e-06,1.40855014324,0,0,0,0,3.91421617706e-18,2.57327327246e-18,2.92651075142e-05,4.91276601622e-08,1.49285926909e-06,2.92651002383e-05,4.92173519717e-08,1.04112413135e-11,1.49011611938e-08,1.79869630301e-08,64
4.89600023255,2500.00180677,-0.000135100708398,1.80119495781e-05,-490.333374023,7.34099812689e-05,5.83016162636e-06,100.967597961,39.3272781372,0.972913861275,0.000232830643654,0.000465661287308,0,0,5.30625897834,-0.680850838796,93.1095016777,14.8262388185,105.177641672,110.026390757,5150.00009909,0.00279396772385,426.610757131,420.355296228,6,70.6791106495,27.4617450486,47.0648810733,-0.000133458979978,-5.27506927028e-05,-8.07082872756e-05,5.27506927028e-05,536.159157383,0,0,0,0,-2.70201423085e-07,2.70201423085e-07,0.0094590652734,1,2448,-2.33112018577e-06,2.33112018577e-06,1.41248261929,0,0,0,0,3.20468794457e-18,2.10681681926e-18,2.90660336759e-05,4.80592916574e-08,1.49304867136e-06,2.90660082101e-05,4.79393911235e-08,1.37347910822e-11,1.49011611938e-08,2.35340849031e-08,64
4.91200023331,2500.00157394,-0.000121448157087,1.61917578225e-05,-490.333251953,7.33360939194e-05,5.81922222409e-06,100.96736908,39.3273925781,0.972913742065,0.000232830643654,0.000465661287308,0,0,5.64076153678,-0.58469615167,92.1271114586,14.4315088426,108.418971649,111.881214252,5150.00056475,0.00279396772385,426.610757131,420.355296228,6,70.6791106495,27.6253431366,47.0419909107,-4.55506327102e-05,-2.72848410532e-05,-1.8265791657e-05,0.000492946128361,536.159157383,0,0,0,0,-2.42896333472e-07,2.42896333472e-07,0.00816805567592,1,2456,-2.29398960983e-06,2.29398960983e-06,1.41298544407,0,0,0,0,2.62377533719e-18,1.72491487167e-18,2.8853508411e-05,4.76503956293e-08,1.49100958424e-06,2.88535447908e-05,4.76950994255e-08,1.26879479145e-11,1.49011611938e-08,1.82596977538e-08,64
4.92800023407,2500.00157394,-0.000109174475016,1.45554022311e-05,-490.333282471,7.3269722634e-05,5.80937876293e-06,100.96710968,39.3275222778,0.972913563251,0.000232830643654,0.000465661287308,0,0,5.92418446241,-0.493908898131,91.1554740755,14.0506465823,111.165340059,113.63250087,5149.99963343,0.00279396772385,426.610757131,420.355296228,6,70.6791106495,27.8164170595,47.0430131827,0.000134785113626,0.000207364792004,-7.25796783785e-05,-0.000673026079312,536.159157383,0,0,0,0,-2.18348966295e-07,2.18348966295e-07,0.00771198095754,1,2464,-2.16949001697e-06,2.16949001697e-06,1.41287457943,0,0,0,0,2.14816447615e-18,1.41224008314e-18,2.91147080134e-05,4.84039155424e-08,7.48669549466e-07,2.91147916869e-05,4.9598700258e-08,1.4306417162e-11,7.45058059692e-09,1.30710082757e-08,64
4.94400023483,2500.00157394,-9.81390385624e-05,1.30841308419e-05,-490.333282471,7.32101179892e-05,5.80051164434e-06,100.967018127,39.3276443481,0.972913444042,0.000232830643654,0.000465661287308,0,0,6.16575153492,-0.407034529142,90.1945529041,13.6853980915,113.506124762,115.308306704,5150.00009909,0.00279396772385,426.610757131,420.355296228,6,70.6791106495,28.0227704934,47.0617414976,0.00018548944325,0.000172803993337,1.26854499127e-05,-0.000172803993337,536.159157383,0,0,0,0,-1.96278093063e-07,1.96278093063e-07,0.00735899247229,1,2472,-2.28091130339e-06,2.28091130339e-06,1.41532719135,0,0,0,0,1.75876754843e-18,1.15624381357e-18,2.90177704301e-05,6.04505530077e-08,1.49344680267e-06,2.90178322757e-05,6.04505530077e-08,1.4273263127e-11,1.49011611938e-08,2.91490209747e-08,64
4.96000023559,2500.00157394,-8.8216926819e-05,1.17612917165e-05,-490.333282471,7.31565887691e-05,5.79252218813e-06,100.966789246,39.3277587891,0.972913324833,0.000232830643654,0.000465661287308,0,0,6.37289149527,-0.323156211852,89.2441574991,13.3368794899,115.51330681,116.926319606,5150.00056475,0.00279396772385,426.610757131,420.355296228,6,70.6791106495,28.2371074718,47.0933373435,0.000154182930312,0.00011823431123,3.59486190815e-05,0.000347426976077,536.159157383,0,0,0,0,-1.76433859384e-07,1.76433859384e-07,0.00707269459963,1,2480,-2.37053427554e-06,2.37053427554e-06,1.41259670258,0,0,0,0,1.43995632053e-18,9.46651962785e-19,2.91588476102e-05,4.84491842201e-08,1.49397260429e-06,2.91589167318e-05,4.90133551523e-08,1.43063616509e-11,1.49011611938e-08,2.297821311e-08,64
4.97600023635,2500.00157394,-7.92961390994e-05,1.0571950952e-05,-490.333282471,7.3108531069e-05,5.78532626605e-06,100.966514587,39.32787323,0.972913086414,0.000232830643654,0.000465661287308,0,0,6.55159467288,-0.241688475682,88.3042878606,13.0056648601,117.244941066,118.497831863,5150.00056475,0.00279396772385,426.610757131,420.355296228,6,70.6791106495,28.4549769276,47.1340172226,0.000262938601447,0.000267391442321,-4.4528408738e-06,0.000198269844986,536.159157383,0,0,0,0,-1.58592282644e-07,1.58592282644e-07,0.00683045573533,1,2488,-2.40166718868e-06,2.40166718868e-06,1.41759884357,0,0,0,0,1.17893596272e-18,7.75052672627e-19,2.91009437206e-05,4.80056421281e-08,1.49379195591e-06,2.91009127977e-05,4.95827663372e-08,1.15377291054e-11,1.49011611938e-08,1.2610541944e-08,64
4.99200023711,2500.00157394,-7.12760891974e-05,9.50269895839e-06,-490.333282471,7.30653555365e-05,5.77884884478e-06,100.966331482,39.3279914856,0.972912967205,0.000232830643654,0.000465661287308,0,0,6.70670231602,-0.162251917842,87.3747462185,12.6919345758,118.74793563,120.030163089,5149.99963343,0.00279396772385,426.610757131,420.355296228,6,70.6791106495,28.6736503767,47.1808525617,-8.27556079219e-06,-7.09405867383e-05,6.26650259461e-05,-0.000394720700569,536.159157383,0,0,0,0,-1.42552189128e-07,1.42552189128e-07,0.0066181011498,1,2496,-2.37436415773e-06,2.37436415773e-06,1.4126188755,0,0,0,0,9.65230646138e-19,6.34559095813e-19,2.88275659841e-05,4.73979504534e-08,1.49277525452e-06,2.88275186904e-05,4.71637804367e-08,1.39363798279e-11,1.49011611938e-08,1.45334224655e-08,64
5.00800023787,2500.00157394,-6.40667102703e-05,8.54152676766e-06,-490.333282471,7.30265674065e-05,5.77302171223e-06,100.966194153,39.3281097412,0.9729129076,0.000232830643654,0.000465661287308,0,0,6.84213366122,-0.0845934100029,86.4554300251,12.3955970767,120.060263725,121.52819545,5150.00056475,0.00279396772385,426.610757131,420.355296228,6,70.6791106495,28.891447073,47.2315950901,2.44946701811e-05,6.91215973347e-05,-4.46269271537e-05,0.000396539689973,536.159157383,0,0,0,0,-1.28133425094e-07,1.28133425094e-07,0.0064266147092,1,2504,-2.24394398174e-06,2.24394398174e-06,1.41192269325,0,0,0,0,7.90263593514e-19,5.19532807398e-19,2.90588814096e-05,4.80730406593e-08,1.49109837366e-06,2.90589432552e-05,4.83660080874e-08,1.39687289513e-11,1.49011611938e-08,2.13258140036e-08,64
5.02400023863,2500.02252869,7.19228546586,-0.958892703056,-491.302459717,0.00113282341044,2.42334281211e-05,100.965919495,39.3282203674,0.972912669182,0.000232830643654,0.000465661287308,1,536.159379408,6.96107546303,-0.00854550062707,85.5462953317,12.1163080964,121.212811791,122.995159472,5150.00056475,0.00279396772385,426.610757131,420.355296228,6,70.6791106495,29.1073374683,47.2845313197,7.51279455313e-05,0.000109139364213,-3.40114186814e-05,0.000356521923095,536.180069979,2509,5.01800023834,536.15928357,536.159262992,0.014384571756,5.09281505856e-05,0.00625027529895,1,2512,-2.3581997084e-06,2.3581997084e-06,1.41244518757,0,0,0.00192096712999,0.00120060448535,0.00113102165051,0.000707115454134,2.91173619189e-05,4.80501682887e-08,1.49416325712e-06,2.9117349186e-05,4.84899196351e-08,1.278308015e-11,1.49011611938e-08,3.19462856169e-08,64
5.04000023939,2500.96805394,106.128711195,-14.1493339539,-504.956512451,0.0528039820492,-0.000308867107378,100.965744019,39.328338623,0.972912549973,0.000232830643654,0.000465661287308,1,536.159379408,7.06611979215,0.0660125160245,84.6471663424,11.8535942683,122.230689158,124.433383462,5149.99963343,0.00279396772385,426.610757131,420.355296228,6,70.6791106495,29.3206976494,47.3383406643,0.000106406036759,0.000114596332423,-8.1902956639e-06,-0.000580257619731,537.125665318,2509,5.01800023834,536.15928357,536.159262992,0.212257432963,-0.000148716594595,0.00608535762876,1,2520,-2.23795564125e-06,2.23795564125e-06,1.41256034374,0,0,0.00585610233247,0.0036600639578,0.00485255895182,0.00303569948301,2.91983797069e-05,4.79342929793e-08,1.49340496591e-06,2.91983924399e-05,4.81749538039e-08,1.053246379e-11,1.49011611938e-08,1.3440001112e-08,64
5.05600024015,2503.51591967,197.170957108,-26.2873039246,-518.343811035,0.20225840807,-0.00439222250134,100.96547699,39.3284492493,0.972912371159,0.000232830643654,0.000465661287308,1,536.159379408,7.15938123257,0.139164371086,83.758021083,11.6068577041,123.134392197,125.844482682,5150.00009909,0.00279396772385,426.610757131,420.355296228,6,70.6791106495,29.5311583614,47.3920408695,0.000157060628392,0.000163709046319,-6.6484179273e-06,-0.000163709046319,539.673526248,2509,5.01800023834,536.15928357,536.159262992,0.394341924448,-0.000159644741871,0.00592946819961,1,2528,-2.30319187722e-06,2.30319187722e-06,1.4131500721,0,0,0.0097867269069,0.00611670454964,0.00876201409847,0.00548241194338,2.9135713703e-05,4.82137707536e-08,1.48986021031e-06,2.91357318929e-05,4.86403095579e-08,1.31488014921e-11,1.49011611938e-08,1.23365655469e-08,64
5.07200024091,2507.35809095,271.926342975,-36.2538719177,-530.194274902,0.427890598774,-0.0106324143708,100.965339661,39.3285598755,0.972912311554,0.000232830643654,0.000465661287308,1,536.159379408,7.24259897126,0.210974203228,82.8786324839,11.3754355074,123.940772028,127.229694044,5150.00056475,0.00279396772385,426.610757131,420.355296228,6,70.6791106495,29.7385176964,47.4449116155,0.00024798167686,0.00036925484892,-0.00012127317206,9.64064383879e-05,543.51551421,2509,5.01800023834,536.15928357,536.159262992,0.543852706869,3.96767063648e-05,0.00578098511323,1,2536,-2.40939812102e-06,2.40939812102e-06,1.41258597374,0,0,0.0137104392052,0.00856902450323,0.012673121877,0.00793015398085,2.94235578622e-05,4.88557994061e-08,1.49947209138e-06,2.94235433103e-05,5.00342096643e-08,1.20211063326e-11,1.49011611938e-08,1.41886289384e-08,64
5.08800024167,2512.30993308,337.559991749,-45.0043067932,-541.372802734,0.705889046192,-0.0146852424368,100.965065002,39.3286590576,0.972912073135,0.000232830643654,0.000465661287308,1,536.159379408,7.31719677012,0.281490260412,82.0089346217,11.1586373139,124.663623865,128.589948872,5150.00009909,0.00279396772385,426.610757131,420.355296228,6,70.6791106495,29.9426610582,47.4964144814,0.00020479488938,0.000163709046319,4.10858430611e-05,-0.000163709046319,548.467313934,2509,5.01800023834,536.15928357,536.159262992,0.675120020333,8.88462636794e-05,0.00563882337883,1,2544,-2.26095448852e-06,2.26095448852e-06,1.40986382961,0,0,0.0176248289645,0.0110155194998,0.0165759623051,0.0103727020323,2.91047490464e-05,4.81159965204e-08,1.49273057559e-06,2.91047126666e-05,4.80134936254e-08,1.44945722091e-11,1.49011611938e-08,2.70946998171e-08,64
5.10400024243,2518.24292354,395.61765152,-52.7446899414,-552.022277832,1.02085614204,-0.0138959102333,100.964836121,39.3287734985,0.972911953926,0.000232830643654,0.000465661287308,1,536.159379408,7.3843562142,0.350754817722,81.148824949,10.9557150765,125.314400066,129.926062073,5150.00103042,0.00279396772385,426.610757131,420.355296228,6,70.6791106495,30.1435466099,47.5461820315,0.00014370242496,0.000134605215862,9.09720909714e-06,0.000796717358753,554.400482315,2509,5.01800023834,536.15928357,536.159262992,0.791235322595,-7.6795458881e-05,0.00550220301375,1,2552,-2.31054286814e-06,2.31054286814e-06,1.4116165638,0,0,0.0215275175869,0.0134546989575,0.0204678568989,0.0128083769232,2.8775055398e-05,4.7353235999e-08,1.48992819504e-06,2.8775048122e-05,4.87677738192e-08,1.32930888519e-11,1.49011611938e-08,1.71616534317e-08,64
5.12000024319,2525.03971569,446.487829322,-59.5268249512,-562.137145996,1.36373782158,-0.00740700028837,100.964653015,39.3288803101,0.972911775112,0.000232830643654,0.000465661287308,1,536.159379408,7.44505654037,0.41880256791,80.2982668417,10.7659408912,125.902588479,131.238703034,5150.00056475,0.00279396772385,426.610757131,420.355296228,6,70.6791106495,30.3411779896,47.5939668831,0.000273355157954,0.000216459739022,5.68954189317e-05,0.000249201548286,561.197264858,2509,5.01800023834,536.15928357,536.159262992,0.892975720035,-7.02016222931e-05,0.00537061970681,1,2560,-2.46214767685e-06,2.46214767685e-06,1.41267943382,0,0,0.0254161059856,0.015885066241,0.0243464373052,0.0152356913313,2.87495313387e-05,4.70932377539e-08,1.49287518525e-06,2.87494985969e-05,4.7372022749e-08,1.4047818464e-11,1.49011611938e-08,1.22202230557e-08,64
5.13600024395,2532.58948214,490.691512823,-65.4201660156,-571.732421875,1.72888183594,0.00470003858209,100.964378357,39.3289794922,0.972911596298,0.000232830643654,0.000465661287308,1,536.159379408,7.50011355048,0.485665213711,79.4570991538,10.5886005879,126.436090795,132.528482936,5150.00056475,0.00279396772385,426.610757131,420.355296228,6,70.6791106495,30.5355715682,47.6396053273,0.000420878040752,0.000452928361483,-3.20503207307e-05,1.27329258248e-05,568.747146417,2509,5.01800023834,536.15928357,536.159262992,0.981383095677,-0.000234763319895,0.00524362549186,1,2568,-2.40335111812e-06,2.40335111812e-06,1.41490125656,0,0,0.0292882174253,0.0183051377535,0.0282093472779,0.0176531653851,2.94328965538e-05,4.84365614284e-08,1.49064453581e-06,2.94328256132e-05,4.90916569618e-08,1.43464962132e-11,1.49011611938e-08,1.33949242809e-08,64
5.15200024471,2540.79187289,528.888136614,-70.5126342773,-580.846679688,2.11236572266,0.0219680387527,100.964294434,39.3290939331,0.972911536694,0.000232830643654,0.000465661287308,1,536.159379408,7.55064885759,0.552543682268,78.6251973632,10.4229699251,126.925777295,133.818568429,5150.00056475,0.00279396772385,426.610757131,420.355296228,6,70.6791106495,30.689414416,47.6719906146,0.000549010212292,0.000547515810467,1.49440182451e-06,-8.18545231596e-05,576.949409151,2509,5.01800023834,536.15928357,536.159262992,1.05777633053,-2.67164068646e-05,0.00546913268045,1,2576,-2.19171647586e-06,2.19171647586e-06,1.41150140762,0,0,0.0331415012479,0.0207134392112,0.0320542678237,0.0200593378395,2.87400944217e-05,4.72102605897e-08,1.49577761022e-06,2.87401671812e-05,4.79619579608e-08,1.37779787579e-11,1.49011611938e-08,1.76984826794e-08,64
5.16800024547,2549.55724813,561.8322175,-74.9048156738,-589.536865234,2.51117610931,0.0438473150134,100.964118958,39.3292045593,0.972911417484,0.000232830643654,0.000465661287308,1,536.159379408,7.60117363528,0.631603784414,77.8025321708,10.2686121605,127.415361931,135.343638249,5150.00009909,0.00279396772385,426.610757131,420.355296228,6,70.6791106495,30.4517707264,47.5938286399,0.000386587248324,0.000398358679377,-1.17714310521e-05,-0.000398358679377,585.71475256,2509,5.01800023834,536.15928357,536.159262992,1.12366444682,-2.37605490838e-05,0.00692122755572,1,2584,-2.10955454349e-06,2.10955454349e-06,1.41106379032,0,0,0.0369736067951,0.0231085047126,0.0358788743615,0.0224527530372,2.95980953524e-05,4.9134673219e-08,1.499300879e-06,2.95981171803e-05,4.93630736287e-08,1.23402954522e-11,1.49011611938e-08,1.77872720997e-08,64
5.18400024623,2558.80691111,590.129231568,-78.6774368286,-597.844909668,2.92287993431,0.0697846114635,100.963844299,39.3293037415,0.97291123867,0.000232830643654,0.000465661287308,1,536.159379408,7.65412842202,0.730508540903,76.9889351056,10.1254512989,127.928491565,137.251510751,5150.00056475,0.00279396772385,426.610757131,420.355296228,6,70.6791106495,29.6489233733,47.3635154776,0.000662213880953,0.000685759005137,-2.35451241837e-05,-0.000220097717829,594.964518314,2509,5.01800023834,536.15928357,536.159262992,1.18025855045,-4.0017766878e-05,0.0086750658229,1,2592,-2.25906751439e-06,2.25906751439e-06,1.40723836422,0,0,0.0407821834087,0.0254888646305,0.0396808534861,0.0248319562525,2.9081820685e-05,4.77321329129e-08,1.49396828419e-06,2.90818388748e-05,4.77472035243e-08,1.43109829542e-11,1.49011611938e-08,3.04601144308e-08,64
5.20000024699,2568.47217679,614.365038928,-81.9086151123,-605.815246582,3.34541368484,0.0992725640535,100.963661194,39.3294143677,0.972911119461,0.000232830643654,0.000465661287308,1,536.159379408,7.70940609233,0.845364580962,76.1843622187,9.99332436313,128.464133013,139.4670835,5150.00103042,0.00279396772385,426.610757131,420.355296228,6,70.6791106495,28.4200814349,47.0013619633,0.000563903188033,0.000491127138957,7.2776049076e-05,0.000440195435658,604.629705549,2509,5.01800023834,536.15928357,536.159262992,1.22873018427,-8.28777046991e-05,0.0100759658962,1,2600,-2.20662172978e-06,2.20662172978e-06,1.41151607037,0,0,0.0445649139583,0.0278530735523,0.0434579066932,0.0271955057979,2.92911208817e-05,4.82630682086e-08,1.49305367358e-06,2.92910463031e-05,4.87533569071e-08,1.42011263859e-11,1.49011611938e-08,3.59064529221e-08,64
5.21600024775,2578.4925092,635.026372038,-84.663230896,-613.483154297,3.7770087719,0.131855547428,100.963569641,39.3295211792,0.972911059856,0.000232830643654,0.000465661287308,1,536.159379408,7.76596743736,0.967011530384,75.3887109627,9.87194019163,129.012216348,141.81365259,5150.00103042,0.00279396772385,426.610757131,420.355296228,6,70.6791106495,27.02171696,46.5460834675,0.000668210861643,0.000605723471381,6.24873902622e-05,0.000325599103235,614.649929389,2509,5.01800023834,536.15928357,536.159262992,1.27005284867,0.000271143107966,0.0108140204102,1,2608,-2.15236786971e-06,2.15236786971e-06,1.41116023064,0,0,0.0483195334673,0.0301997102797,0.0472077913582,0.0295419879258,2.9458271456e-05,4.87403433169e-08,1.49107825109e-06,2.94582896458e-05,4.97164194257e-08,1.45461004353e-11,1.49011611938e-08,2.61242121269e-08,64
5.23200024851,2588.81389163,652.495247778,-86.992225647,-620.873046875,4.2160949707,0.167127668858,100.963478088,39.3296318054,0.972911000252,0.000232830643654,0.000465661287308,1,536.159379408,7.82234016827,1.08650624166,74.6019007645,9.76079703419,129.558466142,144.118705066,5150.00103042,0.00279396772385,426.610757131,420.355296228,6,70.6791106495,25.6818075286,46.0428454971,0.000818646969658,0.000733962224331,8.46847453273e-05,0.000197360350285,624.971487127,2509,5.01800023834,536.15928357,536.159262992,1.3049905192,-0.00020759216568,0.0108885532245,1,2616,-2.26189649766e-06,2.26189649766e-06,1.41497731209,0,0,0.052043709904,0.032527320087,0.0509282164276,0.0318699665368,2.89605104626e-05,4.75952504075e-08,1.49396839788e-06,2.89605013677e-05,4.78526800407e-08,1.25158911013e-11,1.49011611938e-08,1.38728069032e-08,64
5.24800024927,2599.38952513,667.175452691,-88.9494247437,-628.015869141,4.66127300262,0.20473639667,100.963294983,39.3297309875,0.972910821438,0.000232830643654,0.000465661287308,1,536.159379408,7.87690458423,1.19806107687,73.8238950001,9.65921642937,130.08719543,146.270598634,5150.00149608,0.00279396772385,426.610757131,420.355296228,6,70.6791106495,24.5333721978,45.5362351204,0.000905077388036,0.000927684595808,-2.26072077725e-05,0.000469299266115,635.547068669,2509,5.01800023834,536.15928357,536.159262992,1.33435094085,-0.000231352714763,0.010479467921,1,2624,-2.1483024284e-06,2.1483024284e-06,1.41890990734,0,0,0.0557352043688,0.0348345041275,0.054616946727,0.0341780409217,2.89542131213e-05,4.76825050555e-08,1.4936417756e-06,2.89542203973e-05,4.7350791732e-08,1.40332190313e-11,1.49011611938e-08,1.55752246656e-08,64
5.26400025003,2610.17656885,679.312099237,-90.5675125122,-634.923217773,5.11126184464,0.244372025132,100.963111877,39.3298301697,0.972910702229,0.000232830643654,0.000465661287308,1,536.159379408,8.79820305702,1.52867209574,73.0545178737,9.56653364974,130.376487505,148.093677126,5150.00103042,0.00279396772385,426.610757131,420.355296228,6,70.6791106495,23.7239655689,45.2092172054,0.0007962599885,0.000801264832262,-5.00484376165e-06,0.000130057742354,646.334161161,2509,5.01800023834,536.15928357,536.159262992,1.35862421757,-5.74118530494e-05,0.00743428058922,1,2632,-2.22050630327e-06,2.22050630327e-06,1.41372179985,0,0,0.0593917667866,0.0371198542416,0.0582717545331,0.0364648103714,2.88630253635e-05,4.76903849744e-08,1.49674508521e-06,2.88629926217e-05,4.84594053773e-08,1.36084615798e-11,1.49011611938e-08,1.29078330247e-08,64
5.28000025079,2621.13753706,689.191219863,-91.8846206665,-641.614807129,5.56490564346,0.285762757063,100.962806702,39.3299255371,0.972910523415,0.000232830643654,0.000465661287308,1,536.159379408,13.8632346514,2.90210309928,72.2936961372,9.48324952986,130.376487505,148.568346049,5150.00009909,0.00279396772385,426.610757131,420.355296228,6,70.6791106495,23.8601660385,44.9500330433,0.000690461951502,0.000675754563417,1.47073880852e-05,-0.000675754563417,657.294863345,2509,5.01800023834,536.15928357,536.159262992,1.37838253522,-2.51247911365e-05,0.00282917101867,1,2640,-2.42020041696e-06,2.42020041696e-06,1.41280996799,0,0,0.0630111843348,0.0393819920719,0.0618904605508,0.0387289039791,2.95411573461e-05,4.88389417796e-08,1.49312018038e-06,2.95412355626e-05,4.96897172297e-08,1.44126516277e-11,1.49011611938e-08,1.42105136547e-08,64
5.29600025155,2632.23727234,697.012525052,-92.9273757935,-648.100158691,6.02112913132,0.328673094511,100.962623596,39.3300285339,0.972910404205,0.000232830643654,0.000465661287308,1,536.159379408,23.249932981,5.39975847541,71.5414297905,9.40922764498,130.376487505,148.568346049,5150.00009909,0.00279396772385,426.610757131,420.355296228,6,70.6791106495,24.0157369262,44.6885824203,0.000715789247319,0.000731233740225,-1.54444929068e-05,-0.000731233740225,668.394945478,2509,5.01800023834,536.15928357,536.159262992,1.39402516197,-0.000300929059449,0.00280952849425,1,2648,-2.27773989536e-06,2.27773989536e-06,1.41152191162,0,0,0.0665912553668,0.0416195355356,0.0654708743095,0.0409689471126,2.90567131742e-05,4.77728292481e-08,1.4925568621e-06,2.90567913908e-05,4.84914259857e-08,1.0758033353e-11,1.49011611938e-08,1.76844423549e-08,64
5.31200025231,2643.44573952,702.9704866,-93.7217025757,-654.390319824,6.47892045975,0.372896403074,100.962348938,39.3301200867,0.972910165787,0.000232830643654,0.000465661287308,1,536.159379408,36.651725942,8.9657693035,70.7975943117,9.34327679621,130.376487505,148.568346049,5150.00103042,0.00279396772385,426.610757131,420.355296228,6,70.6791106495,24.0868557739,44.505486585,0.000875229708153,0.000812178768683,6.30509394695e-05,0.000119143805932,679.60311992,2509,5.01800023834,536.15928357,536.159262992,1.40594102049,0.00012323653209,0.00278983148746,1,2656,-2.20015340346e-06,2.20015340346e-06,1.41257238388,0,0,0.0701298117638,0.0438311286271,0.0690108463168,0.0431835986674,2.93720186164e-05,4.85458500066e-08,1.49543927819e-06,2.93720295304e-05,4.87333657873e-08,1.31930438796e-11,1.49011611938e-08,1.65846358868e-08,64
5.32800025307,2654.73383479,707.23349927,-94.2900619507,-660.493591309,6.93736886978,0.418250113726,100.962303162,39.3302192688,0.972910165787,0.000232830643654,0.000465661287308,1,536.159379408,53.630867637,12.8353408188,70.0621237775,10.3727738488,130.376487505,144.764984725,5150.00009909,0.00279396772385,426.610757131,424.158643,6,70.6791106495,24.1991820076,44.4302822871,0.000799134133866,0.000768523022998,3.06111108683e-05,-0.000768523022998,690.891379804,2509,5.01800023834,536.15928357,536.159262992,1.41446707858,-2.09183781408e-05,0.00563829904422,1,2664,-2.24803989113e-06,2.24803989113e-06,1.41313719749,0,0,0.0736247226596,0.0460154488683,0.0725082457066,0.0453715138137,2.92279946734e-05,4.84382205457e-08,1.4963935655e-06,2.92280947178e-05,5.0263317064e-08,1.20875393028e-11,1.49011611938e-08,2.27033272182e-08,64
5.34400025383,2666.07617959,709.952088073,-94.6525115967,-666.417541504,7.39559555054,0.464574605227,100.966423035,39.328830719,0.97291302681,0.000232830643654,0.000465661287308,1,536.159379408,73.0400806533,16.1006888416,70.8660520801,12.6235875952,129.49568918,136.402013595,5150.00103042,0.00279396772385,427.49158456,432.521570474,6,70.6791106495,24.5130249823,44.5845107606,0.0008617514341,0.000814907252789,4.68441813117e-05,0.000116415321827,702.233746438,2509,5.01800023834,536.15928357,536.159262992,1.41990426528,-0.000103000274976,0.00848493445665,1,2672,-2.2362346499e-06,2.2362346499e-06,1.40978682041,0,0,0.0770738497376,0.0481711551547,0.0759609863162,0.0475313849747,2.91070064122e-05,4.77663171239e-08,1.49065488131e-06,2.91069882223e-05,4.84623932095e-08,1.41745087889e-11,1.49011611938e-08,1.48085064211e-08,64
5.36000025459,2677.44855955,711.233937182,-94.8234100342,-672.164672852,7.85276937485,0.511727809906,101.008735657,39.3149147034,0.972942829132,0.000232830643654,0.000465661287308,1,536.159379408,86.6689998041,18.6629438661,81.6306735881,15.0725679396,119.606469525,126.828279463,5150.00103042,0.00279396772385,437.380804215,442.095275503,6,70.6791106495,25.3021717072,45.1732157671,0.000700429811373,0.000649379217066,5.10505943074e-05,0.00028194335755,713.606184604,2509,5.01800023834,536.15928357,536.159262992,1.42246790347,-0.000105501385406,0.0239205081016,1,2680,-2.48283186011e-06,2.48283186011e-06,1.41295230389,0,0,0.0804750546813,0.0502969101071,0.0793669372797,0.0496618747711,2.91230335279e-05,4.7964398675e-08,1.49965967466e-06,2.91229916911e-05,4.81634678806e-08,1.33654337597e-11,1.49011611938e-08,2.68405528914e-08,64
5.37600025535,2688.82932141,711.143307853,-94.8113250732,-677.732971191,8.30812168121,0.559585094452,101.045875549,39.3027954102,0.972968935966,0.000232830643654,0.000465661287308,1,536.159379408,95.926590855,20.5503870226,90.9347699217,17.2561096229,107.9667054,117.644187412,5150.00149608,0.00279396772385,449.02053196,451.279367553,6,70.6791106495,26.6590468527,46.1795571027,0.000658820428767,0.000694853952155,-3.60335233873e-05,0.000702129909769,724.986807199,2509,5.01800023834,536.15928357,536.159262992,1.42228668665,7.57154339226e-05,0.030685627833,1,2688,-2.33492460211e-06,2.33492460211e-06,1.41129386425,0,0,0.0838261917233,0.0523913763463,0.0827239528298,0.051761649549,2.87195016426e-05,4.68826542033e-08,1.49844515818e-06,2.87194707198e-05,4.73452494987e-08,8.62479532238e-12,1.49011611938e-08,2.11555857277e-08,64
5.39200025611,2700.19751042,709.820422344,-94.6349563599,-683.130859375,8.76090335846,0.608036279678,101.071388245,39.2944488525,0.972986876965,0.000232830643654,0.000465661287308,1,536.159379408,102.183239745,21.8591016385,97.7994887501,19.0067123219,97.2888592514,109.50856813,5150.00103042,0.00279396772385,459.698407212,459.414994111,6,70.6791106495,28.5388141492,47.4425578432,0.000637674676951,0.000623913365416,1.37613115347e-05,0.000307409209199,736.355000868,2509,5.01800023834,536.15928357,536.159262992,1.41964096656,-7.25322024664e-05,0.0315134227276,1,2696,-2.44048669629e-06,2.44048669629e-06,1.41263961792,0,0,0.0871252641082,0.0544532909989,0.086030036211,0.0538294315338,2.89321615128e-05,4.74706070008e-08,1.49192976551e-06,2.89321869786e-05,4.86604250227e-08,1.27653443371e-11,1.49011611938e-08,2.08903134791e-08,64
5.40800025687,2711.53403446,707.361730747,-94.3071594238,-688.361694336,9.21039676666,0.656983017921,101.08846283,39.2888565063,0.972998857498,0.000232830643654,0.000465661287308,1,536.159379408,106.274334878,22.7002839761,102.626384035,20.3058955157,88.2113527041,102.593730844,5150.00009909,0.00279396772385,468.775921036,466.329860501,6,70.6791106495,30.6607325911,48.6992939841,0.000616983672486,0.000698491930962,-8.1508258476e-05,-0.000698491930962,747.691485458,2509,5.01800023834,536.15928357,536.159262992,1.41472355608,-4.45652403869e-05,0.028821464628,1,2704,-2.27287296184e-06,2.27287296184e-06,1.41262769699,0,0,0.0903702825308,0.0564814247191,0.0892831981182,0.0558640025556,2.90738389594e-05,4.80861679364e-08,1.49517870796e-06,2.90739008051e-05,4.79890580607e-08,1.41053696501e-11,1.49011611938e-08,1.93183495867e-08,64
5.42400025763,2722.8211984,703.784520738,-93.8302383423,-693.419189453,9.65593338013,0.706338167191,101.100059509,39.2850723267,0.973007023335,0.000232830643654,0.000465661287308,1,536.159379408,108.854803068,23.1743554874,105.907156297,21.200246891,80.7878241176,96.8500680756,5150.00196174,0.00279396772385,476.199405966,472.073559649,6,70.6791106495,32.4253851431,49.6462998854,0.000856919743497,0.000902218744159,-4.52990006616e-05,0.000960426405072,758.978575504,2509,5.01800023834,536.15928357,536.159262992,1.4075691297,0.000124941834656,0.0249614212662,1,2712,-2.15607019527e-06,2.15607019527e-06,1.41177153587,0,0,0.0935593023896,0.0584745667875,0.0924815163016,0.0578641332686,2.8931961424e-05,4.76054076159e-08,1.49047389186e-06,2.89319323201e-05,4.8328640645e-08,1.44610434738e-11,1.49011611938e-08,1.56968553711e-08,64
5.44000025839,2734.04153995,699.205207638,-93.2197113037,-698.31036377,10.0968761444,0.756014227867,101.108299255,39.2824707031,0.973012804985,0.000232830643654,0.000465661287308,1,536.159379408,110.384313397,23.3641250948,108.045893887,21.7565157021,74.8523380025,92.1476748772,5150.00103042,0.00279396772385,482.134870254,476.775923744,6,70.6791106495,33.5936820193,50.2711045556,0.000788593954026,0.000884028850123,-9.54348960969e-05,4.72937244922e-05,770.199075305,2509,5.01800023834,536.15928357,536.159262992,1.39841051805,-2.96722646453e-05,0.0210559889674,1,2720,-2.17895717469e-06,2.17895717469e-06,1.41330766678,0,0,0.0966904163361,0.0604315176606,0.0956230685115,0.0598286427557,2.87927759928e-05,5.25443439869e-08,1.49036952735e-06,2.8792732337e-05,5.25443439869e-08,1.44021600201e-11,1.49011611938e-08,1.85543918008e-08,64
5.45600025915,2745.17969228,693.61057831,-92.4738235474,-703.025939941,10.5326070786,0.805938959122,101.114051819,39.2806472778,0.973016798496,0.000232830643654,0.000465661287308,1,536.159379408,111.15956503,23.3343936501,109.332952673,22.0395504123,70.1828394085,88.3410320967,5150.00149608,0.00279396772385,486.804405227,480.582559248,6,70.6791106495,34.4889594999,50.8118318976,0.000837706667922,0.000858562998474,-2.08563305515e-05,0.00053842086345,781.33708007,2509,5.01800023834,536.15928357,536.159262992,1.38722123211,-1.62572177942e-05,0.0175488740206,1,2728,-2.23547658607e-06,2.23547658607e-06,1.41154003143,0,0,0.0997617691755,0.0623511113226,0.0987059921026,0.0617563463748,2.90481493721e-05,4.76292285612e-08,1.4921388356e-06,2.90481493721e-05,4.81406345898e-08,1.45032041932e-11,1.49011611938e-08,1.82016037797e-08,64
5.47200025991,2756.22028857,687.145453412,-91.6118774414,-707.577514648,10.9625310898,0.856049060822,101.118217468,39.2793502808,0.973019719124,0.000232830643654,0.000465661287308,1,536.159379408,111.36372974,23.1342997089,109.964139743,22.1052485547,66.571032221,85.2961456985,5150.00056475,0.00279396772385,490.416248795,483.627431095,6,70.6791106495,35.2415445377,51.3326340297,0.000863058832734,0.000798536348157,6.45224845774e-05,-0.000332875060849,792.377700691,2509,5.01800023834,536.15928357,536.159262992,1.37429094593,0.000108343556349,0.0145504018292,1,2736,-2.31104309023e-06,2.31104309023e-06,1.41761422157,0,0,0.102771498263,0.0642321929336,0.101728439331,0.0636461004615,2.89669806079e-05,4.75594816862e-08,1.49003778915e-06,2.8966966056e-05,4.74827963615e-08,9.81702219516e-12,1.49011611938e-08,1.80394721383e-08,64
5.48800026067,2767.14935899,679.779797792,-90.6298675537,-711.954345703,11.3860836029,0.906284987926,101.121299744,39.2784500122,0.973021924496,0.000232830643654,0.000465661287308,1,536.159379408,111.107104668,22.8007640267,110.067441681,21.9992254465,63.8456258457,82.9007040011,5150.00103042,0.00279396772385,493.141706102,486.022850964,6,70.6791106495,35.9065634257,51.8415072293,0.000995731372355,0.000973159330897,2.25720414582e-05,-4.18367562816e-05,803.306799639,2509,5.01800023834,536.15928357,536.159262992,1.35955963287,-6.15045792074e-05,0.0120251718909,1,2744,-2.18442028199e-06,2.18442028199e-06,1.41134285927,0,0,0.105717845261,0.0660736560822,0.104688636959,0.0654967799783,2.92662862194e-05,4.83523265871e-08,1.49080926803e-06,2.92663316941e-05,5.02116925816e-08,1.43250133977e-11,1.49011611938e-08,1.51245789226e-08,64
5.50400026143,2777.95316651,671.607558616,-89.5403289795,-716.16229248,11.8027257919,0.956585645676,101.123069763,39.2777938843,0.973023116589,0.000232830643654,0.000465661287308,1,536.159379408,110.454426575,22.3610971952,109.724874496,21.7573031202,61.8757985649,81.0655255918,5150.00103042,0.00279396772385,495.111511555,487.858022097,6,70.6791106495,36.5095911548,52.3352682649,0.00122668618319,0.00124418875203,-1.75025688387e-05,-0.00031286617741,814.110639794,2509,5.01800023834,536.15928357,536.159262992,1.34321521728,-1.52340362547e-05,0.00988651625812,1,2752,-2.3508907816e-06,2.3508907816e-06,1.40821480751,0,0,0.108598977327,0.0678743645549,0.107584767044,0.0673072636127,2.93964803859e-05,4.84013860103e-08,1.49844743191e-06,2.93964840239e-05,4.90472551462e-08,1.35608330121e-11,1.49011611938e-08,2.20091465053e-08,64
5.52000026219,2788.61937113,662.648060825,-88.3458251953,-720.197814941,12.2119464874,1.00690305233,101.124565125,39.2773971558,0.973024189472,0.000232830643654,0.000465661287308,1,536.159379408,109.440964469,21.8349114202,108.986708428,21.4067482186,60.5674249528,79.7229149612,5150.00149608,0.00279396772385,496.419903357,489.200698212,6,70.6791106495,37.0637644664,52.8093260073,0.00124759035047,0.00132422428578,-7.66339353087e-05,7.27595761418e-05,824.776810418,2509,5.01800023834,536.15928357,536.159262992,1.32529623897,0.000208615347219,0.0080378362909,1,2760,-2.2011938654e-06,2.2011938654e-06,1.40547144413,0,0,0.111413225532,0.0696332678199,0.110415145755,0.0690764933825,2.88479823212e-05,4.73355648012e-08,1.49320396758e-06,2.88479932351e-05,4.81752913117e-08,1.01558345067e-11,1.49011611938e-08,1.65192659551e-08,64
5.53600026295,2799.13563281,652.958988212,-87.0540542603,-724.0625,12.6132860184,1.05717408657,101.124839783,39.2772140503,0.973024368286,0.000232830643654,0.000465661287308,1,536.159379408,107.960105595,21.2033361339,107.831869969,20.9639152336,59.8856968281,78.8366742199,5150.00056475,0.00279396772385,497.101689689,490.086909849,6,70.6791106495,37.5767267542,53.2596932317,0.0014055368952,0.00142063072417,-1.50938289645e-05,-0.000954969436862,835.292953866,2509,5.01800023834,536.15928357,536.159262992,1.30591809011,0.000261820787273,0.00634353654459,1,2768,-2.25637177209e-06,2.25637177209e-06,1.41554307938,0,0,0.114158906043,0.0713493227959,0.113178066909,0.0708033889532,2.95429454127e-05,4.88466902482e-08,1.49547679484e-06,2.95429017569e-05,4.77835833124e-08,1.32530375563e-11,1.49011611938e-08,1.7152331111e-08,64
5.55200026371,2809.4900772,642.549362965,-85.6662139893,-727.75177002,13.0062522888,1.10736274719,101.124107361,39.2775268555,0.973023891449,0.000232830643654,0.000465661287308,1,536.159379408,102.617447754,19.9320513486,106.266394773,20.3532669583,59.8753867962,78.6907985457,5150.00149608,0.00279396772385,497.111992445,490.232836455,7,70.5010752426,38.0535529985,53.6822481081,0.00158289102659,0.00157160684466,1.12841819222e-05,-0.00017462298274,845.647636311,2509,5.01800023834,536.15928357,536.159262992,1.28509873321,-0.000106410880107,0.00466370629147,1,2776,-2.23970619118e-06,2.23970619118e-06,1.41270279884,0,0,0.116834364831,0.0730214864016,0.115871883929,0.0724869444966,2.89609870379e-05,4.77103867524e-08,1.49745483213e-06,2.8960961572e-05,4.78340957955e-08,1.39333267146e-11,1.49011611938e-08,1.41469627124e-08,64
5.56800026447,2819.67269257,631.507660728,-84.1941146851,-731.272521973,13.3904371262,1.15741503239,101.123748779,39.2777175903,0.973023593426,0.000232830643654,0.000465661287308,1,536.159379408,91.05351258,17.4106212088,104.987239469,19.7540563895,59.8753867962,78.6907985457,5150.00009909,0.00279396772385,497.111992445,490.232836455,7,70.5010752426,38.4980012313,54.0727014595,0.00132967135913,0.0013842509361,-5.45795769691e-05,-0.0013842509361,855.830018168,2509,5.01800023834,536.15928357,536.159262992,1.26301540604,9.08357833396e-05,0.00398222636431,1,2784,-2.11274937101e-06,2.11274937101e-06,1.41044557095,0,0,0.119438037276,0.0746487751603,0.118495002389,0.0741261318326,2.9080780223e-05,4.78976787122e-08,1.49288484863e-06,2.9080780223e-05,4.70530636676e-08,1.33921207457e-11,1.49011611938e-08,2.36170194512e-08,64
5.58400026523,2829.67230305,619.830563664,-82.6372909546,-734.618835449,13.7654247284,1.20728778839,101.123573303,39.2778396606,0.973023474216,0.000232830643654,0.000465661287308,1,536.159379408,74.7410283971,13.8538085235,103.811898839,19.2049366029,59.8753867962,78.6907985457,5150.00056475,0.00279396772385,497.111992445,490.232836455,7,70.5010752426,38.9130982512,54.4312570128,0.00152036326584,0.0014897523215,3.06109443349e-05,-0.0010240910342,865.829805093,2509,5.01800023834,536.15928357,536.159262992,1.23966117371,-7.08268999006e-05,0.00369866588153,1,2792,-2.34335266214e-06,2.34335266214e-06,1.41858649254,0,0,0.121968321502,0.0762302055955,0.121045835316,0.0757199972868,2.86497306661e-05,4.66634588747e-08,1.49402876559e-06,2.86496906483e-05,4.70969894195e-08,1.26858107352e-11,1.49011611938e-08,1.84897430699e-08,64
5.60000026599,2839.48006108,607.565743849,-81.0021209717,-737.792724609,14.1308393478,1.25693976879,101.123161316,39.2779159546,0.973023235798,0.000232830643654,0.000465661287308,1,536.159379408,55.7939016552,9.72253125851,102.685268263,18.7016921643,59.8753867962,78.6907985457,5150.00103042,0.00279396772385,497.111992445,490.232836455,7,70.5010752426,39.301423385,54.7600138816,0.00131622789057,0.00129875843413,1.7469456437e-05,-0.000367435859516,875.637461036,2509,5.01800023834,536.15928357,536.159262992,1.21513153317,1.15960574476e-05,0.00357161276042,1,2800,-2.28944509217e-06,2.28944509217e-06,1.41187047958,0,0,0.124423786998,0.0777648687363,0.123522892594,0.0772675871849,2.86703998427e-05,5.97914606715e-08,1.49610798417e-06,2.86703834718e-05,5.97914606715e-08,1.30426086598e-11,1.49011611938e-08,1.57489807862e-08,64
5.61600026675,2849.08665344,594.749115407,-79.2933731079,-740.794372559,14.4863557816,1.30632436275,101.123344421,39.2780189514,0.973023355007,0.000232830643654,0.000465661287308,1,536.159379408,36.6674120442,5.55214540569,101.585754171,18.2405031802,59.8753867962,78.6907985457,5150.00103042,0.00279396772385,497.111992445,490.232836455,7,70.5010752426,39.6652394556,55.0613331143,0.00139668264454,0.00142244971357,-2.5767069034e-05,-0.000491127138957,885.244091592,2509,5.01800023834,536.15928357,536.159262992,1.1894983345,3.34239302902e-05,0.00350750843063,1,2808,-2.31870876632e-06,2.31870876632e-06,1.41367864609,0,0,0.126802891493,0.0792518109083,0.125924661756,0.0787679627538,2.90099796985e-05,4.75296388913e-08,1.49371658154e-06,2.90099160338e-05,4.76059547339e-08,1.02334529739e-11,1.49011611938e-08,2.50664129453e-08,64
5.63200026751,2858.48346539,581.419211812,-77.5161972046,-743.624816895,14.8316459656,1.35539650917,101.12297821,39.2780838013,0.973023056984,0.000232830643654,0.000465661287308,1,536.159379408,19.8401376751,2.11732691209,100.504552129,17.8178519058,59.8753867962,79.9924164312,5150.00103042,0.00279396772385,497.111992445,490.232836455,7,70.5010752426,38.8650514651,55.3374702577,0.00143837729227,0.00140062184073,3.77554515429e-05,-0.000469299266115,894.640878641,2509,5.01800023834,536.15928357,536.159262992,1.16283842999,0.000150635059981,0.0114749465138,1,2816,-2.17669776248e-06,2.17669776248e-06,1.41435790062,0,0,0.129104301333,0.080690190196,0.128249764442,0.0802202522755,2.88483824988e-05,4.712680024e-08,1.49046309161e-06,2.88483206532e-05,4.7117755031e-08,1.39020045475e-11,1.49011611938e-08,1.50911887431e-08,64
5.64800026827,2867.66258068,567.618932109,-75.6763153076,-746.285705566,15.1664323807,1.40411293507,101.122886658,39.2781677246,0.973022997379,0.000232830643654,0.000465661287308,1,536.159379408,7.87686338211,-0.144897874001,99.4380070523,17.43001367,61.376071244,85.4969694046,5150.00103042,0.00279396772385,497.111992445,490.232836455,7,70.5010752426,34.9792280758,54.4294889551,0.00134601384205,0.00132604327518,1.99705668669e-05,-0.000394720700569,903.820022359,2509,5.01800023834,536.15928357,536.159262992,1.13523788059,4.43378667114e-05,0.0229430124164,1,2824,-2.3083969154e-06,2.3083969154e-06,1.40824306011,0,0,0.13132661581,0.0820791348815,0.130496770144,0.0816235914826,2.87972106889e-05,4.72103955929e-08,1.49284301187e-06,2.87972397928e-05,4.78438977325e-08,1.39232375629e-11,1.49011611938e-08,2.1653818294e-08,64
5.66400026903,2876.61678158,553.388963453,-73.7791366577,-748.77911377,15.4904689789,1.45242977142,101.122749329,39.2782440186,0.973022937775,0.000232830643654,0.000465661287308,1,536.159379408,2.44632097693,-1.41591186983,98.3845587537,17.0578981604,70.3672121745,92.3098123167,5150.00103042,0.00279396772385,497.111992445,490.232836455,7,70.5010752426,30.878756661,50.0294299854,0.00143105159667,0.00145701051224,-2.59589155727e-05,-0.000525687937625,912.77429965,2509,5.01800023834,536.15928357,536.159262992,1.10677797238,-0.000133923094836,0.0264359377325,1,2832,-2.34715889746e-06,2.34715889746e-06,1.41495680809,0,0,0.133468493819,0.0834178104997,0.132664337754,0.0829771235585,2.88359424303e-05,4.69784069423e-08,1.49398749727e-06,2.88359624392e-05,4.73004675428e-08,1.26931937183e-11,1.49011611938e-08,1.53380028678e-08,64
5.68000026979,2885.33931598,538.698630407,-71.8205871582,-751.097473145,15.8035516739,1.50029468536,101.122657776,39.2783164978,0.97302287817,0.000232830643654,0.000465661287308,1,536.159379408,2.69715142893,-1.31786274388,97.3434161528,16.6718709864,79.8953915364,97.7384333964,5150.00149608,0.00279396772385,497.111992445,490.232836455,7,70.5010752426,28.5430360236,47.9568552691,0.001396490798,0.00130785338115,8.86374168507e-05,8.91304807737e-05,921.496715023,2509,5.01800023834,536.15928357,536.159262992,1.07739731448,-8.99262886378e-05,0.0219716131687,1,2840,-2.4396556455e-06,2.4396556455e-06,1.41200911999,0,0,0.135528728366,0.0847054570913,0.134751215577,0.0842800661922,2.89884519589e-05,4.79214712357e-08,1.49144295847e-06,2.89884028462e-05,4.84979274518e-08,1.40593647835e-11,1.49011611938e-08,1.50614862804e-08,64
5.69600027055,2893.8241303,523.697119206,-69.8205490112,-753.2578125,16.1054954529,1.54766798019,101.122383118,39.2783813477,0.973022639751,0.000232830643654,0.000465661287308,1,536.159379408,3.46879055132,-1.12385378247,96.314117786,16.2678796911,87.3725730344,101.480865851,5150.00103042,0.00279396772385,497.111992445,490.232836455,7,70.5010752426,27.6739028777,47.4625849165,0.00127416376061,0.00124418875203,2.99750085864e-05,-0.00031286617741,929.981553327,2509,5.01800023834,536.15928357,536.159262992,1.04739433482,0.000110730979941,0.0179470106959,1,2848,-2.36421578848e-06,2.36421578848e-06,1.40906608105,0,0,0.137506082654,0.0859413072467,0.136756137013,0.0855316519737,2.87444290734e-05,4.68349625748e-08,1.49598645294e-06,2.87443745037e-05,4.71897330101e-08,1.40199241105e-11,1.49011611938e-08,2.04909156309e-08,64
5.71200027131,2902.06540376,508.335360792,-67.7724838257,-755.250732422,16.3961639404,1.59449243546,101.122299194,39.2784576416,0.973022580147,0.000232830643654,0.000465661287308,1,536.159379408,4.10131829311,-0.974074602594,95.2963560108,15.8542196333,93.501766969,104.370104964,5150.00196174,0.00279396772385,497.111992445,490.232836455,7,70.5010752426,27.3712921626,47.2459141747,0.00146925037414,0.00147701939568,-7.76902153721e-06,0.000385625753552,938.222778814,2509,5.01800023834,536.15928357,536.159262992,1.01667080799,-0.00013221779227,0.0149010773748,1,2856,-2.24963309847e-06,2.24963309847e-06,1.41353654861,0,0,0.139399394393,0.0871246233582,0.13867790997,0.0867311283946,2.88808696496e-05,4.73342360863e-08,1.49446373143e-06,2.88808914775e-05,4.74920369697e-08,1.3334416904e-11,1.49011611938e-08,2.05221795113e-08,64
5.72800027207,2910.05847976,492.711667903,-65.6894989014,-757.086975098,16.6754608154,1.64072263241,101.122123718,39.2785301208,0.973022460938,0.000232830643654,0.000465661287308,1,536.159379408,4.62633163912,-0.84903597535,94.2898524841,15.4389517775,98.5891456367,106.782099465,5150.0024274,0.00279396772385,497.111992445,490.232836455,7,70.5010752426,27.3183377431,47.1168605145,0.00150807442922,0.0015897967387,-8.17223094751e-05,0.00073850969784,946.215859813,2509,5.01800023834,536.15928357,536.159262992,0.985423412203,-8.4128259914e-05,0.0124426558614,1,2864,-2.1865087092e-06,2.1865087092e-06,1.41194319725,0,0,0.141207545996,0.088254712522,0.140515416861,0.0878777801991,2.92420900223e-05,4.79384709706e-08,1.49906520619e-06,2.92421573249e-05,4.87545541716e-08,1.44658451884e-11,1.49011611938e-08,3.27539737555e-08,64
5.74400027283,2917.79940017,476.83349112,-63.5725822449,-758.76574707,16.9433288574,1.68630921841,101.121894836,39.2785987854,0.973022341728,0.000232830643654,0.000465661287308,1,536.159379408,5.06481276536,-0.739047221006,93.2944900087,15.0283260264,102.838028397,108.903783257,5150.0024274,0.00279396772385,497.111992445,490.232836455,7,70.5010752426,27.3901478067,47.0395170851,0.00178831248421,0.00175350578502,3.48066991895e-05,0.00057480065152,953.956727358,2509,5.01800023834,536.15928357,536.159262992,0.953667040449,0.000240106601268,0.0104361595586,1,2872,-2.24867426368e-06,2.24867426368e-06,1.41263639927,0,0,0.14292947948,0.0893309339881,0.142267540097,0.0889709442854,2.89305298793e-05,4.72218282255e-08,1.49147183492e-06,2.89304389298e-05,4.77761759043e-08,1.35407240975e-11,1.49011611938e-08,2.58254999608e-08,64
5.76000027359,2925.28397404,460.746552562,-61.4278335571,-760.290893555,17.1997241974,1.73120093346,101.121711731,39.2786598206,0.973022222519,0.000232830643654,0.000465661287308,1,536.159379408,5.43304749365,-0.638767973476,92.3101440627,14.6268984181,106.406223495,110.838169348,5150.00196174,0.00279396772385,497.111992445,490.232836455,7,70.5010752426,27.5295751635,46.9997394248,0.00171970247764,0.00170439307112,1.53094065203e-05,0.000158252078108,961.441496997,2509,5.01800023834,536.15928357,536.159262992,0.921493153783,5.05337993673e-05,0.00879442878067,1,2880,-2.23091842599e-06,2.23091842599e-06,1.41255414486,0,0,0.144564211369,0.0903526321054,0.1439332515,0.0900099724531,2.88142728095e-05,4.67850149732e-08,1.49090999457e-06,2.88142800855e-05,4.8356248783e-08,1.42224010347e-11,1.49011611938e-08,2.42820874519e-08,64
5.77600027435,2932.50964023,444.462697487,-59.2568283081,-761.662841797,17.4446697235,1.77533662319,101.121528625,39.2787322998,0.973022043705,0.000232830643654,0.000465661287308,1,536.159379408,5.74403234383,-0.545063495891,91.3366754745,14.2379468096,109.419663204,112.645728223,5150.00149608,0.00279396772385,497.111992445,490.232836455,7,70.5010752426,27.7070485026,46.9881342724,0.00157816236468,0.00157524482347,2.91754120862e-06,-0.000178260961547,968.666986125,2509,5.01800023834,536.15928357,536.159262992,0.888925455911,0.000254772203334,0.00796257331967,1,2888,-2.21758068619e-06,2.21758068619e-06,1.41490805149,0,0,0.146110773087,0.0913192257285,0.145511552691,0.090994246304,2.91311589535e-05,5.9802026442e-08,1.49360369051e-06,2.91311098408e-05,5.9802026442e-08,1.32437255607e-11,1.49011611938e-08,1.7468266833e-08,64
5.79200027511,2939.47337195,428.043538705,-57.0677871704,-762.888366699,17.6782035828,1.81866598129,101.121299744,39.2787971497,0.973021924496,0.000232830643654,0.000465661287308,1,536.159379408,6.0082038111,-0.456021466573,90.3738791492,13.8637061867,111.979483336,114.363348985,5150.00103042,0.00279396772385,497.111992445,490.232836455,7,70.5010752426,27.9059859167,46.9975384476,0.00152305267009,0.00150066625793,2.23864121685e-05,-0.00056934368331,975.630814708,2509,5.01800023834,536.15928357,536.159262992,0.856087126522,3.11501935357e-05,0.00755602540448,1,2896,-2.29184911404e-06,2.29184911404e-06,1.41651773453,0,0,0.147568225861,0.0922301486135,0.1470015347,0.0919231921434,2.88233386527e-05,4.68550780397e-08,1.49025481733e-06,2.88233204628e-05,4.67509053692e-08,1.41107819873e-11,1.49011611938e-08,1.52043320156e-08,64
5.80800027587,2946.17377222,411.520246416,-54.8648643494,-763.970825195,17.9004249573,1.86112678051,101.121116638,39.2788581848,0.973021805286,0.000232830643654,0.000465661287308,1,536.159379408,6.23395064565,-0.37045183116,89.4216891633,13.5056433445,114.166970889,116.013987281,5150.00196174,0.00279396772385,497.111992445,490.232836455,7,70.5010752426,28.1166194327,47.0223967568,0.00157674127921,0.00163890945259,-6.2168173387e-05,0.000223735696636,982.331138346,2509,5.01800023834,536.15928357,536.159262992,0.823040522846,1.58024704433e-05,0.00723483134061,1,2904,-2.29567194765e-06,2.29567194765e-06,1.41344404221,0,0,0.148935779929,0.0930848643184,0.148402273655,0.0927962511778,2.86388585664e-05,4.67897365297e-08,1.49204367972e-06,2.86388440145e-05,4.83822617525e-08,1.4172607532e-11,1.49011611938e-08,2.23386678044e-08,64
5.82400027663,2952.60897838,394.960428821,-52.6570701599,-764.918457031,18.1114406586,1.90266013145,101.120849609,39.2789230347,0.973021566868,0.000232830643654,0.000465661287308,1,536.159379408,6.42804052343,-0.287597930015,88.4799736702,13.1646152869,116.047704068,117.612238682,5150.00196174,0.00279396772385,497.111992445,490.232836455,7,70.5010752426,28.3330609818,47.0583581773,0.0016035429512,0.00165346136782,-4.99184166225e-05,0.000209183781408,988.766442106,2509,5.01800023834,536.15928357,536.159262992,0.789920875377,7.3498540587e-05,0.0069693592377,1,2912,-2.21632672037e-06,2.21632672037e-06,1.4126418829,0,0,0.150212645531,0.0938829034567,0.149713009596,0.0936129391193,2.87570146611e-05,4.68603680304e-08,1.49118307036e-06,2.87569710054e-05,4.73714827365e-08,1.22813426096e-11,1.49011611938e-08,1.89156814656e-08,64
5.84000027739,2958.77829194,378.339085728,-50.4410705566,-765.727478027,18.3113899231,1.94321000576,101.12071991,39.2789840698,0.973021507263,0.000232830643654,0.000465661287308,1,536.159379408,6.5959281464,-0.206973592513,87.5486301223,12.8410102296,117.674535431,119.167481898,5150.00103042,0.00279396772385,497.111992445,490.232836455,7,70.5010752426,28.5516998701,47.1020321129,0.00156476152868,0.00154432200361,2.04395250725e-05,-0.000612999428995,994.935913923,2509,5.01800023834,536.15928357,536.159262992,0.75667821875,2.13731254917e-05,0.00674106692895,1,2920,-2.39005453295e-06,2.39005453295e-06,1.40960001945,0,0,0.151398092508,0.0946238040924,0.150932893157,0.0943727567792,2.90419557132e-05,4.774738116e-08,1.49443621922e-06,2.9041988455e-05,4.80083670595e-08,1.27553662077e-11,1.49011611938e-08,1.95167899619e-08,64
5.85600027815,2964.68217857,361.705053365,-48.2233810425,-766.404663086,18.5004577637,1.98271965981,101.120628357,39.2790527344,0.973021447659,0.000232830643654,0.000465661287308,1,536.159379408,6.74203175445,-0.128261605303,86.6275266728,12.5348895177,119.090276712,120.685836009,5150.00196174,0.00279396772385,497.111992445,490.232836455,7,70.5010752426,28.7703151116,47.1508210467,0.0015096518341,0.00155341695063,-4.37651165308e-05,0.000309228198603,1000.83964804,2509,5.01800023834,536.15928357,536.159262992,0.723410153114,0.000227487362281,0.00653830077499,1,2928,-2.43508929998e-06,2.43508929998e-06,1.41264772415,0,0,0.152491390705,0.0953071266413,0.152061253786,0.0950752794743,2.86291578959e-05,4.64310190296e-08,1.49110371694e-06,2.86291760858e-05,4.70462282465e-08,1.18881293698e-11,1.49011611938e-08,1.36415110319e-08,64
5.87200027891,2970.31993978,345.119566191,-46.0121650696,-766.957824707,18.6788520813,2.02112531662,101.120628357,39.279132843,0.973021447659,0.000232830643654,0.000465661287308,1,536.159379408,6.8699263176,-0.0512499813665,85.7165900736,12.2460205883,120.329576021,122.171390103,5150.00196174,0.00279396772385,497.111992445,490.232836455,7,70.5010752426,28.9875497401,47.2027095384,0.00154245048678,0.00151703716256,2.54133242228e-05,0.000345607986674,1006.47760183,2509,5.01800023834,536.15928357,536.159262992,0.690239176038,-0.000129148247652,0.00635365396738,1,2936,-2.32990191762e-06,2.32990191762e-06,1.4126355648,0,0,0.153491958976,0.0959324836731,0.153097420931,0.0957200750709,2.87563980237e-05,5.97825291493e-08,1.49306060848e-06,2.87563743768e-05,5.97825291493e-08,1.23058507828e-11,1.49011611938e-08,1.96051246348e-08,64
5.88800027966,2975.69273971,328.527094098,-43.8000183105,-767.380126953,18.8467979431,2.05836248398,101.120536804,39.2792015076,0.973021388054,0.000232830643654,0.000465661287308,1,536.159379408,6.98252894543,0.0242057406268,84.8156591787,11.974015226,121.420693176,123.626930872,5150.00149608,0.00279396772385,497.111992445,490.232836455,7,70.5010752426,29.2025615636,47.2561732749,0.0016184501378,0.00171166902874,-9.32188909397e-05,-0.000314685166813,1011.85028694,2509,5.01800023834,536.15928357,536.159262992,0.65705421548,-6.13908923697e-06,0.00618237862363,1,2944,-2.26833890338e-06,2.26833890338e-06,1.41593575478,0,0,0.154399245977,0.0964995399117,0.154040783644,0.0963067933917,2.88689388981e-05,4.69770533584e-08,1.4921820366e-06,2.8868946174e-05,4.72551704433e-08,1.33168753802e-11,1.49011611938e-08,1.86859665519e-08,64
5.90400028042,2980.80104403,312.06314452,-41.6050033569,-767.689880371,19.0045547485,2.0943710804,101.120353699,39.2792701721,0.97302120924,0.000232830643654,0.000465661287308,1,536.159379408,7.08220647044,0.0982085337706,83.9247339879,11.7183387188,122.386569274,125.054444652,5150.00149608,0.00279396772385,497.111992445,490.232836455,7,70.5010752426,29.4148649118,47.3100481031,0.00152016786659,0.00152613210957,-5.96424298838e-06,-0.000129148247652,1016.95878078,2509,5.01800023834,536.15928357,536.159262992,0.624126300863,-0.000140175870911,0.00602140231058,1,2952,-2.11815950024e-06,2.11815950024e-06,1.41320872307,0,0,0.155212715268,0.0970079600811,0.154890775681,0.0968350842595,2.89392628474e-05,4.74342130019e-08,1.49135314587e-06,2.89391900878e-05,4.71319019368e-08,1.44610573516e-11,1.49011611938e-08,2.28100489608e-08,64
5.92000028118,2985.64694822,295.708625345,-39.4245796204,-767.885559082,19.1523838043,2.1290910244,101.120170593,39.2793312073,0.973021090031,0.000232830643654,0.000465661287308,1,536.159379408,7.17089951214,0.170832329391,83.0436387057,11.4783647947,123.246005387,126.455357531,5150.00149608,0.00279396772385,497.111992445,490.232836455,7,70.5010752426,29.6241541946,47.3634645459,0.0017406776992,0.00170621206053,3.44656386764e-05,-0.000309228198603,1021.80451552,2509,5.01800023834,536.15928357,536.159262992,0.591417290252,-2.74553713098e-05,0.00586867332458,1,2960,-2.29189504353e-06,2.29189504353e-06,1.4119066,0,0,0.155931964517,0.0974574908614,0.155646935105,0.0973046422005,2.87653238047e-05,4.69646437296e-08,1.49656898429e-06,2.87653383566e-05,4.72148151687e-08,1.08584669034e-11,1.49011611938e-08,1.99754026653e-08,64
5.93600028194,2990.23138359,279.417086858,-37.2525558472,-767.961425781,19.2905826569,2.16245746613,101.120170593,39.2793998718,0.973021090031,0.000232830643654,0.000465661287308,1,536.159379408,7.2502035079,0.242136720336,82.1722268357,11.2534003425,124.014462926,127.83081911,5150.00196174,0.00279396772385,497.111992445,490.232836455,7,70.5010752426,29.8302820738,47.4157932331,0.0017332241059,0.00170439307112,2.88310347818e-05,0.000158252078108,1026.38904269,2509,5.01800023834,536.15928357,536.159262992,0.558834187814,-4.06430444855e-05,0.00572282914072,1,2968,-2.26220663535e-06,2.26220663535e-06,1.41262292862,0,0,0.156556546688,0.0978478491306,0.156308785081,0.0977152064443,2.87998827844e-05,4.70207091041e-08,1.49187326315e-06,2.87999173452e-05,4.74353392121e-08,1.39217665174e-11,1.49011611938e-08,3.00120177599e-08,64
5.9520002827,2994.55644563,263.268506387,-35.0995864868,-767.929199219,19.4194507599,2.19440698624,101.119804382,39.2794532776,0.973020851612,0.000232830643654,0.000465661287308,1,536.159379408,7.32143005833,0.312163945923,81.3104910529,11.0427403483,124.704645714,129.181644297,5150.00149608,0.00279396772385,497.111992445,490.232836455,7,70.5010752426,30.0331703329,47.4665794172,0.00168850254612,0.00163345248438,5.50500617313e-05,-0.000236468622461,1030.71416447,2509,5.01800023834,536.15928357,536.159262992,0.526537064616,-0.000106979314296,0.005582974758,1,2976,-2.34988897319e-06,2.34988897319e-06,1.41407167912,0,0,0.157086133957,0.0981788337231,0.156875953078,0.0980665534735,2.88971186819e-05,4.73350745267e-08,1.49568745655e-06,2.88971787086e-05,4.75776431585e-08,1.24871779583e-11,1.49011611938e-08,1.76007688424e-08,64
5.96800028346,2998.6249283,247.262156336,-32.9655799866,-767.790100098,19.5392932892,2.22488665581,101.119483948,39.279510498,0.973020613194,0.000232830643654,0.000465661287308,1,536.159379408,7.38566735699,0.380953248306,80.4582189377,10.8456431741,125.327103888,130.508589791,5150.00149608,0.00279396772385,497.111992445,490.232836455,7,70.5010752426,30.232791687,47.5155029562,0.00177645352595,0.00180807546712,-3.16219411767e-05,-0.000411091605201,1034.78242852,2509,5.01800023834,536.15928357,536.159262992,0.494524329042,0.000240788722294,0.00544843543321,1,2984,-2.3951795356e-06,2.3951795356e-06,1.41262447834,0,0,0.157520458102,0.0984502956271,0.157348126173,0.0983584672213,2.88325063593e-05,4.69341472353e-08,1.49068637256e-06,2.88325190922e-05,4.75903334518e-08,1.24711352356e-11,1.49011611938e-08,1.66854903227e-08,64
5.98400028422,3002.43869424,231.450801948,-30.8575744629,-767.552124023,19.6504306793,2.25383400917,101.119316101,39.2795639038,0.973020493984,0.000232830643654,0.000465661287308,1,536.159379408,7.44381910358,0.448537818073,79.6153665412,10.6613726754,125.890597701,131.812295876,5150.00196174,0.00279396772385,497.111992445,490.232836455,7,70.5010752426,30.4291625071,47.5623637612,0.00185540192932,0.00184081727639,1.45846529298e-05,2.18278728426e-05,1038.5961489,2509,5.01800023834,536.15928357,536.159262992,0.462901624587,0.000198525640371,0.00531873153523,1,2992,-2.30004320656e-06,2.30004320656e-06,1.41147553921,0,0,0.157859310508,0.0986620634794,0.157725036144,0.098590798676,2.86311733362e-05,4.66211425021e-08,1.49387699366e-06,2.86311806121e-05,4.84275410884e-08,1.24319304851e-11,1.49011611938e-08,2.3064785637e-08,64
6.00000028498,3006.00053743,215.789390495,-28.7695579529,-767.210571289,19.7531929016,2.28119874001,101.119270325,39.2796287537,0.973020493984,0.000232830643654,0.000465661287308,1,536.159379408,7.49664021236,0.514948585424,78.7817873668,10.4892018639,126.402432215,133.093359182,5150.00149608,0.00279396772385,497.111992445,490.232836455,7,70.5010752426,30.6223046209,47.607038141,0.00179878588413,0.00183354131877,-3.47554346414e-05,-0.000436557456851,1042.15831823,2509,5.01800023834,536.15928357,536.159262992,0.431578797588,-0.000143614897752,0.00519346492365,1,3000,-2.27746500059e-06,2.27746500059e-06,1.41264843941,0,0,0.158102497458,0.0988140627742,0.158006444573,0.0987634211779,2.84812340396e-05,4.62545912683e-08,1.49177253661e-06,2.84811558231e-05,4.69298733208e-08,1.41187200819e-11,1.49011611938e-08,1.94531342146e-08,64
6.01600028574,3009.31395032,200.347363716,-26.7107887268,-766.776489258,19.8479366302,2.30691409111,101.119087219,39.2796859741,0.973020374775,0.000232830643654,0.000465661287308,1,536.159379408,7.54651033425,0.585177243564,77.9574301409,10.3284980582,126.885672216,134.44806973,5150.00196174,0.00279396772385,497.111992445,490.232836455,7,70.5010752426,30.6600777549,47.6055793115,0.0017436122407,0.00169711711351,4.64951271928e-05,0.000165528035723,1045.47174783,2509,5.01800023834,536.15928357,536.159262992,0.40069474494,-0.0002260378551,0.00599973089993,1,3008,-2.34036815527e-06,2.34036815527e-06,1.41102337837,0,0,0.158249944448,0.0989062190056,0.158192232251,0.0988762527704,2.89538984362e-05,4.72147441144e-08,1.49099469127e-06,2.89539366349e-05,4.71720973394e-08,1.15041864923e-11,1.49011611938e-08,2.03348413663e-08,64
6.0320002865,3012.38242537,185.101846,-24.6782207489,-766.248474121,19.9350337982,2.33092546463,101.118904114,39.2797431946,0.973020195961,0.000232830643654,0.000465661287308,1,536.159379408,7.59794934104,0.672676568491,77.1422509146,10.1790241173,127.384118969,136.135931825,5150.00196174,0.00279396772385,497.111992445,490.232836455,7,70.5010752426,30.1779564325,47.4622247566,0.00165720313861,0.00165709934663,1.03791975015e-07,0.000205545802601,1048.5400658,2509,5.01800023834,536.15928357,536.159262992,0.370203707689,-2.98427949019e-06,0.00768527854234,1,3016,-2.27317514145e-06,2.27317514145e-06,1.41264474392,0,0,0.158301591873,0.0989385023713,0.158282294869,0.098929233849,2.89124618575e-05,4.70799825791e-08,1.49183176745e-06,2.89124036499e-05,4.72608370217e-08,1.38889871826e-11,1.49011611938e-08,1.98010070562e-08,64
6.04800028726,3015.20852372,170.095969224,-22.6776008606,-765.633544922,20.0148468018,2.35316872597,101.118812561,39.2798118591,0.973020136356,0.000232830643654,0.000465661287308,1,536.159379408,7.65192822919,0.779398910881,76.3360665673,10.0406738313,127.90717301,138.194605825,5150.00149608,0.00279396772385,497.111992445,490.232836455,7,70.5010752426,29.1644500976,47.1721505164,0.00153052757967,0.00162071955856,-9.01919788854e-05,-0.000223735696636,1051.36608795,2509,5.01800023834,536.15928357,536.159262992,0.340191945725,-2.63753463514e-05,0.00934792403132,1,3024,-2.31177159549e-06,2.31177159549e-06,1.41601741314,0,0,0.158257469535,0.0989109203219,0.158288687468,0.0989319458604,2.87198290607e-05,4.6470521653e-08,1.48943911427e-06,2.8719781767e-05,4.65460132659e-08,1.26376964449e-11,1.49011611938e-08,2.54557335211e-08,64
6.06400028802,3017.80132577,155.897869263,-20.7846775055,-765.011962891,20.0877819061,2.37366771698,101.118675232,39.2798614502,0.973020076752,0.000232830643654,0.000465661287308,1,536.159379408,7.70785506168,0.898437194304,75.5388111757,9.91325858608,128.449100885,140.490854392,5150.00196174,0.00279396772385,497.111992445,490.232836455,7,70.5010752426,27.8302850347,46.765726438,0.00158567990682,0.00163527147379,-4.9591566964e-05,0.000227373675443,1053.95895989,2509,5.01800023834,536.15928357,536.159262992,0.311795758989,-3.5527136788e-05,0.0104831643403,1,3032,-2.23059009841e-06,2.23059009841e-06,1.41362738609,0,0,0.158117607236,0.0988235026598,0.158261716366,0.0989165827632,2.91655451292e-05,5.34776134486e-08,1.49168954522e-06,2.91655360343e-05,5.34776134486e-08,1.44169121086e-11,1.49011611938e-08,1.61573208146e-08,64
6.08000028878,3020.17433569,142.492266605,-18.9974098206,-764.388305664,20.1543045044,2.39249706268,101.118675232,39.2799377441,0.973020076752,0.000232830643654,0.000465661287308,1,536.159379408,7.76446493364,1.02016179826,74.7503748675,9.79636819169,128.997649881,142.838922329,5150.00103042,0.00279396772385,497.111992445,490.232836455,7,70.5010752426,26.4337377303,46.2853640784,0.00170944224054,0.00170894054463,5.0169590704e-07,-0.000777617970016,1056.33183171,2509,5.01800023834,536.15928357,536.159262992,0.284984537302,0.00023300117391,0.0109227336943,1,3040,-2.24976793106e-06,2.24976793106e-06,1.41265130043,0,0,0.157882153988,0.0986763462424,0.1581915766,0.0988767966628,2.85638561763e-05,4.6392287345e-08,1.49472407429e-06,2.85638452624e-05,4.78848392049e-08,1.35254030198e-11,1.49011611938e-08,1.84186106367e-08,64
6.09600028954,3022.33733237,129.574473249,-17.2751789093,-763.726623535,20.2147827148,2.40971016884,101.118492126,39.2799949646,0.973019957542,0.000232830643654,0.000465661287308,1,536.159379408,7.82018575557,1.13680726898,73.9707503178,9.68945420225,129.537584144,145.089012221,5150.00196174,0.00279396772385,497.111992445,490.232836455,7,70.5010752426,25.1650744758,45.7766036561,0.00175267166058,0.00175623426912,-3.56260854151e-06,0.000106410880107,1058.49478928,2509,5.01800023834,536.15928357,536.159262992,0.259148947634,0.000224389395953,0.0107635641471,1,3048,-2.3018437787e-06,2.3018437787e-06,1.41238462925,0,0,0.157551288605,0.098469555378,0.158064946532,0.0988045334816,2.87345064862e-05,4.67297169848e-08,1.48866740801e-06,2.87344519165e-05,4.71176342387e-08,1.33510147382e-11,1.49011611938e-08,1.04004076462e-08,64
6.1120002903,3024.29730073,117.070332635,-15.6080970764,-763.020629883,20.2695484161,2.42532372475,101.118400574,39.2800521851,0.973019897938,0.000232830643654,0.000465661287308,1,536.159379408,7.88046353118,1.24595258173,73.1998130048,9.59178505135,130.05224173,147.158047184,5150.00149608,0.00279396772385,497.111992445,490.232836455,7,70.5010752426,24.116890927,45.2831918665,0.00163342837867,0.00170166458702,-6.82362083504e-05,-0.000304680725094,1060.45501585,2509,5.01800023834,536.15928357,536.159262992,0.234140671296,-0.000145874423652,0.0101909246296,1,3056,-2.13681369132e-06,2.13681369132e-06,1.41672122478,0,0,0.157125264406,0.0982032939792,0.157871931791,0.0986936315894,2.8858828955e-05,4.68040042279e-08,1.49655966197e-06,2.88588526018e-05,4.67637661927e-08,1.16477383294e-11,1.49011611938e-08,1.75138996639e-08,64
6.12800029106,3026.06006153,104.828432086,-13.975976944,-762.252807617,20.3188724518,2.43934130669,101.118400574,39.2801132202,0.973019897938,0.000232830643654,0.000465661287308,1,536.159379408,10.3945065899,1.98509651326,72.4374896801,9.50305309654,130.126005388,148.527833517,5150.00103042,0.00279396772385,497.111992445,490.232836455,7,70.5010752426,23.6690320889,45.0639490737,0.00163341505599,0.00167347025126,-4.00551952717e-05,-0.000742147676647,1062.21781458,2509,5.01800023834,536.15928357,536.159262992,0.209656874972,-0.000109295683615,0.00354658230208,1,3064,-2.17499223254e-06,2.17499223254e-06,1.41402792931,0,0,0.156604349613,0.0978777185082,0.157605320215,0.0985393747687,2.89047748083e-05,4.72536498819e-08,1.49448430875e-06,2.89047020487e-05,4.82660595935e-08,1.3376730279e-11,1.49011611938e-08,1.74193814928e-08,64
6.14400029182,3027.62910724,92.8036606638,-12.3728055954,-761.419006348,20.3629817963,2.45175218582,101.118217468,39.2801742554,0.973019719124,0.000232830643654,0.000465661287308,1,536.159379408,17.3252705741,3.8380432007,71.6836704716,9.42387728513,130.126005388,148.599763634,5150.00103042,0.00279396772385,497.111992445,490.232836455,7,70.5010752426,23.9523124037,44.7865349997,0.00154400746355,0.00153431756189,9.68990165884e-06,-0.000602994987275,1063.78670969,2509,5.01800023834,536.15928357,536.159262992,0.185607333947,-4.13109546571e-05,0.00281285052188,1,3072,-2.27946839004e-06,2.27946839004e-06,1.41434216499,0,0,0.155988946557,0.0974930971861,0.157259851694,0.0983382090926,2.86088397843e-05,4.63579645782e-08,1.49343577505e-06,2.8608887078e-05,4.73105004062e-08,1.15706749737e-11,1.49011611938e-08,2.21361915465e-08,64
6.16000029258,3029.00653332,80.9202829259,-10.788485527,-760.510070801,20.4020843506,2.46253538132,101.117866516,39.2802124023,0.973019480705,0.000232830643654,0.000465661287308,1,536.159379408,28.4539887448,6.80657486436,70.9382894557,9.35349308901,130.126005388,148.599763634,5150.00196174,0.00279396772385,497.111992445,490.232836455,7,70.5010752426,24.0484150709,44.5545374532,0.00166170709137,0.00166528479895,-3.57770757464e-06,0.000197360350285,1065.16437849,2509,5.01800023834,536.15928357,536.159262992,0.161840574719,-0.000256108023677,0.00279322010465,1,3080,-2.34965000345e-06,2.34965000345e-06,1.41312777996,0,0,0.155279427767,0.0970496460795,0.156831741333,0.0980874449015,2.85591322609e-05,4.64566412006e-08,1.49057007093e-06,2.85590231215e-05,4.67120280234e-08,1.22936660851e-11,1.49011611938e-08,1.62910964718e-08,64
6.17600029334,3030.19420244,69.030924351,-9.20336818695,-759.507324219,20.4363632202,2.4716489315,101.117866516,39.2802886963,0.973019480705,0.000232830643654,0.000465661287308,1,536.159379408,43.4171678214,10.6867275401,70.20125141,9.51427105849,130.126005388,147.828759509,5150.00196174,0.00279396772385,497.111992445,491.003855132,7,70.5010752426,24.128219593,44.4141733169,0.00150378186292,0.00147156242747,3.2219435453e-05,0.000391082721762,1066.35181757,2509,5.01800023834,536.15928357,536.159262992,0.138061849952,6.72173428029e-06,0.00277362391353,1,3088,-2.33569721786e-06,2.33569721786e-06,1.41254019737,0,0,0.154476240277,0.0965476557612,0.156318277121,0.0977850928903,2.87219700112e-05,4.66634837437e-08,1.49273978423e-06,2.87220609607e-05,4.73282746327e-08,1.4243439761e-11,1.49011611938e-08,2.13640873881e-08,64
6.1920002941,3031.19281307,57.2746648686,-7.63599538803,-758.42956543,20.4659748077,2.47907137871,101.117729187,39.2803382874,0.973019421101,0.000232830643654,0.000465661287308,1,536.159379408,61.7260683403,14.313331111,69.4725197102,11.2535202864,130.126005388,141.466327477,5150.00056475,0.00279396772385,497.111992445,497.366243508,7,70.5010752426,24.2904989136,44.4079996669,0.00177361646203,0.00172076397575,5.28524862764e-05,-0.00125510268845,1067.35058689,2509,5.01800023834,536.15928357,536.159262992,0.114549337127,3.33955085807e-06,0.00715813832358,1,3096,-2.22727408072e-06,2.22727408072e-06,1.41948926449,0,0,0.153579980135,0.0959874913096,0.155717715621,0.097429715097,2.87732709694e-05,4.67493030953e-08,1.48878973505e-06,2.87732182187e-05,4.74066688128e-08,1.44628475862e-11,1.49011611938e-08,1.9179424271e-08,64
6.20800029486,3032.00283088,45.4748587799,-6.06281709671,-757.253601074,20.4910564423,2.48476076126,101.128410339,39.2817955017,0.973026871681,0.000232830643654,0.000465661287308,1,536.159379408,79.3784598854,17.2774687983,75.1335142312,13.6753832313,125.609978568,132.292247145,5150.00149608,0.00279396772385,501.627975609,506.540352944,7,70.5010752426,24.787728762,44.7371457994,0.00185980529588,0.00193631422007,-7.65089241961e-05,-0.000539330358151,1068.16061517,2509,5.01800023834,536.15928357,536.159262992,0.0909497188673,8.70628014127e-05,0.0192674770951,1,3104,-2.20282845476e-06,2.20282845476e-06,1.41467142105,0,0,0.152591183782,0.0953694954515,0.155028864741,0.0970202982426,2.86800623144e-05,7.16120993616e-08,1.49036782204e-06,2.86800841423e-05,7.16120993616e-08,1.40018274752e-11,1.49011611938e-08,1.20534799919e-08,64
6.22400029562,3032.62472153,33.6836455972,-4.49078416824,-755.98651123,20.5117321014,2.48868274689,101.149803162,39.2846488953,0.973041892052,0.000232830643654,0.000465661287308,1,536.159379408,90.8020661564,19.5392597032,85.6707000758,16.0450678204,114.310903882,122.756580822,5150.00196174,0.00279396772385,512.926955707,516.075990163,7,70.5010752426,25.8165237028,45.5161753052,0.00168359069741,0.00173531589098,-5.17251935728e-05,0.000127329258248,1068.78226734,2509,5.01800023834,536.15928357,536.159262992,0.0673672957419,0.000153590917762,0.0271443873644,1,3112,-2.17514957512e-06,2.17514957512e-06,1.41255044937,0,0,0.151510551572,0.0946941003203,0.154251098633,0.0965561717749,2.87661969196e-05,4.67614889033e-08,1.49505467562e-06,2.87662332994e-05,4.79763997419e-08,1.11420594973e-11,1.49011611938e-08,2.33320616161e-08,64
6.24000029638,3033.05732086,21.8646146095,-2.91504263878,-754.62286377,20.5281009674,2.49079585075,101.165611267,39.2867698669,0.973052918911,0.000232830643654,0.000465661287308,1,536.159379408,98.6311121975,21.1633865652,93.8781243476,18.0510760082,102.965044789,113.97858907,5150.00196174,0.00279396772385,524.272792973,524.854054675,7,70.5010752426,27.4140911642,46.6576675535,0.00173440871387,0.00170439307112,3.00156427491e-05,0.000158252078108,1069.21500048,2509,5.01800023834,536.15928357,536.159262992,0.0437292300148,4.29309920946e-05,0.0316868312657,1,3120,-2.25040116675e-06,2.25040116675e-06,1.41601979733,0,0,0.150338754058,0.0939617231488,0.153384149075,0.0960369408131,2.88681185339e-05,4.73026133818e-08,1.49367895119e-06,2.886808943e-05,4.75230770292e-08,1.45258388651e-11,1.49011611938e-08,2.99650082525e-08,64
6.25600029714,3033.30132738,10.1111008917,-1.34803617001,-753.175476074,20.5402584076,2.49107861519,101.176200867,39.2881851196,0.973060369492,0.000232830643654,0.000465661287308,1,536.159379408,103.848757334,22.2570078395,99.7885436419,19.6039580077,92.9671659833,106.364124804,5150.00149608,0.00279396772385,534.270657226,532.468489837,7,70.5010752426,29.4515266432,47.9534028273,0.00175282598158,0.00171348801814,3.93379634422e-05,-0.000316504156217,1069.45909899,2509,5.01800023834,536.15928357,536.159262992,0.0202222025791,-0.000198767224902,0.0305929835886,1,3128,-2.28006092584e-06,2.28006092584e-06,1.41491961479,0,0,0.149076521397,0.0931728333235,0.152428016067,0.0954624116421,2.88121627818e-05,4.69817180715e-08,1.49372499436e-06,2.8812126402e-05,4.73041730231e-08,1.39094430418e-11,1.49011611938e-08,2.32121806221e-08,64
6.2720002979,3033.35627541,-1.76569028554,0.235406056046,-751.619018555,20.5482902527,2.48949146271,101.183540344,39.2891540527,0.973065495491,0.000232830643654,0.000465661287308,1,536.159379408,107.212409936,22.928377042,103.883103415,20.7208300922,84.632934886,99.9658368528,5150.00149608,0.00279396772385,542.604830116,538.86679234,7,70.5010752426,31.5091929224,49.1115388286,0.00173474977438,0.00171712599695,1.76237774374e-05,-0.000320142135024,1069.51809339,2509,5.01800023834,536.15928357,536.159262992,-0.00353138074338,3.89210885743e-05,0.027194255963,1,3136,-2.27398390962e-06,2.27398390962e-06,1.41633176804,0,0,0.147724628448,0.0923278927803,0.15138296783,0.0948325693607,2.85680998786e-05,4.6204291948e-08,1.4933671082e-06,2.85680471279e-05,4.72596255463e-08,1.43268730213e-11,1.49011611938e-08,1.72422005562e-08,64
6.28800029866,3033.22053514,-13.6858234328,1.82462668419,-749.963256836,20.5522689819,2.4859919548,101.188392639,39.2898101807,0.973068892956,0.000232830643654,0.000465661287308,1,536.159379408,109.290014577,23.2705761552,106.623252682,21.4608731454,77.8921967139,94.6876680246,5150.00149608,0.00279396772385,549.345626496,544.144888408,7,70.5010752426,32.980391552,49.8867484566,0.00170774915043,0.0016934791347,1.42700157246e-05,-0.000296495272778,1069.51809339,2509,5.01800023834,536.15928357,536.159262992,-0.0273716480592,-0.000102367891941,0.0232276543975,1,3144,-2.26707925322e-06,2.26707925322e-06,1.41263175011,0,0,0.146283939481,0.0914274603128,0.150249451399,0.0941475406289,2.8838749131e-05,5.16935720896e-08,1.49645723013e-06,2.88387182081e-05,5.16935720896e-08,1.41490152927e-11,1.49011611938e-08,1.9476090074e-08,64
6.30400029942,3032.89364092,-25.6675593846,3.42206048965,-748.205505371,20.5522575378,2.48054814339,101.191703796,39.2902565002,0.973071157932,0.000232830643654,0.000465661287308,1,536.159379408,110.463985465,23.3585362571,108.362414012,21.8916696197,72.5419595256,90.3879699763,5150.00149608,0.00279396772385,554.695783649,548.444630112,7,70.5010752426,34.0073383995,50.459693739,0.00189402503403,0.00184263626579,5.13887682407e-05,-0.000445652403869,1069.51809339,2509,5.01800023834,536.15928357,536.159262992,-0.0513351210429,-0.000120451204566,0.0194668620825,1,3152,-2.34603862737e-06,2.34603862737e-06,1.41265416145,0,0,0.144755348563,0.0904720947146,0.14902806282,0.093407548964,2.87094062514e-05,4.64466758388e-08,1.49064089783e-06,2.87093862426e-05,4.71969414662e-08,9.8232394441e-12,1.49011611938e-08,1.66604348095e-08,64
6.32000030018,3032.37466142,-37.6938769477,5.02543783188,-746.34765625,20.5482807159,2.47313547134,101.194099426,39.2905845642,0.973072886467,0.000232830643654,0.000465661287308,1,536.159379408,110.975616823,23.2498926945,109.346122699,22.074552065,68.3614780428,86.9240393513,5150.00149608,0.00279396772385,558.876257855,551.908568013,7,70.5010752426,34.8319263139,50.9894416609,0.00185372305006,0.00185718818102,-3.46513095995e-06,-0.000460204319097,1069.51809339,2509,5.01800023834,536.15928357,536.159262992,-0.0753877600346,-4.93685092806e-05,0.0161791518331,1,3160,-2.31253829952e-06,2.31253829952e-06,1.41579079628,0,0,0.143139794469,0.0894623845816,0.14771951735,0.0926129668951,2.91255528282e-05,5.16200522327e-08,1.49255561155e-06,2.91255037155e-05,5.16200522327e-08,8.73602579166e-12,1.49011611938e-08,2.00988097276e-08,64
6.33600030094,3031.66243248,-49.8057779623,6.64022541046,-744.383666992,20.5403556824,2.46373319626,101.195732117,39.2908096313,0.973074018955,0.000232830643654,0.000465661287308,1,536.159379408,110.972093584,22.9881585611,109.737531785,22.0610286159,65.1574955555,84.1706132633,5150.00149608,0.00279396772385,562.080240343,554.661964998,7,70.5010752426,35.5428674084,51.5054998687,0.00175984614381,0.00172076397575,3.90821680574e-05,-0.000323780113831,1069.51809339,2509,5.01800023834,536.15928357,536.159262992,-0.0996115616658,-3.99538180318e-05,0.0133957136422,1,3168,-2.21751315621e-06,2.21751315621e-06,1.40875935555,0,0,0.141438350081,0.088398963213,0.146324664354,0.0917641818523,2.89638119284e-05,4.70295731247e-08,1.49244704062e-06,2.89637646347e-05,4.82167727966e-08,1.39641354036e-11,1.49011611938e-08,2.50507241617e-08,64
6.3520003017,3030.75532429,-62.0307546342,8.2700881958,-742.309020996,20.5284843445,2.45231246948,101.196769714,39.2909622192,0.973074734211,0.000232830643654,0.000465661287308,1,536.159379408,110.541262317,22.605856058,109.642323773,21.8923966081,62.7766639809,82.0253917482,5150.00196174,0.00279396772385,564.461108297,556.807266548,7,70.5010752426,36.17944094,52.0086941833,0.00181498426011,0.00187537807506,-6.0393814949e-05,-1.27329258248e-05,1069.51809339,2509,5.01800023834,536.15928357,536.159262992,-0.124061514839,-0.000270048872153,0.011050879024,1,3176,-2.26254519475e-06,2.26254519475e-06,1.41039645672,0,0,0.139651983976,0.0872824862599,0.144844397902,0.0908616706729,2.8781752917e-05,4.70239029937e-08,1.49286847773e-06,2.87818002107e-05,4.63557121577e-08,1.33436456329e-11,1.49011611938e-08,2.06246824064e-08,64
6.36800030246,3029.65240553,-74.29967809,9.90581035614,-740.132446289,20.5126552582,2.43885946274,101.197677612,39.2910728455,0.973075389862,0.000232830643654,0.000465661287308,1,536.159379408,109.733532433,22.1267816946,109.127205801,21.6006142316,61.1048235442,80.4086957942,5150.00289306,0.00279396772385,566.132948734,558.423867915,7,70.5010752426,36.7605935025,52.4947645317,0.00181785485276,0.00175896275323,5.88920995304e-05,0.00103500497062,1069.51809339,2509,5.01800023834,536.15928357,536.159262992,-0.148599369254,5.34186028744e-05,0.00905059836805,1,3184,-2.23800248023e-06,2.23800248023e-06,1.41346025467,0,0,0.137781843543,0.0861136466265,0.14327968657,0.0899059921503,2.91122778435e-05,4.74897809966e-08,1.49231641444e-06,2.91122778435e-05,4.72727990086e-08,1.21979371048e-11,1.49011611938e-08,1.59889737006e-08,64
6.38400030322,3028.35227922,-86.6701811901,11.5550756454,-737.845703125,20.4928646088,2.42335438728,101.19808197,39.2911376953,0.973075628281,0.000232830643654,0.000465661287308,1,536.159379408,108.574592076,21.5676946589,108.231995591,21.2096977401,60.0622443017,79.2612772784,5150.00149608,0.00279396772385,567.175506148,559.571315534,7,70.5010752426,37.2965878341,52.9593053216,0.00179699331804,0.001848093234,-5.10999159653e-05,-0.000451109372079,1069.51809339,2509,5.01800023834,536.15928357,536.159262992,-0.173340367837,0.000114368958748,0.0073006269522,1,3192,-2.39106589106e-06,2.39106589106e-06,1.40754199028,0,0,0.135829091072,0.0848931819201,0.141631647944,0.0888977646828,2.87881448457e-05,4.64247591481e-08,1.49404399963e-06,2.87881539407e-05,4.75415831147e-08,1.20717463803e-11,1.49011611938e-08,1.58216835189e-08,64
6.40000030398,3026.85378119,-99.0904154605,13.2109708786,-735.455078125,20.4690933228,2.40578222275,101.198036194,39.291217804,0.973075628281,0.000232830643654,0.000465661287308,1,536.159379408,106.17247593,20.7580438406,106.772437293,20.7004322995,59.7484649916,78.6679884186,5150.00149608,0.00279396772385,567.489303648,560.164626222,8,70.3775513102,37.793735828,53.3985730726,0.00200263326755,0.0020536390366,-5.10057690528e-05,-0.00065665517468,1069.51809339,2509,5.01800023834,536.15928357,536.159262992,-0.198180842403,-0.00019086598968,0.00544304260984,1,3200,-2.23572078539e-06,2.23572078539e-06,1.4093323946,0,0,0.133794933558,0.0836218371987,0.139901429415,0.0878375992179,2.89994386549e-05,4.70882071113e-08,1.49373374825e-06,2.89995095955e-05,4.76990003051e-08,1.34397215579e-11,1.49011611938e-08,1.49431684804e-08,64
6.41600030474,3025.15598014,-111.574685434,14.8754034042,-732.958129883,20.441318512,2.38613843918,101.197677612,39.2912864685,0.973075389862,0.000232830643654,0.000465661287308,1,536.159379408,98.0663539199,18.9867906425,105.381314789,20.0703604325,59.7484649916,78.6679884186,5150.00196174,0.00279396772385,567.489303648,560.164626222,8,70.3775513102,38.2564576284,53.8077874808,0.00205480842064,0.00213913153857,-8.43231179326e-05,-0.000276486389339,1069.51809339,2509,5.01800023834,536.15928357,536.159262992,-0.223149385192,-0.00013520207176,0.0042868796736,1,3208,-2.20160927711e-06,2.20160927711e-06,1.40688705444,0,0,0.131680622697,0.0823003873229,0.138090223074,0.0867262110114,2.8646489227e-05,4.64066722827e-08,1.49137031258e-06,2.86464728561e-05,4.64730085525e-08,1.03756725434e-11,1.49011611938e-08,1.1497743202e-08,64
6.4320003055,3023.25817756,-124.120386317,16.5480270386,-730.354980469,20.4095020294,2.36441397667,101.197319031,39.2913246155,0.973075091839,0.000232830643654,0.000465661287308,1,536.159379408,84.2815332987,15.9746946115,104.161314731,19.4929448659,59.7484649916,78.6679884186,5150.00196174,0.00279396772385,567.489303648,560.164626222,8,70.3775513102,38.6881474697,54.1844819963,0.00216504912609,0.00216277840082,2.27072527448e-06,-0.000300133251585,1069.51809339,2509,5.01800023834,536.15928357,536.159262992,-0.24824078082,4.33146851719e-05,0.00382391293533,1,3216,-2.31414628615e-06,2.31414628615e-06,1.41448044777,0,0,0.129487454891,0.080929659307,0.136199235916,0.0855643227696,2.89122326649e-05,5.60086483858e-08,1.49629909174e-06,2.89122945105e-05,5.60086483858e-08,1.34579569711e-11,1.49011611938e-08,1.64012021742e-08,64
6.44800030626,3021.15897648,-136.724440381,18.2284297943,-727.645263672,20.3736095428,2.34060621262,101.197181702,39.2913589478,0.973075032234,0.000232830643654,0.000465661287308,1,536.159379408,66.604413161,12.1120954093,103.014621473,18.9637980323,59.7484649916,78.6679884186,5150.00196174,0.00279396772385,567.489303648,560.164626222,8,70.3775513102,39.0916211472,54.530089983,0.00210694449387,0.00204818206839,5.87624254811e-05,-0.000185536919162,1069.51809339,2509,5.01800023834,536.15928357,536.159262992,-0.273448904409,0.000105728759081,0.00362599245273,1,3224,-2.29861825574e-06,2.29861825574e-06,1.41385638714,0,0,0.127216801047,0.0795105025172,0.134229779243,0.0843526944518,2.87257535092e-05,4.65372878011e-08,1.49267543748e-06,2.87257716991e-05,4.72236685312e-08,1.24912441501e-11,1.49011611938e-08,1.9308345145e-08,64
6.46400030702,3018.8576784,-149.365761899,19.9138011932,-724.831481934,20.3335723877,2.31472182274,101.19695282,39.2913742065,0.97307485342,0.000232830643654,0.000465661287308,1,536.159379408,47.3255599675,7.89950623218,101.904881932,18.4788601504,59.7484649916,78.6679884186,5150.0024274,0.00279396772385,567.489303648,560.164626222,8,70.3775513102,39.4692942791,54.8468997295,0.00215759908551,0.00213731254917,2.02865363397e-05,0.000190993887372,1069.51809339,2509,5.01800023834,536.15928357,536.159262992,-0.298731549719,9.83391146292e-06,0.00353317242116,1,3232,-2.33140849559e-06,2.33140849559e-06,1.41482686996,0,0,0.124869994819,0.0780437514186,0.132183223963,0.08309212327,2.87925431621e-05,4.63556233399e-08,1.4954564449e-06,2.87925431621e-05,4.66388421216e-08,1.43250411533e-11,1.49011611938e-08,1.41178695401e-08,64
6.48000030778,3016.35311916,-162.079726579,21.6088562012,-721.90838623,20.2893428802,2.28675556183,101.19695282,39.2914009094,0.97307485342,0.000232830643654,0.000465661287308,1,536.159379408,28.9433325061,3.88283768008,100.817365895,18.0344395106,59.7484649916,78.6679884186,5150.00149608,0.00279396772385,567.489303648,560.164626222,8,70.3775513102,39.8233241867,55.137250456,0.00201902548846,0.00199361238629,2.54131021782e-05,-0.000596628524363,1069.51809339,2509,5.01800023834,536.15928357,536.159262992,-0.324159458387,5.92024207435e-05,0.00348264211789,1,3240,-2.20502010961e-06,2.20502010961e-06,1.41577088833,0,0,0.122448593378,0.0765303745866,0.130060970783,0.0817834362388,2.8629652661e-05,4.60370337407e-08,1.49342213263e-06,2.86296344711e-05,4.70436276601e-08,1.18638571189e-11,1.49011611938e-08,1.56567185883e-08,64
6.49600030854,3013.64483312,-174.8969662,23.3176822662,-718.871582031,20.2408428192,2.25672197342,101.19695282,39.2914390564,0.97307485342,0.000232830643654,0.000465661287308,1,536.159379408,13.8397906491,1.05042703922,99.746198857,17.6271795144,59.7484649916,82.0030763862,5150.0024274,0.00279396772385,567.489303648,560.164626222,8,70.3775513102,37.3762341042,55.4033576918,0.0021217806262,0.00212821760215,-6.43697595226e-06,0.00020008883439,1069.51809339,2509,5.01800023834,536.15928357,536.159262992,-0.349793936039,8.23092705105e-05,0.0173438861966,1,3248,-2.24893210543e-06,2.24893210543e-06,1.41246879101,0,0,0.119953982532,0.0749712362885,0.127864420414,0.0804275050759,2.88510163955e-05,4.68840823942e-08,1.49082131884e-06,2.88510182145e-05,4.76712145314e-08,1.21879589754e-11,1.49011611938e-08,1.55363863996e-08,64
6.5120003093,3010.73142327,-187.713681953,25.0264377594,-715.734313965,20.1879920959,2.22462153435,101.196861267,39.2914657593,0.973074793816,0.000232830643654,0.000465661287308,1,536.159379408,4.82459666435,-0.850261394859,98.68881713,17.2500355159,64.5333711873,88.4062465047,5150.00196174,0.00279396772385,567.489303648,560.164626222,8,70.3775513102,33.1214323523,52.4687166035,0.00202645776548,0.0020536390366,-2.71812711228e-05,-0.000190993887372,1069.51809339,2509,5.01800023834,536.15928357,536.159262992,-0.375427390509,0.000104392938738,0.025674931705,1,3256,-2.23957840717e-06,2.23957840717e-06,1.4157730341,0,0,0.11738768965,0.0733673051,0.125595092773,0.0790252014995,2.89544113912e-05,4.69724028562e-08,1.49401353156e-06,2.89544041152e-05,4.62495393094e-08,1.31458177677e-11,1.49011611938e-08,2.78383822661e-08,64
6.52800031006,3007.61172548,-200.605834834,26.7452487946,-712.485778809,20.1306877136,2.19047904015,101.196769714,39.2914886475,0.973074734211,0.000232830643654,0.000465661287308,1,536.159379408,2.15523445829,-1.46430970288,97.6441219914,16.8741001127,74.6442165109,94.9134700932,5150.00196174,0.00279396772385,567.489303648,560.164626222,8,70.3775513102,29.5990521408,48.7019751745,0.0019605193996,0.0019481376512,1.23817484043e-05,-8.54925019667e-05,1069.51809339,2509,5.01800023834,536.15928357,536.159262992,-0.401211678991,-0.000188350668395,0.025288330391,1,3264,-2.22551284423e-06,2.22551284423e-06,1.41264986992,0,0,0.114751391113,0.0717196241021,0.123254492879,0.0775774568319,2.86811446131e-05,4.6286285027e-08,1.48540925693e-06,2.86811828119e-05,4.69854661844e-08,1.2724016285e-11,1.49011611938e-08,1.89859861166e-08,64
6.54400031082,3004.2855069,-213.583276491,28.4754333496,-709.124633789,20.0688285828,2.15430784225,101.196769714,39.2915153503,0.973074734211,0.000232830643654,0.000465661287308,1,536.159379408,3.03395398087,-1.22764350725,96.6114175833,16.4794937431,83.1590077723,99.4787624222,5150.0024274,0.00279396772385,567.489303648,560.164626222,8,70.3775513102,28.0652784568,47.6398527098,0.00224223538348,0.00224827090278,-6.03551930656e-06,8.0035533756e-05,1069.51809339,2509,5.01800023834,536.15928357,536.159262992,-0.427166582995,-7.76481101639e-05,0.0200643986464,1,3272,-2.18389914153e-06,2.18389914153e-06,1.41357779503,0,0,0.112046591938,0.0700291246176,0.120844177902,0.0760851949453,2.87169459625e-05,4.65459528698e-08,1.49749530465e-06,2.87169514195e-05,4.64564600122e-08,1.3203091398e-11,1.49011611938e-08,1.45358853842e-08,64
6.56000031158,3000.75160339,-226.57669615,30.2077465057,-705.659545898,20.0022888184,2.11613225937,101.196678162,39.2915344238,0.973074674606,0.000232830643654,0.000465661287308,1,536.159379408,3.7399375363,-1.05597684938,95.5903889383,16.0702212525,89.9999868125,102.790210804,5150.0024274,0.00325962901115,567.489303648,560.164626222,8,70.3775513102,27.5009206234,47.3160034744,0.00229453132883,0.00222826201934,6.62693094844e-05,0.000100044417195,1069.51809339,2509,5.01800023834,536.15928357,536.159262992,-0.453153404578,6.49720277579e-05,0.0165512748063,1,3280,-2.19424578063e-06,2.19424578063e-06,1.41261410713,0,0,0.109274998307,0.0682968720794,0.118365779519,0.0745494067669,2.85974638246e-05,4.64623575169e-08,1.49455092924e-06,2.85974583676e-05,4.63647964466e-08,1.25855020849e-11,1.49011611938e-08,1.96113205675e-08,64
6.57600031234,2997.0088508,-239.649612922,31.9506587982,-702.081420898,19.9309368134,2.07597517967,101.196586609,39.291557312,0.973074615002,0.000232830643654,0.000465661287308,1,536.159379408,4.32276728948,-0.918366541878,94.5807137645,15.6549955144,95.6476069405,105.444712972,5150.0024274,0.00325962901115,567.489303648,560.164626222,8,70.3775513102,27.3283185379,47.145276767,0.00216026717348,0.00218460627366,-2.43391001797e-05,0.00014370016288,1069.51809339,2509,5.01800023834,536.15928357,536.159262992,-0.479299274048,-9.90212356555e-05,0.0137816527858,1,3288,-2.18839886656e-06,2.18839886656e-06,1.41238439083,0,0,0.106438219547,0.066523887217,0.115820899606,0.0729710534215,2.87677594315e-05,4.67585188346e-08,1.49414995576e-06,2.87676975859e-05,4.69007801485e-08,1.36985145449e-11,1.49011611938e-08,2.82163910015e-08,64
6.5920003131,2993.05655062,-252.779980656,33.7012329102,-698.392944336,19.8546047211,2.03387451172,101.196403503,39.2915687561,0.973074495792,0.000232830643654,0.000465661287308,1,536.159379408,4.80793910789,-0.800584694,93.5822821895,15.2410882439,100.348923297,107.716725324,5150.0024274,0.00325962901115,567.489303648,560.164626222,8,70.3775513102,27.3387995549,47.0410122944,0.00219312266958,0.00219915818889,-6.03551930656e-06,0.000129148247652,1069.51809339,2509,5.01800023834,536.15928357,536.159262992,-0.505559967223,8.46398506837e-05,0.011530244723,1,3296,-2.27509781325e-06,2.27509781325e-06,1.41144418716,0,0,0.1035380885,0.0647113099694,0.113211221993,0.0713511630893,2.88628762064e-05,4.69455230245e-08,1.49426944063e-06,2.88629598799e-05,4.74884274126e-08,1.205593958e-11,1.49011611938e-08,1.24886128106e-08,64
6.60800031386,2988.89307305,-265.965238214,35.4591217041,-694.593505859,19.7731304169,1.98986196518,101.196228027,39.2915878296,0.973074376583,0.000232830643654,0.000465661287308,1,536.159379408,5.21411731979,-0.695202850908,92.5948378446,14.8339811533,104.284787085,109.74954057,5150.00289306,0.00325962901115,567.489303648,560.164626222,8,70.3775513102,27.4445683317,46.981331252,0.00200096349212,0.00193904270418,6.19207879415e-05,0.000854925019667,1069.51809339,2509,5.01800023834,536.15928357,536.159262992,-0.531930481884,-8.75388650456e-05,0.0096901608631,1,3304,-2.19432240556e-06,2.19432240556e-06,1.41218912601,0,0,0.100576303899,0.0628601908684,0.110538460314,0.0696907714009,2.86801187031e-05,4.64606664252e-08,1.49606148625e-06,2.86801041511e-05,4.73533923184e-08,1.37960060043e-11,1.49011611938e-08,1.0993971955e-08,64
6.62400031462,2984.51818526,-279.258092633,37.2313575745,-690.676147461,19.6863174438,1.94398283958,101.196144104,39.2916145325,0.973074316978,0.000232830643654,0.000465661287308,1,536.159379408,5.55604816139,-0.597992416864,91.6182781824,14.4376424638,107.598098111,111.62472947,5150.00196174,0.00325962901115,567.489303648,560.164626222,8,70.3775513102,27.6030586974,46.9547849207,0.00210979021753,0.00218824425247,-7.84540349352e-05,-0.000325599103235,1069.51809339,2509,5.01800023834,536.15928357,536.159262992,-0.558516205729,0.000188322246686,0.00825433060527,1,3312,-2.35612355937e-06,2.35612355937e-06,1.41556966305,0,0,0.0975546985865,0.0609716884792,0.107804350555,0.0679909214377,2.88283481495e-05,4.70389913687e-08,1.49252889514e-06,2.88283881673e-05,4.67933034543e-08,1.25898180769e-11,1.49011611938e-08,2.13092903323e-08,64
6.64000031538,2979.92979176,-292.614626233,39.0120811462,-686.645568848,19.5939369202,1.89628493786,101.196052551,39.291633606,0.973074197769,0.000232830643654,0.000465661287308,1,536.159379408,5.84554519407,-0.506425871139,90.6524860056,14.0548711722,110.403321742,113.391048217,5150.0024274,0.00325962901115,567.489303648,560.164626222,8,70.3775513102,27.7913713944,46.9530750706,0.00205769322414,0.00209183781408,-3.41445899332e-05,0.000236468622461,1069.51809339,2509,5.01800023834,536.15928357,536.159262992,-0.585229258832,-0.000106979314296,0.00777884665877,1,3320,-2.30897217079e-06,2.30897217079e-06,1.4102793932,0,0,0.0944750905037,0.0590469352901,0.105010643601,0.0662526935339,2.86412323476e-05,4.61585258904e-08,1.49235484059e-06,2.86412723653e-05,4.66261447229e-08,1.27851756959e-11,1.49011611938e-08,1.86605966235e-08,64
6.65600031614,2975.12649558,-306.131114485,40.8141326904,-682.488342285,19.4956912994,1.84682643414,101.196052551,39.2916564941,0.973074197769,0.000232830643654,0.000465661287308,1,536.159379408,6.09209634884,-0.418945773865,89.6972708691,13.6875213738,112.792404252,115.078539238,5150.00196174,0.00325962901115,567.489303648,560.164626222,8,70.3775513102,27.9963460343,46.9697988592,0.00193698622419,0.00197178451344,-3.47982892501e-05,-0.000109139364213,1069.51809339,2509,5.01800023834,536.15928357,536.159262992,-0.612262283539,-8.23092705105e-05,0.00741329230368,1,3328,-2.30951582125e-06,2.30951582125e-06,1.4097212553,0,0,0.0913393869996,0.057087123394,0.102159172297,0.0644771978259,2.90858934022e-05,4.82281485858e-08,1.49339689415e-06,2.9085767892e-05,4.82281485858e-08,1.37507227826e-11,1.49011611938e-08,1.87055206879e-08,64
6.6720003169,2970.10550275,-319.784216117,42.6343955994,-678.206115723,19.3912448883,1.79567682743,101.196144104,39.2916870117,0.973074316978,0.000232830643654,0.000465661287308,1,536.159379408,6.30334415985,-0.334572945382,88.7526034734,13.3368025793,114.839393063,116.706090921,5150.0024274,0.00325962901115,567.489303648,560.164626222,8,70.3775513102,28.210126402,46.9999467896,0.00194446113377,0.00199725036509,-5.27892313196e-05,0.000331056071445,1069.51809339,2509,5.01800023834,536.15928357,536.159262992,-0.639568440874,-1.73372427525e-05,0.00711865769699,1,3336,-2.19985849981e-06,2.19985849981e-06,1.4163736105,0,0,0.0881494432688,0.0550934039056,0.0992517471313,0.0626655369997,2.85607075057e-05,4.58646489676e-08,1.49488471379e-06,2.85606929538e-05,4.67812384386e-08,1.34332545088e-11,1.49011611938e-08,1.95980192075e-08,64
6.68800031766,2964.86518346,-333.598291036,44.4761199951,-673.794921875,19.2801990509,1.74291861057,101.195869446,39.2916984558,0.97307407856,0.000232830643654,0.000465661287308,1,536.159379408,6.48544651178,-0.252683517031,87.8183446471,13.0033364829,116.60396558,118.285737699,5150.00196174,0.00325962901115,567.489303648,560.164626222,8,70.3775513102,28.427952202,47.0396189485,0.0019056655004,0.00197906047106,-7.33949706566e-05,-0.000116415321827,1069.51809339,2509,5.01800023834,536.15928357,536.159262992,-0.667196616178,0.000136822109198,0.00687076617032,1,3344,-2.1078494683e-06,2.1078494683e-06,1.40572297573,0,0,0.0849071964622,0.0530669987202,0.0962902382016,0.0608188323677,2.92556069326e-05,4.79088200223e-08,1.49530251292e-06,2.92556323984e-05,4.73513459553e-08,1.3005180266e-11,1.49011611938e-08,1.28094370666e-08,64
6.70400031842,2959.40157957,-347.602443071,46.3431892395,-669.248840332,19.1621303558,1.68863379955,101.195777893,39.291721344,0.973074018955,0.000232830643654,0.000465661287308,1,536.159379408,6.64338199326,-0.172872778196,86.8943478937,12.6873629724,118.134361401,119.825286674,5150.00196174,0.00325962901115,567.489303648,560.164626222,8,70.3775513102,28.6468912236,47.0858030894,0.00197568238158,0.00202635419555,-5.0671813967e-05,-0.000163709046319,1069.51809339,2509,5.01800023834,536.15928357,536.159262992,-0.695204903423,-2.73985278909e-05,0.00665440922603,1,3352,-2.14483293348e-06,2.14483293348e-06,1.4186193943,0,0,0.0816146433353,0.0510091595352,0.0932765081525,0.0589382424951,2.89919462375e-05,4.70453862533e-08,1.49704465002e-06,2.89920899377e-05,4.74557602104e-08,1.15414899859e-11,1.49011611938e-08,2.01199554795e-08,64
6.72000031918,2953.7123628,-361.810903996,48.2374954224,-664.564941406,19.0365638733,1.63291716576,101.195777893,39.2917442322,0.973074018955,0.000232830643654,0.000465661287308,1,536.159379408,6.78117788195,-0.0948744244572,85.9805692644,12.38877126,119.469601486,121.329874673,5150.00196174,0.00325962901115,567.489303648,560.164626222,8,70.3775513102,28.8651408482,47.1361527161,0.00191014191964,0.00182808435056,8.2057569073e-05,3.45607986674e-05,1069.51809339,2509,5.01800023834,536.15928357,536.159262992,-0.723621838006,-1.58024704433e-05,0.00646001007408,1,3360,-2.1411956368e-06,2.1411956368e-06,1.41645467281,0,0,0.0782738104463,0.0489211343229,0.0902124866843,0.0570249371231,2.90215102723e-05,4.71690739801e-08,1.49848506226e-06,2.90214757115e-05,4.7721112395e-08,1.44911027622e-11,1.49011611938e-08,2.32777779274e-08,64
6.73600031994,2947.79334217,-376.259878976,50.1638679504,-659.73626709,18.9029693604,1.57587897778,101.195640564,39.2917633057,0.973073959351,0.000232830643654,0.000465661287308,1,536.159379408,6.9021056256,-0.0185077924171,85.0768549378,12.1072894117,120.64139446,122.80298688,5150.00196174,0.00325962901115,567.489303648,560.164626222,8,70.3775513102,29.0815933113,47.1888852189,0.00206215543253,0.00201725924853,4.48961839927e-05,-0.000154614099301,1069.51809339,2509,5.01800023834,536.15928357,536.159262992,-0.752519781599,1.11413100967e-05,0.00628143409267,1,3368,-2.2578124117e-06,2.2578124117e-06,1.41194975376,0,0,0.074886597693,0.0468041226268,0.0871000811458,0.0550800934434,2.90120242425e-05,4.6977653767e-08,1.49474135469e-06,2.90120533464e-05,4.76432617802e-08,1.40931849524e-11,1.49011611938e-08,2.11448103471e-08,64
6.7520003207,2941.64102525,-390.975736082,52.1258201599,-654.757629395,18.7607574463,1.5176333189,101.195640564,39.2917861938,0.973073959351,0.000232830643654,0.000465661287308,1,536.159379408,7.00882825411,0.0563489574361,84.1830657424,11.842457795,121.675533592,124.246973428,5150.00196174,0.00325962901115,567.489303648,560.164626222,8,70.3775513102,29.2955846817,47.2426436318,0.00187735747781,0.00183172232937,4.56351484379e-05,3.09228198603e-05,1069.51809339,2509,5.01800023834,536.15928357,536.159262992,-0.781951484896,-0.000126647137222,0.00611476553604,1,3376,-2.37884501075e-06,2.37884501075e-06,1.41315281391,0,0,0.071455091238,0.0446594357491,0.0839412584901,0.0531048998237,2.91817086691e-05,4.73837893367e-08,1.49024572238e-06,2.91816249955e-05,4.82116746525e-08,1.38738326383e-11,1.49011611938e-08,2.15012274651e-08,64
6.76800032146,2935.2507554,-405.977712944,54.125919342,-649.624206543,18.6092662811,1.45831155777,101.195640564,39.291809082,0.973073959351,0.000232830643654,0.000465661287308,1,536.159379408,7.10351757665,0.129788229424,83.2991650541,11.5936794371,122.593075503,125.663616927,5150.00196174,0.00325962901115,567.489303648,560.164626222,8,70.3775513102,29.5067129628,47.2964056826,0.00193849968022,0.00194268068299,-4.18100276622e-06,-8.0035533756e-05,1069.51809339,2509,5.01800023834,536.15928357,536.159262992,-0.811955487734,-0.000157797330758,0.00595741160214,1,3384,-2.22559674512e-06,2.22559674512e-06,1.41280663013,0,0,0.0679814368486,0.0424884036183,0.08073797822,0.0511005632579,2.8697289963e-05,4.60995828178e-08,1.48940398503e-06,2.86972644972e-05,4.6675801002e-08,1.36281957941e-11,1.49011611938e-08,1.96226892513e-08,64
6.78400032222,2928.61741036,-421.341625042,56.1742744446,-644.323242188,18.4477500916,1.39805924892,101.195457458,39.2918205261,0.973073780537,0.000232830643654,0.000465661287308,1,536.159379408,7.18795352448,0.201872656482,82.4250137013,11.3603189099,123.411256936,127.054125187,5150.0024274,0.00325962901115,567.489303648,560.164626222,8,70.3775513102,29.7147471429,47.3494146718,0.00201894732876,0.00203908712137,-2.01397926114e-05,0.000289219315164,1069.51809339,2509,5.01800023834,536.15928357,536.159262992,-0.842683277824,-0.0001636522029,0.00580767448992,1,3392,-2.23029815061e-06,2.23029815061e-06,1.41220057011,0,0,0.0644676983356,0.0402923151851,0.0774922445416,0.0490683205426,2.84482775896e-05,4.57281323918e-08,1.50132962062e-06,2.84483212454e-05,4.63041338605e-08,1.35740585439e-11,1.49011611938e-08,1.42206886267e-08,64
6.80000032298,2921.73493654,-437.075737864,58.2719841003,-638.850891113,18.2753696442,1.33703804016,101.195365906,39.2918434143,0.973073720932,0.000232830643654,0.000465661287308,1,536.159379408,7.26360060382,0.2726565274,81.5604725125,11.141658381,124.144280562,128.419545945,5150.0024274,0.00325962901115,567.489303648,560.164626222,8,70.3775513102,29.9195762636,47.4011176266,0.00197868797736,0.00197724148165,1.446495701e-06,0.000351064954884,1069.51809339,2509,5.01800023834,536.15928357,536.159262992,-0.874151510288,0.00010527401173,0.00566439656541,1,3400,-2.08706887861e-06,2.08706887861e-06,1.41212558746,0,0,0.0609159581363,0.0380724780262,0.0742060616612,0.0470094010234,2.89398958557e-05,5.54555725785e-08,1.49293487084e-06,2.89399886242e-05,5.54555725785e-08,1.41432837664e-11,1.49011611938e-08,1.19647953767e-08,64
6.81600032374,2914.59611617,-453.315122286,60.4370574951,-633.185424805,18.0911769867,1.27542686462,101.195274353,39.2918663025,0.973073661327,0.000232830643654,0.000465661287308,1,536.159379408,7.33166740999,0.342179828257,80.7054975387,10.9369772712,124.80384612,129.760650452,5150.00196174,0.00325962901115,567.489303648,560.164626222,8,70.3775513102,30.1211493934,47.4511289212,0.00198463522005,0.00199725036509,-1.26151450397e-05,-0.000134605215862,1069.51809339,2509,5.01800023834,536.15928357,536.159262992,-0.906630305053,-1.22213350551e-05,0.00552679598331,1,3408,-2.27293026001e-06,2.27293026001e-06,1.40985751152,0,0,0.0573283992708,0.0358302518725,0.0708814710379,0.0449250489473,2.88565643132e-05,4.74943497863e-08,1.49760103341e-06,2.88566116069e-05,4.90250684493e-08,1.31951533033e-11,1.49011611938e-08,1.58335637934e-08,64
6.8320003245,2907.19349869,-470.06647219,62.6703872681,-627.32232666,17.8940944672,1.21342670918,101.195091248,39.2918815613,0.973073542118,0.000232830643654,0.000465661287308,1,536.159379408,7.39315927453,0.410480284736,79.8599789076,10.7455430985,125.399703393,131.078166305,5150.0024274,0.00325962901115,567.489303648,560.164626222,8,70.3775513102,30.3194537992,47.4991829833,0.00198611314894,0.00198269844986,3.41469907905e-06,0.000345607986674,1069.51809339,2509,5.01800023834,536.15928357,536.159262992,-0.940132963478,0.000195655047719,0.00539427623153,1,3416,-2.35876836996e-06,2.35876836996e-06,1.41310572624,0,0,0.0537071861327,0.0335669927299,0.06752050668,0.0428165197372,2.91376727546e-05,4.80694808402e-08,1.49166919527e-06,2.91376636596e-05,4.80694808402e-08,1.22481191855e-11,1.49011611938e-08,1.89652951121e-08,64
6.84800032526,2899.5166067,-487.459823489,64.9893112183,-621.239135742,17.6828899384,1.15126156807,101.195091248,39.2919006348,0.973073542118,0.000232830643654,0.000465661287308,1,536.159379408,7.44891168474,0.47758808311,79.0237774477,10.5666224653,125.939943246,132.37267558,5150.00103042,0.00325962901115,567.489303648,560.164626222,8,70.3775513102,30.5145131279,47.5451051898,0.00202637250035,0.00201544025913,1.09322412234e-05,-0.00108411768451,1069.51809339,2509,5.01800023834,536.15928357,536.159262992,-0.974919657892,5.77529135626e-05,0.00526643218473,1,3424,-2.251516662e-06,2.251516662e-06,1.41346228123,0,0,0.050054486841,0.0312840566039,0.0641252100468,0.0406850762665,2.88549381366e-05,4.65722536092e-08,1.49216100453e-06,2.88549636025e-05,4.6293791911e-08,1.18764859058e-11,1.49011611938e-08,2.00118961402e-08,64
6.86400032602,2891.5554285,-505.570846144,67.4039154053,-614.920959473,17.4561519623,1.08919382095,101.195045471,39.2919235229,0.973073542118,0.000232830643654,0.000465661287308,1,536.159379408,7.49983291831,0.544095417912,78.1968272355,10.3994984548,126.433369587,133.65560153,5150.00196174,0.00325962901115,567.489303648,560.164626222,8,70.3775513102,30.6881374854,47.5834167446,0.00209938787188,0.00214822648559,-4.88386137087e-05,-0.000285581336357,1069.51809339,2509,5.01800023834,536.15928357,536.159262992,-1.01114176232,-4.17230694438e-05,0.00534863211215,1,3432,-2.38824623011e-06,2.38824623011e-06,1.4141958952,0,0,0.0463724732399,0.0289827939123,0.0606976561248,0.0385319963098,2.84043981083e-05,4.54194619692e-08,1.49303002672e-06,2.84043799184e-05,4.65133958016e-08,1.39537131849e-11,1.49011611938e-08,2.20980496124e-08,64
6.88000032678,2883.29692557,-524.533970747,69.9321212769,-608.343322754,17.2122440338,1.027515769,101.194953918,39.2919311523,0.973073482513,0.000232830643654,0.000465661287308,1,536.159379408,7.55003494611,0.620675896787,77.3790183987,10.2436857977,126.919825561,135.132839205,5150.00196174,0.00325962901115,567.489303648,560.164626222,8,70.3775513102,30.5274697894,47.5266060675,0.00209487592551,0.00207728589885,1.75900266575e-05,-0.000214640749618,1069.51809339,2509,5.01800023834,536.15928357,536.159262992,-1.04906803244,0.000165982783074,0.00668037356809,1,3440,-2.26976362683e-06,2.26976362683e-06,1.41303670406,0,0,0.0426633618772,0.0266645997763,0.0572399236262,0.0363585650921,2.895702346e-05,4.69820982119e-08,1.4939294033e-06,2.89569925371e-05,4.72592915912e-08,1.31400862413e-11,1.49011611938e-08,1.29313662001e-08,64
6.89600032754,2874.72573109,-544.532784261,72.5984115601,-601.474304199,16.9492778778,0.966565668583,101.194862366,39.2919578552,0.973073422909,0.000232830643654,0.000465661287308,1,536.159379408,7.6025328472,0.716870183721,76.5702557148,10.0990563097,127.428531414,136.988426675,5150.00149608,0.00325962901115,567.489303648,560.164626222,8,70.3775513102,29.801589335,47.3183499707,0.00204867643683,0.00203363015316,1.50462836634e-05,-0.000636646291241,1069.51809339,2509,5.01800023834,536.15928357,536.159262992,-1.08906567675,-0.000116074261314,0.00843983050436,1,3448,-2.24799623538e-06,2.24799623538e-06,1.4150365591,0,0,0.0389293693006,0.0243308562785,0.0537540949881,0.0341660641134,2.86031099677e-05,4.5757165168e-08,1.4965248738e-06,2.86030917778e-05,4.73087062858e-08,1.45508605165e-11,1.49011611938e-08,1.29728601195e-08,64
6.9120003283,2865.82414992,-565.724330954,75.4237213135,-594.284240723,16.6650485992,0.906729757786,101.194778442,39.2919769287,0.973073363304,0.000232830643654,0.000465661287308,1,536.159379408,7.65742321765,0.830042430765,75.7704586106,9.96547905961,127.960418467,139.17151955,5150.00335872,0.00325962901115,567.489303648,560.164626222,8,70.3775513102,28.6183822027,46.9743135909,0.00213215810285,0.00219915818889,-6.70000860348e-05,0.00106047082227,1069.51809339,2509,5.01800023834,536.15928357,536.159262992,-1.13144869829,-0.000108229869511,0.00991846714169,1,3456,-2.26324323194e-06,2.26324323194e-06,1.41236805916,0,0,0.0351728312671,0.0219830200076,0.050242267549,0.0319557897747,2.84100315184e-05,4.55039597114e-08,1.49644074554e-06,2.84099896817e-05,4.62336835483e-08,1.40647771207e-11,1.49011611938e-08,1.34789006623e-08,64
6.92800032906,2856.57099448,-588.374154177,78.4434509277,-586.727416992,16.3569869995,0.848453581333,101.194778442,39.2919960022,0.973073363304,0.000232830643654,0.000465661287308,1,536.159379408,7.7137716851,0.951411037025,74.9795611629,9.84268577584,128.506435431,141.512718983,5150.00149608,0.00325962901115,567.489303648,560.164626222,8,70.3775513102,27.2279612545,46.5313933091,0.00231246542748,0.00233922037296,-2.67549454813e-05,-0.000942236511037,1069.51809339,2509,5.01800023834,536.15928357,536.159262992,-1.17674835565,2.22826201934e-05,0.0107578979805,1,3464,-2.28729595619e-06,2.28729595619e-06,1.41359698772,0,0,0.0313959158957,0.0196224488318,0.0467065386474,0.0297290496528,2.86303766188e-05,4.57086883898e-08,1.4931683836e-06,2.863033842e-05,4.61633362647e-08,1.45424783327e-11,1.49011611938e-08,1.47198218059e-08,64
6.94400032982,2846.9406534,-612.689880654,81.6852798462,-578.76348877,16.022064209,0.792262256145,101.194778442,39.292011261,0.973073363304,0.000232830643654,0.000465661287308,1,536.159379408,7.77014990962,1.0717453558,74.1974388495,9.73019942953,129.052743432,143.833967741,5150.00335872,0.00325962901115,567.489303648,560.164626222,8,70.3775513102,25.868668672,46.0341398139,0.00240039509103,0.00241743691731,-1.70418262835e-05,0.000842192093842,1069.51809339,2509,5.01800023834,536.15928357,536.159262992,-1.22537983316,-7.84439180279e-06,0.0109188361093,1,3472,-2.37545987147e-06,2.37545987147e-06,1.40916645527,0,0,0.027600934729,0.0172505844384,0.0431490130723,0.0274871494621,2.88323153654e-05,4.64614373641e-08,1.49621541823e-06,2.88322862616e-05,4.70398546781e-08,1.41561484757e-11,1.49011611938e-08,1.67809428575e-08,64
6.96000033058,2836.90355718,-639.014237095,85.1949081421,-570.332336426,15.6567287445,0.738760471344,101.194511414,39.2920303345,0.973073124886,0.000232830643654,0.000465661287308,1,536.159379408,7.82494871982,1.18474260831,73.4240330721,9.62738184572,129.583742819,146.013684571,5150.0024274,0.00325962901115,567.489303648,560.164626222,8,70.3775513102,24.6879390033,45.5274130218,0.00255540709426,0.00256841303781,-1.30059435444e-05,-0.000240106601268,1069.51809339,2509,5.01800023834,536.15928357,536.159262992,-1.27802854877,-0.000211684891838,0.0105656133965,1,3480,-2.22424955609e-06,2.22424955609e-06,1.41712117195,0,0,0.0237900838256,0.0148688033223,0.0395717993379,0.0252313986421,2.82842374872e-05,4.62025511183e-08,1.49507150127e-06,2.82841883745e-05,4.56798261439e-08,1.29647265146e-11,1.49011611938e-08,1.59635078489e-08,64
6.97600033134,2826.42943785,-666.878884658,88.9098892212,-561.481567383,15.2572174072,0.688620567322,101.194328308,39.2920303345,0.973073005676,0.000232830643654,0.000465661287308,1,536.159379408,8.39265249064,1.42480156904,72.6592632576,9.53350512041,129.947482492,147.930040839,5150.00289306,0.00325962901115,567.489303648,560.164626222,8,70.3775513102,23.7960921368,45.1539235655,0.00268648890633,0.0027212081477,-3.47192413708e-05,7.27595761418e-05,1069.51809339,2509,5.01800023834,536.15928357,536.159262992,-1.33375783662,-0.000128920873976,0.00843977741897,1,3488,-2.22982180276e-06,2.22982180276e-06,1.4132515192,0,0,0.0199657268822,0.012478579767,0.0359769947827,0.0229631103575,2.8605798434e-05,4.59632580885e-08,1.49153379425e-06,2.86057766061e-05,4.62789842004e-08,1.32150956844e-11,1.49011611938e-08,1.99635863396e-08,64
6.9920003321,2815.5031614,-695.473281667,92.7221603394,-552.311767578,14.8213224411,0.642273962498,101.194328308,39.2920570374,0.973073005676,0.000232830643654,0.000465661287308,1,536.159379408,12.8069452382,2.64053194314,71.9030048839,9.4488942925,129.947482492,148.611623445,5150.0024274,0.00325962901115,567.489303648,560.164626222,8,70.3775513102,23.817859983,44.9132239737,0.00263582898563,0.00264390109805,-8.07211242293e-06,-0.000315594661515,1069.51809339,2509,5.01800023834,536.15928357,536.159262992,-1.39094663609,1.63709046319e-05,0.00281812623143,1,3496,-2.33287960327e-06,2.33287960327e-06,1.41169917583,0,0,0.0161301549524,0.0100813470781,0.0323667190969,0.020683599636,2.86868398689e-05,4.60996254503e-08,1.48987010107e-06,2.8686816222e-05,4.60996751883e-08,1.31598898445e-11,1.49011611938e-08,1.72930185727e-08,64
7.00800033286,2804.1114565,-724.947894923,96.6517868042,-542.796447754,14.3477506638,0.599909484386,101.194328308,39.2920761108,0.973073005676,0.000232830643654,0.000465661287308,1,536.159379408,21.559192374,4.97904827829,71.1551773782,9.37363909103,129.947482492,148.611623445,5150.00196174,0.00325962901115,567.489303648,560.164626222,8,70.3775513102,24.0073331952,44.6459416708,0.00268201781617,0.00272302713711,-4.10093209391e-05,-0.000860381987877,1069.51809339,2509,5.01800023834,536.15928357,536.159262992,-1.44989587625,-0.000173372427525,0.00279843038879,1,3504,-2.29885540648e-06,2.29885540648e-06,1.41065514088,0,0,0.0122856199741,0.00767851341516,0.0287430789322,0.0183941870928,2.8292181014e-05,4.54289370566e-08,1.48811636791e-06,2.82922446786e-05,4.64616078943e-08,8.40294500648e-12,1.49011611938e-08,1.97548502001e-08,64
7.02400033362,2792.23895632,-755.515065975,100.727073669,-532.899658203,13.8350524902,0.561710953712,101.194190979,39.2920837402,0.973072946072,0.000232830643654,0.000465661287308,1,536.159379408,34.3635070862,8.40023734183,70.4157441163,9.30663621498,129.947482492,148.611623445,5150.00289306,0.00325962901115,567.489303648,560.164626222,8,70.3775513102,24.0805929934,44.4505130872,0.00261497455634,0.0025656845537,4.9290002635e-05,0.000228283170145,1069.51809339,2509,5.01800023834,536.15928357,536.159262992,-1.51103017743,0.00019213075575,0.00277877249755,1,3512,-2.27955933951e-06,2.27955933951e-06,1.41203320026,0,0,0.00843446794897,0.00527154281735,0.0251081790775,0.0160961858928,2.86911308649e-05,4.64039118242e-08,1.49528352722e-06,2.86911399598e-05,4.67339056343e-08,1.39886158212e-11,1.49011611938e-08,1.54835788635e-08,64
7.04000033438,2779.86633591,-787.28661174,104.962936401,-522.597167969,13.2813739777,0.527946829796,101.194190979,39.2921066284,0.973072946072,0.000232830643654,0.000465661287308,1,536.159379408,50.8016668696,12.3109862488,69.6845879011,10.0912462203,129.947482492,145.67017206,5150.0024274,0.00325962901115,567.489303648,563.106150366,8,70.3775513102,24.1831839958,44.3582612206,0.00269234910755,0.00273939804174,-4.70489341931e-05,-0.000411091605201,1069.51809339,2509,5.01800023834,536.15928357,536.159262992,-1.57457327532,-6.03677108302e-05,0.00505370181054,1,3520,-2.26288534577e-06,2.26288534577e-06,1.41008722782,0,0,0.00457892334089,0.00286182761192,0.021464118734,0.0137909185141,2.86542799586e-05,4.60722375806e-08,1.4944492932e-06,2.86543017864e-05,4.70060612656e-08,1.41889000549e-11,1.49011611938e-08,1.4718921193e-08,64
7.05600033514,2766.97380468,-820.384768303,109.375656128,-511.862792969,12.684469223,0.498974353075,101.195091248,39.2918167114,0.973073542118,0.000232830643654,0.000465661287308,1,536.159379408,70.1889823364,15.6642467622,69.3892218563,12.2554284041,129.718973767,137.667520903,5150.0024274,0.00325962901115,567.717826925,571.108714212,8,70.3775513102,24.448356271,44.4639772468,0.00280232344274,0.00291402102448,-0.000111697581739,-0.000585714587942,1069.51809339,2509,5.01800023834,536.15928357,536.159262992,-1.64076959663,1.20508047985e-05,0.00818617921323,1,3528,-2.21746381612e-06,2.21746381612e-06,1.41727364063,0,0,0.000721331860404,0.000450832390925,0.0178129933774,0.0114796990529,2.8643566111e-05,4.81038000544e-08,1.48634501329e-06,2.86435988528e-05,4.81038000544e-08,1.23893534321e-11,1.49011611938e-08,2.14876649807e-08,64
7.0720003359,2753.5688132,-849.185336847,113.215415955,-501.45010376,12.0433712006,0.475229680538,101.228569031,39.2813034058,0.973096966743,0.000232830643654,0.000465661287308,1,536.159379408,84.6229285128,18.3224917226,79.699155158,14.7141370252,120.750126371,128.132291138,5150.00289306,0.00325962901115,576.686637942,580.643885769,8,70.3775513102,25.1614528679,44.9867511634,0.00282773245097,0.00285399437416,-2.62619231917e-05,-6.0026650317e-05,1069.51809339,2509,5.01800023834,536.15928357,536.159262992,-1.69837073827,0.000104023456515,0.0233075469732,1,3536,-2.1771018055e-06,2.1771018055e-06,1.41232049465,0,0,0,0,0.0144474292174,0.00934288650751,2.87550356006e-05,4.62533087386e-08,1.49661514115e-06,2.87550501525e-05,4.616504512e-08,1.38608291511e-11,1.49011611938e-08,2.11064730138e-08,64
7.08800033666,2739.85555395,-860.80248002,114.76424408,-493.177215576,11.3687524796,0.456785291433,101.261283875,39.2711448669,0.973119795322,0.000232830643654,0.000465661287308,1,536.159379408,94.3294138373,20.2977484845,89.3000312267,16.9488279271,109.138272819,118.837386253,5150.00289306,0.00325962901115,588.298542425,589.93883431,8,70.3775513102,26.4370701188,45.9389120806,0.00278930629982,0.00270483724307,8.44690567492e-05,8.91304807737e-05,1069.51809339,2509,5.01800023834,536.15928357,536.159262992,-1.72160503098,5.52518031327e-05,0.0300735086203,1,3544,-2.15347904486e-06,2.15347904486e-06,1.41263592243,0,0,0,0,0.0117351505905,0.00761014455929,2.87296606984e-05,6.23247160547e-08,1.49246295678e-06,2.87296461465e-05,6.23247160547e-08,1.35096239751e-11,1.49011611938e-08,2.12218402851e-08,64
7.10400033742,2726.09037347,-858.169805724,114.413253784,-486.778717041,10.6780643463,0.442481786013,101.283744812,39.2640533447,0.973135411739,0.000232830643654,0.000465661287308,1,536.159379408,100.919942676,21.679513531,96.4558677041,18.7623526618,98.3095887932,110.536930151,5150.00289306,0.00325962901115,599.127204623,598.239304963,8,70.3775513102,28.2534201688,47.1770035801,0.00298689402378,0.00293948687613,4.74071476519e-05,-0.000145519152284,1069.51809339,2509,5.01800023834,536.15928357,536.159262992,-1.71633973878,-8.77662387211e-05,0.0316506996751,1,3552,-2.2613960482e-06,2.2613960482e-06,1.41375935078,0,0,0,0,0.00954621843994,0.00620465120301,2.85140085907e-05,4.61582736477e-08,1.49151844653e-06,2.8514128644e-05,4.71939358704e-08,1.28582838821e-11,1.49011611938e-08,2.80903122984e-08,64
7.12000033818,2712.46605553,-845.03472317,112.66204834,-481.849487305,9.98687267303,0.430682599545,101.298973083,39.2593078613,0.973146021366,0.000232830643654,0.000465661287308,1,536.159379408,105.25038363,22.5787047812,101.515011059,20.1217971503,89.0352166607,103.45105693,5150.0024274,0.00325962901115,608.401547652,605.325156357,8,70.3775513102,30.3717970382,48.4512129333,0.00294050979399,0.00292675395031,1.37558436863e-05,-0.000598447513767,1069.51809339,2509,5.01800023834,536.15928357,536.159262992,-1.69006955275,0.000184741111298,0.0292643792927,1,3560,-2.2294491373e-06,2.2294491373e-06,1.41146719456,0,0,0,0,0.00777489924803,0.00506263691932,2.86267277261e-05,4.62824658598e-08,1.49035918184e-06,2.86267313641e-05,4.6232074169e-08,1.21967852484e-11,1.49011611938e-08,1.93904838852e-08,64
7.13600033894,2699.12485965,-824.118440505,109.873443604,-478.096466064,9.30742454529,0.419945657253,101.309341431,39.2560997009,0.973153293133,0.000232830643654,0.000465661287308,1,536.159379408,107.99857555,23.0978880283,104.970700025,21.0680393822,81.4197119325,97.5503789959,5150.00335872,0.00325962901115,616.01708876,611.225841567,8,70.3775513102,32.2301530105,49.4565138069,0.00290930275704,0.00293584889732,-2.6546140286e-05,0.000323780113831,1069.51809339,2509,5.01800023834,536.15928357,536.159262992,-1.64823700288,2.88764567813e-05,0.0254792515188,1,3568,-2.1574846869e-06,2.1574846869e-06,1.40986096859,0,0,0,0,0.00633840449154,0.00413341168314,2.86936392513e-05,4.78788528824e-08,1.49173615682e-06,2.86936410703e-05,4.78788528824e-08,1.06004788281e-11,1.49011611938e-08,1.20531922221e-08,64
7.1520003397,2686.1729566,-797.431915998,106.31552887,-475.303649902,8.64873313904,0.409226596355,101.31627655,39.2538948059,0.973158121109,0.000232830643654,0.000465661287308,1,536.159379408,109.647751465,23.3223754516,107.240420048,21.6667646817,75.3151616664,92.7109722397,5150.00289306,0.00325962901115,622.121675406,616.065284703,8,70.3775513102,33.4595060849,50.1082649862,0.00305982413018,0.00301952240989,4.03017202943e-05,-0.00022555468604,1069.51809339,2509,5.01800023834,536.15928357,536.159262992,-1.59486387474,-2.60342858383e-05,0.0215461719781,1,3576,-2.18486411541e-06,2.18486411541e-06,1.41104412079,0,0,0,0,0.00517139304429,0.00337646459229,2.79449595837e-05,4.54719319976e-08,1.49526272253e-06,2.79450305243e-05,4.61398528273e-08,1.44148998293e-11,1.49011611938e-08,1.67465827872e-08,64
7.16800034046,2673.68741333,-766.537094023,102.196556091,-473.300537109,8.01707935333,0.397864162922,101.321434021,39.2523460388,0.973161697388,0.000232830643654,0.000465661287308,1,536.159379408,110.512959212,23.3194381987,108.628275682,21.9837572577,70.5023485352,88.787295681,5150.00335872,0.00325962901115,626.934459433,619.989004917,8,70.3775513102,34.3836472894,50.6549658894,0.00305664089872,0.00311229086947,-5.56499707427e-05,0.000147338141687,1069.51809339,2509,5.01800023834,536.15928357,536.159262992,-1.53307428263,-0.000115505827125,0.0179764330387,1,3584,-2.22098060476e-06,2.22098060476e-06,1.40753412247,0,0,0,0,0.00422195438296,0.00275928410701,2.84289562842e-05,4.57715536584e-08,1.4930163843e-06,2.84289235424e-05,4.55517934483e-08,1.29225657952e-11,1.49011611938e-08,2.41984707827e-08,64
7.18400034122,2661.7241092,-732.694286853,97.6845550537,-471.946563721,7.41654968262,0.385513991117,101.324836731,39.2512397766,0.973164081573,0.000232830643654,0.000465661287308,1,536.159379408,110.789397922,23.1401705522,109.340643734,22.0762825537,66.7696804157,85.6427868712,5150.00335872,0.00419095158577,630.667083897,623.133557383,8,70.3775513102,35.1527341991,51.1780235684,0.00311766230887,0.0031795934774,-6.19311685268e-05,8.0035533756e-05,1069.51809339,2509,5.01800023834,536.15928357,536.159262992,-1.46538866375,-4.74074113299e-05,0.0149117233232,1,3592,-2.10915777643e-06,2.10915777643e-06,1.41263699532,0,0,0,0,0.0034486243967,0.00225568236783,2.82402361336e-05,4.56901325663e-08,1.49437607888e-06,2.82402543235e-05,4.71383749812e-08,1.12014425513e-11,1.49011611938e-08,1.02288026937e-08,64
7.20000034198,2650.3209956,-696.926377714,92.9158935547,-471.123901367,6.84952020645,0.37206351757,101.327140808,39.2504501343,0.973165631294,0.000232830643654,0.000465661287308,1,536.159379408,110.595099745,22.8230351421,109.512938151,21.9914190195,63.9408972347,83.1618381198,5150.00335872,0.00419095158577,633.495918009,625.614484306,8,70.3775513102,35.8287179552,51.6890977451,0.00307895194063,0.00313957571052,-6.0623769893e-05,0.000120053300634,1069.51809339,2509,5.01800023834,536.15928357,536.159262992,-1.39385281273,-0.000104250830191,0.0123291704804,1,3600,-2.11148994822e-06,2.11148994822e-06,1.40594959259,0,0,0,0,0.00281814183109,0.00184450496454,2.83732333628e-05,4.59822686594e-08,1.49432025864e-06,2.83732515527e-05,4.55486386386e-08,1.31495647704e-11,1.49011611938e-08,1.60872559718e-08,64
7.21600034274,2639.50112276,-660.054327454,88.0000228882,-470.734405518,6.31708097458,0.357559859753,101.328773499,39.2498970032,0.973166763783,0.000232830643654,0.000465661287308,1,536.159379408,109.999628497,22.3965749612,109.232141174,21.7662925057,61.8801786914,81.2520811451,5150.00289306,0.00419095158577,635.556643829,627.524219453,8,70.3775513102,36.440018448,52.1856345586,0.00291950615072,0.00288127921522,3.82269355059e-05,-8.73114913702e-05,1069.51809339,2509,5.01800023834,536.15928357,536.159262992,-1.32010870857,-4.10409484175e-05,0.0101458821446,1,3608,-2.12164513869e-06,2.12164513869e-06,1.41232776642,0,0,0,0,0.00230372371152,0.0015086204512,2.88261617243e-05,4.64333069772e-08,1.48709568748e-06,2.882620538e-05,4.65681537776e-08,9.38588096133e-12,1.49011611938e-08,1.87861814993e-08,64
7.2320003435,2629.27543372,-622.776919045,83.0301055908,-470.690338135,5.81934833527,0.34215298295,101.329811096,39.2495384216,0.973167538643,0.000232830643654,0.000465661287308,1,536.159379408,109.041644578,21.8813965596,108.55221475,21.4293031708,60.4889719398,79.8428955022,5150.0024274,0.00419095158577,636.947748717,628.933368716,8,70.3775513102,37.0009693142,52.6630683453,0.0028315835926,0.00277941580862,5.21677839815e-05,-0.000451109372079,1069.51809339,2509,5.01800023834,536.15928357,536.159262992,-1.24555390357,-9.00399754755e-05,0.00826583616436,1,3616,-2.15913632928e-06,2.15913632928e-06,1.41368949413,0,0,0,0,0.00188373913988,0.00123412848916,2.8848015063e-05,4.63680969176e-08,1.49210495692e-06,2.88479968731e-05,4.60023414917e-08,1.38283273721e-11,1.49011611938e-08,1.67162852449e-08,64
7.24800034426,2619.64579113,-585.638161283,78.0786819458,-470.920043945,5.35573673248,0.326050102711,101.330223083,39.2493438721,0.973167777061,0.000232830643654,0.000465661287308,1,536.159379408,107.709794518,21.2841453802,107.493441307,21.0007242857,59.7061334702,78.8852848927,5150.00335872,0.00419095158577,637.730699964,629.891001154,8,70.3775513102,37.519774196,53.1173100171,0.00294182429805,0.00291765900329,2.41652947652e-05,0.000341970007867,1069.51809339,2509,5.01800023834,536.15928357,536.159262992,-1.17127638077,-9.45874489844e-05,0.00658953841776,1,3624,-2.20774472837e-06,2.20774472837e-06,1.40802657604,0,0,0,0,0.00154067692347,0.00100973248482,2.87383627438e-05,4.5918383762e-08,1.49467859956e-06,2.87383445539e-05,4.58726177044e-08,1.35552541414e-11,1.49011611938e-08,2.39351720666e-08,64
7.26400034502,2610.60567573,-549.072981812,73.2037200928,-471.362365723,4.92516708374,0.309482753277,101.329994202,39.2494544983,0.973167657852,0.000232830643654,0.000465661287308,1,536.159379408,103.248488328,20.1537773147,105.915689713,20.4092523894,59.6520367253,78.6464152043,5150.00335872,0.00419095158577,637.784774881,630.129885394,9,70.2954421286,38.001788198,53.5444305569,0.00308781152036,0.00311047188006,-2.26603596998e-05,0.000149157131091,1069.51809339,2509,5.01800023834,536.15928357,536.159262992,-1.09814607185,-0.000116074261314,0.00480905082077,1,3632,-2.36191658587e-06,2.36191658587e-06,1.41057932377,0,0,0,0,0.00126032996923,0.000826239527669,2.9070302844e-05,4.69783927315e-08,1.49278162098e-06,2.90702719212e-05,4.7215952037e-08,1.29914412561e-11,1.49011611938e-08,1.60599142873e-08,64
7.28000034578,2602.14274749,-513.429171406,68.4516067505,-471.964813232,4.52623558044,0.292681515217,101.329551697,39.2495231628,0.973167359829,0.000232830643654,0.000465661287308,1,536.159379408,92.5558771266,17.8138543852,104.620273308,19.8021548206,59.6520367253,78.6464152043,5150.00289306,0.00419095158577,637.784774881,630.129885394,9,70.2954421286,38.4509003197,53.9397806278,0.00311316723789,0.00311410985887,-9.4262098127e-07,-0.000320142135024,1069.51809339,2509,5.01800023834,536.15928357,536.159262992,-1.0268583992,-0.000157569957082,0.0040346365422,1,3640,-2.22621997636e-06,2.22621997636e-06,1.41054010391,0,0,0,0,0.00103115511592,0.00067615986336,2.86596514343e-05,4.75987746995e-08,1.49235722802e-06,2.86596223305e-05,4.75987746995e-08,1.16943538186e-11,1.49011611938e-08,1.72757381733e-08,64
7.29600034654,2594.23977695,-478.980713524,63.8588523865,-472.682495117,4.15733242035,0.275858730078,101.329368591,39.2495727539,0.973167181015,0.000232830643654,0.000465661287308,1,536.159379408,76.8824468713,14.383950617,103.441109122,19.2458090989,59.6520367253,78.6464152043,5150.00289306,0.00419095158577,637.784774881,630.129885394,9,70.2954421286,38.8702428609,54.30298188,0.00285981256731,0.00290674506687,-4.69324995533e-05,-0.00011277734302,1069.51809339,2509,5.01800023834,536.15928357,536.159262992,-0.957961447057,9.61790647125e-05,0.00371507089585,1,3648,-2.28864860219e-06,2.28864860219e-06,1.41280794144,0,0,0,0,0.000843759218697,0.000553386693355,2.87021757686e-05,4.63382221483e-08,1.49325865095e-06,2.87022139673e-05,4.67846987817e-08,1.21461590785e-11,1.49011611938e-08,2.67694417744e-08,64
7.3120003473,2586.8753437,-445.935904281,59.4532394409,-473.477081299,3.81670808792,0.25920689106,101.329048157,39.2495918274,0.973167002201,0.000232830643654,0.000465661287308,1,536.159379408,58.2591540875,10.3085104554,102.315511346,18.7359668287,59.6520367253,78.6464152043,5150.00289306,0.00419095158577,637.784774881,630.129885394,9,70.2954421286,39.2624315282,54.6360352018,0.00272423746062,0.00270847522188,1.57622387364e-05,8.54925019667e-05,1069.51809339,2509,5.01800023834,536.15928357,536.159262992,-0.891871877684,-0.000102318153949,0.00357364234515,1,3656,-2.2260373953e-06,2.2260373953e-06,1.4126367569,0,0,0,0,0.000690490822308,0.000452936568763,2.85579917545e-05,4.57841764501e-08,1.49521235926e-06,2.85579735646e-05,4.52701378606e-08,1.42094253031e-11,1.49011611938e-08,1.34715882893e-08,64
7.32800034806,2580.02616465,-414.407433709,55.2497901917,-474.322143555,3.50256323814,0.242894172668,101.328865051,39.249622345,0.973166882992,0.000232830643654,0.000465661287308,1,536.159379408,39.0993695068,6.11566899325,101.218927182,18.2687092312,59.6520367253,78.6464152043,5150.00289306,0.00419095158577,637.784774881,630.129885394,9,70.2954421286,39.6297728003,54.9413016415,0.00249475702596,0.00250838638749,-1.36293615283e-05,0.000285581336357,1069.51809339,2509,5.01800023834,536.15928357,536.159262992,-0.828814904708,-6.21867002337e-05,0.00350378453732,1,3664,-2.17381398215e-06,2.17381398215e-06,1.41874098778,0,0,0,0,0.000565110996831,0.000370740512153,2.86903250526e-05,4.58454891827e-08,1.49268032601e-06,2.86903177766e-05,4.69344563214e-08,1.22065135777e-11,1.49011611938e-08,1.8231901322e-08,64
7.34400034882,2573.66709411,-384.479993954,51.2597923279,-475.194091797,3.21312236786,0.227055951953,101.328773499,39.2496566772,0.973166763783,0.000232830643654,0.000465661287308,1,536.159379408,21.8859782345,2.50499850826,100.141358251,17.8405002495,59.6520367253,79.4497827883,5150.00289306,0.00419095158577,637.784774881,630.129885394,9,70.2954421286,39.2565525544,55.2210658498,0.00264225503976,0.00269756128546,-5.53062456943e-05,9.64064383879e-05,1069.51809339,2509,5.01800023834,536.15928357,536.159262992,-0.768960035202,0.000153249857249,0.00910339411348,1,3672,-2.14878355109e-06,2.14878355109e-06,1.41884171963,0,0,0,0,0.000462529773358,0.000303474633256,2.90308962576e-05,4.68936001141e-08,1.49637787672e-06,2.90308998956e-05,4.69558152361e-08,1.16446852161e-11,1.49011611938e-08,1.55312704919e-08,64
7.36000034958,2567.77228788,-356.187112629,47.4877166748,-476.075775146,2.94668340683,0.2117908746,101.328956604,39.2497024536,0.973166942596,0.000232830643654,0.000465661287308,1,536.159379408,9.06662566674,0.127506304764,99.0787319523,17.4479246863,60.4066408414,84.5444810693,5150.00335872,0.00419095158577,637.784774881,630.129885394,9,70.2954421286,35.5991141987,54.8613425053,0.00263475703755,0.00269574229605,-6.09852585098e-05,0.000563886715099,1069.51809339,2509,5.01800023834,536.15928357,536.159262992,-0.712374230716,0.000145291778608,0.0217588003725,1,3680,-2.25843928092e-06,2.25843928092e-06,1.41265439987,0,0,0,0,0.000378590892069,0.000248422438744,2.83550507447e-05,4.58365185807e-08,1.49343065914e-06,2.83549707092e-05,4.59431248601e-08,1.24494581311e-11,1.49011611938e-08,2.34710455516e-08,64
7.37600035034,2562.31497042,-329.540402163,43.9351158142,-476.952453613,2.70161676407,0.197166770697,101.328773499,39.2497329712,0.973166763783,0.000232830643654,0.000465661287308,1,536.159379408,2.82324889325,-1.32384059822,98.0292683559,17.0754978719,68.6460698489,91.3424300961,5150.00289306,0.00419095158577,637.784774881,630.129885394,9,70.2954421286,31.3947421091,50.5181342305,0.00282990049449,0.00284853740595,-1.86369114585e-05,-5.45696821064e-05,1069.51809339,2509,5.01800023834,536.15928357,536.159262992,-0.659080853893,-0.000295528934657,0.026640791446,1,3688,-2.27208533943e-06,2.27208533943e-06,1.41252040863,0,0,0,0,0.000309899362037,0.000203363248147,2.84735760943e-05,4.5524561898e-08,1.49047843934e-06,2.84735178866e-05,4.67386804814e-08,1.30443711388e-11,1.49011611938e-08,3.00602778225e-08,64
7.3920003511,2557.2697632,-304.527784465,40.6003723145,-477.813354492,2.47638130188,0.1832267344,101.328773499,39.2497673035,0.973166763783,0.000232830643654,0.000465661287308,1,536.159379408,2.54766833201,-1.35213248686,96.9920958075,16.6921241139,78.4469011705,97.0773689914,5150.00289306,0.00419095158577,637.784774881,630.129885394,9,70.2954421286,28.7530347123,48.0239650642,0.00272417173541,0.00274121703114,-1.70452957304e-05,5.27506927028e-05,1069.51809339,2509,5.01800023834,536.15928357,536.159262992,-0.609055575751,-2.9388047551e-05,0.022688280791,1,3696,-2.20916058424e-06,2.20916058424e-06,1.41264617443,0,0,0,0,0.000253680802416,0.000166481084307,2.8873586416e-05,5.54627206384e-08,1.49314200826e-06,2.88736009679e-05,5.54627206384e-08,1.28394239685e-11,1.49011611938e-08,2.00961949304e-08,64
7.40800035186,2552.61012353,-281.121116132,37.4797401428,-478.649230957,2.26950025558,0.169997990131,101.328681946,39.249797821,0.973166704178,0.000232830643654,0.000465661287308,1,536.159379408,3.34210458348,-1.14896692811,95.9667528435,16.2901434817,86.1449880176,100.996432593,5150.00289306,0.00419095158577,637.784774881,630.129885394,9,70.2954421286,27.7516955975,47.4404623674,0.0025990593705,0.002668457455,-6.93980845012e-05,0.000125510268845,1069.51809339,2509,5.01800023834,536.15928357,536.159262992,-0.562242234992,-4.37694325228e-05,0.0184406265616,1,3704,-2.18408240471e-06,2.18408240471e-06,1.41190969944,0,0,0,0,0.000207667180803,0.000136290676892,2.87067668978e-05,4.59767370842e-08,1.49192248955e-06,2.87068251055e-05,4.58754385591e-08,1.43488831927e-11,1.49011611938e-08,2.36419737121e-08,64
7.42400035262,2548.31090569,-259.265536442,34.56590271,-479.455047607,2.07958102226,0.157494172454,101.32849884,39.2498207092,0.973166584969,0.000232830643654,0.000465661287308,1,536.159379408,3.99109897861,-0.994307014599,94.9529391463,15.877314791,92.4337437027,103.979822597,5150.0024274,0.00419095158577,637.784774881,630.129885394,9,70.2954421286,27.3950536211,47.2044630442,0.00268529083691,0.00270301825367,-1.77274167568e-05,-0.00037471181713,1069.51809339,2509,5.01800023834,536.15928357,536.159262992,-0.518531123817,0.000250111042988,0.0152926752344,1,3712,-2.31993271882e-06,2.31993271882e-06,1.41356027126,0,0,0,0,0.000170004044776,0.000111576999188,2.83302724711e-05,4.58121505176e-08,1.49625270751e-06,2.83302142634e-05,4.55689850298e-08,1.39068756511e-11,1.49011611938e-08,1.55113184519e-08,64
7.44000035338,2544.34766248,-238.911510678,31.8522529602,-480.225341797,1.90532135963,0.145714759827,101.32849884,39.2498588562,0.973166584969,0.000232830643654,0.000465661287308,1,536.159379408,4.52919720009,-0.866377200755,93.9503910225,15.4619095948,97.6479132078,106.447587314,5150.0024274,0.00419095158577,637.784774881,630.129885394,9,70.2954421286,27.3166861007,47.0666309411,0.00268836038153,0.00264299160335,4.53687781787e-05,-0.000314685166813,1069.51809339,2509,5.01800023834,536.15928357,536.159262992,-0.47782305046,-0.000178260961547,0.0127616384998,1,3720,-2.32357228924e-06,2.32357228924e-06,1.41038000584,0,0,0,0,0.00013917448814,9.13459007279e-05,2.89247236651e-05,4.64728593386e-08,1.49435152252e-06,2.89246836473e-05,4.70948720022e-08,1.37476974249e-11,1.49011611938e-08,1.85515887097e-08,64
7.45600035414,2540.69711082,-219.993438805,29.3300514221,-480.957580566,1.74548840523,0.134653702378,101.328590393,39.2498893738,0.973166644573,0.000232830643654,0.000465661287308,1,536.159379408,4.97826818495,-0.754547341441,92.958940001,15.050384722,101.999408798,108.604785055,5150.00335872,0.00419095158577,637.784774881,630.129885394,9,70.2954421286,27.3752739304,46.9833212264,0.00275839147357,0.00267755240202,8.08390715479e-05,0.000582076609135,1069.51809339,2509,5.01800023834,536.15928357,536.159262992,-0.439986905576,-6.30109298072e-05,0.0106972549111,1,3728,-2.23443021241e-06,2.23443021241e-06,1.41118586063,0,0,0,0,0.000113937683636,7.4783929449e-05,2.84939687845e-05,5.97544627112e-08,1.48941421685e-06,2.84939760604e-05,5.97544627112e-08,9.20612197586e-12,1.49011611938e-08,1.69796585681e-08,64
7.4720003549,2537.3371318,-202.432478545,26.9887828827,-481.651367188,1.59893250465,0.124296724796,101.328590393,39.2499351501,0.973166644573,0.000232830643654,0.000465661287308,1,536.159379408,5.35511232364,-0.653027967536,91.9784102863,14.6475452547,105.651030026,110.563094495,5150.0024274,0.00419095158577,637.784774881,630.129885394,9,70.2954421286,27.5074380625,46.9390979561,0.0030176827287,0.00301588443108,1.79829762192e-06,-0.00068757799454,1069.51809339,2509,5.01800023834,536.15928357,536.159262992,-0.404864977099,-2.75122147286e-05,0.00900855474174,1,3736,-2.25483881877e-06,2.25483881877e-06,1.4121901989,0,0,0,0,9.32784168981e-05,6.12253643339e-05,2.85290770989e-05,4.58039863815e-08,1.49047730247e-06,2.85290261672e-05,4.67016576522e-08,1.19775717122e-11,1.49011611938e-08,1.08399831333e-08,64
7.48800035566,2534.24607217,-186.165998457,24.8200950623,-482.304382324,1.46458876133,0.114623650908,101.32849884,39.2499542236,0.973166584969,0.000232830643654,0.000465661287308,1,536.159379408,5.67312579648,-0.558444625992,91.0087066556,14.2568045589,108.732579974,112.38760635,5150.0024274,0.00419095158577,637.784774881,630.129885394,9,70.2954421286,27.6808823401,46.9241531391,0.00302814191777,0.00304135028273,-1.32083649573e-05,-0.00071304384619,1069.51809339,2509,5.01800023834,536.15928357,536.159262992,-0.372332010556,3.58113538823e-05,0.00803656876087,1,3744,-2.33133800975e-06,2.33133800975e-06,1.4122774601,0,0,0,0,7.63659772929e-05,5.01253962284e-05,2.85949354293e-05,4.60555149573e-08,1.49535867422e-06,2.85948717647e-05,4.59061695324e-08,1.40492478762e-11,1.49011611938e-08,1.76410352992e-08,64
7.50400035642,2531.404607,-171.114341356,22.8133735657,-482.917816162,1.34146153927,0.105610750616,101.32849884,39.2499847412,0.973166584969,0.000232830643654,0.000465661287308,1,536.159379408,5.94305182553,-0.468748541744,90.0496606381,13.8805139019,111.348163045,114.117843623,5150.0024274,0.00419095158577,637.784774881,630.129885394,9,70.2954421286,27.8776460618,46.9310871267,0.00278817742505,0.00275394995697,3.4227468082e-05,-0.00042564352043,1069.51809339,2509,5.01800023834,536.15928357,536.159262992,-0.342228702266,-3.23439053318e-05,0.0076141199097,1,3752,-2.15292243411e-06,2.15292243411e-06,1.41779434681,0,0,0,0,6.2520535721e-05,4.10380562244e-05,2.87516777462e-05,4.60254305779e-08,1.49426239204e-06,2.87516777462e-05,4.76753356793e-08,1.39011996358e-11,1.49011611938e-08,2.1054802346e-08,64
7.52000035718,2528.79341133,-157.20781812,20.9593219757,-483.491546631,1.22863531113,0.097230270505,101.328140259,39.2500038147,0.97316634655,0.000232830643654,0.000465661287308,1,536.159379408,6.17353003604,-0.382665539449,89.1011843361,13.5202591073,113.581496407,115.778384497,5150.0024274,0.00419095158577,637.784774881,630.129885394,9,70.2954421286,28.087215469,46.9541373604,0.00284331554135,0.00279396772385,4.9347817499e-05,-0.000465661287308,1069.51809339,2509,5.01800023834,536.15928357,536.159262992,-0.314415643743,9.42748101807e-05,0.00728258024901,1,3760,-2.22924268201e-06,2.22924268201e-06,1.41287612915,0,0,0,0,5.11857142556e-05,3.35983495461e-05,2.81304382952e-05,4.52236292858e-08,1.49354684709e-06,2.81304310192e-05,4.55518254228e-08,1.02917396827e-11,1.49011611938e-08,1.53941073222e-08,64
7.53600035794,2526.39502287,-144.3723595,19.2480678558,-484.026763916,1.12526071072,0.0894523710012,101.328140259,39.250038147,0.97316634655,0.000232830643654,0.000465661287308,1,536.159379408,6.37152450073,-0.29938845827,88.1631312529,13.1769411279,115.500064567,117.384799523,5150.0024274,0.00419095158577,637.784774881,630.129885394,9,70.2954421286,28.3032622974,46.9888036605,0.00270024065607,0.00276486389339,-6.46232373169e-05,-0.000436557456851,1069.51809339,2509,5.01800023834,536.15928357,536.159262992,-0.28874472946,3.4731328924e-05,0.00701019261032,1,3768,-2.20620859182e-06,2.20620859182e-06,1.41214072704,0,0,0,0,4.19061216235e-05,2.75074853562e-05,2.82825130853e-05,4.51643522581e-08,1.49096035784e-06,2.82824912574e-05,4.63305802612e-08,1.30747357385e-11,1.49011611938e-08,2.01667074151e-08,64
7.5520003587,2524.19291064,-132.534798468,17.6698570251,-484.525238037,1.03055608273,0.0822463035583,101.328140259,39.2500648499,0.97316634655,0.000232830643654,0.000465661287308,1,536.159379408,6.54265244097,-0.218402772514,87.2354208158,12.8510379082,117.158291687,118.947013107,5150.00335872,0.00419095158577,637.784774881,630.129885394,9,70.2954421286,28.5219157377,47.0316008432,0.00285225416896,0.00293766788673,-8.54137177653e-05,0.000321961124428,1069.51809339,2509,5.01800023834,536.15928357,536.159262992,-0.265069616034,0.000108343556349,0.0067771859467,1,3776,-2.3147945285e-06,2.3147945285e-06,1.41388368607,0,0,0,0,3.43090250681e-05,2.25208768825e-05,2.84029119939e-05,4.58651463475e-08,1.49674235672e-06,2.84029956674e-05,4.60684184134e-08,9.47261713513e-12,1.49011611938e-08,1.17271952149e-08,64
7.56800035946,2522.17170782,-121.62476196,16.215303421,-484.988708496,0.943800926208,0.0755801573396,101.328140259,39.2500991821,0.97316634655,0.000232830643654,0.000465661287308,1,536.159379408,6.69145204062,-0.139367534699,86.3179211778,12.5425933972,118.600160931,120.471602713,5150.0024274,0.00419095158577,637.784774881,630.129885394,9,70.2954421286,28.7408020085,47.0798258903,0.00284479347024,0.00284853740595,-3.743935717e-06,-0.000520230969414,1069.51809339,2509,5.01800023834,536.15928357,536.159262992,-0.24324953074,0.000174338765646,0.00657106470317,1,3784,-2.33499508795e-06,2.33499508795e-06,1.40773224831,0,0,0,0,2.80893218587e-05,1.84383006854e-05,2.88765986625e-05,4.63319871358e-08,1.49465085997e-06,2.88765295409e-05,4.6608413129e-08,9.98698346244e-12,1.49011611938e-08,1.73024279349e-08,64
7.58400036022,2520.31721175,-111.583198304,14.8765382767,-485.418182373,0.864333748817,0.0694213062525,101.328056335,39.2501220703,0.973166286945,0.000232830643654,0.000465661287308,1,536.159379408,6.82160859976,-0.0620594379551,85.4105078171,12.2514519424,119.861375424,121.96287571,5150.00289306,0.00419095158577,637.784774881,630.129885394,9,70.2954421286,28.9584604616,47.1313942398,0.002908884425,0.0029758666642,-6.69822391997e-05,-0.000181898940355,1069.51809339,2509,5.01800023834,536.15928357,536.159262992,-0.223166409796,0.000114653175842,0.00638394942507,1,3792,-2.23831375479e-06,2.23831375479e-06,1.40785634518,0,0,0,0,2.29972338275e-05,1.50958503582e-05,2.90134594252e-05,4.66371758989e-08,1.49204868194e-06,2.90134394163e-05,4.65621532442e-08,1.42240524914e-11,1.49011611938e-08,2.00405452233e-08,64
7.60000036098,2518.61591823,-102.348705695,13.6453742981,-485.815124512,0.791550755501,0.0637364536524,101.327827454,39.2501449585,0.973166108131,0.000232830643654,0.000465661287308,1,536.159379408,6.93611201841,0.0136738957921,84.513122135,11.9772253284,120.970915304,123.423771583,5150.00289306,0.00419095158577,637.784774881,630.129885394,9,70.2954421286,29.173990697,47.1847197332,0.0028686534953,0.00287946022581,-1.08067305105e-05,-8.54925019667e-05,1069.51809339,2509,5.01800023834,536.15928357,536.159262992,-0.204697414574,3.92788024328e-05,0.00621077558026,1,3800,-2.17629781218e-06,2.17629781218e-06,1.41263079643,0,0,0,0,1.88282974705e-05,1.23593326862e-05,2.82175551547e-05,4.51534276635e-08,1.49546838202e-06,2.82175697066e-05,4.58649971335e-08,1.41470724024e-11,1.49011611938e-08,1.13993099404e-08,64
7.61600036174,2517.05572009,-93.8549783314,12.5129699707,-486.182525635,0.724891066551,0.0584942363203,101.327644348,39.2501678467,0.973165988922,0.000232830643654,0.000465661287308,1,536.159379408,7.03740191943,0.0879392147078,83.6255956608,11.7194044801,121.952412883,124.85634943,5150.00289306,0.00419095158577,637.784774881,630.129885394,9,70.2954421286,29.386856113,47.2385836474,0.00279413177318,0.00287946022581,-8.5328452637e-05,-8.54925019667e-05,1069.51809339,2509,5.01800023834,536.15928357,536.159262992,-0.18770997201,4.84732254336e-05,0.0060482644476,1,3808,-2.23408528655e-06,2.23408528655e-06,1.40956127644,0,0,0,0,1.54151475726e-05,1.01188943518e-05,2.92226159218e-05,4.70657610663e-08,1.49525033066e-06,2.92227341561e-05,4.82721382866e-08,1.15677328827e-11,1.49011611938e-08,1.53534074343e-08,64
7.6320003625,2515.62497579,-86.0470245243,11.4719953537,-486.521972656,0.663844525814,0.0536648929119,101.327598572,39.2501869202,0.973165988922,0.000232830643654,0.000465661287308,1,536.159379408,7.12746607589,0.160814221614,82.7478990951,11.4773631255,122.825134895,126.262108097,5150.0024274,0.00419095158577,637.784774881,630.129885394,9,70.2954421286,29.5967456623,47.2921019536,0.00269726348201,0.00267755240202,1.97110799904e-05,-0.000349245965481,1069.51809339,2509,5.01800023834,536.15928357,536.159262992,-0.172094061668,3.22160076394e-05,0.00589427957311,1,3816,-2.19573530558e-06,2.19573530558e-06,1.41568565369,0,0,0,0,1.26207451103e-05,8.28460179036e-06,2.88591363642e-05,5.2453763999e-08,1.49318532294e-06,2.88591181743e-05,5.2453763999e-08,1.32789335083e-11,1.49011611938e-08,1.96919245354e-08,64
7.64800036326,2514.3136736,-78.8770848885,10.51608181,-486.834899902,0.607938230038,0.0492199324071,101.327507019,39.2502174377,0.973165929317,0.000232830643654,0.000465661287308,1,536.159379408,7.20794616308,0.232360760809,81.8799005912,11.2504429464,123.604986584,127.642240841,5150.00382438,0.00419095158577,637.784774881,630.129885394,9,70.2954421286,29.8034810839,47.3446016258,0.002874600738,0.00283034751192,4.42532260836e-05,0.000894942786545,1069.51809339,2509,5.01800023834,536.15928357,536.159262992,-0.157754172392,-0.000105004005491,0.00574734387919,1,3824,-2.45011233346e-06,2.45011233346e-06,1.41100871563,0,0,0,0,1.03329193735e-05,6.7828259489e-06,2.84133384412e-05,4.51377495381e-08,1.48863944105e-06,2.8413373002e-05,4.53312480886e-08,1.32095862027e-11,1.49011611938e-08,2.68640860668e-08,64
7.66400036402,2513.11156899,-72.2931727068,9.63829898834,-487.12322998,0.556739270687,0.0451318733394,101.327323914,39.2502365112,0.973165810108,0.000232830643654,0.000465661287308,1,536.159379408,7.28018628548,0.302624111701,81.0214536527,11.0379123762,124.304991914,128.997620777,5150.00289306,0.00419095158577,637.784774881,630.129885394,9,70.2954421286,30.0069823425,47.3956133646,0.00299829201744,0.00297950464301,1.87873744339e-05,-0.000185536919162,1069.51809339,2509,5.01800023834,536.15928357,536.159262992,-0.14458635178,-1.47792889038e-06,0.00560649810359,1,3832,-2.43612953454e-06,2.43612953454e-06,1.40979099274,0,0,0,0,8.45982776809e-06,5.55328597329e-06,2.81600368908e-05,5.20636866952e-08,1.49479637912e-06,2.81600878225e-05,5.20636866952e-08,1.38826727891e-11,1.49011611938e-08,1.631866553e-08,64
7.68000036478,2512.01004721,-66.2487145746,8.83243656158,-487.389007568,0.509853303432,0.0413744002581,101.327323914,39.2502632141,0.973165810108,0.000232830643654,0.000465661287308,1,536.159379408,7.34530485156,0.371641999972,80.1725216555,10.8390517516,124.935992062,130.328975501,5150.00289306,0.00419095158577,637.784774881,630.129885394,9,70.2954421286,30.207218515,47.4448061141,0.00313834709609,0.00319414539263,-5.57982965388e-05,-0.00040017766878,1069.51809339,2509,5.01800023834,536.15928357,536.159262992,-0.132497433469,1.67972302734e-05,0.00547108240426,1,3840,-2.21156369662e-06,2.21156369662e-06,1.41263270378,0,0,0,0,6.92628782417e-06,4.54663222627e-06,2.78648840322e-05,4.47886385757e-08,1.49407071603e-06,2.78648694803e-05,4.55821052014e-08,1.42579142937e-11,1.49011611938e-08,2.78985226032e-08,64
7.69600036554,2511.00072637,-60.7036017755,8.09314918518,-487.633392334,0.466917276382,0.0379226543009,101.327140808,39.2502822876,0.973165631294,0.000232830643654,0.000465661287308,1,536.159379408,7.40422570426,0.439449862302,79.3329507783,10.6531121095,125.506936456,131.636988954,5150.00335872,0.00419095158577,637.784774881,630.129885394,9,70.2954421286,30.4041914205,47.4919543194,0.00310854693375,0.00306681613438,4.17307993716e-05,0.000192812876776,1069.51809339,2509,5.01800023834,536.15928357,536.159262992,-0.121407211395,0.000102446051642,0.00534054543823,1,3848,-2.1938003556e-06,2.1938003556e-06,1.41681623459,0,0,0,0,5.67074175706e-06,3.72245790459e-06,2.89130894089e-05,4.61630875748e-08,1.49456843701e-06,2.89130966848e-05,4.60227091992e-08,1.11232689726e-11,1.49011611938e-08,1.33262361146e-08,64
7.7120003663,2510.07569022,-55.6174381927,7.41505002975,-487.857910156,0.427597224712,0.0347534306347,101.327140808,39.2503166199,0.973165631294,0.000232830643654,0.000465661287308,1,536.159379408,7.45772115429,0.506076339881,78.5026457985,10.4793838582,126.02530478,132.922214107,5150.00335872,0.00419095158577,637.784774881,630.129885394,9,70.2954421286,30.5979338009,47.5369270134,0.00334991119566,0.00340332917403,-5.3417978374e-05,-0.00014370016288,1069.51809339,2509,5.01800023834,536.15928357,536.159262992,-0.111234882638,0.000174665615305,0.00521455425769,1,3856,-2.1883233785e-06,2.1883233785e-06,1.41478073597,0,0,0,0,4.64279537482e-06,3.04768309434e-06,2.76207574643e-05,4.49012347303e-08,1.49351592427e-06,2.76207629213e-05,4.58549926918e-08,1.27510918491e-11,1.49011611938e-08,1.35154891723e-08,64
7.72800036706,2509.22818668,-50.9514029545,6.79296302795,-488.064422607,0.391594409943,0.0318439975381,101.327049255,39.2503433228,0.97316557169,0.000232830643654,0.000465661287308,1,536.159379408,7.50763018928,0.574891307746,77.6815554424,10.3171683928,126.508923131,134.249654366,5150.00335872,0.00419095158577,637.784774881,630.129885394,9,70.2954421286,30.6849906337,47.5496854051,0.00348696778396,0.00344516593032,4.18018536452e-05,-0.000185536919162,1069.51809339,2509,5.01800023834,536.15928357,536.159262992,-0.101902813299,-7.70086217017e-05,0.00580592872575,1,3864,-2.25268945542e-06,2.25268945542e-06,1.41288375854,0,0,0,0,3.80118876819e-06,2.49522690865e-06,2.86348877125e-05,4.57881803584e-08,1.4987843997e-06,2.86349168164e-05,4.58205136056e-08,1.45474743363e-11,1.49011611938e-08,2.71129465546e-08,64
7.74400036782,2508.45216215,-46.672004828,6.22242307663,-488.254486084,0.358628928661,0.0291739311069,101.326957703,39.2503585815,0.973165512085,0.000232830643654,0.000465661287308,1,536.159379408,7.55867274019,0.659568516838,76.8694819398,10.1661791297,127.003528178,135.883077746,5150.00382438,0.00419095158577,637.784774881,630.129885394,9,70.2954421286,30.2855478367,47.4287480756,0.00350783642411,0.00356885720976,-6.10207856466e-05,0.000156433088705,1069.51809339,2509,5.01800023834,536.15928357,536.159262992,-0.0933440134077,-2.10746975426e-05,0.00743335159495,1,3872,-2.26545535043e-06,2.26545535043e-06,1.41265773773,0,0,0,0,3.1121428492e-06,2.0429149572e-06,2.83199551632e-05,4.48698358468e-08,1.49295840401e-06,2.83198769466e-05,4.56788349368e-08,1.26094412689e-11,1.49011611938e-08,1.82682811101e-08,64
7.76000036858,2507.74109736,-42.7550367021,5.70020389557,-488.428039551,0.328445732594,0.0267236102372,101.326911926,39.2503814697,0.973165512085,0.000232830643654,0.000465661287308,1,536.159379408,7.6122368604,0.763885914787,76.0663959914,10.026330918,127.52256589,137.89536024,5150.00335872,0.00419095158577,637.784774881,630.129885394,9,70.2954421286,29.3380817311,47.1590246889,0.00342735324843,0.0034870026866,-5.96494381666e-05,-0.000227373675443,1069.51809339,2509,5.01800023834,536.15928357,536.159262992,-0.0855100807939,6.12345729678e-05,0.00913828331977,1,3880,-2.22447511078e-06,2.22447511078e-06,1.41541576385,0,0,0,0,2.54800215771e-06,1.67259565842e-06,2.9050734156e-05,4.64096316932e-08,1.49163565766e-06,2.90507305181e-05,4.7626166122e-08,1.15919912558e-11,1.49011611938e-08,2.10512212107e-08,64
7.77600036934,2507.08987005,-39.1600951843,5.22091770172,-488.587982178,0.300805181265,0.0244767926633,101.326652527,39.2504005432,0.973165333271,0.000232830643654,0.000465661287308,1,536.159379408,7.66787390469,0.881810768332,75.2722389987,9.89746169598,128.061685245,140.17013018,5150.00382438,0.00419095158577,637.784774881,630.129885394,9,70.2954421286,28.0331987597,46.7679201392,0.00341687274308,0.00352883944288,-0.000111966699801,0.000196450855583,1069.51809339,2509,5.01800023834,536.15928357,536.159262992,-0.0783201912213,0.000321925597291,0.0103669790551,1,3888,-2.22844710152e-06,2.22844710152e-06,1.4104912281,0,0,0,0,2.08612368624e-06,1.36940411721e-06,2.88718183583e-05,4.64163960601e-08,1.49113850512e-06,2.88719384116e-05,4.69265692971e-08,8.45473691058e-12,1.49011611938e-08,1.34218680614e-08,64
7.7920003701,2506.49312511,-35.8687029802,4.78210115433,-488.734191895,0.275492995977,0.0224175732583,101.326652527,39.2504234314,0.973165333271,0.000232830643654,0.000465661287308,1,536.159379408,7.724390843,1.00375946601,74.4868644652,9.77916676734,128.609332023,142.522520036,5150.00289306,0.00419095158577,637.784774881,630.129885394,9,70.2954421286,26.6314000328,46.2966636405,0.00338705836989,0.00337331584888,1.37425210101e-05,-0.000579348125029,1069.51809339,2509,5.01800023834,536.15928357,536.159262992,-0.0717374106785,2.557243306e-05,0.0109049091116,1,3896,-2.41261204792e-06,2.41261204792e-06,1.41265451908,0,0,0,0,1.70797216015e-06,1.12117209028e-06,2.75768179563e-05,4.48250858653e-08,1.49318532294e-06,2.75767706626e-05,4.5775305324e-08,1.32951982756e-11,1.49011611938e-08,2.02881551559e-08,64
7.80800037086,2505.94690442,-32.8487731167,4.37947702408,-488.868988037,0.252314865589,0.0205305125564,101.326469421,39.2504463196,0.973165214062,0.000232830643654,0.000465661287308,1,536.159379408,7.78025266771,1.12152963995,73.7102211173,9.67092606987,129.150634166,144.794306834,5150.00382438,0.00419095158577,637.784774881,630.129885394,9,70.2954421286,25.3364614764,45.7906535303,0.00322169375899,0.00328782334691,-6.61295879167e-05,0.000437466951553,1069.51809339,2509,5.01800023834,536.15928357,536.159262992,-0.0656975487345,3.93072241422e-05,0.0108195133507,1,3904,-2.39209020947e-06,2.39209020947e-06,1.41420280933,0,0,0,0,1.39836788549e-06,9.17937370559e-07,2.84215384454e-05,4.58434890049e-08,1.49060406329e-06,2.84215166175e-05,4.65584655274e-08,1.3093345852e-11,1.49011611938e-08,1.76129901774e-08,64
7.82400037162,2505.44655137,-30.0816591334,4.01055860519,-488.992584229,0.231093645096,0.018800644204,101.326469421,39.2504768372,0.973165214062,0.000232830643654,0.000465661287308,1,536.159379408,7.83385570103,1.23034842597,72.9422576812,9.57203733642,129.670050228,146.893420606,5150.00289306,0.00419095158577,637.784774881,630.129885394,9,70.2954421286,24.253700758,45.2931308246,0.00314420196823,0.00303771230392,0.000106489664309,-0.000243744580075,1069.51809339,2509,5.01800023834,536.15928357,536.159262992,-0.0601633232122,9.30171495384e-05,0.0103119267151,1,3912,-2.35955621974e-06,2.35955621974e-06,1.4131911993,0,0,0,0,1.14488557301e-06,7.51543211663e-07,2.81770080619e-05,4.53070576611e-08,1.49421396145e-06,2.81770699075e-05,4.56112765335e-08,1.37601041672e-11,1.49011611938e-08,1.19831646828e-08,64
7.84000037238,2504.98810783,-27.5484017038,3.67281866074,-489.105529785,0.211662471294,0.0172154065222,101.326377869,39.2504920959,0.973165154457,0.000232830643654,0.000465661287308,1,536.159379408,9.724607845,1.81201353275,72.1828423101,9.48201712888,129.812397063,148.448350956,5150.00335872,0.00419095158577,637.784774881,630.129885394,9,70.2954421286,23.6652140302,45.0447441835,0.00303394172285,0.00305317371385,-1.92319909997e-05,0.000206455297302,1069.51809339,2509,5.01800023834,536.15928357,536.159262992,-0.0550968053403,-0.000316887849294,0.00497467303649,1,3920,-2.30721752814e-06,2.30721752814e-06,1.41034626961,0,0,0,0,9.37352240271e-07,6.15311193997e-07,2.82802557194e-05,4.49668675628e-08,1.49488994339e-06,2.82801993308e-05,4.5261323578e-08,1.33451028006e-11,1.49011611938e-08,1.5477269244e-08,64
7.85600037314,2504.56854701,-25.2300487773,3.3637304306,-489.208892822,0.193867072463,0.0157634168863,101.326286316,39.2505149841,0.973165035248,0.000232830643654,0.000465661287308,1,536.159379408,16.0166951298,3.50492022634,71.4319017559,9.40151918745,129.812397063,148.61820091,5150.00289306,0.00419095158577,637.784774881,630.129885394,9,70.2954421286,23.9303753915,44.7701204394,0.0032231628061,0.00325962901115,-3.64662050556e-05,-0.000465661287308,1069.51809339,2509,5.01800023834,536.15928357,536.159262992,-0.050460098322,-6.41513508981e-05,0.00280566653237,1,3928,-2.38084726334e-06,2.38084726334e-06,1.40825605392,0,0,0,0,7.6743867794e-07,5.03774003846e-07,2.82239507214e-05,4.48239276807e-08,1.49513994074e-06,2.82239998342e-05,4.54230786318e-08,1.11277098647e-11,1.49011611938e-08,1.36675044615e-08,64
7.8720003739,2504.18414362,-23.1030207942,3.08014988899,-489.303985596,0.177574232221,0.0144331166521,101.326286316,39.2505455017,0.973165035248,0.000232830643654,0.000465661287308,1,536.159379408,26.5361677282,6.31910854606,70.6893847447,9.32997492295,129.812397063,148.61820091,5150.00289306,0.00419095158577,637.784774881,630.129885394,9,70.2954421286,24.0417466557,44.5281802968,0.00325445688454,0.00318868842442,6.57684601224e-05,-0.000394720700569,1069.51809339,2509,5.01800023834,536.15928357,536.159262992,-0.0462060434359,-0.000127254651261,0.00278603448533,1,3936,-2.27864234148e-06,2.27864234148e-06,1.41162836552,0,0,0,0,6.28325324215e-07,4.12455051446e-07,2.83192457573e-05,4.79065036529e-08,1.49420463913e-06,2.83192021016e-05,4.79065036529e-08,1.40536887683e-11,1.49011611938e-08,1.73685172911e-08,64
7.88800037466,2503.83233652,-21.1562255572,2.82059860229,-489.391052246,0.162656754255,0.0132141960785,101.326057434,39.2505645752,0.973164916039,0.000232830643654,0.000465661287308,1,536.159379408,40.9394009341,10.1229443792,69.9551887292,9.37006091642,129.812397063,148.260922288,5150.00335872,0.00419095158577,637.784774881,630.487164017,9,70.2954421286,24.1171001107,44.3737299065,0.0033408713157,0.00332966010319,1.12112125139e-05,-7.00310920365e-05,1069.51809339,2509,5.01800023834,536.15928357,536.159262992,-0.042312453985,-6.27231599992e-05,0.00276628835127,1,3944,-2.27869236369e-06,2.27869236369e-06,1.41675233841,0,0,0,0,5.14429018494e-07,3.37689442631e-07,2.83361896436e-05,5.20273886195e-08,1.48948106471e-06,2.83361732727e-05,5.20273886195e-08,1.10512432538e-11,1.49011611938e-08,2.0540596779e-08,64
7.90400037542,2503.51033174,-19.3747218873,2.58308434486,-489.47064209,0.148997619748,0.0120975114405,101.326194763,39.2505912781,0.973164975643,0.000232830643654,0.000465661287308,1,536.159379408,58.7559380347,13.8252023543,69.2292990596,10.9225409664,129.812397063,142.585282447,5150.00382438,0.00419095158577,637.784774881,636.162760202,9,70.2954421286,24.2582336796,44.3413227913,0.00343477164766,0.00341606209986,1.87095477999e-05,0.000309228198603,1069.51809339,2509,5.01800023834,536.15928357,536.159262992,-0.038749444542,0.000332388339075,0.00674004526809,1,3952,-2.25471740123e-06,2.25471740123e-06,1.41017508507,0,0,0,0,4.2117866883e-07,2.76476640693e-07,2.81344800896e-05,4.45535803806e-08,1.49765469359e-06,2.81345655821e-05,4.56193021137e-08,1.38124511828e-11,1.49011611938e-08,1.75800209945e-08,64
7.92000037618,2503.21510248,-17.7410474862,2.36527895927,-489.543731689,0.136489257216,0.0110749099404,101.347801208,39.2395629883,0.973180055618,0.000232830643654,0.000465661287308,1,536.159379408,77.0864504352,16.8848675982,73.2701825512,13.3070995183,126.622282551,133.610781631,5150.00335872,0.00419095158577,640.974903945,645.137333777,9,70.2954421286,24.6900817729,44.608983444,0.00348419611218,0.00347608875018,8.10736200396e-06,-0.000216459739022,1069.51809339,2509,5.01800023834,536.15928357,536.159262992,-0.035482095484,9.1837648597e-05,0.0168949961662,1,3960,-2.21689197133e-06,2.21689197133e-06,1.41495394707,0,0,0,0,3.44831732946e-07,2.26359830435e-07,2.83836488961e-05,4.53362609676e-08,1.49505410718e-06,2.83836016024e-05,4.62383376032e-08,1.350720924e-11,1.49011611938e-08,1.35331674755e-08,64
7.93600037694,2502.9447861,-16.2454653037,2.16588425636,-489.610534668,0.125034570694,0.0101388189942,101.408912659,39.2086753845,0.973222494125,0.000232830643654,0.000465661287308,1,536.159379408,89.092921939,19.2415387288,83.9797067626,15.7093987843,115.634102258,124.035243061,5150.00382438,0.00419095158577,651.962996926,654.712901451,9,70.2954421286,25.638302759,45.3250249848,0.00358731007399,0.00353247742169,5.48326523075e-05,0.000192812876776,1069.51809339,2509,5.01800023834,536.15928357,536.159262992,-0.0324909308347,-0.000105359276859,0.0257989261299,1,3968,-2.22818925977e-06,2.22818925977e-06,1.41133749485,0,0,0,0,2.82324180034e-07,1.85327664326e-07,2.86191025225e-05,4.51855051153e-08,1.49551681261e-06,2.86191534542e-05,4.70702588018e-08,1.26673949108e-11,1.49011611938e-08,1.7081902115e-08,64
7.9520003777,2502.69728713,-14.8755189002,1.98323976994,-489.671844482,0.114545829594,0.00928163342178,101.455665588,39.1850318909,0.973254859447,0.000232830643654,0.000465661287308,1,536.159379408,97.3296381662,20.9482089882,92.5084928656,17.774650117,104.199476482,115.115042718,5150.00382438,0.00419095158577,663.397659082,663.63310907,9,70.2954421286,27.158015655,46.4234763058,0.00345759339215,0.00342333805747,3.42553346799e-05,0.000301952240989,1069.51809339,2509,5.01800023834,536.15928357,536.159262992,-0.0297510389657,-5.12834219535e-05,0.0314746201038,1,3976,-2.26466545428e-06,2.26466545428e-06,1.41192114353,0,0,0,0,2.31147339491e-07,1.5173338852e-07,2.87435796054e-05,4.56407995841e-08,1.49724053244e-06,2.87435977953e-05,4.67499887691e-08,8.72613092895e-12,1.49011611938e-08,1.35176492222e-08,64
7.96800037846,2502.47074291,-13.6224662128,1.81617975235,-489.727813721,0.104939162731,0.00849695410579,101.487510681,39.1689910889,0.973276913166,0.000232830643654,0.000465661287308,1,536.159379408,102.846172586,22.1088871591,98.6947429095,19.3909998512,94.0092504607,107.329040475,5150.00289306,0.00465661287308,673.587899655,671.419024002,9,70.2954421286,29.1510386887,47.7118883282,0.00358389946886,0.00368345354218,-9.95540733184e-05,-0.000889485818334,1069.51809339,2509,5.01800023834,536.15928357,536.159262992,-0.0272449334204,3.74811293113e-06,0.0309141781181,1,3984,-2.17586125473e-06,2.17586125473e-06,1.41439664364,0,0,0,0,1.89247316484e-07,1.24228719756e-07,2.90496282105e-05,4.64296334712e-08,1.49580500874e-06,2.90496300295e-05,4.63817215746e-08,1.37290040447e-11,1.49011611938e-08,2.26215206567e-08,64
7.98400037922,2502.26329081,-12.4730140669,1.66293203831,-489.77935791,0.096142411232,0.00777855794877,101.508796692,39.1582298279,0.973291635513,0.000232830643654,0.000465661287308,1,536.159379408,106.420267268,22.8329712605,103.001385523,20.5654248782,85.4658937897,100.764082163,5150.00335872,0.00465661287308,682.131329086,677.98391683,9,70.2954421286,31.2453994411,48.9074482175,0.00367916903887,0.00375439412892,-7.5225090046e-05,-0.000494765117764,1069.51809339,2509,5.01800023834,536.15928357,536.159262992,-0.0249460292423,3.31503713369e-05,0.0277027022094,1,3992,-2.11118754123e-06,2.11118754123e-06,1.41180098057,0,0,0,0,1.54942526365e-07,1.01709815681e-07,2.90942989523e-05,4.66429739276e-08,1.49401591898e-06,2.90942953143e-05,4.73951331514e-08,1.32338445757e-11,1.49011611938e-08,1.71246892222e-08,64
8.00000037998,2502.073301,-11.4220874821,1.52281999588,-489.826293945,0.088088363409,0.00712038343772,101.523246765,39.1509056091,0.973301649094,0.000232830643654,0.000465661287308,1,536.159379408,108.645254615,23.2159659591,105.89951651,21.3537366645,78.5332449595,95.3369089984,5150.00335872,0.00465661287308,689.064036123,683.411082719,9,70.2954421286,32.8140304191,49.7361070302,0.0036596717462,0.00371073838323,-5.10666370301e-05,-0.000451109372079,1069.51809339,2509,5.01800023834,536.15928357,536.159262992,-0.0228441763284,2.67732502834e-05,0.0237548034638,1,4000,-2.19886328523e-06,2.19886328523e-06,1.4123994112,0,0,0,0,1.26856150473e-07,8.32729156741e-08,2.83814915747e-05,4.53681714419e-08,1.49439176766e-06,2.83815043076e-05,4.58511806301e-08,1.39904060559e-11,1.49011611938e-08,1.79582571036e-08,64
8.01600038074,2501.89937651,-10.459848454,1.39453196526,-489.86932373,0.0807141438127,0.00651738373563,101.533302307,39.1458091736,0.973308563232,0.000232830643654,0.000465661287308,1,536.159379408,109.92580896,23.3353513703,107.757369224,21.8235927419,73.0181200197,90.9086884349,5150.00382438,0.00465661287308,694.579211995,687.83928873,9,70.2954421286,33.8834470313,50.3227565787,0.00367746373631,0.00366708263755,1.03810987584e-05,5.82076609135e-05,1069.51809339,2509,5.01800023834,536.15928357,536.159262992,-0.0209196979739,0.000197770688715,0.019944049418,1,4008,-2.14519423025e-06,2.14519423025e-06,1.4127240181,0,0,0,0,1.03860976708e-07,6.81780605305e-08,2.90038169624e-05,4.61520102135e-08,1.49365234847e-06,2.90038206003e-05,4.61742430957e-08,1.44571160599e-11,1.49011611938e-08,2.00171257347e-08,64
8.0320003815,2501.73988752,-9.57845350058,1.27702236176,-489.908630371,0.0739613026381,0.00596514949575,101.540367126,39.1422195435,0.973313450813,0.000232830643654,0.000465661287308,1,536.159379408,110.519126711,23.2510683281,108.83353179,22.03755623,68.6989878886,87.335385615,5150.00335872,0.00465661287308,698.898278642,691.412598826,9,70.2954421286,34.7300920112,50.8558077854,0.00354928182678,0.00354521034751,4.07147926484e-06,-0.000285581336357,1069.51809339,2509,5.01800023834,536.15928357,536.159262992,-0.0191569071717,6.4794392074e-05,0.0165883023292,1,4016,-2.09263953366e-06,2.09263953366e-06,1.41665804386,0,0,0,0,8.50341308478e-08,5.58194450662e-08,2.91757933155e-05,4.66362095608e-08,1.49130210048e-06,2.91757387458e-05,4.66780107899e-08,1.12373860217e-11,1.49011611938e-08,1.56072701429e-08,64
8.04800038226,2501.59413554,-8.77066304383,1.16932570934,-489.944854736,0.0677776858211,0.00545949209481,101.545402527,39.139667511,0.973316967487,0.000232830643654,0.000465661287308,1,536.159379408,110.582684175,23.0084007014,109.300467096,22.0485983963,65.3780371067,84.4886890263,5150.00335872,0.00465661287308,702.219258528,694.259302691,9,70.2954421286,35.4544536094,51.3737177243,0.00333611900605,0.00338877725881,-5.26582527582e-05,-0.000129148247652,1069.51809339,2509,5.01800023834,536.15928357,536.159262992,-0.0175413266135,-0.000153802304226,0.0137396771461,1,4024,-2.20262586481e-06,2.20262586481e-06,1.41264533997,0,0,0,0,6.96200217476e-08,4.57010713717e-08,2.79206069536e-05,4.44173871017e-08,1.49217748913e-06,2.79206469713e-05,4.5178474295e-08,1.34301042509e-11,1.49011611938e-08,1.49813672579e-08,64
8.06400038302,2501.46049075,-8.03216789791,1.07086777687,-489.977783203,0.0621155574918,0.00499650463462,101.548927307,39.1378593445,0.973319411278,0.000232830643654,0.000465661287308,1,536.159379408,110.210700512,22.6412459262,109.270288837,21.8993643432,62.8966299701,82.2629881441,5150.00335872,0.00465661287308,704.700592905,696.484989021,9,70.2954421286,36.1004458682,51.8791784998,0.0033971688379,0.0033869582694,1.02105685018e-05,-0.000127329258248,1069.51809339,2509,5.01800023834,536.15928357,536.159262992,-0.0160643374159,-9.7699626167e-07,0.0113414935768,1,4032,-2.30738146456e-06,2.30738146456e-06,1.41253197193,0,0,0,0,5.70000153743e-08,3.74168500628e-08,2.87433904305e-05,4.6761567063e-08,1.49666288962e-06,2.87433686026e-05,4.6761567063e-08,1.35816496938e-11,1.49011611938e-08,1.61167008628e-08,64
8.08000038378,2501.33802183,-7.35582580091,0.980696260929,-490.007904053,0.056927844882,0.00457301549613,101.551246643,39.1366271973,0.973320960999,0.000232830643654,0.000465661287308,1,536.159379408,109.457826205,22.1745285342,108.814172291,21.623108754,61.1356808804,80.5755116744,5150.00382438,0.00465661287308,706.461491063,698.172429111,9,70.2954421286,36.6889944416,52.3681374034,0.00362067716086,0.00361978891306,8.88247808639e-07,0.000105501385406,1069.51809339,2509,5.01800023834,536.15928357,536.159262992,-0.0147116523408,-0.000189508853055,0.00930110551417,1,4040,-2.29674674301e-06,2.29674674301e-06,1.4161491394,0,0,0,0,4.6667636866e-08,3.06343110879e-08,2.81408792944e-05,4.58396094416e-08,1.49243373926e-06,2.81407828879e-05,4.59677771403e-08,1.20180393415e-11,1.49011611938e-08,2.27034320233e-08,64
8.09600038454,2501.22603029,-6.73718295729,0.898217320442,-490.035461426,0.0521732494235,0.00418613990769,101.552467346,39.1358413696,0.973321855068,0.000232830643654,0.000465661287308,1,536.159379408,108.352591429,21.6259196537,107.975033578,21.2448623701,60.0111525273,79.3642539065,5150.00335872,0.00512227416039,707.585888449,699.383672327,9,70.2954421286,37.2311951651,52.836148825,0.00366838300014,0.00369618646801,-2.78034678614e-05,-0.000436557456851,1069.51809339,2509,5.01800023834,536.15928357,536.159262992,-0.0134743665114,-2.98108204788e-05,0.0075238449499,1,4048,-2.22078620027e-06,2.22078620027e-06,1.40913593769,0,0,0,0,3.82082063766e-08,2.50812401958e-08,2.91641099466e-05,4.69005705384e-08,1.49073275679e-06,2.91641517833e-05,4.73058037187e-08,1.2967252272e-11,1.49011611938e-08,1.80250481208e-08,64
8.1120003853,2501.12358481,-6.16892202743,0.822455406189,-490.061004639,0.0478168055415,0.0038325774949,101.552909851,39.1356925964,0.973322153091,0.000232830643654,0.000465661287308,1,536.159379408,106.393136135,20.8860560586,106.599696061,20.7618930335,59.5861019974,78.6574310041,5150.00382438,0.00512227416039,708.010920789,700.090429746,10,70.2263059793,37.7337746613,53.2793928869,0.00360579417713,0.0036397977965,-3.40036193647e-05,8.54925019667e-05,1069.51809339,2509,5.01800023834,536.15928357,536.159262992,-0.0123378445238,-2.17958984194e-06,0.0057086176239,1,4056,-2.12200052374e-06,2.12200052374e-06,1.4062179327,0,0,0,0,3.12822194815e-08,2.0534772105e-08,2.88755036308e-05,4.63012099772e-08,1.49047866671e-06,2.88754417852e-05,4.57430680001e-08,1.33067307173e-11,1.49011611938e-08,1.63252593666e-08,64
8.12800038606,2501.02952123,-5.64923811908,0.753169953823,-490.084136963,0.0438278466463,0.00350886071101,101.552284241,39.1359443665,0.973321676254,0.000232830643654,0.000465661287308,1,536.159379408,99.2294035013,19.2983555269,105.169942456,20.130806679,59.5861019974,78.6333766882,5150.00289306,0.00512227416039,708.010920789,700.11446951,10,70.2263059793,38.2013458875,53.6932857358,0.00358198389006,0.00356885720976,1.31266802983e-05,-0.000774889485911,1069.51809339,2509,5.01800023834,536.15928357,536.159262992,-0.0112984768208,0.000122605925412,0.00438424246386,1,4064,-2.17784122469e-06,2.17784122469e-06,1.4155318737,0,0,0,0,2.56117012043e-08,1.6812441217e-08,2.80702333839e-05,4.49109975875e-08,1.49301524743e-06,2.80703097815e-05,4.53028334846e-08,1.1659534449e-11,1.49011611938e-08,2.28086491916e-08,64
8.14400038682,2500.94360672,-5.17312173542,0.689692974091,-490.105499268,0.0401772595942,0.00321170245297,101.551872253,39.1360855103,0.973321437836,0.000232830643654,0.000465661287308,1,536.159379408,86.2089351799,16.4459387423,103.938720774,19.5459820568,59.5861019974,78.6333766882,5150.00382438,0.00512227416039,708.010920789,700.11446951,10,70.2263059793,38.6374231311,54.0747023479,0.00355364744575,0.00352156348526,3.20839604884e-05,0.000203726813197,1069.51809339,2509,5.01800023834,536.15928357,536.159262992,-0.0103462438616,0.000101695540877,0.00385982031003,1,4072,-2.16258263208e-06,2.16258263208e-06,1.41118216515,0,0,0,0,2.0969075365e-08,1.37648568099e-08,2.80632084468e-05,4.79004249598e-08,1.49798347593e-06,2.80632430076e-05,4.79004249598e-08,1.34925126627e-11,1.49011611938e-08,1.72271779064e-08,64
8.16000038758,2500.86467713,-4.73846694149,0.631743729115,-490.124755859,0.0368336439133,0.0029395762831,101.551689148,39.1361846924,0.973321318626,0.000232830643654,0.000465661287308,1,536.159379408,69.0188936029,12.6800903417,102.789236759,19.0100213094,59.5861019974,78.6333766882,5150.00289306,0.00512227416039,708.010920789,700.11446951,10,70.2263059793,39.0448876715,54.4247268408,0.00354767178135,0.00361433194485,-6.66601635002e-05,-0.000820364220999,1069.51809339,2509,5.01800023834,536.15928357,536.159262992,-0.0094769339043,-6.91224855132e-05,0.00363752781413,1,4080,-2.02841192731e-06,2.02841192731e-06,1.4109621048,0,0,0,0,1.71680181182e-08,1.12697060572e-08,2.85818859993e-05,4.53684627644e-08,1.49193942889e-06,2.85818168777e-05,4.57285480593e-08,1.43271783326e-11,1.49011611938e-08,2.1458674837e-08,64
8.17600038834,2500.7922668,-4.34024877904,0.578652322292,-490.142333984,0.0337705388665,0.00269039603882,101.551780701,39.1362838745,0.973321378231,0.000232830643654,0.000465661287308,1,536.159379408,49.886939676,8.48882096903,101.67983416,18.5188518368,59.5861019974,78.6333766882,5150.00335872,0.00512227416039,708.010920789,700.11446951,10,70.2263059793,39.4262133341,54.7455820197,0.00325860878558,0.00331965566147,-6.10468758877e-05,-6.0026650317e-05,1069.51809339,2509,5.01800023834,536.15928357,536.159262992,-0.0086804980981,-0.000167066360746,0.00353492097929,1,4088,-2.19443063543e-06,2.19443063543e-06,1.41264259815,0,0,0,0,1.40559750506e-08,9.22684950666e-09,2.81116499536e-05,4.57609026228e-08,1.48924198129e-06,2.81116081169e-05,4.58343549781e-08,1.13792447687e-11,1.49011611938e-08,2.34851995629e-08,64
8.1920003891,2500.72637573,-3.97513213102,0.529974102974,-490.158721924,0.0309631284326,0.0024628075771,101.551597595,39.1363525391,0.973321259022,0.000232830643654,0.000465661287308,1,536.159379408,31.2923455373,4.41527381564,100.593988182,18.0687214998,59.5861019974,78.6333766882,5150.00335872,0.00512227416039,708.010920789,700.11446951,10,70.2263059793,39.7835865442,55.0396616745,0.00318858835169,0.00319414539263,-5.55704093852e-06,6.54836185277e-05,1069.51809339,2509,5.01800023834,536.15928357,536.159262992,-0.00795026444678,3.4022562545e-05,0.00348048727028,1,4096,-2.12528834709e-06,2.12528834709e-06,1.41154170036,0,0,0,0,1.15080531771e-08,7.55430207278e-09,2.8607169952e-05,4.52926762762e-08,1.49178265474e-06,2.86071972369e-05,4.58255051683e-08,1.07631126234e-11,1.49011611938e-08,1.69140434991e-08,64
8.20800038986,2500.66583976,-3.64229617844,0.485599637032,-490.173400879,0.0283898133785,0.00225480506197,101.551422119,39.1364212036,0.973321080208,0.000232830643654,0.000465661287308,1,536.159379408,15.6445906075,1.38513595157,99.5249673162,17.6562187636,59.5861019974,81.2365760794,5150.0024274,0.00512227416039,708.010920789,700.11446951,10,70.2263059793,37.9152152163,55.3091740585,0.00327049971827,0.00329964677803,-2.91470597658e-05,-0.000971340341493,1069.51809339,2509,5.01800023834,536.15928357,536.159262992,-0.00728459248478,6.68425315098e-05,0.0156133454293,1,4104,-2.16688181354e-06,2.16688181354e-06,1.41290915012,0,0,0,0,9.42199207543e-09,6.18493611881e-09,2.90841526294e-05,4.65146747786e-08,1.4962787418e-06,2.90841835522e-05,4.67028620221e-08,1.35787214806e-11,1.49011611938e-08,1.81587438419e-08,64
8.22400039062,2500.61019324,-3.33625757776,0.444797843695,-490.186920166,0.0260319206864,0.00206436193548,101.55115509,39.1364860535,0.973320901394,0.000232830643654,0.000465661287308,1,536.159379408,5.68937453642,-0.639019191914,98.4699295317,17.2758829747,63.1538787275,87.4025208759,5150.00335872,0.00512227416039,708.010920789,700.11446951,10,70.2263059793,33.7321762345,53.069779824,0.00334482959385,0.00331237970386,3.24498899973e-05,-5.27506927028e-05,1069.51809339,2509,5.01800023834,536.15928357,536.159262992,-0.00667251542907,-7.95732368886e-05,0.0249409861863,1,4112,-2.20821880248e-06,2.20821880248e-06,1.41280937195,0,0,0,0,7.71407027145e-09,5.06379471688e-09,2.79494852293e-05,4.45485923706e-08,1.493850732e-06,2.7949545256e-05,4.481294269e-08,1.42499345657e-11,1.49011611938e-08,1.64779407896e-08,64
8.24000039138,2500.55943616,-3.05452886096,0.40723708272,-490.199584961,0.0238722730428,0.00189020705875,101.551063538,39.1365509033,0.973320841789,0.000232830643654,0.000465661287308,1,536.159379408,2.0632633307,-1.49002760397,97.42760031,16.9015736816,73.061150033,94.0760219237,5150.00382438,0.00512227416039,708.010920789,700.11446951,10,70.2263059793,29.9729108519,48.9962149004,0.00323762290588,0.00325417204294,-1.65491370607e-05,0.000471118255518,1069.51809339,2509,5.01800023834,536.15928357,536.159262992,-0.00610905814824,-0.000177369230414,0.0260684471577,1,4120,-2.20418110075e-06,2.20418110075e-06,1.41348552704,0,0,0,0,6.31574348375e-09,4.14588186004e-09,2.88764222205e-05,5.154186411e-08,1.4937695596e-06,2.88764076686e-05,5.154186411e-08,1.36509553661e-11,1.49011611938e-08,2.82403789242e-08,64
8.25600039214,2500.51287003,-2.79869050246,0.373128116131,-490.210845947,0.0218949038535,0.00173039571382,101.550971985,39.1366233826,0.973320782185,0.000232830643654,0.000465661287308,1,536.159379408,2.90278407865,-1.25712899822,96.3973350669,16.5096262217,81.8879707367,98.9099862636,5150.00335872,0.00512227416039,708.010920789,700.11446951,10,70.2263059793,28.2018954749,47.6669301861,0.00341667967529,0.00337422534358,4.24543317168e-05,-0.000114596332423,1069.51809339,2509,5.01800023834,536.15928357,536.159262992,-0.00559738122519,9.44577749351e-06,0.0206540133804,1,4128,-2.16381909013e-06,2.16381909013e-06,1.40809607506,0,0,0,0,5.17089127072e-09,3.39435901608e-09,2.83783992927e-05,4.48493260308e-08,1.49154641349e-06,2.837851207e-05,4.51694930348e-08,1.38818123663e-11,1.49011611938e-08,2.21625704455e-08,64
8.2720003929,2500.47026202,-2.56282896771,0.341682493687,-490.221435547,0.0200856775045,0.00158338621259,101.550971985,39.1366958618,0.973320782185,0.000232830643654,0.000465661287308,1,536.159379408,3.62833886662,-1.0786243919,95.3786869885,16.1018901121,88.9185976121,102.35334048,5150.00335872,0.00512227416039,708.010920789,700.11446951,10,70.2263059793,27.5492184301,47.3002546642,0.00328719036713,0.00339423422702,-0.000107043859887,-0.000134605215862,1069.51809339,2509,5.01800023834,536.15928357,536.159262992,-0.00512565812016,-0.000229446683875,0.0169941671193,1,4136,-2.16094440475e-06,2.16094440475e-06,1.41266930103,0,0,0,0,4.23356549817e-09,2.77906453405e-09,2.84444249701e-05,4.58411442139e-08,1.49392042204e-06,2.84444122371e-05,4.62058515893e-08,1.232199065e-11,1.49011611938e-08,2.80785457107e-08,64
8.28800039366,2500.43114647,-2.34760932472,0.312988877296,-490.230926514,0.0184293258935,0.00144853105303,101.550834656,39.1367645264,0.97332072258,0.000232830643654,0.000465661287308,1,536.159379408,4.22619136798,-0.937193504031,94.3714363301,15.6870562519,94.7117878241,105.081540823,5150.00289306,0.00512227416039,708.010920789,700.11446951,10,70.2263059793,27.3381283478,47.1167259093,0.00320510847029,0.00321415427607,-9.0458057711e-06,-0.000420186552219,1069.51809339,2509,5.01800023834,536.15928357,536.159262992,-0.00469521888036,3.86060072799e-05,0.0141388792545,1,4144,-2.22709627451e-06,2.22709627451e-06,1.41197514534,0,0,0,0,3.46614847935e-09,2.27530461139e-09,2.7841226256e-05,4.47721397734e-08,1.49524328208e-06,2.78412771877e-05,4.53476083351e-08,1.33947714032e-11,1.49011611938e-08,1.56143755703e-08,64
8.30400039442,2500.39552338,-2.15058821595,0.286721557379,-490.239746094,0.0169107876718,0.00132538878825,101.550743103,39.1368370056,0.973320662975,0.000232830643654,0.000465661287308,1,536.159379408,4.72343769448,-0.817082535044,93.3753926464,15.2726701213,99.5301015791,107.398482214,5150.00335872,0.00512227416039,708.010920789,700.11446951,10,70.2263059793,27.3295790976,47.0051090815,0.00320357369799,0.00321779225487,-1.42185568874e-05,4.18367562816e-05,1069.51809339,2509,5.01800023834,536.15928357,536.159262992,-0.0043011767481,0.000110225162331,0.0118219563738,1,4152,-2.3160262117e-06,2.3160262117e-06,1.41326642036,0,0,0,0,2.8378408512e-09,1.86286119863e-09,2.860665154e-05,4.51953461322e-08,1.49161292029e-06,2.86067188426e-05,4.57389575104e-08,1.44661227441e-11,1.49011611938e-08,2.15509317059e-08,64
8.32000039518,2500.36269426,-1.97096483134,0.262773752213,-490.247558594,0.0155182294548,0.00121289934032,101.55065155,39.1368980408,0.973320603371,0.000232830643654,0.000465661287308,1,536.159379408,5.13941193763,-0.710186628752,92.3903361929,14.8644414176,103.560894786,109.460503154,5150.0024274,0.00512227416039,708.010920789,700.11446951,10,70.2263059793,27.425126973,46.9401275041,0.00323335964947,0.00329418980982,-6.08301603533e-05,-0.000965883373283,1069.51809339,2509,5.01800023834,536.15928357,536.159262992,-0.00394192989361,-1.61910485019e-05,0.00992904230952,1,4160,-2.26945849136e-06,2.26945849136e-06,1.41665542126,0,0,0,0,2.32342634021e-09,1.52518098151e-09,2.79840660369e-05,4.42458798489e-08,1.49457616772e-06,2.79840933217e-05,4.63437679343e-08,1.41766320905e-11,1.49011611938e-08,1.66979248206e-08,64
8.33600039594,2500.33265911,-1.80653114512,0.240851044655,-490.25479126,0.0142404679209,0.0011101126438,101.550376892,39.1369590759,0.973320364952,0.000232830643654,0.000465661287308,1,536.159379408,5.4893231707,-0.611940476594,91.4161204731,14.4665068329,106.95153469,111.355671834,5150.00335872,0.00512227416039,708.010920789,700.11446951,10,70.2263059793,27.5779275398,46.9095939479,0.0032452115023,0.00329600879923,-5.07972969244e-05,-3.63797880709e-05,1069.51809339,2509,5.01800023834,536.15928357,536.159262992,-0.00361306251584,0.000120602861031,0.00837943889201,1,4168,-2.29577608479e-06,2.29577608479e-06,1.41268658638,0,0,0,0,1.90225946106e-09,1.24871202267e-09,2.83528734144e-05,4.5233665702e-08,1.4937764945e-06,2.83528679574e-05,4.52885409175e-08,1.12850701006e-11,1.49011611938e-08,3.25855467054e-08,64
8.3520003967,2500.30518509,-1.65414928688,0.22053514421,-490.261627197,0.0130696808919,0.00101621123031,101.550239563,39.1370239258,0.973320305347,0.000232830643654,0.000465661287308,1,536.159379408,5.78533837765,-0.519630862208,90.4526795636,14.0817962952,109.819920908,113.136324217,5150.00335872,0.00512227416039,708.010920789,700.11446951,10,70.2263059793,27.7630715573,46.9049009553,0.00325859812744,0.00322506821249,3.35299149556e-05,3.45607986674e-05,1069.51809339,2509,5.01800023834,536.15928357,536.159262992,-0.00330829874606,4.86697349089e-05,0.00784325134009,1,4176,-2.35928814618e-06,2.35928814618e-06,1.41459739208,0,0,0,0,1.55743751229e-09,1.02235853117e-09,2.82066448563e-05,4.47301857776e-08,1.49462971422e-06,2.82066357613e-05,4.7036220252e-08,1.43935557917e-11,1.49011611938e-08,2.53906478065e-08,64
8.36800039746,2500.28003938,-1.51518770508,0.202008441091,-490.267822266,0.0119961090386,0.000930535316002,101.55014801,39.1370849609,0.973320245743,0.000232830643654,0.000465661287308,1,536.159379408,6.03723665108,-0.431588356092,89.4997790702,13.7123195521,112.260815513,114.834663691,5150.00382438,0.00512227416039,708.010920789,700.11446951,10,70.2263059793,27.966361813,46.9194128527,0.003298843268,0.00331237970386,-1.35364358611e-05,0.000412910594605,1069.51809339,2509,5.01800023834,536.15928357,536.159262992,-0.00303037550609,0.000236407782239,0.00746461795643,1,4184,-2.19952971747e-06,2.19952971747e-06,1.41168129444,0,0,0,0,1.27512123083e-09,8.37035996071e-10,2.84089746856e-05,4.45672050375e-08,1.4937894548e-06,2.84089819615e-05,4.46896173401e-08,1.17220816387e-11,1.49011611938e-08,1.84839450412e-08,64
8.38400039822,2500.25698915,-1.38909229008,0.185197100043,-490.27331543,0.0110115688294,0.000852285418659,101.549972534,39.1371383667,0.973320126534,0.000232830643654,0.000465661287308,1,536.159379408,6.25288393215,-0.346769314448,88.5573750439,13.3593199918,114.35043416,116.470822832,5150.00335872,0.00512227416039,708.010920789,700.11446951,10,70.2263059793,28.1793563772,46.9479782623,0.00322284361698,0.00327236193698,-4.951832e-05,-1.27329258248e-05,1069.51809339,2509,5.01800023834,536.15928357,536.159262992,-0.00277818479333,0.000217047713136,0.00716142589226,1,4192,-2.18263198803e-06,2.18263198803e-06,1.4161260128,0,0,0,0,1.04398045764e-09,6.85306811299e-10,2.81983484456e-05,4.41890470881e-08,1.4930077441e-06,2.81983884634e-05,4.49457289164e-08,1.45128770113e-11,1.49011611938e-08,1.94808649212e-08,64
8.40000039898,2500.23556873,-1.27225007418,0.169619426131,-490.278411865,0.0101089440286,0.00078072323231,101.549751282,39.1372032166,0.97331994772,0.000232830643654,0.000465661287308,1,536.159379408,6.43862488844,-0.264506863913,87.6253649374,13.0235126998,116.150265967,118.057665532,5150.00382438,0.00512227416039,708.010920789,700.11446951,10,70.2263059793,28.3969402517,46.9865444757,0.00357449121691,0.00355612428393,1.83669329745e-05,0.00016916601453,1069.51809339,2509,5.01800023834,536.15928357,536.159262992,-0.00254450016612,-1.66369140686e-05,0.00690776808187,1,4200,-2.14702868107e-06,2.14702868107e-06,1.41522979736,0,0,0,0,8.54738391176e-10,5.61081459072e-10,2.8578851925e-05,4.62112552668e-08,1.49455831888e-06,2.8578851925e-05,4.65419063289e-08,1.10980669099e-11,1.49011611938e-08,1.76034244959e-08,64
8.41600039974,2500.21624379,-1.16625164992,0.155487462878,-490.283050537,0.00928289536387,0.000714825466275,101.549659729,39.1372642517,0.973319888115,0.000232830643654,0.000465661287308,1,536.159379408,6.59958368942,-0.184372860167,86.7036022541,12.7051805973,117.709954793,119.603450003,5150.0024274,0.00512227416039,708.010920789,700.11446951,10,70.2263059793,28.6159684038,47.031975555,0.00348506230818,0.00344152795151,4.35343566751e-05,-0.00111322151497,1069.51809339,2509,5.01800023834,536.15928357,536.159262992,-0.00233250330162,4.19686507769e-06,0.00668743159622,1,4208,-2.20902211368e-06,2.20902211368e-06,1.41036939621,0,0,0,0,6.99800273285e-10,4.59374427386e-10,2.85077912849e-05,4.67397178738e-08,1.49268350924e-06,2.85077967419e-05,4.700372358e-08,1.06254866017e-11,1.49011611938e-08,1.64308673334e-08,64
8.4320004005,2500.19854866,-1.07037658381,0.1427051723,-490.28717041,0.00852633453906,0.000654023489915,101.549568176,39.1373252869,0.97331982851,0.000232830643654,0.000465661287308,1,536.159379408,6.73990526762,-0.106084453567,85.7919990963,12.4042769885,119.0696712,121.113633213,5150.00429004,0.00512227416039,708.010920789,700.11446951,10,70.2263059793,28.8345127046,47.0818667964,0.00355513603278,0.00352883944288,2.62965899056e-05,0.000662112142891,1069.51809339,2509,5.01800023834,536.15928357,536.159262992,-0.00214075335236,4.52775594795e-05,0.00649017933756,1,4216,-2.25182634495e-06,2.25182634495e-06,1.41727054119,0,0,0,0,5.72947689292e-10,3.76103787003e-10,2.91029609798e-05,4.74965311525e-08,1.49550248807e-06,2.91029646178e-05,4.75521240162e-08,1.05791764238e-11,1.49011611938e-08,1.57433532877e-08,64
8.44800040126,2500.18225051,-0.981150719781,0.130809366703,-490.29107666,0.00783344171941,0.000597999605816,101.549476624,39.137386322,0.973319768906,0.000232830643654,0.000465661287308,1,536.159379408,6.86295171548,-0.0294507731795,84.8904455916,12.12051529,120.26198965,122.591896798,5150.00335872,0.00512227416039,708.010920789,700.11446951,10,70.2263059793,29.0513871732,47.1343519166,0.0035491674738,0.00360705598723,-5.78885134273e-05,-0.000347426976077,1069.51809339,2509,5.01800023834,536.15928357,536.159262992,-0.00196230143246,9.96562832256e-05,0.00630948226899,1,4224,-2.34943854593e-06,2.34943854593e-06,1.41276192665,0,0,0,0,4.69089600497e-10,3.07927572329e-10,2.97612587019e-05,4.3290495455e-07,1.49084894474e-06,2.9761242331e-05,4.3290495455e-07,6.3224286917e-12,1.49011611938e-08,1.63774451778e-08,64
8.46400040202,2500.16734935,-0.898584858078,0.119801484048,-490.294769287,0.00719810184091,0.000546869065147,101.549293518,39.1374511719,0.973319649696,0.000232830643654,0.000465661287308,1,536.159379408,6.9714625157,0.0456571843825,83.9988172182,11.853466084,121.313460113,124.040729133,5150.00382438,0.00512227416039,708.010920789,700.11446951,10,70.2263059793,29.2658678518,47.1880266559,0.00345088520259,0.00345244188793,-1.55668533619e-06,0.000272848410532,1069.51809339,2509,5.01800023834,536.15928357,536.159262992,-0.00179716974635,-6.54754028773e-05,0.00614116061479,1,4232,-2.07402786145e-06,2.07402786145e-06,1.41253292561,0,0,0,0,3.84057841085e-10,2.52109638721e-10,2.08934034163e-05,6.40630673843e-07,1.49454410803e-06,2.08933852264e-05,6.40630673843e-07,3.48944484418e-12,1.49011611938e-08,2.50046809924e-08,64
8.48000040278,2500.15361235,-0.822932008759,0.109715260565,-490.298126221,0.00661407737061,0.000500651891343,101.549201965,39.1375045776,0.973319590092,0.000232830643654,0.000465661287308,1,536.159379408,7.06766944939,0.119334087411,83.1170114284,11.6025653595,122.245706734,125.461956486,5150.00382438,0.00512227416039,708.010920789,700.11446951,10,70.2263059793,29.4775272778,47.2418396384,0.00351349112304,0.00355430529453,-4.08141714869e-05,0.000170985003933,1069.51809339,2509,5.01800023834,536.15928357,536.159262992,-0.00164586411167,0.000248880249742,0.00598245486617,1,4240,-2.13783505387e-06,2.13783505387e-06,1.41924798489,0,0,0,0,3.14439807525e-10,2.06409792036e-10,2.0345856683e-05,4.21517768245e-07,1.48933997934e-06,2.03459476324e-05,4.21517768245e-07,6.63838428672e-12,1.49011611938e-08,1.87770314852e-08,64
8.49600040354,2500.14103949,-0.753911194806,0.100513242185,-490.301147461,0.00607722671703,0.000458898866782,101.549201965,39.1375694275,0.973319590092,0.000232830643654,0.000465661287308,1,536.159379408,7.15339960137,0.191647837132,82.2449696238,11.3671538827,123.076431919,126.856888528,5150.00335872,0.00512227416039,708.010920789,700.11446951,10,70.2263059793,29.6861198876,47.2949795949,0.00351796043685,0.00347426976077,4.3690676077e-05,-0.000214640749618,1069.51809339,2509,5.01800023834,536.15928357,536.159262992,-0.00150782242248,-0.000121992083102,0.00583158852533,1,4248,-2.05489095606e-06,2.05489095606e-06,1.41261744499,0,0,0,0,2.5744140153e-10,1.68993957717e-10,2.09376394196e-05,6.78530511777e-07,1.49084848999e-06,2.09375793929e-05,6.78530511777e-07,5.82697778917e-12,1.49011611938e-08,1.63773279382e-08,64
8.5120004043,2500.12963079,-0.69113156087,0.0921433120966,-490.303955078,0.00558360805735,0.00042106694309,101.549110413,39.1376342773,0.973319530487,0.000232830643654,0.000465661287308,1,536.159379408,7.23016142677,0.262651223751,81.3825086839,11.1465550232,123.820253066,128.226543893,5150.00382438,0.00512227416039,708.010920789,700.11446951,10,70.2263059793,29.8915147141,47.3468826385,0.00356861502848,0.00353065843228,3.79565961994e-05,0.000194631866179,1069.51809339,2509,5.01800023834,536.15928357,536.159262992,-0.0013822631928,-1.47206691281e-05,0.00568733969703,1,4256,-2.15620138988e-06,2.15620138988e-06,1.41206872463,0,0,0,0,2.10775077947e-10,1.38360475854e-10,2.12493214349e-05,8.86020529833e-07,1.49376148784e-06,2.12493414438e-05,8.86020529833e-07,7.11891656735e-12,1.49011611938e-08,1.46828824654e-08,64
8.52800040506,2500.11915341,-0.633773652225,0.0844962149858,-490.306427002,0.00513034779578,0.000386610772694,101.548835754,39.1376838684,0.973319351673,0.000232830643654,0.000465661287308,1,536.159379408,7.29919236237,0.332390292062,80.529613959,10.9400381304,124.489160953,129.571810248,5150.00382438,0.00512227416039,708.010920789,700.11446951,10,70.2263059793,30.0936517306,47.3971376778,0.0036595218661,0.00369982444681,-4.03025807172e-05,2.54658516496e-05,1069.51809339,2509,5.01800023834,536.15928357,536.159262992,-0.00126754740037,0.000103394182105,0.00554885435849,1,4264,-2.15328896047e-06,2.15328896047e-06,1.41108548641,0,0,0,0,1.72567946044e-10,1.13279920166e-10,2.02973442356e-05,5.14407872743e-07,1.49185166265e-06,2.02972914849e-05,5.14407872743e-07,6.91358081895e-12,1.49011611938e-08,1.78544610208e-08,64
8.54400040582,2500.10914169,-0.581413644341,0.0775154605508,-490.308532715,0.00471478514373,0.000354989839252,101.548744202,39.1377449036,0.973319232464,0.000232830643654,0.000465661287308,1,536.159379408,7.36151925641,0.400898218348,79.6860950038,10.7468606505,125.093109091,130.893327878,5150.00382438,0.00512227416039,708.010920789,700.11446951,10,70.2263059793,30.2925218421,47.4454645882,0.00363716819163,0.00368345354218,-4.62853505523e-05,4.18367562816e-05,1069.51809339,2509,5.01800023834,536.15928357,536.159262992,-0.00116282738993,-1.32582833601e-06,0.0054155443795,1,4272,-2.24363429879e-06,2.24363429879e-06,1.41126298904,0,0,0,0,1.41286607414e-10,9.27457000088e-11,2.11894584936e-05,8.41619225866e-07,1.49158029217e-06,2.11894766835e-05,8.41619225866e-07,5.52048684543e-12,1.49011611938e-08,2.25486473937e-08,64
8.56000040658,2500.10052696,-0.533226852895,0.0710910782218,-490.310699463,0.00433469982818,0.000325695786159,101.548561096,39.137802124,0.973319113255,0.000232830643654,0.000465661287308,1,536.159379408,7.41800140182,0.468210453594,78.8519371687,10.5662928484,125.640421174,132.191780722,5150.00382438,0.00512227416039,708.010920789,700.11446951,10,70.2263059793,30.4881377815,47.4916669191,0.00369975990122,0.00373074726667,-3.09873654514e-05,-5.45696821064e-06,1069.51809339,2509,5.01800023834,536.15928357,536.159262992,-0.00106645370312,-9.76995151447e-05,0.00528694363311,1,4280,-2.19913363253e-06,2.19913363253e-06,1.41338539124,0,0,0,0,1.15675607981e-10,7.59337245859e-11,2.08574147109e-05,5.74724481339e-07,1.49010861605e-06,2.08574674616e-05,5.74724481339e-07,7.02309044254e-12,1.49011611938e-08,1.8386344891e-08,64
8.57600040734,2500.09237789,-0.489107890189,0.065209031105,-490.312591553,0.00398679357022,0.000298482802464,101.548652649,39.1378669739,0.973319172859,0.000232830643654,0.000465661287308,1,536.159379408,7.46943445719,0.534557815471,78.0269719827,10.3976278789,126.138809719,133.471621666,5150.00382438,0.00512227416039,708.010920789,700.11446951,10,70.2263059793,30.673782021,47.5336564705,0.00381893212886,0.00386171450373,-4.2782374865e-05,-0.000136424205266,1069.51809339,2509,5.01800023834,536.15928357,536.159262992,-0.000978215841663,4.68932670472e-05,0.00525880930945,1,4288,-2.21966615754e-06,2.21966615754e-06,1.41273629665,0,0,0,0,9.47071310264e-11,6.21692558544e-11,2.01044240384e-05,4.16120514046e-07,1.49215816236e-06,2.0104494979e-05,4.16120514046e-07,5.18961262852e-12,1.49011611938e-08,1.6206570308e-08,64
8.5920004081,2500.08469447,-0.449315365358,0.0599038004875,-490.314147949,0.0036689194385,0.000273152370937,101.548477173,39.1379241943,0.97331905365,0.000232830643654,0.000465661287308,1,536.159379408,7.51939934394,0.608804309098,77.2111408474,10.2402998997,126.622966491,134.903835715,5150.00429004,0.00512227416039,708.010920789,700.11446951,10,70.2263059793,30.5857975036,47.4969747302,0.00362371761764,0.00363615981769,-1.2442200048e-05,0.000554791768081,1069.51809339,2509,5.01800023834,536.15928357,536.159262992,-0.000898630780899,-0.00026552243737,0.0064449980855,1,4296,-2.2789695322e-06,2.2789695322e-06,1.41218268871,0,0,0,0,7.7539599741e-11,5.08998641846e-11,2.08513556572e-05,6.89232308559e-07,1.48898868702e-06,2.08513665712e-05,6.89232308559e-07,7.17040316012e-12,1.49011611938e-08,1.91133722183e-08,64
8.60800040886,2500.07794239,-0.412081419654,0.0549396798015,-490.315795898,0.00337723200209,0.000249802513281,101.54839325,39.1379776001,0.973318994045,0.000232830643654,0.000465661287308,1,536.159379408,7.57147835688,0.702170414331,76.4042752919,10.0941560051,127.127612359,136.704868055,5150.00335872,0.00512227416039,708.010920789,700.11446951,10,70.2263059793,29.9396324408,47.3106192658,0.00357752523439,0.00360341800842,-2.5892774036e-05,-0.00034378899727,1069.51809339,2509,5.01800023834,536.15928357,536.159262992,-0.000824162904589,-0.000107159670026,0.00819557532668,1,4304,-2.21679533752e-06,2.21679533752e-06,1.41256868839,0,0,0,0,6.34840235936e-11,4.16732655328e-11,2.04713505809e-05,4.21481331614e-07,1.4926398535e-06,2.0471336029e-05,4.21481331614e-07,6.89925894193e-12,1.49011611938e-08,1.72202554438e-08,64
8.62400040962,2500.07188879,-0.378689037461,0.0504877269268,-490.31729126,0.00311031797901,0.00022818450816,101.548210144,39.1380271912,0.973318874836,0.000232830643654,0.000465661287308,1,536.159379408,7.62600797994,0.813416004794,75.6063899657,9.95908906969,127.656006953,138.850795338,5150.00335872,0.00512227416039,708.010920789,700.11446951,10,70.2263059793,28.8078117592,46.9847109343,0.00355815583941,0.0035397533793,1.84024601113e-05,-0.000280124368146,1069.51809339,2509,5.01800023834,536.15928357,536.159262992,-0.000757378104677,0.000291716817369,0.00974434800446,1,4312,-2.05929336516e-06,2.05929336516e-06,1.41345322132,0,0,0,0,5.19762982654e-11,3.4119165826e-11,2.18466411752e-05,8.97603342764e-07,7.46184355194e-07,2.18466684601e-05,8.97603342764e-07,6.89720502933e-12,7.45058059692e-09,1.71617102751e-08,64
8.64000041038,2500.06606802,-0.34754606304,0.046335671097,-490.318572998,0.00286448397674,0.00020841123478,101.548072815,39.1380805969,0.973318815231,0.000232830643654,0.000465661287308,1,536.159379408,7.68216417086,0.934256537306,74.8173603471,9.83484547155,128.200161271,141.181808431,5150.00429004,0.00512227416039,708.010920789,700.11446951,10,70.2263059793,27.4307640211,46.5541816084,0.00364014536569,0.00374166120309,-0.000101515837403,0.000449290382676,1069.51809339,2509,5.01800023834,536.15928357,536.159262992,-0.000695092150504,0.000229430863197,0.0106843179092,1,4320,-2.2409817575e-06,2.2409817575e-06,1.41257798672,0,0,0,0,4.25545744476e-11,2.79343961157e-11,2.04676161957e-05,4.34754525713e-07,1.49201332533e-06,2.0467728973e-05,4.34754525713e-07,6.70093147637e-12,1.49011611938e-08,1.50424295242e-08,64
8.65600041114,2500.06071292,-0.318716814718,0.0424920879304,-490.319793701,0.00263961451128,0.000190172315342,101.547889709,39.1381378174,0.973318696022,0.000232830643654,0.000465661287308,1,536.159379408,7.73856711666,1.05524642748,74.0370838884,9.72097198744,128.746702103,143.515702803,5150.00335872,0.00512227416039,708.010920789,700.11446951,10,70.2263059793,26.0554934357,46.0629016743,0.00374443172302,0.00379168341169,-4.72516886729e-05,-0.000532054400537,1069.51809339,2509,5.01800023834,536.15928357,536.159262992,-0.00063743366141,-6.10582695515e-05,0.0109351733699,1,4328,-2.38790198637e-06,2.38790198637e-06,1.41355752945,0,0,0,0,3.48407171169e-11,2.28707365546e-11,2.02787905437e-05,3.89109146681e-07,1.49512675307e-06,2.0278901502e-05,3.89109146681e-07,6.16655337904e-12,1.49011611938e-08,1.93571167983e-08,64
8.6720004119,2500.05582348,-0.293808199103,0.0391712114215,-490.320709229,0.00243340595625,0.00017323665088,101.547981262,39.1381912231,0.973318755627,0.000232830643654,0.000465661287308,1,536.159379408,7.79361680194,1.16957656835,73.2655019912,9.61686157288,129.280131659,145.721132867,5150.00429004,0.00512227416039,708.010920789,700.11446951,10,70.2263059793,24.8439137067,45.5559675174,0.00385172367612,0.00376257958123,8.91440948836e-05,0.000428372004535,1069.51809339,2509,5.01800023834,536.15928357,536.159262992,-0.000587616399983,0.000121955112675,0.0106422193348,1,4336,-2.15461932385e-06,2.15461932385e-06,1.41269767284,0,0,0,0,2.85251509913e-11,1.87249660222e-11,2.16664448089e-05,9.44851535678e-07,1.49139782479e-06,2.1666432076e-05,9.44851535678e-07,6.94050372729e-12,1.49011611938e-08,1.94165181711e-08,64
8.68800041266,2500.05139969,-0.268619885446,0.0358130447567,-490.321899414,0.00224318867549,0.000157901929924,101.547706604,39.1382369995,0.973318517208,0.000232830643654,0.000465661287308,1,536.159379408,8.10221238737,1.34238189239,72.5025047831,9.52177350545,129.718246171,147.706334246,5150.00429004,0.00512227416039,708.010920789,700.11446951,10,70.2263059793,23.8867123699,45.1278137916,0.00395610062764,0.00395812094212,-2.02031447127e-06,0.000232830643654,1069.51809339,2509,5.01800023834,536.15928357,536.159262992,-0.000537239808196,7.15785208882e-05,0.00925437174737,1,4344,-2.14944611798e-06,2.14944611798e-06,1.41093301773,0,0,0,0,2.33544034806e-11,1.53306967815e-11,2.01049515454e-05,4.09486176522e-07,1.48960657498e-06,2.01049297175e-05,4.09486176522e-07,5.76463876634e-12,1.49011611938e-08,1.96806162478e-08,64
8.70400041342,2500.04720874,-0.245908694296,0.0327851362526,-490.322875977,0.00206916942261,0.000143948345794,101.547615051,39.13829422,0.973318457603,0.000232830643654,0.000465661287308,1,536.159379408,11.8741294014,2.40039824636,71.7480629648,9.43581857306,129.718246171,148.621722474,5150.00429004,0.00512227416039,708.010920789,700.11446951,10,70.2263059793,23.761198463,44.9120088888,0.00402165530045,0.00408181222156,-6.01569211112e-05,0.000109139364213,1069.51809339,2509,5.01800023834,536.15928357,536.159262992,-0.000491817420123,-0.000206674510839,0.00281373667531,1,4352,-2.17316710405e-06,2.17316710405e-06,1.41307067871,0,0,0,0,1.91209565542e-11,1.25517070695e-11,2.07068424061e-05,6.59262298086e-07,1.4925776668e-06,2.07068915188e-05,6.59262298086e-07,3.63075541854e-12,1.49011611938e-08,2.38078072812e-08,64
8.72000041418,2500.04348345,-0.225935778531,0.0301222987473,-490.323730469,0.00190879858565,0.000131380933453,101.547523499,39.138343811,0.973318397999,0.000232830643654,0.000465661287308,1,536.159379408,20.0047044077,4.57736475911,71.0019934159,9.35930167133,129.718246171,148.621722474,5150.00522137,0.00512227416039,708.010920789,700.11446951,10,70.2263059793,23.9935743593,44.6400299552,0.00405593898745,0.00411182554672,-5.58865592692e-05,0.00101044861367,1069.51809339,2509,5.01800023834,536.15928357,536.159262992,-0.000451871567941,-1.37897193664e-05,0.00279395864345,1,4360,-2.19570665649e-06,2.19570665649e-06,1.41245901585,0,0,0,0,1.56549079255e-11,1.02764637078e-11,2.15390155063e-05,8.01287171726e-07,1.48904859998e-06,2.15390900848e-05,8.01287171726e-07,7.23147930426e-12,1.49011611938e-08,1.89456272892e-08,64
8.73600041494,2500.03999099,-0.207421109621,0.0276538785547,-490.324462891,0.00175936170854,0.000120437507576,101.547294617,39.1383895874,0.97331827879,0.000232830643654,0.000465661287308,1,536.159379408,32.2284172565,7.85026970722,70.2643034612,9.29122387794,129.718246171,148.621722474,5150.00429004,0.00512227416039,708.010920789,700.11446951,10,70.2263059793,24.0715326072,44.4324323325,0.00429585018946,0.00423733581556,5.85143739018e-05,-4.63842297904e-05,1069.51809339,2509,5.01800023834,536.15928357,536.159262992,-0.00041484224389,-5.08190434179e-05,0.00277457549237,1,4368,-2.10466350836e-06,2.10466350836e-06,1.40962088108,0,0,0,0,1.28171475169e-11,8.41365258714e-12,2.1256857508e-05,7.44805049635e-07,1.49524294102e-06,2.12568156712e-05,7.44805049635e-07,5.55079593401e-12,1.49011611938e-08,1.91761273527e-08,64
8.7520004157,2500.03696419,-0.189372215686,0.0252475570887,-490.325408936,0.00162149895914,0.000110815482913,101.547203064,39.1384391785,0.973318219185,0.000232830643654,0.000465661287308,1,536.159379408,48.1459251665,11.7774280424,69.534897878,9.84458656665,129.718246171,146.489532199,5150.00522137,0.00558793544769,708.010920789,702.246732544,10,70.2263059793,24.1654233832,44.3237731815,0.00425414266314,0.00421368895331,4.04537098264e-05,0.000908585207071,1069.51809339,2509,5.01800023834,536.15928357,536.159262992,-0.000378744452467,0.000145913808813,0.00437888037413,1,4376,-2.08250276046e-06,2.08250276046e-06,1.412789464,0,0,0,0,1.04937881301e-11,6.88851276368e-12,2.10394464375e-05,5.78688968744e-07,1.48904655362e-06,2.10394537135e-05,5.78688968744e-07,7.22691351207e-12,1.49011611938e-08,2.24032419283e-08,64
8.76800041646,2500.03393739,-0.173528178493,0.0231351908296,-490.326019287,0.00149567518383,0.000101936733699,101.547203064,39.1385002136,0.973318219185,0.000232830643654,0.000465661287308,1,536.159379408,67.2373801631,15.218723737,68.8137327173,11.8989706131,129.718246171,138.926116051,5150.00522137,0.00558793544769,708.010920789,709.810119588,10,70.2263059793,24.3894191954,44.38686301,0.00442843513249,0.00448108039564,-5.26452631489e-05,0.00064119376475,1069.51809339,2509,5.01800023834,536.15928357,536.159262992,-0.000347056383632,-0.000118604903676,0.00790233258158,1,4384,-2.01629018193e-06,2.01629018193e-06,1.40951573849,0,0,0,0,8.59158143934e-12,5.63983451954e-12,2.04242533073e-05,3.68393699546e-07,1.48941990119e-06,2.04241569008e-05,3.68393699546e-07,6.43207709317e-12,1.49011611938e-08,1.31373631973e-08,64
8.78400041722,2500.03137626,-0.15954498167,0.0212709177285,-490.326629639,0.00138028664514,9.37303557293e-05,101.600074768,39.1133003235,0.973354697227,0.000232830643654,0.000465661287308,1,536.159379408,82.7020969952,17.9750571943,77.934100589,14.3577863597,122.088720673,129.465566715,5150.00475571,0.00558793544769,715.640489943,719.270727132,10,70.2263059793,25.0282100751,44.8440987384,0.00456247191416,0.00453655957244,2.59123417168e-05,0.000120053300634,1069.51809339,2509,5.01800023834,536.15928357,536.159262992,-0.000319089976664,8.62593330098e-05,0.0224143993109,1,4392,-2.0617330847e-06,2.0617330847e-06,1.41646146774,0,0,0,0,7.03418746861e-12,4.61750386191e-12,2.13688363147e-05,7.53032907141e-07,1.4871637859e-06,2.13688563235e-05,7.53032907141e-07,4.02665401023e-12,1.49011611938e-08,1.62140167959e-08,64
8.80000041798,2500.02881512,-0.147272132267,0.0196346733719,-490.327026367,0.0012733124895,8.63840250531e-05,101.66091156,39.0842895508,0.973396539688,0.000232830643654,0.000465661287308,1,536.159379408,92.9056006612,20.0413486514,87.840538852,16.6408064244,110.534703708,120.074051665,5150.00429004,0.00558793544769,727.194477804,728.662300389,10,70.2263059793,26.2217217823,45.7400237792,0.00439557963638,0.00442196324002,-2.63836036352e-05,-0.00023101165425,1069.51809339,2509,5.01800023834,536.15928357,536.159262992,-0.000294544277857,6.17136342029e-05,0.0293010026217,1,4400,-2.1428513719e-06,2.1428513719e-06,1.41149151325,0,0,0,0,5.75910239636e-12,3.78049067745e-12,2.04090065381e-05,3.92138673533e-07,1.49280515416e-06,2.04089610634e-05,3.92138673533e-07,7.2724049005e-12,1.49011611938e-08,2.09053521161e-08,64
8.81600041874,2500.02671964,-0.134348383085,0.0179116483778,-490.327697754,0.00117408472579,7.99594126875e-05,101.704124451,39.0638084412,0.973426282406,0.000232830643654,0.000465661287308,1,536.159379408,99.8624144523,21.499544533,95.3117894067,18.5177311393,99.5473237708,111.611923785,5150.00429004,0.00558793544769,738.181872293,737.124413718,10,70.2263059793,27.9692703771,46.9491096737,0.00436727161379,0.00443469616584,-6.74245520527e-05,-0.000243744580075,1069.51809339,2509,5.01800023834,536.15928357,536.159262992,-0.000268696787042,3.58661433886e-05,0.0317321419716,1,4408,-2.14653641706e-06,2.14653641706e-06,1.40880727768,0,0,0,0,4.71515144637e-12,3.09520247974e-12,2.11075803236e-05,7.13501719929e-07,1.49306777075e-06,2.11076039704e-05,7.13501719929e-07,5.92371984798e-12,1.49011611938e-08,1.09702682494e-08,64
8.8320004195,2500.02462417,-0.122774579836,0.0163685996085,-490.32824707,0.00108421221375,7.39103415981e-05,101.733024597,39.0500602722,0.973446071148,0.000232830643654,0.000465661287308,1,536.159379408,104.45550148,22.4597753401,100.624356886,19.9392608028,90.0585146155,104.35331933,5150.00382438,0.00558793544769,747.670594137,744.383025449,10,70.2263059793,30.07160376,48.2351715618,0.00436283782712,0.00444561010227,-8.27722751451e-05,-0.000720319803804,1069.51809339,2509,5.01800023834,536.15928357,536.159262992,-0.000245549164335,1.27185206811e-05,0.0297059677541,1,4416,-2.1699042918e-06,2.1699042918e-06,1.41255366802,0,0,0,0,3.86043757725e-12,2.53413631225e-12,2.07741613849e-05,7.29294811208e-07,1.49284983308e-06,2.07741286431e-05,7.29294811208e-07,6.41137143376e-12,1.49011611938e-08,2.23248264319e-08,64
8.84800042026,2500.02276152,-0.112481082226,0.0149962464347,-490.328704834,0.00100295513403,6.80382581777e-05,101.752555847,39.0407867432,0.973459482193,0.000232830643654,0.000465661287308,1,536.159379408,107.386821226,23.02657358,104.270557098,20.939596831,82.2318688734,98.2921483228,5150.00382438,0.00558793544769,755.497254431,750.444130972,10,70.2263059793,32.0125109283,49.2959552503,0.00437329701619,0.00442014425062,-4.68472344251e-05,-0.000694853952155,1069.51809339,2509,5.01800023834,536.15928357,536.159262992,-0.000224962173889,-7.86846976464e-06,0.0260194670409,1,4424,-2.27621376325e-06,2.27621376325e-06,1.40778517723,0,0,0,0,3.16065706593e-12,2.07477416324e-12,2.07507018786e-05,3.96942283487e-07,1.49184677412e-06,2.07507473533e-05,3.96942283487e-07,6.84263756767e-12,1.49011611938e-08,1.6104650058e-08,64
8.86400042102,2500.02113171,-0.103283134933,0.013769954443,-490.329101562,0.000929117144551,6.24372623861e-05,101.766090393,39.0344238281,0.973468780518,0.000232830643654,0.000465661287308,1,536.159379408,109.165170344,23.2878261065,106.68177067,21.5828442181,75.9408794693,93.3119954425,5150.00429004,0.00558793544769,761.788280215,755.42437844,10,70.2263059793,33.3120697178,49.9811540067,0.00442536558787,0.00437285052612,5.25150617436e-05,-0.000181898940355,1069.51809339,2509,5.01800023834,536.15928357,536.159262992,-0.000206566277972,0.000206566277972,0.0220660530031,1,4432,-2.27694113164e-06,2.27694113164e-06,1.4126778841,0,0,0,0,2.58772560671e-12,1.6986804758e-12,2.06585445994e-05,4.10369210613e-07,1.49427296492e-06,2.06584700209e-05,4.10369210613e-07,7.10234648871e-12,1.49011611938e-08,1.70559211199e-08,64
8.88000042178,2500.01950189,-0.0952733927306,0.0127020766959,-490.329376221,0.000861030130181,5.73238248762e-05,101.775382996,39.0299682617,0.973475158215,0.000232830643654,0.000465661287308,1,536.159379408,110.125446931,23.3132414009,108.176978867,21.9355471232,70.9702871973,89.2678872333,5150.00475571,0.00558793544769,766.758923419,759.468530305,10,70.2263059793,34.2675157299,50.5348907609,0.00457128264408,0.00457112037111,1.62272972837e-07,8.54925019667e-05,1069.51809339,2509,5.01800023834,536.15928357,536.159262992,-0.00019054680056,-4.22838430936e-05,0.018433406949,1,4440,-2.16823809751e-06,2.16823809751e-06,1.41030049324,0,0,0,0,2.11864922307e-12,1.39076142096e-12,2.09269783227e-05,6.34275409084e-07,1.49384709403e-06,2.09269710467e-05,6.34275409084e-07,6.0425275894e-12,1.49011611938e-08,1.34919710959e-08,64
8.89600042254,2500.01810491,-0.0880094432887,0.0117336297408,-490.329681396,0.000797187734861,5.29201497557e-05,101.782173157,39.0268058777,0.973479807377,0.000232830643654,0.000465661287308,1,536.159379408,110.476452309,23.1560342812,108.974117062,22.0563791864,67.1053494443,86.020976596,5150.00522137,0.00558793544769,770.623853896,762.715470046,10,70.2263059793,35.0540140062,51.0601093993,0.00433748566231,0.00425097823609,8.65074262224e-05,0.000871295924298,1069.51809339,2509,5.01800023834,536.15928357,536.159262992,-0.000176018893905,-5.6811749749e-05,0.0152986971661,1,4448,-2.32236970987e-06,2.32236970987e-06,1.41259348392,0,0,0,0,1.73460237059e-12,1.13865861184e-12,2.15241871047e-05,7.63469699905e-07,1.49338939082e-06,2.15242380364e-05,7.63469699905e-07,7.02886360227e-12,1.49011611938e-08,1.45690002284e-08,64
8.9120004233,2500.01670793,-0.0816886966959,0.0108909327537,-490.329803467,0.000736340589356,4.93635052408e-05,101.786613464,39.0245513916,0.973482787609,0.000232830643654,0.000465661287308,1,536.159379408,110.344766694,22.8562715132,109.2168323,21.9938746655,64.1645747237,83.4524107631,5150.00382438,0.00558793544769,773.56462134,765.284057707,10,70.2263059793,35.7412791345,51.573078963,0.00421228803227,0.00418367562816,2.86124041127e-05,-0.000458385329694,1069.51809339,2509,5.01800023834,536.15928357,536.159262992,-0.000163377394946,-6.94532487078e-05,0.0126544553787,1,4456,-2.2352862743e-06,2.2352862743e-06,1.4151494503,0,0,0,0,1.42017159751e-12,9.32254382198e-13,2.10178241105e-05,3.90920178006e-07,1.49463778598e-06,2.10178131965e-05,3.90920178006e-07,5.96332705438e-12,1.49011611938e-08,2.14003144094e-08,64
8.92800042406,2500.01531094,-0.0748289323838,0.00997637212276,-490.330047607,0.00067833205685,4.66379460704e-05,101.790016174,39.0229873657,0.973485171795,0.000232830643654,0.000465661287308,1,536.159379408,109.805293695,22.4437303217,108.99759311,21.7864852034,62.0068021817,81.4665327198,5150.00429004,0.00558793544769,775.722379331,767.269986682,10,70.2263059793,36.3609178748,52.072089602,0.00408268503727,0.00414547685068,-6.27918134155e-05,4.54747350886e-05,1069.51809339,2509,5.01800023834,536.15928357,536.159262992,-0.00014965786943,-8.31727742234e-05,0.0104228258133,1,4464,-2.21777645493e-06,2.21777645493e-06,1.41398537159,0,0,0,0,1.16273744105e-12,7.63264885323e-13,2.11347869481e-05,6.57889813738e-07,1.49153777329e-06,2.11347669392e-05,6.57889813738e-07,7.12668812852e-12,1.49011611938e-08,1.9746153157e-08,64
8.94400042482,2500.01414679,-0.0679582328189,0.00906035397202,-490.330383301,0.000625746615697,4.41183328803e-05,101.792182922,39.0219573975,0.973486602306,0.000232830643654,0.000465661287308,1,536.159379408,108.900202302,21.94005555,108.374221622,21.4637572933,60.5287241342,79.9897898105,5150.00475571,0.00558793544769,777.200562879,768.746773247,10,70.2263059793,36.9286281057,52.5526265847,0.00422125508159,0.00422005541623,1.19966536705e-06,0.000436557456851,1069.51809339,2509,5.01800023834,536.15928357,536.159262992,-0.000135916472521,-9.69141711327e-05,0.00850766897202,1,4472,-2.25505755225e-06,2.25505755225e-06,1.41269361973,0,0,0,0,9.5196853872e-13,6.24908111369e-13,2.05929245567e-05,2.58674333509e-07,1.49228253576e-06,2.05929536605e-05,2.58674333509e-07,6.05492045391e-12,1.49011611938e-08,1.74025558408e-08,64
8.96000042558,2500.0134483,-0.0618372268946,0.00824428722262,-490.330871582,0.00057969574118,4.12804292864e-05,101.793632507,39.0213775635,0.973487615585,0.000232830643654,0.000465661287308,1,536.159379408,107.649291504,21.3601843374,107.379796724,21.0476159527,59.659814724,78.9683108451,5150.00382438,0.00558793544769,778.069428634,769.76820128,10,70.2263059793,37.4532355636,53.0104916834,0.00420492680953,0.00419458956458,1.03372449489e-05,-0.000469299266115,1069.51809339,2509,5.01800023834,536.15928357,536.159262992,-0.000123674459562,0.000123674459562,0.00681633222848,1,4480,-2.25269241128e-06,2.25269241128e-06,1.41546356678,0,0,0,0,7.79405565695e-13,5.11631264698e-13,2.18352124648e-05,9.31099123136e-07,1.49083552969e-06,2.18352161028e-05,9.31099123136e-07,7.2734318568e-12,1.49011611938e-08,1.03625854564e-08,64
8.97600042634,2500.01228414,-0.0563880959703,0.00751779554412,-490.33102417,0.000539780652616,3.80605379178e-05,101.793190002,39.0215950012,0.973487317562,0.000232830643654,0.000465661287308,1,536.159379408,103.993429855,20.3600479105,105.826641875,20.4804075228,59.534326283,78.6206874182,5150.00475571,0.00558793544769,778.194866143,770.115817431,11,70.1839453541,37.9403718398,53.4418868483,0.0041154979008,0.00411273504142,2.76285938572e-06,0.00054387783166,1069.51809339,2509,5.01800023834,536.15928357,536.159262992,-0.000112776198102,-0.000120054438613,0.00498296925798,1,4488,-2.21210052587e-06,2.21210052587e-06,1.41731357574,0,0,0,0,6.38122963758e-13,4.18888041658e-13,2.10360703932e-05,4.85875546019e-07,1.49114237047e-06,2.10360612982e-05,4.85875546019e-07,6.98703594981e-12,1.49011611938e-08,1.759474344e-08,64
8.9920004271,2500.01158565,-0.0515752240915,0.00687613198534,-490.331329346,0.000504810828716,3.46485539922e-05,101.792549133,39.0218315125,0.97348690033,0.000232830643654,0.000465661287308,1,536.159379408,94.1691321244,18.2061607613,104.508533177,19.8655932561,59.534326283,78.6206874182,5150.00522137,0.00558793544769,778.194866143,770.115817431,11,70.1839453541,38.3941078326,53.8419699296,0.0041811556023,0.00416548573412,1.56698681808e-05,0.000956788426265,1069.51809339,2509,5.01800023834,536.15928357,536.159262992,-0.000103150453457,0.000103150453457,0.00410060817376,1,4496,-2.12263557842e-06,2.12263557842e-06,1.41210782528,0,0,0,0,5.22450680808e-13,3.42956349084e-13,2.09967183764e-05,7.30822421247e-07,1.48893741425e-06,2.09967511182e-05,7.30822421247e-07,4.69291272509e-12,1.49011611938e-08,3.16290424962e-08,64
9.00800042786,2500.01065433,-0.0473986148108,0.00631929654628,-490.331420898,0.000473212014185,3.13724922307e-05,101.792366028,39.021987915,0.97348678112,0.000232830643654,0.000465661287308,1,536.159379408,79.1351366873,14.9100906119,103.321502135,19.3021772518,59.534326283,78.6206874182,5150.00522137,0.00558793544769,778.194866143,770.115817431,11,70.1839453541,38.8176340493,54.2097368452,0.00435095399987,0.00432191882282,2.90351770404e-05,0.00080035533756,1069.51809339,2509,5.01800023834,536.15928357,536.159262992,-9.47972325638e-05,9.47972325638e-05,0.0037399509456,1,4504,-2.26791053137e-06,2.26791053137e-06,1.41251420975,0,0,0,0,4.27746136037e-13,2.80788738614e-13,2.12859758904e-05,8.70750966442e-07,1.49033030539e-06,2.12859631574e-05,8.70750966442e-07,7.2618300262e-12,1.49011611938e-08,1.27379280457e-08,64
9.02400042862,2500.00995584,-0.0438491127852,0.00584606872872,-490.331542969,0.000443529395852,2.85236619675e-05,101.792007446,39.0220909119,0.973486542702,0.000232830643654,0.000465661287308,1,536.159379408,60.83950508,10.8989367337,102.193582391,18.7858323725,59.534326283,78.6206874182,5150.00475571,0.00558793544769,778.194866143,770.115817431,11,70.1839453541,39.2136498704,54.5470174984,0.00424069553084,0.00427462509833,-3.39295674889e-05,0.000381987774745,1069.51809339,2509,5.01800023834,536.15928357,536.159262992,-8.76982306219e-05,8.76982306219e-05,0.00358262402005,1,4512,-2.19609364649e-06,2.19609364649e-06,1.41652202606,0,0,0,0,3.50208712941e-13,2.29890244211e-13,2.00502436201e-05,4.17928987417e-07,1.48805986555e-06,2.00502727239e-05,4.17928987417e-07,6.98072155636e-12,1.49011611938e-08,1.47909986481e-08,64
9.04000042938,2500.00925735,-0.0404995041947,0.00539949070662,-490.331665039,0.000414720765548,2.63077745331e-05,101.791923523,39.0221939087,0.973486423492,0.000232830643654,0.000465661287308,1,536.159379408,41.6532046506,6.69251276613,101.096800456,18.3126123715,59.534326283,78.6206874182,5150.00429004,0.00558793544769,778.194866143,770.115817431,11,70.1839453541,39.584490878,54.8561620235,0.00388903016735,0.00386717147194,2.18586954093e-05,0.000323780113831,1069.51809339,2509,5.01800023834,536.15928357,536.159262992,-8.09990130524e-05,-0.000151831630602,0.00350592122413,1,4520,-2.25504459195e-06,2.25504459195e-06,1.41263771057,0,0,0,0,2.86726453127e-13,1.8821812056e-13,2.14622359636e-05,7.46174407595e-07,1.48885351337e-06,2.14622086787e-05,7.46174407595e-07,5.03952435338e-12,1.49011611938e-08,1.41279201671e-08,64
9.05600043014,2500.00855885,-0.0374700910299,0.00499560218304,-490.331695557,0.000386644562241,2.47139541898e-05,101.791511536,39.0222702026,0.973486185074,0.000232830643654,0.000465661287308,1,536.159379408,24.0624020239,2.91960758806,100.019985982,17.8789702045,59.534326283,79.0202029748,5150.00429004,0.00558793544769,778.194866143,770.115817431,11,70.1839453541,39.5677925553,55.139480537,0.00386670136188,0.00377804099116,8.86603707118e-05,0.000412910594605,1069.51809339,2509,5.01800023834,536.15928357,536.159262992,-7.49401860012e-05,7.49401860012e-05,0.00635923445225,1,4528,-2.27465898206e-06,2.27465898206e-06,1.41326355934,0,0,0,0,2.34751644122e-13,1.5409987739e-13,2.09162953979e-05,6.44378701509e-07,1.49598974986e-06,2.09163008549e-05,6.44378701509e-07,7.05194236339e-12,1.49011611938e-08,1.68047904481e-08,64
9.0720004309,2500.00809319,-0.0348740627487,0.00464949337766,-490.331848145,0.000359364843462,2.36142241192e-05,101.791419983,39.022354126,0.973486125469,0.000232830643654,0.000465661287308,1,536.159379408,10.422424226,0.416974224148,98.958443757,17.4815272984,59.7694961471,83.6315011838,5150.00429004,0.00558793544769,778.194866143,770.115817431,11,70.1839453541,36.2087121175,55.1965276827,0.00390990591292,0.00386171450373,4.81914091965e-05,0.000329237082042,1069.51809339,2509,5.01800023834,536.15928357,536.159262992,-6.9748130882e-05,6.9748130882e-05,0.0204399712384,1,4536,-2.34023264056e-06,2.34023264056e-06,1.4128510952,0,0,0,0,1.92198280945e-13,1.2616623512e-13,2.04087737075e-05,3.80250867238e-07,1.49137986227e-06,2.04087627935e-05,3.80250867238e-07,5.8679172632e-12,1.49011611938e-08,2.05511447859e-08,64
9.08800043166,2500.00762753,-0.0324680762276,0.00432872166857,-490.33190918,0.000333026779117,2.28892768064e-05,101.791236877,39.0224380493,0.97348600626,0.000232830643654,0.000465661287308,1,536.159379408,3.34586610749,-1.19749202991,97.9102546793,17.1081976999,67.0647932566,90.3562904568,5150.00475571,0.00558793544769,778.194866143,770.115817431,11,70.1839453541,31.9434366247,51.0854188178,0.00397408213282,0.00406907929573,-9.49971629138e-05,0.000587533577345,1069.51809339,2509,5.01800023834,536.15928357,536.159262992,-6.49361536764e-05,6.49361536764e-05,0.0265651922673,1,4544,-2.27196369451e-06,2.27196369451e-06,1.41262984276,0,0,0,0,1.57358568992e-13,1.03296121927e-13,2.20030997298e-05,1.00478757759e-06,1.48734704908e-06,2.20030851779e-05,1.00478757759e-06,5.72816793998e-12,1.49011611938e-08,1.5753300886e-08,64
9.10400043242,2500.00716187,-0.0303563965076,0.00404718751088,-490.331970215,0.000307783397147,2.2417107175e-05,101.79132843,39.0225372314,0.973486065865,0.000232830643654,0.000465661287308,1,536.159379408,2.40567463472,-1.38816899934,96.8743932737,16.7274590459,77.0709812059,96.382224001,5150.00382438,0.00558793544769,778.194866143,770.115817431,11,70.1839453541,28.9941090159,48.1541319459,0.0037386366919,0.00371073838323,2.78983086632e-05,1.45519152284e-05,1069.51809339,2509,5.01800023834,536.15928357,536.159262992,-6.07127959018e-05,6.07127959018e-05,0.023466585204,1,4552,-2.09919721783e-06,2.09919721783e-06,1.40941405296,0,0,0,0,1.28834226273e-13,8.45716725817e-14,2.0593723093e-05,3.74635106937e-07,1.49048423737e-06,2.05936703424e-05,3.74635106937e-07,7.06672220741e-12,1.49011611938e-08,1.40068436849e-08,64
9.12000043318,2500.00669621,-0.0283770873466,0.00378330121748,-490.332000732,0.000283771369141,2.2102967705e-05,101.791053772,39.0226135254,0.973485887051,0.000232830643654,0.000465661287308,1,536.159379408,3.22501138314,-1.17493513203,95.8504420255,16.3277564328,85.0103533594,100.495504739,5150.00382438,0.00558793544769,778.194866143,770.115817431,11,70.1839453541,27.8405696008,47.4537337141,0.00400079853968,0.00397994881496,2.08497247245e-05,-0.000254658516496,1069.51809339,2509,5.01800023834,536.15928357,536.159262992,-5.67541777463e-05,5.67541777463e-05,0.0189541298896,1,4560,-2.21670779865e-06,2.21670779865e-06,1.41482663155,0,0,0,0,1.05480477597e-13,6.92413926759e-14,2.03126182896e-05,2.51898200077e-07,1.48847243508e-06,2.03126110137e-05,2.51898200077e-07,6.82265355323e-12,1.49011611938e-08,1.14005160867e-08,64
9.13600043394,2500.00623055,-0.0266497242052,0.00355300493538,-490.33203125,0.000261000328464,2.18846635107e-05,101.790870667,39.0226860046,0.973485708237,0.000232830643654,0.000465661287308,1,536.159379408,3.89148142557,-1.01502973175,94.8379907449,15.9159678665,91.468449682,103.580081486,5150.00475571,0.00558793544769,778.194866143,770.115817431,11,70.1839453541,27.423056963,47.1944513265,0.00422584163495,0.00430190993939,-7.60683044332e-05,0.000354702933691,1069.51809339,2509,5.01800023834,536.15928357,536.159262992,-5.32994516578e-05,5.32994516578e-05,0.0156961102039,1,4568,-2.13822067963e-06,2.13822067963e-06,1.41326034069,0,0,0,0,8.63600640652e-14,5.66900245822e-14,2.02762475965e-05,2.85080858475e-07,1.49550749029e-06,2.02762148547e-05,2.85080858475e-07,7.1519873357e-12,1.49011611938e-08,3.7002564568e-08,64
9.1520004347,2500.00576489,-0.0250470986174,0.00333933904767,-490.33203125,0.00023942894768,2.1734420443e-05,101.790779114,39.0227737427,0.973485648632,0.000232830643654,0.000465661287308,1,536.159379408,4.44339425771,-0.884051476574,93.8367830631,15.5005480207,96.8164822552,106.106650492,5150.00429004,0.00558793544769,778.194866143,770.115817431,11,70.1839453541,27.3165333056,47.0469531137,0.00422589847837,0.00427826307714,-5.23645987682e-05,-8.73114913702e-05,1069.51809339,2509,5.01800023834,536.15928357,536.159262992,-5.00941996218e-05,5.00941996218e-05,0.0130895422772,1,4576,-2.2811236704e-06,2.2811236704e-06,1.41249907017,0,0,0,0,7.07056077099e-14,4.6413844583e-14,2.20605088543e-05,1.02346973563e-06,1.49471577515e-06,2.20604906644e-05,1.02346973563e-06,1.00305597162e-11,1.49011611938e-08,1.5176526702e-08,64
9.16800043546,2500.00553206,-0.0236102444262,0.00314777414314,-490.332092285,0.000219025707338,2.16295775317e-05,101.790519714,39.0228500366,0.973485469818,0.000232830643654,0.000465661287308,1,536.159379408,4.90362735276,-0.77031195655,92.8466651589,15.088232983,101.276142232,108.300686406,5150.00429004,0.00558793544769,778.194866143,770.115817431,11,70.1839453541,27.3605928669,46.9572369184,0.00395617645588,0.00392901711166,2.7159344218e-05,0.000261934474111,1069.51809339,2509,5.01800023834,536.15928357,536.159262992,-4.72204914059e-05,4.72204914059e-05,0.010965350084,1,4584,-2.18679019781e-06,2.18679019781e-06,1.4128215313,0,0,0,0,5.78888269243e-14,3.80004255601e-14,2.0981860871e-05,6.64558342578e-07,1.49393099491e-06,2.09818790609e-05,6.64558342578e-07,6.28370966371e-12,1.49011611938e-08,3.03730303131e-08,64
9.18400043622,2500.00506639,-0.0218995577228,0.00291970139369,-490.332061768,0.000199843751034,2.15482486965e-05,101.790428162,39.0229263306,0.973485410213,0.000232830643654,0.000465661287308,1,536.159379408,5.28954785914,-0.667530081235,91.8674685614,14.6840191963,105.015707959,110.283348477,5150.00475571,0.00558793544769,778.194866143,770.115817431,11,70.1839453541,27.4847716355,46.9082478958,0.00405011020554,0.0040545273805,-4.41717495914e-06,0.000602085492574,1069.51809339,2509,5.01800023834,536.15928357,536.159262992,-4.37991171109e-05,4.37991171109e-05,0.00922813918442,1,4592,-2.18639502236e-06,2.18639502236e-06,1.40841531754,0,0,0,0,4.73953355403e-14,3.11121029113e-14,2.06364329642e-05,2.89648170337e-07,1.49013976625e-06,2.06363911275e-05,2.89648170337e-07,5.45069545055e-12,1.49011611938e-08,2.16570015255e-08,64
9.20000043698,2500.00460073,-0.0199268335166,0.00265669310465,-490.332122803,0.000182817137102,2.13108069147e-05,101.790290833,39.0230064392,0.973485350609,0.000232830643654,0.000465661287308,1,536.159379408,5.61495802685,-0.572067932957,90.8990467742,14.2914985692,108.168933366,112.124813313,5150.00429004,0.00558793544769,778.194866143,770.115817431,11,70.1839453541,27.6537284662,46.8897269457,0.00412755936374,0.00414547685068,-1.79174869386e-05,4.54747350886e-05,1069.51809339,2509,5.01800023834,536.15928357,536.159262992,-3.98536689761e-05,-0.000192976967739,0.0081103220582,1,4600,-2.13547923522e-06,2.13547923522e-06,1.41271495819,0,0,0,0,3.88039989409e-14,2.54724203292e-14,2.09225181607e-05,3.86185860179e-07,1.4921570255e-06,2.09225800063e-05,3.86185860179e-07,7.17982617804e-12,1.49011611938e-08,2.36556161326e-08,64
9.21600043774,2500.0043679,-0.0180616694934,0.00240802485496,-490.332244873,0.00016854601563,2.07272223633e-05,101.790107727,39.0230865479,0.9734852314,0.000232830643654,0.000465661287308,1,536.159379408,5.89093756189,-0.481729839675,89.9412972499,13.9131780215,110.843175207,113.867434266,5150.00335872,0.00558793544769,778.194866143,770.115817431,11,70.1839453541,27.8480165434,46.8940052087,0.0040590062006,0.00398358679377,7.54194068309e-05,-0.000723957782611,1069.51809339,2509,5.01800023834,536.15928357,536.159262992,-3.612334043e-05,3.612334043e-05,0.00767108798027,1,4608,-2.21737923312e-06,2.21737923312e-06,1.41045498848,0,0,0,0,3.17700103421e-14,2.08550421398e-14,2.16688931687e-05,9.36129595175e-07,1.49101242641e-06,2.16689877561e-05,9.36129595175e-07,6.76732281324e-12,1.49011611938e-08,1.5392174646e-08,64
9.2320004385,2500.00413507,-0.0163021489641,0.00217344146222,-490.332366943,0.000156996567966,1.97747485799e-05,101.789924622,39.0231590271,0.97348511219,0.000232830643654,0.000465661287308,1,536.159379408,6.12639344545,-0.395154615193,88.9941027914,13.5506854943,113.124740892,115.537470265,5150.00429004,0.00558793544769,778.194866143,770.115817431,11,70.1839453541,28.0563053821,46.9151200377,0.00414688612616,0.00413820089307,8.68523308828e-06,5.27506927028e-05,1069.51809339,2509,5.01800023834,536.15928357,536.159262992,-3.26043012033e-05,3.26043012033e-05,0.0073287175037,1,4616,-2.28830799642e-06,2.28830799642e-06,1.41385889053,0,0,0,0,2.60110706032e-14,1.70746544751e-14,2.1155747163e-05,7.66262246543e-07,1.49168954522e-06,2.11557653529e-05,7.66262246543e-07,6.30322183337e-12,1.49011611938e-08,1.40699398798e-08,64
9.24800043926,2500.00390224,-0.0147002658935,0.00195987452753,-490.332489014,0.000147763596033,1.85456719919e-05,101.789924622,39.0232429504,0.97348511219,0.000232830643654,0.000465661287308,1,536.159379408,6.32848980937,-0.311481106739,88.0572656284,13.2050354753,115.083057608,117.151532322,5150.00382438,0.00558793544769,778.194866143,770.115817431,11,70.1839453541,28.2717901428,46.9484148198,0.00398000805923,0.00403451849706,-5.45104378302e-05,-0.000309228198603,1069.51809339,2509,5.01800023834,536.15928357,536.159262992,-2.94005340906e-05,2.94005340906e-05,0.00704917404801,1,4624,-2.13689008888e-06,2.13689008888e-06,1.41050076485,0,0,0,0,2.1296053232e-14,1.39795376406e-14,2.13890780287e-05,8.59314809531e-07,1.49328809584e-06,2.13890671148e-05,8.59314809531e-07,6.54375165166e-12,1.49011611938e-08,1.48318122228e-08,64
9.26400044002,2500.00343658,-0.0132054118751,0.0017605770845,-490.332427979,0.000140289790579,1.71861702256e-05,101.789741516,39.0233192444,0.973484933376,0.000232830643654,0.000465661287308,1,536.159379408,6.50301829734,-0.230159351944,87.1307637865,12.8767306303,116.77423754,118.720228784,5150.00475571,0.00558793544769,778.194866143,770.115817431,11,70.1839453541,28.4903271677,46.99026249,0.00381908434044,0.00381442077924,4.66356120388e-06,0.000842192093842,1069.51809339,2509,5.01800023834,536.15928357,536.159262992,-2.64108249159e-05,2.64108249159e-05,0.00681130122393,1,4632,-2.2210520001e-06,2.2210520001e-06,1.41230821609,0,0,0,0,1.74357225977e-14,1.14454708664e-14,2.09188692679e-05,6.67015058298e-07,1.48806748257e-06,2.09188983717e-05,6.67015058298e-07,8.6400192556e-12,1.49011611938e-08,1.44453906614e-08,64
9.28000044078,2500.00343658,-0.0118381304759,0.00157828780357,-490.332611084,0.00013406004291,1.5815570805e-05,101.789558411,39.0233917236,0.973484814167,0.000232830643654,0.000465661287308,1,536.159379408,6.65464893994,-0.150830277255,86.2144727439,12.5659192868,118.243537145,120.250486361,5150.00382438,0.00558793544769,778.194866143,770.115817431,11,70.1839453541,28.7093698716,47.0378690807,0.00368497650449,0.00372165231965,-3.66758151626e-05,3.63797880709e-06,1069.51809339,2509,5.01800023834,536.15928357,536.159262992,-2.36762623396e-05,2.36762623396e-05,0.00660178577527,1,4640,-2.18546028918e-06,2.18546028918e-06,1.41489052773,0,0,0,0,1.42751563744e-14,9.37075344756e-15,2.0743587811e-05,5.01868100855e-07,1.49350159973e-06,2.07436532946e-05,5.01868100855e-07,6.85763945629e-12,1.49011611938e-08,2.0992104055e-08,64
9.29600044154,2500.00320375,-0.0105750190826,0.00140988687053,-490.332672119,0.000128624975332,1.45410404002e-05,101.789375305,39.0234642029,0.973484694958,0.000232830643654,0.000465661287308,1,536.159379408,6.78717187378,-0.0732566414768,85.3083046025,12.2724366364,119.527685456,121.746881632,5150.00335872,0.00558793544769,778.194866143,770.115817431,11,70.1839453541,28.9273466478,47.0890627184,0.00358665160072,0.00360159901902,-1.49474183031e-05,-0.000341970007867,1069.51809339,2509,5.01800023834,536.15928357,536.159262992,-2.11500383179e-05,2.11500383179e-05,0.00641221413389,1,4648,-2.12211239159e-06,2.12211239159e-06,1.41257548332,0,0,0,0,1.16875037548e-14,7.6721203514e-15,2.10652578971e-05,5.01877252645e-07,7.46644730043e-07,2.10652269743e-05,5.01877252645e-07,1.29517646608e-11,7.45058059692e-09,2.76502305496e-08,64
9.3120004423,2500.00297092,-0.00950411127576,0.00126711081248,-490.332702637,0.000123683625134,1.34210431497e-05,101.789237976,39.0235404968,0.973484635353,0.000232830643654,0.000465661287308,1,536.159379408,6.90366672788,0.00272261626428,84.4120908917,11.9959374969,120.656521176,123.21252143,5150.00382438,0.00558793544769,778.194866143,770.115817431,11,70.1839453541,29.1433007078,47.1422063129,0.00351363622919,0.00349609763362,1.75385955759e-05,0.000229192664847,1069.51809339,2509,5.01800023834,536.15928357,536.159262992,-1.90082238144e-05,1.90082238144e-05,0.00623719440773,1,4656,-2.12583040593e-06,2.12583040593e-06,1.41272711754,0,0,0,0,9.56891341744e-15,6.28139686058e-15,2.09589470614e-05,5.04200727391e-07,1.49654965753e-06,2.09590034501e-05,5.04200727391e-07,5.33052768592e-12,1.49011611938e-08,1.78008825458e-08,64
9.32800044306,2500.00297092,-0.0085160269947,0.00113537709694,-490.332855225,0.000119071883091,1.24776261146e-05,101.789154053,39.0236053467,0.973484575748,0.000232830643654,0.000465661287308,1,536.159379408,7.00663996412,0.077221035821,83.5257510383,11.7359118778,121.654331451,124.649595818,5150.00429004,0.00558793544769,778.194866143,770.115817431,11,70.1839453541,29.356642699,47.1960520372,0.00349425972879,0.00361978891306,-0.000125529184269,0.000571162672713,1069.51809339,2509,5.01800023834,536.15928357,536.159262992,-1.70320545861e-05,1.70320545861e-05,0.00607320014387,1,4664,-2.081401135e-06,2.081401135e-06,1.41242313385,0,0,0,0,7.83435934805e-15,5.14276985662e-15,2.0819292331e-05,2.857563004e-07,1.49275854255e-06,2.08192650462e-05,2.857563004e-07,7.12251091439e-12,1.49011611938e-08,2.31331682699e-08,64
9.34400044382,2500.00273809,-0.00759099805236,0.00101204996463,-490.332855225,0.000114696405944,1.17034878713e-05,101.788978577,39.0236854553,0.973484456539,0.000232830643654,0.000465661287308,1,536.159379408,7.09813978531,0.150317825975,82.6492191191,11.4917692154,122.540965094,126.059632748,5150.00382438,0.00558793544769,778.194866143,770.115817431,11,70.1839453541,29.5670470223,47.2496503789,0.00360899106433,0.0036434357753,-3.44447109724e-05,8.18545231596e-05,1069.51809339,2509,5.01800023834,536.15928357,536.159262992,-1.51819962851e-05,1.51819962851e-05,0.00591801526025,1,4672,-2.13706334762e-06,2.13706334762e-06,1.41248452663,0,0,0,0,6.41422729682e-15,4.21054148849e-15,2.01765451493e-05,3.59778908887e-07,1.49866889387e-06,2.01766088139e-05,3.59778908887e-07,6.10009265323e-12,1.49011611938e-08,1.40772566937e-08,64
9.36000044458,2500.00273809,-0.00682854928158,0.000910398492124,-490.332946777,0.000110577566375,1.10696073534e-05,101.788887024,39.0237541199,0.973484396935,0.000232830643654,0.000465661287308,1,536.159379408,7.17984677986,0.222077113998,81.782326663,11.2628337951,123.332705698,127.443869133,5150.00382438,0.00558793544769,778.194866143,770.115817431,11,70.1839453541,29.7743135889,47.3023137602,0.00357025227438,0.00357067619916,-4.23924784165e-07,0.000154614099301,1069.51809339,2509,5.01800023834,536.15928357,536.159262992,-1.36570988893e-05,1.36570988893e-05,0.00577006023377,1,4680,-2.0978413886e-06,2.0978413886e-06,1.41263794899,0,0,0,0,5.2515225343e-15,3.44729852269e-15,2.17760643864e-05,7.88154238762e-07,1.49774575675e-06,2.1776126232e-05,7.88154238762e-07,6.45930531284e-12,1.49011611938e-08,1.60551962836e-08,64
9.37600044534,2500.00273809,-0.00614732220683,0.000819575681817,-490.33303833,0.000106709339889,1.05521412479e-05,101.788795471,39.0238304138,0.97348433733,0.000232830643654,0.000465661287308,1,536.159379408,7.25314396536,0.292547162156,80.9250077468,11.0483896158,124.042955576,128.803236294,5150.00289306,0.00558793544769,778.194866143,770.115817431,11,70.1839453541,29.9783550872,47.3535401397,0.00349722269199,0.00353611540049,-3.88927084982e-05,-0.000742147676647,1069.51809339,2509,5.01800023834,536.15928357,536.159262992,-1.22946453365e-05,1.22946453365e-05,0.00562834413722,1,4688,-2.1367663976e-06,2.1367663976e-06,1.41273617744,0,0,0,0,4.29958116839e-15,2.82240780091e-15,2.01015354833e-05,3.58543331913e-07,1.49363461333e-06,2.01015536732e-05,3.58543331913e-07,5.22729082242e-12,1.49011611938e-08,1.83601400749e-08,64
9.3920004461,2500.00250526,-0.00556577184341,0.000742042029742,-490.333007812,0.00010316431144,1.01031910162e-05,101.788612366,39.0238990784,0.973484158516,0.000232830643654,0.000465661287308,1,536.159379408,7.31917904956,0.36176571044,80.0771817973,10.8476968705,124.682832393,130.138461827,5150.00289306,0.00558793544769,778.194866143,770.115817431,11,70.1839453541,30.1791242237,47.4029839097,0.00348532110117,0.0034378899727,4.74311284693e-05,-0.000643922248855,1069.51809339,2509,5.01800023834,536.15928357,536.159262992,-1.11315444709e-05,1.11315444709e-05,0.00549210282043,1,4696,-1.97358485821e-06,1.97358485821e-06,1.41589164734,0,0,0,0,3.52019756626e-15,2.31079100692e-15,2.16983098653e-05,8.58779117152e-07,1.49600862187e-06,2.16982680286e-05,8.58779117152e-07,6.25900720141e-12,1.49011611938e-08,1.50885171024e-08,64
9.40800044686,2500.00250526,-0.00495446261795,0.000660540827084,-490.333068848,9.99490948743e-05,9.70667315414e-06,101.788337708,39.0239677429,0.973483979702,0.000232830643654,0.000465661287308,1,536.159379408,7.37889601863,0.429768939455,79.2387535921,10.6600285709,125.261489302,131.450244226,5150.00289306,0.00558793544769,778.194866143,770.115817431,11,70.1839453541,30.3766246361,47.4504158774,0.00339738433219,0.00341424311046,-1.68587782623e-05,-0.000620275386609,1069.51809339,2509,5.01800023834,536.15928357,536.159262992,-9.90892611019e-06,9.90892611019e-06,0.0053608128801,1,4704,-2.17677484216e-06,2.17677484216e-06,1.4125701189,0,0,0,0,2.88209249523e-15,1.89191457978e-15,2.04900788958e-05,1.75780641598e-07,1.49107484049e-06,2.04900316021e-05,1.75780641598e-07,6.13663286853e-12,1.49011611938e-08,2.44135094363e-08,64
9.42400044762,2500.00227243,-0.00451026815895,0.000601319712587,-490.333007812,9.70921319094e-05,9.33925366553e-06,101.788337708,39.0240440369,0.973483979702,0.000232830643654,0.000465661287308,1,536.159379408,7.43309236238,0.496587035472,78.4095400105,10.4846485726,125.786653371,132.739165565,5150.00289306,0.00558793544769,778.194866143,770.115817431,11,70.1839453541,30.5708890664,47.4956796097,0.00343611601672,0.00335421646014,8.1899556581e-05,-0.000560248736292,1069.51809339,2509,5.01800023834,536.15928357,536.159262992,-9.02053692159e-06,9.02053692159e-06,0.00523410877213,1,4712,-2.172037739e-06,2.172037739e-06,1.41322088242,0,0,0,0,2.35965697292e-15,1.54896788009e-15,2.17368960875e-05,9.52266702825e-07,1.5003538465e-06,2.17369579332e-05,9.52266702825e-07,6.86643797376e-12,1.49011611938e-08,1.11664917313e-08,64
9.44000044838,2500.00227243,-0.00405946964932,0.000541218207218,-490.333068848,9.45388528635e-05,9.00027680473e-06,101.788108826,39.0240974426,0.973483860493,0.000232830643654,0.000465661287308,1,536.159379408,7.48318589128,0.564333838559,77.5894897788,10.3208967262,126.272061607,134.046000312,5150.00382438,0.00558793544769,778.194866143,770.115817431,11,70.1839453541,30.6964939227,47.51965389,0.00350316282927,0.00357977114618,-7.66083169124e-05,0.000145519152284,1069.51809339,2509,5.01800023834,536.15928357,536.159262992,-8.11893954844e-06,8.11893954844e-06,0.00563057791442,1,4720,-2.26705537898e-06,2.26705537898e-06,1.40899634361,0,0,0,0,1.93192269873e-15,1.26818715187e-15,2.15849213419e-05,1.07827656848e-06,1.49729601162e-06,2.1584895876e-05,1.07827656848e-06,7.0281419573e-12,1.49011611938e-08,1.57374682175e-08,64
9.45600044914,2500.0020396,-0.00362966634526,0.000483915791847,-490.33303833,9.22918625292e-05,8.68348888616e-06,101.787704468,39.0241584778,0.973483562469,0.000232830643654,0.000465661287308,1,536.159379408,7.53387456182,0.646225098115,76.7785296489,10.168392141,126.763232402,135.62568347,5150.00289306,0.00558793544769,778.194866143,770.115817431,11,70.1839453541,30.3789511236,47.4207336083,0.00336754864272,0.00336513039656,2.41824615888e-06,-0.000571162672713,1069.51809339,2509,5.01800023834,536.15928357,536.159262992,-7.25933289175e-06,7.25933289175e-06,0.00718072708696,1,4728,-2.23196116167e-06,2.23196116167e-06,1.41290593147,0,0,0,0,1.58172370296e-15,1.0383033629e-15,2.23103543249e-05,9.5321348681e-07,1.49420804973e-06,2.2310330678e-05,9.5321348681e-07,6.81577017048e-12,1.49011611938e-08,1.65664690854e-08,64
9.4720004499,2500.0020396,-0.00328324878396,0.000437730574049,-490.333099365,9.03079126147e-05,8.38476626086e-06,101.787704468,39.0242271423,0.973483562469,0.000232830643654,0.000465661287308,1,536.159379408,7.58704085274,0.74797085474,75.9765131242,10.0270331851,127.278413856,137.588358484,5150.00335872,0.00558793544769,778.194866143,770.115817431,11,70.1839453541,29.5018453471,47.1714884043,0.00324536371388,0.00325417204294,-8.80832906613e-06,5.45696821064e-06,1069.51809339,2509,5.01800023834,536.15928357,536.159262992,-6.56649777955e-06,6.56649777955e-06,0.00891647301614,1,4736,-2.14725537262e-06,2.14725537262e-06,1.4123622179,0,0,0,0,1.29500516789e-15,8.50090365617e-16,2.19808371185e-05,1.07613129785e-06,1.49419122408e-06,2.1980909878e-05,1.07613129785e-06,6.44716224851e-12,1.49011611938e-08,2.51179699262e-08,64
9.48800045066,2500.0020396,-0.00295126389993,0.000393469556002,-490.333129883,8.85329718585e-05,8.11256722955e-06,101.787437439,39.0242881775,0.973483383656,0.000232830643654,0.000465661287308,1,536.159379408,7.64239497586,0.864543077253,75.1834328801,9.89666512179,127.814797452,139.837036841,5150.00335872,0.00558793544769,778.194866143,770.115817431,11,70.1839453541,28.2319833786,46.7959907837,0.00331243184271,0.00326508597936,4.7345863341e-05,-5.45696821064e-06,1069.51809339,2509,5.01800023834,536.15928357,536.159262992,-5.90252803231e-06,5.90252803231e-06,0.0102342311293,1,4744,-2.23365395868e-06,2.23365395868e-06,1.41280472279,0,0,0,0,1.0602599392e-15,6.959948496e-16,2.25883486564e-05,1.31571084694e-06,1.48900574004e-06,2.25882195082e-05,1.31571084694e-06,7.18040904513e-12,1.49011611938e-08,1.19372316476e-08,64
9.50400045142,2500.0020396,-0.00265216693052,0.00035359323374,-490.3331604,8.694211283e-05,7.86659802543e-06,101.787345886,39.024356842,0.973483324051,0.000232830643654,0.000465661287308,1,536.159379408,7.69882355852,0.98651443609,74.3991131207,9.77695467168,128.361585666,142.189863254,5150.00335872,0.00558793544769,778.194866143,770.115817431,11,70.1839453541,26.8293551926,46.3341348222,0.00339734169963,0.00336058292305,3.67587765782e-05,-0.000100953911897,1069.51809339,2509,5.01800023834,536.15928357,536.159262992,-5.3043342288e-06,5.3043342288e-06,0.0108720241114,1,4752,-2.22302423936e-06,2.22302423936e-06,1.41264438629,0,0,0,0,8.68066839977e-16,5.69832097903e-16,2.12213399209e-05,8.77831269008e-07,1.49215031797e-06,2.12212617043e-05,8.77831269008e-07,7.00842162082e-12,1.49011611938e-08,2.04273078452e-08,64
9.52000045218,2500.0020396,-0.00238334108005,0.000317752739647,-490.333221436,8.55124017107e-05,7.6455908129e-06,101.787254333,39.0244255066,0.973483264446,0.000232830643654,0.000465661287308,1,536.159379408,7.75482455482,1.10528193007,73.623480598,9.66736529171,128.904241137,144.480887684,5150.00382438,0.00558793544769,778.194866143,770.115817431,11,70.1839453541,25.5104387179,45.8311114926,0.0032468771699,0.00321779225487,2.9084915032e-05,0.000507498043589,1069.51809339,2509,5.01800023834,536.15928357,536.159262992,-4.76668227459e-06,4.76668227459e-06,0.0108647411689,1,4760,-2.21195500671e-06,2.21195500671e-06,1.41257417202,0,0,0,0,7.10712735273e-16,4.66538865205e-16,2.22962062253e-05,1.23791380702e-06,1.49131085436e-06,2.22962080443e-05,1.23791380702e-06,7.1857936268e-12,1.49011611938e-08,1.75674017555e-08,64
9.53600045294,2500.0020396,-0.00214056261605,0.000285384914605,-490.333251953,8.42610897962e-05,7.44132103137e-06,101.786979675,39.0244903564,0.973483085632,0.000232830643654,0.000465661287308,1,536.159379408,7.80879474475,1.2155679691,72.8565426367,9.56722676084,129.427207867,146.608304931,5150.00335872,0.00558793544769,778.194866143,770.115817431,11,70.1839453541,24.3942340603,45.3307002317,0.00327372857989,0.00335239747074,-7.86688908461e-05,-9.27684595808e-05,1069.51809339,2509,5.01800023834,536.15928357,536.159262992,-4.28112536741e-06,4.28112536741e-06,0.0104044154286,1,4768,-2.11241490433e-06,2.11241490433e-06,1.41277325153,0,0,0,0,5.8188209449e-16,3.81969534034e-16,2.21358950512e-05,1.10971382128e-06,1.49027016505e-06,2.21358641284e-05,1.10971382128e-06,6.07225381088e-12,1.49011611938e-08,1.66681388691e-08,64
9.5520004537,2500.0020396,-0.00192531901533,0.000256688130321,-490.333282471,8.31120851217e-05,7.26101870896e-06,101.786888123,39.0245552063,0.973483026028,0.000232830643654,0.000465661287308,1,536.159379408,9.16489179047,1.66037876994,72.0981161163,9.47593478141,129.640568048,148.314298713,5150.00335872,0.00558793544769,778.194866143,770.115817431,11,70.1839453541,23.6852192756,45.0478000857,0.00321709088535,0.00320687831845,1.02125669033e-05,5.27506927028e-05,1069.51809339,2509,5.01800023834,536.15928357,536.159262992,-3.85063812433e-06,3.85063812433e-06,0.00628078915179,1,4776,-2.21463642447e-06,2.21463642447e-06,1.41475152969,0,0,0,0,4.76404575579e-16,3.12730043371e-16,2.14010615309e-05,8.76322019394e-07,1.49441041231e-06,2.14010869968e-05,8.76322019394e-07,6.18755047199e-12,1.49011611938e-08,1.2745033473e-08,64
9.56800045446,2500.0020396,-0.00173049197194,0.000230713325436,-490.333282471,8.20643763291e-05,7.10359472578e-06,101.78679657,39.0246162415,0.973482966423,0.000232830643654,0.000465661287308,1,536.159379408,14.8245092453,3.19364902148,71.3481863872,9.39412295038,129.640568048,148.619859829,5150.00382438,0.00558793544769,778.194866143,770.115817431,11,70.1839453541,23.9016862906,44.7793718195,0.00331990997193,0.00340151018463,-8.1600212698e-05,0.000323780113831,1069.51809339,2509,5.01800023834,536.15928357,536.159262992,-3.46098410348e-06,3.46098410348e-06,0.00280286185443,1,4784,-2.23322604143e-06,2.23322604143e-06,1.41255676746,0,0,0,0,3.90046866689e-16,2.56041595752e-16,2.17346459976e-05,8.4997822114e-07,1.49409743244e-06,2.17346714635e-05,8.4997822114e-07,6.8611644144e-12,1.49011611938e-08,1.48803565025e-08,64
9.58400045522,2500.0020396,-0.00155577595251,0.00020741976914,-490.333312988,8.11122736195e-05,6.9652842285e-06,101.786705017,39.0246810913,0.973482906818,0.000232830643654,0.000465661287308,1,536.159379408,24.7431231905,5.85111480414,70.606606953,9.32140671467,129.640568048,148.619859829,5150.00335872,0.00558793544769,778.194866143,770.115817431,11,70.1839453541,24.0328918153,44.5281548309,0.00326776679327,0.00335421646014,-8.64496668695e-05,-9.45874489844e-05,1069.51809339,2509,5.01800023834,536.15928357,536.159262992,-3.11155203166e-06,3.11155203166e-06,0.00278340443037,1,4792,-2.14494048123e-06,2.14494048123e-06,1.41268980503,0,0,0,0,3.19343200167e-16,2.09629007742e-16,2.19690991798e-05,1.15187913252e-06,1.49835898355e-06,2.19691191887e-05,1.15187913252e-06,6.55615839396e-12,1.49011611938e-08,1.67210600921e-08,64
9.60000045598,2500.00180677,-0.00139894795748,0.000186511082575,-490.333221436,8.02508875495e-05,6.84258520778e-06,101.786705017,39.0247535706,0.973482906818,0.000232830643654,0.000465661287308,1,536.159379408,38.5967952893,9.55106454534,69.8733485144,9.28266024767,129.640568048,148.530394654,5150.00335872,0.00558793544769,778.194866143,770.205282606,11,70.1839453541,24.1054713115,44.3599492428,0.00341976076623,0.00342242856277,-2.66779653924e-06,-0.000162799551617,1069.51809339,2509,5.01800023834,536.15928357,536.159262992,-2.79789602944e-06,2.79789602944e-06,0.00276388670318,1,4800,-2.17901310862e-06,2.17901310862e-06,1.41875529289,0,0,0,0,2.6145593623e-16,1.71629627421e-16,2.11457791011e-05,8.86453562998e-07,1.48910908138e-06,2.11457299883e-05,8.86453562998e-07,7.15320858102e-12,1.49011611938e-08,2.10894199881e-08,64
9.61600045674,2500.00180677,-0.00125800792006,0.000167720616446,-490.333251953,7.9475066741e-05,6.73263184581e-06,101.786338806,39.0248031616,0.973482608795,0.000232830643654,0.000465661287308,1,536.159379408,55.9329816764,13.3273618018,69.1483524729,10.6128082027,129.640568048,143.658078741,5150.00429004,0.00558793544769,778.194866143,775.077554863,11,70.1839453541,24.230530471,44.3052558694,0.0035791525993,0.00365616870113,-7.70161018293e-05,0.000534782884642,1069.51809339,2509,5.01800023834,536.15928357,536.159262992,-2.51601604134e-06,2.51601604134e-06,0.00625921273604,1,4808,-2.19764820031e-06,2.19764820031e-06,1.41262090206,0,0,0,0,2.14061875263e-16,1.40518371966e-16,2.216870962e-05,1.18294838103e-06,1.49463971866e-06,2.21686532313e-05,1.18294838103e-06,7.24932613938e-12,1.49011611938e-08,1.41024463218e-08,64
9.6320004575,2500.00180677,-0.00113122766709,0.00015081797028,-490.333251953,7.87789103924e-05,6.63328910377e-06,101.797935486,39.0212402344,0.973490595818,0.000232830643654,0.000465661287308,1,536.159379408,74.795583657,16.4830261376,71.5950987472,12.9440210055,127.653504023,134.938542033,5150.00335872,0.00558793544769,780.181901064,783.797120675,11,70.1839453541,24.6010604315,44.5145124104,0.00370595783228,0.00373165676137,-2.56989290959e-05,-0.00047202775022,1069.51809339,2509,5.01800023834,536.15928357,536.159262992,-2.26245541399e-06,2.26245541399e-06,0.01358121261,1,4816,-2.07393031815e-06,2.07393031815e-06,1.40734505653,0,0,0,0,1.75258938607e-16,1.15046648639e-16,2.64632908511e-05,7.94457093889e-07,1.49043160036e-06,2.64633272309e-05,7.94457093889e-07,7.27462534655e-12,1.49011611938e-08,1.78604864232e-08,64
9.64800045826,2500.00180677,-0.000960441393083,0.000128048341139,-490.333282471,7.81633716542e-05,6.54260247757e-06,101.848899841,39.0053329468,0.97352540493,0.000232830643654,0.000465661287308,1,536.159379408,87.4678007327,18.9368994618,82.3914147516,15.3726493373,117.109739222,125.347534777,5150.00382438,0.00558793544769,790.725694969,793.388113379,11,70.1839453541,25.469571483,45.1665764558,0.00340048129932,0.00339787220582,2.60909349681e-06,0.000327418092638,1069.51809339,2509,5.01800023834,536.15928357,536.159262992,-1.92088294056e-06,1.92088294056e-06,0.024352774024,1,4824,-2.13068301491e-06,2.13068301491e-06,1.41016542912,0,0,0,0,1.4348980325e-16,9.4192181317e-17,2.1733379981e-05,1.15426871616e-06,1.49204026911e-06,2.17334163608e-05,1.15426871616e-06,6.7755662192e-12,1.49011611938e-08,2.13242969949e-08,64
9.66400045902,2500.00180677,-0.000913868869468,0.00012183918443,-490.333282471,7.76371889515e-05,6.4537966864e-06,101.890220642,38.9925537109,0.973553657532,0.000232830643654,0.000465661287308,1,536.159379408,96.146225585,20.7292115175,91.2571425781,17.4958308408,105.600294773,116.293442261,5150.00335872,0.00558793544769,802.235153969,802.442198619,11,70.1839453541,26.909279768,46.2187927042,0.00361637260415,0.00369072949979,-7.43568956407e-05,-0.00043110048864,1069.51809339,2509,5.01800023834,536.15928357,536.159262992,-1.82773783088e-06,1.82773783088e-06,0.0311452317983,1,4832,-2.02671844818e-06,2.02671844818e-06,1.40709006786,0,0,0,0,1.17479459613e-16,7.71179889513e-17,2.22957587539e-05,1.40650877256e-06,1.48896788232e-06,2.22957933147e-05,1.40650877256e-06,7.05456526529e-12,1.49011611938e-08,1.48369743158e-08,64
9.68000045978,2500.00180677,-0.000822283074964,0.000109628745122,-490.333282471,7.71488557803e-05,6.37605808151e-06,101.918251038,38.9838294983,0.973572731018,0.000232830643654,0.000465661287308,1,536.159379408,101.986736797,21.9599094748,97.7391395575,19.17660603,95.2105474425,108.336338599,5150.00382438,0.00558793544769,812.624755781,810.399360489,11,70.1839453541,28.8499613816,47.4947446492,0.00373710802581,0.00377804099116,-4.09329653506e-05,-5.27506927028e-05,1069.51809339,2509,5.01800023834,536.15928357,536.159262992,-1.64456621064e-06,1.64456621064e-06,0.0311995446682,1,4840,-2.13489624912e-06,2.13489624912e-06,1.41275525093,0,0,0,0,9.61839925274e-17,6.31388351225e-17,2.05251089938e-05,3.96402043634e-07,1.49410254835e-06,2.05251635634e-05,3.96402043634e-07,6.31672492091e-12,1.49011611938e-08,1.29496697809e-08,64
9.69600046054,2500.00180677,-0.000739091010615,9.85373771982e-05,-490.333312988,7.67007077229e-05,6.30903969068e-06,101.936790466,38.9779701233,0.973585367203,0.000232830643654,0.000465661287308,1,536.159379408,105.7889923,22.7392575125,102.274162736,20.4104206982,86.4444082254,101.601908682,5150.00335872,0.00558793544769,821.39094593,817.133812234,11,70.1839453541,30.9660863422,48.7218130729,0.00386239092098,0.00378349795938,7.8892961608e-05,-0.000523868948221,1069.51809339,2509,5.01800023834,536.15928357,536.159262992,-1.47818205159e-06,1.47818205159e-06,0.0282148029655,1,4848,-2.21916889132e-06,2.21916889132e-06,1.41257345676,0,0,0,0,7.87487523679e-17,5.16936829258e-17,2.23060105782e-05,1.1918709788e-06,1.49709217112e-06,2.23060960707e-05,1.1918709788e-06,7.21600557085e-12,1.49011611938e-08,1.28831629809e-08,64
9.7120004613,2500.00180677,-0.000664553634344,8.85998815647e-05,-490.333312988,7.6291624282e-05,6.2507142502e-06,101.949699402,38.9739990234,0.97359418869,0.000232830643654,0.000465661287308,1,536.159379408,108.172723147,23.165133539,105.341892607,21.248978919,79.3054277892,96.0220568231,5150.00382438,0.00558793544769,828.529940918,822.713715024,11,70.1839453541,32.6343506458,49.6076754644,0.00375802640395,0.00388354237657,-0.000125515972615,-0.000158252078108,1069.51809339,2509,5.01800023834,536.15928357,536.159262992,-1.32910728864e-06,1.32910728864e-06,0.0243017710745,1,4856,-2.07293214771e-06,2.07293214771e-06,1.41726076603,0,0,0,0,6.44739840405e-17,4.23231857322e-17,2.19889188884e-05,1.07200150978e-06,1.4909097672e-06,2.19889516302e-05,1.07200150978e-06,6.73877620372e-12,1.49011611938e-08,1.77101355803e-08,64
9.72800046206,2500.00180677,-0.000597675908764,7.96835811343e-05,-490.333312988,7.59206959629e-05,6.19921320322e-06,101.958709717,38.9712524414,0.973600327969,0.000232830643654,0.000465661287308,1,536.159379408,109.566673032,23.3175960065,107.326186366,21.7596488939,73.6126166885,91.4617339731,5150.00429004,0.00558793544769,834.222650155,827.274052426,11,70.1839453541,33.7509372912,50.2113143739,0.00352860636543,0.00356158125214,-3.29748867101e-05,0.000629370333627,1069.51809339,2509,5.01800023834,536.15928357,536.159262992,-1.1953518687e-06,1.1953518687e-06,0.0204456299543,1,4864,-2.20285824071e-06,2.20285824071e-06,1.41766667366,0,0,0,0,5.2786805414e-17,3.46512774567e-17,2.20146393985e-05,1.17657214105e-06,1.49324603171e-06,2.20146721404e-05,1.17657214105e-06,6.77734257604e-12,1.49011611938e-08,1.60898139256e-08,64
9.74400046282,2500.00180677,-0.0005375688783,7.16699651093e-05,-490.333343506,7.55865403335e-05,6.15305907559e-06,101.964912415,38.9693222046,0.973604500294,0.000232830643654,0.000465661287308,1,536.159379408,110.245361561,23.2589278601,108.499490695,22.0061675448,69.1443565302,87.7759157447,5150.00335872,0.00558793544769,838.690961245,830.959877931,11,70.1839453541,34.6213601006,50.7481126988,0.00347932312128,0.0034870026866,-7.679565317e-06,-0.000227373675443,1069.51809339,2509,5.01800023834,536.15928357,536.159262992,-1.07513780864e-06,1.07513780864e-06,0.0170198492706,1,4872,-2.26964857575e-06,2.26964857575e-06,1.41003847122,0,0,0,0,4.32181554503e-17,2.83700516967e-17,2.13403109228e-05,6.21615640739e-07,1.4869616507e-06,2.13403072848e-05,6.21615640739e-07,6.08769978871e-12,1.49011611938e-08,1.57950239554e-08,64
9.76000046358,2500.00180677,-0.000483474482671,6.44579704385e-05,-490.333343506,7.52871055738e-05,6.11120503891e-06,101.969444275,38.9679450989,0.973607599735,0.000232830643654,0.000465661287308,1,536.159379408,110.37749399,23.0362698106,109.044486608,22.0429326479,65.6982883811,84.8334166221,5150.00382438,0.00558793544769,842.137029395,833.902391605,11,70.1839453541,35.3598261427,51.2677761435,0.00369981874304,0.00373256625608,-3.27475130346e-05,-7.27595761418e-06,1069.51809339,2509,5.01800023834,536.15928357,536.159262992,-9.66948960138e-07,9.66948960138e-07,0.0141032738611,1,4880,-2.15840395867e-06,2.15840395867e-06,1.41270840168,0,0,0,0,3.53840172043e-17,2.3227421852e-17,2.54749138549e-05,9.17726538319e-07,1.48857759541e-06,2.54750193562e-05,9.17726538319e-07,6.76465827798e-12,1.49011611938e-08,2.32810180023e-08,64
9.77600046434,2500.00180677,-0.000434756258771,5.79627449042e-05,-490.333343506,7.50196704757e-05,6.07298761679e-06,101.972618103,38.9669723511,0.973609745502,0.000232830643654,0.000465661287308,1,536.159379408,110.064394556,22.6849549588,109.080224405,21.9140615947,63.1102666375,82.5253082439,5150.00429004,0.00558793544769,844.725116622,836.210558191,11,70.1839453541,36.015513615,51.775292377,0.00392338390942,0.00391992216464,3.46174477972e-06,0.000271029421128,1069.51809339,2509,5.01800023834,536.15928357,536.159262992,-8.69512578258e-07,8.69512578258e-07,0.0116481287405,1,4888,-2.19202752305e-06,2.19202752305e-06,1.41276884079,0,0,0,0,2.89699627816e-17,1.90169931248e-17,2.18704590225e-05,1.13493001663e-06,1.49551931372e-06,2.18705827137e-05,1.13493001663e-06,7.31310845214e-12,1.49011611938e-08,1.63521338692e-08,64
9.7920004651,2500.00180677,-0.000390871168765,5.21118781762e-05,-490.333343506,7.47811500332e-05,6.03802436672e-06,101.974655151,38.9662971497,0.973611176014,0.000232830643654,0.000465661287308,1,536.159379408,109.365233155,22.2310926261,108.682750369,21.6540103387,61.2560106674,80.7656833786,5150.00429004,0.00558793544769,846.579438075,837.970233988,11,70.1839453541,36.6115345969,52.2669542988,0.00380559013469,0.0037471181713,5.84719633823e-05,0.000443833414465,1069.51809339,2509,5.01800023834,536.15928357,536.159262992,-7.81742400847e-07,7.81742400847e-07,0.00956465117633,1,4896,-2.26536712944e-06,2.26536712944e-06,1.41272068024,0,0,0,0,2.37185851562e-17,1.55697890595e-17,2.22623457375e-05,1.18403454508e-06,1.49066079302e-06,2.22623930313e-05,1.18403454508e-06,6.41375841326e-12,1.49011611938e-08,2.46309355134e-08,64
9.80800046586,2500.00180677,-0.000351350309957,4.68428625027e-05,-490.333343506,7.45682918932e-05,6.00610428592e-06,101.97592926,38.9658660889,0.973612010479,0.000232830643654,0.000465661287308,1,536.159379408,108.311557787,21.6932933488,107.89821819,21.2889376437,60.0469575147,79.4897568994,5150.00335872,0.00558793544769,847.7884694,839.246262331,11,70.1839453541,37.15996354,52.7382362634,0.00381900518154,0.00374893716071,7.00680208299e-05,-0.000489308149554,1069.51809339,2509,5.01800023834,536.15928357,536.159262992,-7.02700647236e-07,7.02700647236e-07,0.00775682087988,1,4904,-2.23254869525e-06,2.23254869525e-06,1.41279101372,0,0,0,0,1.94191236709e-17,1.27474570813e-17,2.16455082409e-05,1.03277272956e-06,1.49236063862e-06,2.16455500777e-05,1.03277272956e-06,6.58779975016e-12,1.49011611938e-08,1.85367206029e-08,64
9.82400046661,2500.00180677,-0.000315780818161,4.21006552642e-05,-490.333374023,7.43780037737e-05,5.97709367867e-06,101.976234436,38.9657402039,0.973612248898,0.000232830643654,0.000465661287308,1,536.159379408,106.653584762,21.0132826898,106.631668901,20.8277706341,59.4976336288,78.6860473454,5150.00335872,0.00558793544769,848.337833304,840.049877297,11,70.1839453541,37.6679599867,53.1852710992,0.00389945060963,0.00393083610106,-3.1385491428e-05,-0.000671207089908,1069.51809339,2509,5.01800023834,536.15928357,536.159262992,-6.31561643261e-07,6.31561643261e-07,0.00601023854688,1,4912,-2.17183696805e-06,2.17183696805e-06,1.41268026829,0,0,0,0,1.58990267956e-17,1.04367305217e-17,2.20891197387e-05,1.10669088826e-06,1.49310847064e-06,2.20891306526e-05,1.10669088826e-06,6.08008088321e-12,1.49011611938e-08,1.40022766715e-08,64
9.84000046737,2500.00180677,-0.00028378871475,3.78353906854e-05,-490.333374023,7.42074771551e-05,5.95086885369e-06,101.975608826,38.9659843445,0.973611831665,0.000232830643654,0.000465661287308,1,536.159379408,100.434365703,19.5924140913,105.14536036,20.2033645155,59.4976336288,78.6120872363,5150.00335872,0.00558793544769,848.337833304,840.123801026,12,70.1428725733,38.1403624488,53.6037296115,0.00398140105606,0.00402542355005,-4.40224939835e-05,-0.000765794538893,1069.51809339,2509,5.01800023834,536.15928357,536.159262992,-5.67577452051e-07,5.67577452051e-07,0.00450152345002,1,4920,-1.98117049877e-06,1.98117049877e-06,1.41085278988,0,0,0,0,1.30170162178e-17,8.54486754472e-18,2.18017303268e-05,1.05541721496e-06,1.48765468566e-06,2.18016684812e-05,1.05541721496e-06,5.86794501878e-12,1.49011611938e-08,1.51089238898e-08,64
9.85600046813,2500.00180677,-0.000255032023277,3.40014776157e-05,-490.333374023,7.40542891435e-05,5.92728065385e-06,101.975151062,38.9661178589,0.973611474037,0.000232830643654,0.000465661287308,1,536.159379408,88.1872738599,16.9058458829,103.898602734,19.6111436562,59.4976336288,78.6120872363,5150.00335872,0.00558793544769,848.337833304,840.123801026,12,70.1428725733,38.5808161809,53.9898210263,0.0036028878353,0.0036416167859,-3.87289506021e-05,-0.000381987774745,1069.51809339,2509,5.01800023834,536.15928357,536.159262992,-5.10064050458e-07,5.10064050458e-07,0.00390549656004,1,4928,-2.20260290007e-06,2.20260290007e-06,1.41281914711,0,0,0,0,1.06574247906e-17,6.99594124203e-18,2.22501785174e-05,1.09069787868e-06,1.49242964653e-06,2.22501366807e-05,1.09069787868e-06,6.72435718219e-12,1.49011611938e-08,1.72578893398e-08,64
9.87200046889,2500.00180677,-0.000229195731838,3.05569228658e-05,-490.333374023,7.39164242987e-05,5.90614718021e-06,101.97492218,38.9662132263,0.973611354828,0.000232830643654,0.000465661287308,1,536.159379408,71.4994658963,13.2451397808,102.743229564,19.068405619,59.4976336288,78.6120872363,5150.00289306,0.00558793544769,848.337833304,840.123801026,12,70.1428725733,38.992267946,54.3442292837,0.00343449986506,0.00338513928,4.93605850638e-05,-0.000591171556152,1069.51809339,2509,5.01800023834,536.15928357,536.159262992,-4.58391462808e-07,4.58391462808e-07,0.00365523691289,1,4936,-2.18815216613e-06,2.18815216613e-06,1.41173684597,0,0,0,0,8.72555605055e-18,5.72778899057e-18,2.17026426981e-05,8.75443788573e-07,1.49624725054e-06,2.17026135942e-05,8.75443788573e-07,7.18504422625e-12,1.49011611938e-08,1.79211596674e-08,64
9.88800046965,2500.00180677,-0.000205988934243,2.74629364867e-05,-490.333374023,7.37921945984e-05,5.88725652051e-06,101.974739075,38.9662818909,0.973611235619,0.000232830643654,0.000465661287308,1,536.159379408,52.5332799726,9.08464106172,101.63181264,18.571024699,59.4976336288,78.6120872363,5150.00335872,0.00558793544769,848.337833304,840.123801026,12,70.1428725733,39.3772425014,54.6691480849,0.00346130864248,0.00339423422702,6.70744154663e-05,-0.000134605215862,1069.51809339,2509,5.01800023834,536.15928357,536.159262992,-4.11977879112e-07,4.11977879112e-07,0.00354163744487,1,4944,-2.24639779844e-06,2.24639779844e-06,1.41253173351,0,0,0,0,7.1438775315e-18,4.68951436723e-18,2.23412116611e-05,1.01976138467e-06,1.49373829572e-06,2.23412425839e-05,1.01976138467e-06,6.37623287503e-12,1.49011611938e-08,2.54776750808e-08,64
9.90400047041,2500.00180677,-0.000185144566345,2.46839153988e-05,-490.333374023,7.36801957828e-05,5.87038084632e-06,101.974571228,38.9663505554,0.973611116409,0.000232830643654,0.000465661287308,1,536.159379408,33.7465704529,4.96351416611,100.545461249,18.1152066392,59.4976336288,78.6120872363,5150.00335872,0.00558793544769,848.337833304,840.123801026,12,70.1428725733,39.737955376,54.966960306,0.00359991776666,0.0035379343899,6.19833767646e-05,-0.000278305378743,1069.51809339,2509,5.01800023834,536.15928357,536.159262992,-3.70289140062e-07,3.70289140062e-07,0.00348277855664,1,4952,-2.27293480748e-06,2.27293480748e-06,1.41274118423,0,0,0,0,5.84890973894e-18,3.83944773508e-18,2.24819177674e-05,1.13246892397e-06,1.48992671711e-06,2.24819705181e-05,1.13246892397e-06,6.54568066416e-12,1.49011611938e-08,1.54742636482e-08,64
9.92000047117,2500.00180677,-0.000166421085246,2.21876562136e-05,-490.333374023,7.35792709747e-05,5.85529551245e-06,101.974479675,38.9664154053,0.973611056805,0.000232830643654,0.000465661287308,1,536.159379408,17.5737925633,1.73637744064,99.4765356059,17.6974776439,59.4976336288,80.5425661383,5150.00382438,0.00558793544769,848.337833304,840.123801026,12,70.1428725733,38.41481157,55.2398851141,0.00359841852149,0.00356158125214,3.6837269346e-05,0.000163709046319,1069.51809339,2509,5.01800023834,536.15928357,536.159262992,-3.32842179382e-07,3.32842179382e-07,0.0137016670778,1,4960,-2.16072817238e-06,2.16072817238e-06,1.41055369377,0,0,0,0,4.78868008779e-18,3.14347223654e-18,2.21500122279e-05,1.12852706025e-06,1.48976687342e-06,2.21500558837e-05,1.12852706025e-06,6.06872885278e-12,1.49011611938e-08,1.59525370691e-08,64
9.93600047193,2500.00180677,-0.000149598750054,1.9944862288e-05,-490.333374023,7.34883797122e-05,5.84178860663e-06,101.97429657,38.966468811,0.973610937595,0.000232830643654,0.000465661287308,1,536.159379408,6.67280533771,-0.404657253064,98.4218713872,17.3134556393,61.9711645413,86.4146786625,5150.00335872,0.00558793544769,848.337833304,840.123801026,12,70.1428725733,34.3512256222,53.6781953997,0.00383386396241,0.00383806764148,-4.2036790715e-06,-0.000578438630328,1069.51809339,2509,5.01800023834,536.15928357,536.159262992,-2.99197515721e-07,2.99197515721e-07,0.0240339003503,1,4968,-2.11841893361e-06,2.11841893361e-06,1.41367328167,0,0,0,0,3.92063799374e-18,2.57365605029e-18,2.23496754188e-05,1.17894035156e-06,1.48665469624e-06,2.23495808314e-05,1.17894035156e-06,7.03163915983e-12,1.49011611938e-08,2.74739591077e-08,64
9.95200047269,2500.00180677,-0.000134479927194,1.79291855602e-05,-490.333374023,7.34065906727e-05,5.82967095397e-06,101.974205017,38.9665336609,0.973610877991,0.000232830643654,0.000465661287308,1,536.159379408,2.14895411177,-1.47402756457,97.3800329284,16.940323811,71.4984125807,93.1906906771,5150.00335872,0.00558793544769,848.337833304,840.123801026,12,70.1428725733,30.4000332108,49.3969855597,0.00398415796188,0.00399813870899,-1.39807471156e-05,-0.00073850969784,1069.51809339,2509,5.01800023834,536.15928357,536.159262992,-2.68959876072e-07,2.68959876072e-07,0.0262859649956,1,4976,-2.19808384827e-06,2.19808384827e-06,1.41414928436,0,0,0,0,3.20994509095e-18,2.10713032071e-18,2.17596971197e-05,1.01406385511e-06,1.49033098751e-06,2.17596152652e-05,1.01406385511e-06,6.49023890187e-12,1.49011611938e-08,3.20590629599e-08,64
9.96800047345,2500.00157394,-0.000120889576127,1.61172865774e-05,-490.333251953,7.33330452931e-05,5.81878066441e-06,101.973930359,38.9665908813,0.973610639572,0.000232830643654,0.000465661287308,1,536.159379408,2.7762755088,-1.28784345665,96.3503023972,16.5511634451,80.662102846,98.3175050351,5150.00475571,0.00558793544769,848.337833304,840.123801026,12,70.1428725733,28.3589288301,47.7302128274,0.00405305218554,0.00400723365601,4.5818529526e-05,0.000649379217066,1069.51809339,2509,5.01800023834,536.15928357,536.159262992,-2.41779171553e-07,2.41779171553e-07,0.0212810914963,1,4984,-2.1070989078e-06,2.1070989078e-06,1.41701626778,0,0,0,0,2.62807936471e-18,1.72517140106e-18,2.22143335122e-05,1.26402051137e-06,1.49173411046e-06,2.22142898565e-05,1.26402051137e-06,7.03316571649e-12,1.49011611938e-08,2.55560621554e-08,64
9.98400047421,2500.00157394,-0.000108671148469,1.44882969835e-05,-490.333282471,7.32669868739e-05,5.80897858526e-06,101.973747253,38.9666442871,0.973610520363,0.000232830643654,0.000465661287308,1,536.159379408,3.52279095613,-1.10187234077,95.332174381,16.1451559931,87.8958380781,101.904886833,5150.00289306,0.00558793544769,848.337833304,840.123801026,12,70.1428725733,27.6055543509,47.3090658488,0.00388172612109,0.00390173227061,-2.00061495148e-05,-0.00110776454676,1069.51809339,2509,5.01800023834,536.15928357,536.159262992,-2.17342311683e-07,2.17342311683e-07,0.0174543689936,1,4992,-2.13802604776e-06,2.13802604776e-06,1.41644895077,0,0,0,0,2.15168805877e-18,1.41245018701e-18,2.24487430387e-05,1.34108620387e-06,1.48981985149e-06,2.24487666856e-05,1.34108620387e-06,6.92765289578e-12,1.49011611938e-08,2.99934299619e-08,64
10.000000475,2500.00157394,-9.76865810465e-05,1.30238086058e-05,-490.333282471,7.32076659915e-05,5.8001492107e-06,101.973426819,38.9666938782,0.973610341549,0.000232830643654,0.000465661287308,1,536.159379408,4.13650855997,-0.956348251882,94.325517033,15.7308751568,93.8427619985,104.712045868,5150.00429004,0.00558793544769,848.337833304,840.123801026,12,70.1428725733,27.3514688161,47.1108469355,0.00402781370756,0.00403269950766,-4.88580009783e-06,0.000158252078108,1069.51809339,2509,5.01800023834,536.15928357,536.159262992,-1.95373177272e-07,1.95373177272e-07,0.0145083582029,1,5000,-2.3698592031e-06,2.3698592031e-06,1.41275191307,0,0,0,0,1.76165234082e-18,1.15641576374e-18,2.27474502026e-05,1.19318076486e-06,1.49834124841e-06,2.27474538406e-05,1.19318076486e-06,5.72789038422e-12,1.49011611938e-08,2.43192630478e-08,64
10.0160004757,2500.00157394,-8.78094957857e-05,1.17069721455e-05,-490.333282471,7.31543987058e-05,5.79219386054e-06,101.973335266,38.9667549133,0.973610281944,0.000232830643654,0.000465661287308,1,536.159379408,4.64646985852,-0.833776830051,93.3300153861,15.3160989795,98.7842868199,107.07644833,5150.00382438,0.00558793544769,848.337833304,840.123801026,12,70.1428725733,27.321952075,46.991295676,0.00400388262822,0.00398358679377,2.02958344575e-05,-0.000258296495304,1069.51809339,2509,5.01800023834,536.15928357,536.159262992,-1.75619000137e-07,1.75619000137e-07,0.0121233314276,1,5008,-2.16045214074e-06,2.16045214074e-06,1.41274988651,0,0,0,0,1.44231823137e-18,9.46792583489e-19,2.02925730264e-05,4.01361788249e-08,1.49343293288e-06,2.02926075872e-05,4.08594118539e-08,2.88312776431e-12,1.49011611938e-08,6.96905999575e-09,64
10.0320004765,2500.00157394,-7.89296336623e-05,1.05230874397e-05,-490.333282471,7.31065592845e-05,5.78502886128e-06,101.973167419,38.9668083191,0.973610162735,0.000232830643654,0.000465661287308,1,536.159379408,5.07274966571,-0.725303226185,92.3454863196,14.9067660592,102.914935269,109.168904601,5150.00335872,0.00558793544769,848.337833304,840.123801026,12,70.1428725733,27.4063040706,46.9206497655,0.00370431781083,0.00371619535144,-1.18775406177e-05,-0.00045656634029,1069.51809339,2509,5.01800023834,536.15928357,536.159262992,-1.5785928066e-07,1.5785928066e-07,0.0101756332442,1,5016,-2.08347205444e-06,2.08347205444e-06,1.41234791279,0,0,0,0,1.18086980759e-18,7.75167857527e-19,2.08000037674e-05,4.14847278307e-07,3.73200094828e-07,2.07999910344e-05,4.14847278307e-07,3.34551136794e-12,3.72529029846e-09,1.1322242699e-08,64
10.0480004773,2500.00157394,-7.09460754034e-05,9.4587003332e-06,-490.333282471,7.30635874788e-05,5.77858054385e-06,101.972984314,38.9668540955,0.973610043526,0.000232830643654,0.000465661287308,1,536.159379408,5.43105102238,-0.625994116739,91.3718053116,14.5072392417,106.386876723,111.084576929,5150.00335872,0.00558793544769,848.337833304,840.123801026,12,70.1428725733,27.5528600469,46.8858779641,0.00361183356834,0.00368163455278,-6.98009844369e-05,-0.000422005541623,1069.51809339,2509,5.01800023834,536.15928357,536.159262992,-1.41892153951e-07,1.41892153951e-07,0.00858156848699,1,5024,-2.13754083234e-06,2.13754083234e-06,1.41384482384,0,0,0,0,9.66813973228e-19,6.34653446102e-19,2.0472372853e-05,4.10448031118e-08,1.48867820826e-06,2.04723564821e-05,4.12746885559e-08,2.85365481245e-12,1.49011611938e-08,7.65954588644e-09,64
10.064000478,2500.00157394,-6.37698366335e-05,8.50194737723e-06,-490.333282471,7.30249812477e-05,5.77278069613e-06,101.972801208,38.9669075012,0.973609924316,0.000232830643654,0.000465661287308,1,536.159379408,5.73392088752,-0.532931247613,90.4088698147,14.1206114324,109.321685159,112.879759399,5150.00289306,0.00558793544769,848.337833304,840.123801026,12,70.1428725733,27.7345061477,46.8780162919,0.00349109814668,0.00341424311046,7.6855036224e-05,-0.000620275386609,1069.51809339,2509,5.01800023834,536.15928357,536.159262992,-1.27539675327e-07,1.27539675327e-07,0.00790804438293,1,5032,-2.05745436688e-06,2.05745436688e-06,1.41701507568,0,0,0,0,7.91559837232e-19,5.19610045387e-19,1.95417433133e-05,3.89516792154e-08,3.71238627395e-07,1.95416523638e-05,3.89952461433e-08,4.59822457888e-12,3.72529029846e-09,1.50023993228e-08,64
10.0800004788,2500.00157394,-5.73183375763e-05,7.64181822888e-06,-490.333282471,7.2990260378e-05,5.76756656301e-06,101.97252655,38.966960907,0.973609685898,0.000232830643654,0.000465661287308,1,536.159379408,5.99144050255,-0.444329394201,89.4565626317,13.7489647114,111.817047582,114.588889119,5150.00382438,0.00558793544769,848.337833304,840.123801026,12,70.1428725733,27.9358864645,46.8901998829,0.00368928272654,0.00373802322429,-4.87404977489e-05,-1.27329258248e-05,1069.51809339,2509,5.01800023834,536.15928357,536.159262992,-1.1463668014e-07,1.1463668014e-07,0.00751558784395,1,5040,-2.08887422559e-06,2.08887422559e-06,1.41386675835,0,0,0,0,6.48074089649e-19,4.25420462451e-19,2.0313245841e-05,4.02077269257e-08,7.46903594973e-07,2.03133040486e-05,4.12210745537e-08,2.90946433612e-12,7.45058059692e-09,5.2336730505e-09,64
10.0960004795,2500.00157394,-5.15202394635e-05,6.86880139256e-06,-490.333282471,7.29590683477e-05,5.76288266529e-06,101.972343445,38.9670219421,0.973609566689,0.000232830643654,0.000465661287308,1,536.159379408,6.21171569651,-0.359073953512,88.5147152918,13.3936578327,113.951515232,116.233466542,5150.00382438,0.00558793544769,848.337833304,840.123801026,12,70.1428725733,28.1479315163,46.9170627184,0.00362971082357,0.0036434357753,-1.37249517307e-05,8.18545231596e-05,1069.51809339,2509,5.01800023834,536.15928357,536.159262992,-1.03040480608e-07,1.03040480608e-07,0.00720340991393,1,5048,-2.18085278902e-06,2.18085278902e-06,1.41251671314,0,0,0,0,5.30597950753e-19,3.48304636991e-19,2.03892159334e-05,4.02411473033e-08,1.49080221945e-06,2.03891759156e-05,4.09486453634e-08,3.61379329239e-12,1.49011611938e-08,3.81211950895e-09,64
10.1120004803,2500.00157394,-4.63097581116e-05,6.17412752035e-06,-490.333282471,7.29310122551e-05,5.7586753428e-06,101.972343445,38.9670753479,0.973609566689,0.000232830643654,0.000465661287308,1,536.159379408,6.40127975108,-0.276455791401,87.583203273,13.0554672274,115.788388939,117.82717047,5150.00382438,0.00558793544769,848.337833304,840.123801026,12,70.1428725733,28.3651461359,46.9544174848,0.00343893009902,0.00334694050252,9.19895964957e-05,0.000378349795938,1069.51809339,2509,5.01800023834,536.15928357,536.159262992,-9.26195223489e-08,9.26195223489e-08,0.0069437539205,1,5056,-2.27667624131e-06,2.27667624131e-06,1.41648566723,0,0,0,0,4.34416697848e-19,2.85167569347e-19,1.98054767679e-05,3.92495209667e-08,7.44262194985e-07,1.9805464035e-05,4.01571647046e-08,2.8477324665e-12,7.45058059692e-09,1.01650243778e-08,64
10.1280004811,2500.00157394,-4.16267645353e-05,5.54977987122e-06,-490.333282471,7.2905793786e-05,5.75489639232e-06,101.972206116,38.967124939,0.973609507084,0.000232830643654,0.000465661287308,1,536.159379408,6.56541065695,-0.196015532922,86.6619972761,12.734725259,117.378818686,119.378863019,5150.00382438,0.00558793544769,848.337833304,840.123801026,12,70.1428725733,28.584167012,46.9990409329,0.00333460821456,0.00337422534358,-3.96171290218e-05,0.000351064954884,1069.51809339,2509,5.01800023834,536.15928357,536.159262992,-8.32535334617e-08,8.32535334617e-08,0.006719306577,1,5064,-2.04448747354e-06,2.04448747354e-06,1.41239571571,0,0,0,0,3.55670111659e-19,2.33475320959e-19,2.05071937671e-05,4.05073592447e-08,1.48603805883e-06,2.05071664823e-05,4.02659097176e-08,3.48288065055e-12,1.49011611938e-08,4.54984805387e-09,64
10.1440004818,2500.00157394,-3.7417582921e-05,4.98860163134e-06,-490.333282471,7.28831146262e-05,5.75150306759e-06,101.971931458,38.9671821594,0.97360932827,0.000232830643654,0.000465661287308,1,536.159379408,6.70837741081,-0.117455542881,85.750892206,12.4314337589,118.764168292,120.894284919,5150.00382438,0.00558793544769,848.337833304,840.123801026,12,70.1428725733,28.8029277726,47.0484301331,0.00323925337942,0.00319232640322,4.69269761938e-05,0.000532963895239,1069.51809339,2509,5.01800023834,536.15928357,536.159262992,-7.48351711545e-08,7.48351711545e-08,0.00651915324852,1,5072,-2.08772257793e-06,2.08772257793e-06,1.41210615635,0,0,0,0,2.91197922807e-19,1.91153309927e-19,2.1325693524e-05,6.96507470366e-07,7.44985300116e-07,2.13257135329e-05,6.96507470366e-07,2.22959151142e-12,7.45058059692e-09,6.28642737865e-09,64
10.1600004826,2500.00157394,-3.36349247065e-05,4.4842886382e-06,-490.333282471,7.2862720117e-05,5.74845444135e-06,101.971931458,38.9672355652,0.97360932827,0.000232830643654,0.000465661287308,1,536.159379408,6.83364511036,-0.0405732978715,84.8498587636,12.145355586,119.978009025,122.377343359,5150.00289306,0.00558793544769,848.337833304,840.123801026,12,70.1428725733,29.0201478492,47.100642405,0.00338228563213,0.00344516593032,-6.28802981906e-05,-0.000651198206469,1069.51809339,2509,5.01800023834,536.15928357,536.159262992,-6.72698523404e-08,6.72698523404e-08,0.00633630948141,1,5080,-2.28787098422e-06,2.28787098422e-06,1.41292345524,0,0,0,0,2.3841255524e-19,1.56503024259e-19,2.03664621949e-05,4.03687003825e-08,1.4916387272e-06,2.03665113077e-05,4.13394154464e-08,5.37692113056e-12,1.49011611938e-08,1.03946149466e-08,64
10.1760004833,2500.00180677,0.0477277843913,-0.00636318232864,-490.339782715,7.73990614107e-05,5.91909065406e-06,101.971672058,38.9672851562,0.973609149456,0.000232830643654,0.000465661287308,2,533.358892426,6.9440264865,0.0347670081336,83.9587358027,11.8760384327,121.047603898,123.830657685,5150.00382438,0.00558793544769,848.337833304,840.123801026,12,70.1428725733,29.2350578093,47.1542152809,0.0033495011903,0.0033360265661,1.34746241942e-05,0.000389263732359,1069.51818885,5088,10.1760004833,1069.51818885,533.358892426,9.54555740007e-05,0.000137375069653,0.00616633426398,1,5088,-1.9555527615e-06,1.9555527615e-06,1.40882444382,0,0,0.00037099790643,0.000231873709708,0.000122310579172,7.64441138017e-05,2.0152212528e-05,3.95993815516e-08,1.48840933889e-06,2.0152223442e-05,3.92715833186e-08,4.23294732599e-12,1.49011611938e-08,1.70257408172e-09,64
10.1920004841,2500.37340447,60.3061380389,-8.04015827179,-498.555755615,0.019783180207,6.36438489892e-05,101.971672058,38.967338562,0.973609149456,0.000232830643654,0.000465661287308,2,533.358892426,7.04182290615,0.10866419225,83.0774061263,11.6229594898,121.995253721,125.256134197,5150.00429004,0.00558793544769,848.337833304,840.123801026,12,70.1428725733,29.4471938105,47.2080464533,0.00339123136517,0.00343425199389,-4.30206287261e-05,0.000756699591875,1069.88989519,5088,10.1760004833,1069.51818885,533.358892426,0.120612284604,-6.01119154453e-06,0.00600631488487,1,5096,-2.12192503568e-06,2.12192503568e-06,1.41272902489,0,0,0.00410632649437,0.00256645400077,0.00317935924977,0.00198857160285,2.02576884476e-05,4.01627495705e-08,3.72708711893e-07,2.02577029995e-05,4.1435111342e-08,2.25440673074e-12,3.72529029846e-09,2.23739675675e-08,64
10.2080004849,2502.23930925,156.744252308,-20.897518158,-512.328063965,0.127252414823,-0.00230944459327,101.9713974,38.9673843384,0.973608970642,0.000232830643654,0.000465661287308,2,533.358892426,7.12891089665,0.181187650711,82.2058257854,11.3854714265,122.839133837,126.655111671,5150.00289306,0.00558793544769,848.337833304,840.123801026,12,70.1428725733,29.6562866424,47.261313739,0.00332569090322,0.00329055183101,3.51390722075e-05,-0.000496584107168,1071.75579234,5088,10.1760004833,1069.51818885,533.358892426,0.313488527581,-9.84812231763e-05,0.00585435424,1,5104,-1.98144653041e-06,1.98144653041e-06,1.41080379486,0,0,0.00783842802048,0.00489901704714,0.00687250262126,0.00429969700053,2.15821655729e-05,5.58023714348e-07,1.49042341491e-06,2.15821855818e-05,5.58023714348e-07,3.60640683983e-12,1.49011611938e-08,1.55312704919e-08,64
10.2240004856,2505.45330346,233.214028412,-31.0926513672,-524.099121094,0.318524688482,-0.00831442885101,101.971305847,38.9674377441,0.973608851433,0.000232830643654,0.000465661287308,2,533.358892426,7.20683462163,0.252395474204,81.343870258,11.1628793004,123.594218167,128.028710606,5150.00382438,0.00558793544769,848.337833304,840.123801026,12,70.1428725733,29.8621980619,47.3134132335,0.00333612877601,0.00329055183101,4.55769449959e-05,0.000434738467447,1074.96980701,5088,10.1760004833,1069.51818885,533.358892426,0.466428076606,-6.82973677613e-05,0.00570916710421,1,5112,-1.95237635126e-06,1.95237635126e-06,1.41958892345,0,0,0.0115651730448,0.00722823385149,0.0105868158862,0.00662412587553,1.89365928236e-05,3.756320055e-08,7.44115368434e-07,1.893652734e-05,3.57695313369e-08,6.50779430345e-12,7.45058059692e-09,9.25473386815e-09,64
10.2400004864,2509.79047269,299.336010357,-39.9081916809,-535.041259766,0.569157958031,-0.0140894567594,101.971031189,38.9674835205,0.973608672619,0.000232830643654,0.000465661287308,2,533.358892426,7.27686859979,0.322330681739,80.4914150223,10.9544652791,124.272846733,129.377760459,5150.00382438,0.00558793544769,848.337833304,840.123801026,12,70.1428725733,30.0648534903,47.3639083793,0.00323330613672,0.00330328475684,-6.99786201208e-05,0.000422005541623,1079.30690001,5088,10.1760004833,1069.51818885,533.358892426,0.598672045271,0.000168370206666,0.00556984497234,1,5120,-1.87337082025e-06,1.87337082025e-06,1.41685271263,0,0,0.0152844302356,0.00955276936293,0.0142953498289,0.00894492026418,1.93791420315e-05,3.78227724696e-08,1.48912374698e-06,1.93791511265e-05,3.89838170634e-08,2.85022005997e-12,1.49011611938e-08,1.26600490091e-08,64
10.2560004871,2515.11670649,357.983197318,-47.7271766663,-545.471923828,0.861153006554,-0.0162574741989,101.970939636,38.9675369263,0.973608613014,0.000232830643654,0.000465661287308,2,533.358892426,7.34006989422,0.391031714317,79.6483941549,10.7595042056,124.885264086,130.703003379,5150.00382438,0.00558793544769,848.337833304,840.123801026,12,70.1428725733,30.2642401948,47.4125081382,0.00336596446548,0.00339059624821,-2.46317827246e-05,0.000334694050252,1084.63334442,5088,10.1760004833,1069.51818885,533.358892426,0.715966450571,-1.22213350551e-05,0.00543576246127,1,5128,-2.20283004637e-06,2.20283004637e-06,1.41283500195,0,0,0.0189940743148,0.0118712959811,0.0179949644953,0.0112601146102,2.01917264349e-05,4.0027668291e-08,7.06390990146e-09,2.019169915e-05,3.94410051285e-08,3.44280506881e-12,1.1823431123e-11,5.88158854953e-09,64
10.2720004879,2521.31908201,409.705709899,-54.6229438782,-555.408935547,1.18360972404,-0.0133174909279,101.970664978,38.9675827026,0.9736084342,0.000232830643654,0.000465661287308,2,533.358892426,7.39731610992,0.458530303287,78.8146831338,10.5772452856,125.439983094,132.005050546,5150.00289306,0.00558793544769,848.337833304,840.123801026,12,70.1428725733,30.4603745462,47.4590233353,0.00352094094158,0.00347063178197,5.0309159616e-05,-0.000676664058119,1090.83550609,5088,10.1760004833,1069.51818885,533.358892426,0.819411468456,0.000152397205966,0.00530647858977,1,5136,-1.99343503482e-06,1.99343503482e-06,1.40998983383,0,0,0.0226920004934,0.0141825005412,0.021683530882,0.013568373397,2.1444830054e-05,6.24456163223e-07,1.48950505263e-06,2.14448627958e-05,6.24456163223e-07,3.60189655879e-12,1.49011611938e-08,1.18899379231e-08,64
10.2880004887,2528.28933299,454.895838629,-60.6478004456,-564.851501465,1.52991020679,-0.00500265974551,101.970664978,38.9676322937,0.9736084342,0.000232830643654,0.000465661287308,2,533.358892426,7.44936078777,0.524898037319,77.9901501122,10.4069670245,125.944294268,133.285284392,5150.00382438,0.00558793544769,848.337833304,840.123801026,12,70.1428725733,30.6519141304,47.5029301015,0.00348812807804,0.00345244188793,3.56861901141e-05,0.000272848410532,1097.80572728,5088,10.1760004833,1069.51818885,533.358892426,0.909791708636,0.000110446762847,0.00520672136918,1,5144,-2.11666588257e-06,2.11666588257e-06,1.41240787506,0,0,0.0263760983944,0.0164850633591,0.025358973071,0.0158683918417,2.05513551919e-05,4.07211437903e-08,1.49084962686e-06,2.05513733817e-05,4.01486488499e-08,5.86028447991e-12,1.49011611938e-08,7.71825625634e-09,64
10.3040004894,2535.92804074,494.124251418,-65.877822876,-573.827026367,1.89566361904,0.00839731562883,101.970481873,38.9676742554,0.973608314991,0.000232830643654,0.000465661287308,2,533.358892426,7.49917643131,0.597034524963,77.1747584661,10.248068787,126.4270104,134.676796733,5150.00289306,0.00558793544769,848.337833304,840.123801026,12,70.1428725733,30.6307483697,47.4849257444,0.00342405133413,0.0033833202906,4.0731043538e-05,-0.000589352566749,1105.44457959,5088,10.1760004833,1069.51818885,533.358892426,0.98824853012,-0.00011527845345,0.00621912069619,1,5152,-2.07251378015e-06,2.07251378015e-06,1.41806745529,0,0,0.0300442669541,0.0187776666135,0.0290192067623,0.0181588605046,1.95659595192e-05,3.88669292306e-08,7.46011949104e-07,1.95659595192e-05,3.92399783777e-08,2.96357383078e-12,7.45058059692e-09,3.57164253728e-09,64
10.3200004902,2544.14626397,528.065254912,-70.402923584,-582.381774902,2.27762818336,0.0264010578394,101.970222473,38.9677238464,0.973608136177,0.000232830643654,0.000465661287308,2,533.358892426,7.55086539759,0.687519686899,76.3683763487,10.1003839334,126.92787277,136.422255309,5150.00429004,0.00558793544769,848.337833304,840.123801026,12,70.1428725733,30.0661376968,47.3205109301,0.00343750190812,0.00343061401509,6.88789303371e-06,0.000760337570682,1113.66259341,5088,10.1760004833,1069.51818885,533.358892426,1.05613059986,0.00022203039407,0.00794542767107,1,5160,-1.86480428965e-06,1.86480428965e-06,1.40903818607,0,0,0.0336944237351,0.0210590139031,0.0326621755958,0.0204384904355,2.15142863453e-05,4.50519763717e-07,7.48105719595e-07,2.1514173568e-05,4.50519763717e-07,3.58046925442e-12,7.45058059692e-09,5.70435076952e-09,64
10.3360004909,2552.86414176,557.336607017,-74.3054504395,-590.558959961,2.67323255539,0.0484912507236,101.970039368,38.9677658081,0.973608016968,0.000232830643654,0.000465661287308,2,533.358892426,7.6050498385,0.796638676084,75.5709451614,9.96380076021,127.452920424,138.527160743,5150.00335872,0.00558793544769,848.337833304,840.123801026,12,70.1428725733,28.9909767162,47.0131053589,0.003507596949,0.00352338247467,-1.57855256644e-05,-0.000263753463514,1122.38067743,5088,10.1760004833,1069.51818885,533.358892426,1.11467329589,-0.000113004716695,0.0095559572801,1,5168,-2.09266454476e-06,2.09266454476e-06,1.41295683384,0,0,0.0373244844377,0.0233278069645,0.036285828799,0.0227059889585,1.92223615159e-05,3.77158890785e-08,1.06264117505e-08,1.92223869817e-05,3.78209144003e-08,4.5319581421e-12,2.91038304567e-11,8.85290774022e-09,64
10.3520004917,2562.0132219,582.505133934,-77.6609802246,-598.40057373,3.08034944534,0.0741753578186,101.969810486,38.9678115845,0.973607838154,0.000232830643654,0.000465661287308,2,533.358892426,7.66101375289,0.916732363074,74.7823184078,9.8380720548,127.995212097,140.84376744,5150.00382438,0.00558793544769,848.337833304,840.123801026,12,70.1428725733,27.6325990853,46.5954290121,0.00364914416739,0.00362524588127,2.38982861278e-05,0.000100044417195,1131.52953907,5088,10.1760004833,1069.51818885,533.358892426,1.16501030334,7.42375050322e-05,0.0105949277058,1,5176,-1.98920974981e-06,1.98920974981e-06,1.40985047817,0,0,0.0409324020147,0.0255827512592,0.039888124913,0.0249600764364,2.19870598812e-05,8.63935667894e-07,7.44603880776e-07,2.19870671572e-05,8.63935667894e-07,5.63968316492e-12,7.45058059692e-09,1.23985159917e-08,64
10.3680004925,2571.53133862,604.041444603,-80.5322494507,-605.938903809,3.49714136124,0.103003852069,101.969810486,38.9678649902,0.973607838154,0.000232830643654,0.000465661287308,2,533.358892426,7.71743775754,1.03821862426,74.0024667887,9.72279128962,128.541956656,143.187236972,5150.00429004,0.00558793544769,848.337833304,840.123801026,12,70.1428725733,26.2447683781,46.1105919385,0.00386072247782,0.00385534804082,5.37443700654e-06,0.000335603544954,1141.04785769,5088,10.1760004833,1069.51818885,533.358892426,1.20808294923,-0.000157569957082,0.0109389135614,1,5184,-2.15501063394e-06,2.15501063394e-06,1.41440212727,0,0,0.0445161275566,0.0278225801885,0.043467041105,0.0271994844079,2.03116505872e-05,4.05031954642e-08,1.4877890635e-06,2.03116742341e-05,3.98906152554e-08,2.11883635637e-12,1.49011611938e-08,8.20239165478e-09,64
10.3840004932,2581.36563934,622.421270236,-82.9826889038,-613.211425781,3.92200994492,0.134578332305,101.969810486,38.9679222107,0.973607838154,0.000232830643654,0.000465661287308,2,533.358892426,7.77274106473,1.15379581574,73.2312950814,9.61737522589,129.077845486,145.416721352,5150.00429004,0.00558793544769,848.337833304,840.123801026,12,70.1428725733,25.0037537626,45.6038287666,0.00393076778071,0.0039499354898,-1.91677090866e-05,0.00024101609597,1150.88186044,5088,10.1760004833,1069.51818885,533.358892426,1.24484256503,0.000102886588138,0.0107107469812,1,5192,-1.99911460186e-06,1.99911460186e-06,1.41066050529,0,0,0.0480736158788,0.0300460103899,0.0470205657184,0.0294229481369,2.14838055399e-05,8.18870091734e-07,1.48715298565e-06,2.14837273234e-05,8.18870091734e-07,5.49831014052e-12,1.49011611938e-08,2.96859070659e-09,64
10.400000494,2591.46722965,637.933146209,-85.0507736206,-620.23260498,4.35354042053,0.168543979526,101.969718933,38.9679641724,0.973607778549,0.000232830643654,0.000465661287308,2,533.358892426,7.91275225368,1.282936285,72.4687373625,9.52106757592,129.569700221,147.451530211,5150.00475571,0.00558793544769,848.337833304,840.123801026,12,70.1428725733,23.9955807046,45.1317464467,0.00401126871996,0.00412273948314,-0.000111470763176,0.000533873389941,1160.98383569,5088,10.1760004833,1069.51818885,533.358892426,1.2758663388,-0.000187242221728,0.00985144078732,1,5200,-1.97781673705e-06,1.97781673705e-06,1.41084682941,0,0,0.0516028515995,0.0322517827153,0.0505466982722,0.0316292122006,2.22644066525e-05,1.07152072815e-06,7.47534500078e-07,2.22644830501e-05,1.07152072815e-06,3.12932145474e-12,7.45058059692e-09,1.13075202535e-08,64
10.4160004947,2601.79443285,650.930101983,-86.7835540771,-627.029174805,4.79044389725,0.204586923122,101.969535828,38.9680099487,0.97360765934,0.000232830643654,0.000465661287308,2,533.358892426,11.0471975013,2.18266041586,71.7146471357,9.43376487663,129.590262077,148.60801457,5150.00335872,0.00558793544769,848.337833304,840.123801026,12,70.1428725733,23.7036547333,44.9285325885,0.00400976681025,0.00399086275138,1.89040588738e-05,-0.000731233740225,1171.31084562,5088,10.1760004833,1069.51818885,533.358892426,1.30186026581,-0.000104137143353,0.00281244283542,1,5208,-2.00001090889e-06,2.00001090889e-06,1.41023302078,0,0,0.0551018491387,0.0344386585057,0.0540434643626,0.0338170342147,2.1622498025e-05,8.56390613535e-07,7.47150863845e-07,2.16225271288e-05,8.56390613535e-07,7.07449376858e-12,7.45058059692e-09,1.72179852598e-08,64
10.4320004955,2612.30883189,661.656958982,-88.213684082,-633.614807129,5.23155546188,0.242441490293,101.969444275,38.9680557251,0.973607599735,0.000232830643654,0.000465661287308,2,533.358892426,18.5597627881,4.19731189142,70.9689804519,9.35596704699,129.590262077,148.622784764,5150.00382438,0.00558793544769,848.337833304,840.123801026,12,70.1428725733,23.9763976424,44.6535923402,0.00389950834123,0.00393174559576,-3.22372545325e-05,-0.000206455297302,1181.82520077,5088,10.1760004833,1069.51818885,533.358892426,1.32331399527,9.53832568484e-05,0.00279306713492,1,5216,-2.13674320548e-06,2.13674320548e-06,1.41305422783,0,0,0.0585686117411,0.0366053842008,0.0575088895857,0.0359851792455,1.98471352633e-05,3.91125425381e-08,3.73076744609e-07,1.98471716431e-05,3.89569052572e-08,3.29005052369e-12,3.72529029846e-09,5.43583311696e-09,64
10.4480004963,2622.97620066,670.349691063,-89.3726196289,-640.004333496,5.67580795288,0.281869679689,101.969306946,38.9681053162,0.973607540131,0.000232830643654,0.000465661287308,2,533.358892426,30.2071862614,7.31943175585,70.2316787126,9.28678595257,129.590262077,148.622784764,5150.00429004,0.00558793544769,848.337833304,840.123801026,12,70.1428725733,24.0620047407,44.4342185801,0.00390844341613,0.00398176780436,-7.33243882278e-05,0.000209183781408,1192.49265686,5088,10.1760004833,1069.51818885,533.358892426,1.34069944124,-6.05950845056e-05,0.00277334754355,1,5224,-1.93795290215e-06,1.93795290215e-06,1.41017282009,0,0,0.0620011873543,0.0387507453561,0.0609410405159,0.0381324291229,2.00536014745e-05,3.94900929734e-08,1.49306492858e-06,2.00535650947e-05,3.88198024837e-08,5.22237808553e-12,1.49011611938e-08,4.24371826568e-09,64
10.464000497,2633.76557268,677.172443829,-90.2822494507,-646.204406738,6.12219715118,0.322665154934,101.96912384,38.9681472778,0.973607420921,0.000232830643654,0.000465661287308,2,533.358892426,45.6090250067,11.2350873767,69.5026027463,9.63368210658,129.590262077,147.208833368,5150.00382438,0.00558793544769,848.337833304,841.537723318,12,70.1428725733,24.1483849095,44.3098324467,0.00378923654953,0.00386171450373,-7.24779541939e-05,-0.000136424205266,1203.28207936,5088,10.1760004833,1069.51818885,533.358892426,1.35434493131,3.09228198603e-05,0.00361305521801,1,5232,-2.19389721678e-06,2.19389721678e-06,1.41260743141,0,0,0.0653976276517,0.0408735200763,0.0643379837275,0.040257576853,2.01677794394e-05,3.99329849188e-08,1.48818355683e-06,2.01677503355e-05,4.0340044194e-08,2.99536784265e-12,1.49011611938e-08,1.07259543469e-08,64
10.4800004978,2644.64900829,682.309211697,-90.9670944214,-652.225708008,6.56979560852,0.364646971226,101.968856812,38.9681777954,0.973607182503,0.000232830643654,0.000465661287308,2,533.358892426,64.262199394,14.7628425007,68.7818258011,11.5538076947,129.590262077,140.165633638,5150.00382438,0.00558793544769,848.337833304,848.580908496,12,70.1428725733,24.3383728957,44.3360004283,0.00397554276999,0.00396175892092,1.37838490621e-05,-0.000236468622461,1214.16528236,5088,10.1760004833,1069.51818885,533.358892426,1.36461846978,0.000234763319895,0.00757372798398,1,5240,-1.97479425879e-06,1.97479425879e-06,1.41016554832,0,0,0.0687560364604,0.0429725237191,0.0676978230476,0.0423594303429,2.13501862163e-05,1.12608688596e-07,7.45604609165e-07,2.13502116821e-05,1.12608688596e-07,7.1503913901e-12,7.45058059692e-09,1.03066213342e-08,64
10.4960004985,2655.60019761,685.914070345,-91.4477005005,-658.076049805,7.01774024963,0.407654553652,101.984718323,38.9726753235,0.973618030548,0.000232830643654,0.000465661287308,2,533.358892426,80.7946625735,17.6182029474,76.2434515423,14.0018550401,123.496196466,130.81812358,5150.00475571,0.00558793544769,854.431942571,857.928360347,12,70.1428725733,24.9052063737,44.7284764959,0.00402945520006,0.00404179445468,-1.23392546181e-05,0.000614818418398,1225.11649965,5088,10.1760004833,1069.51818885,533.358892426,1.37182826165,0.000242721398536,0.0211528912187,1,5248,-2.02438809538e-06,2.02438809538e-06,1.4105335474,0,0,0.0720745101571,0.0450465716422,0.0710186883807,0.0444368086755,2.2202708351e-05,7.83341988608e-07,7.44388785279e-07,2.2202699256e-05,7.83341988608e-07,9.98615079517e-12,7.45058059692e-09,2.01352463591e-08,64
10.5120004993,2666.59585759,688.06251511,-91.7341384888,-663.75402832,7.46522188187,0.451549112797,102.007774353,38.9792251587,0.973633646965,0.000232830643654,0.000465661287308,2,533.358892426,91.5361083507,19.7780213696,86.4442303752,16.3293953613,112.053057819,121.345852676,5150.00382438,0.00558793544769,865.875103045,867.40066763,12,70.1428725733,26.0165415966,45.5660338048,0.00389098463172,0.0038489815779,4.20030538129e-05,-0.000123691279441,1236.11230163,5088,10.1760004833,1069.51818885,533.358892426,1.37612505569,0.000136878952617,0.0283483713865,1,5256,-2.00553427021e-06,2.00553427021e-06,1.41207039356,0,0,0.0753512233496,0.0470945164561,0.0742987394333,0.0464885719121,2.00967988349e-05,3.98017370173e-08,7.44682722598e-07,2.00968206627e-05,3.90071797085e-08,3.031512541e-12,7.45058059692e-09,1.28636710173e-08,64
10.5280005001,2677.61433497,688.933127094,-91.8502120972,-669.272766113,7.91147422791,0.496205985546,102.024345398,38.9839401245,0.973644912243,0.000232830643654,0.000465661287308,2,533.358892426,98.8849758117,21.3155377278,94.246782542,18.2694325571,100.912409835,112.726200314,5150.00382438,0.00558793544769,877.015758306,876.020290889,12,70.1428725733,27.6912087429,46.7418431072,0.00408175114541,0.00415093381889,-6.91826734789e-05,-0.00042564352043,1247.13086996,5088,10.1760004833,1069.51818885,533.358892426,1.37786628329,2.54658516496e-05,0.0317372567952,1,5264,-2.0684710762e-06,2.0684710762e-06,1.41686201096,0,0,0.0785845443606,0.0491153411567,0.0775362327695,0.0485136173666,2.00850499823e-05,3.99009962848e-08,7.44522878904e-07,2.00850536203e-05,4.03797528747e-08,4.265254816e-12,7.45058059692e-09,5.06275910084e-09,64
10.5440005008,2688.63560632,688.576721586,-91.802696228,-674.629394531,8.35576438904,0.541517317295,102.035499573,38.9871139526,0.973652482033,0.000232830643654,0.000465661287308,2,533.358892426,103.760200259,22.3394303774,99.828925375,19.7543567072,91.2018222152,105.293554952,5150.00335872,0.00558793544769,886.726309545,883.452943526,12,70.1428725733,29.7665919788,48.0339149362,0.00415905819506,0.00412546796724,3.35902278215e-05,-0.000865838956088,1258.15201341,5088,10.1760004833,1069.51818885,533.358892426,1.37715346682,3.97903932026e-05,0.0301292706281,1,5272,-2.17760702981e-06,2.17760702981e-06,1.41680908203,0,0,0.0817722529173,0.051107659936,0.0807293727994,0.0505108162761,1.93633131857e-05,3.83231899548e-08,7.45158672544e-07,1.93632822629e-05,3.8933357871e-08,6.42769171222e-12,7.45058059692e-09,2.59024091065e-09,64
10.5600005016,2699.64057952,687.078747433,-91.6029815674,-679.825744629,8.79739952087,0.587384462357,102.042869568,38.989238739,0.973657488823,0.000232830643654,0.000465661287308,2,533.358892426,106.888059578,22.9560392251,103.678294121,20.8105811126,83.1527941045,99.0686239675,5150.00289306,0.00558793544769,894.775264896,889.677845407,12,70.1428725733,31.7744452332,49.1449536639,0.00408300170063,0.00411455403082,-3.1552330193e-05,-0.00132058630697,1269.15690669,5088,10.1760004833,1069.51818885,533.358892426,1.37415759127,0.000241698216996,0.026568338275,1,5280,-2.11158135244e-06,2.11158135244e-06,1.41325139999,0,0,0.0849127471447,0.0530704706907,0.0838761553168,0.0524789169431,2.03859253816e-05,4.0492118103e-08,1.48878143591e-06,2.03859544854e-05,4.0952745195e-08,4.14628054113e-12,1.49011611938e-08,6.19570528215e-09,64
10.5760005023,2710.61179228,684.464233927,-91.25440979,-684.856750488,9.23571395874,0.633724868298,102.048179626,38.9907112122,0.973661124706,0.000232830643654,0.000465661287308,2,533.358892426,108.803946842,23.2557800186,106.239849625,21.5000865696,76.6641023802,93.9440651564,5150.00382438,0.00558793544769,901.263905689,894.802389666,12,70.1428725733,33.1557239406,49.8713634443,0.00389081410146,0.00394175003748,-5.09359360246e-05,-0.000216459739022,1280.12810762,5088,10.1760004833,1069.51818885,533.358892426,1.36892856517,0.000115619513963,0.0226045865566,1,5288,-1.98807583729e-06,1.98807583729e-06,1.41179561615,0,0,0.0880042314529,0.0550026521087,0.0869749337435,0.054416898638,1.99915339181e-05,3.96403763148e-08,1.48682966028e-06,1.99914757104e-05,4.01245223713e-08,2.26210716825e-12,1.49011611938e-08,8.0593167695e-09,64
10.5920005031,2721.53248079,680.919270962,-90.7817840576,-689.738830566,9.67008209229,0.680453956127,102.051750183,38.9917221069,0.973663508892,0.000232830643654,0.000465661287308,2,533.358892426,109.864309771,23.3109176018,107.848109096,21.8900343537,71.5259811841,89.7761710803,5150.00382438,0.00558793544769,906.402012333,898.970349226,12,70.1428725733,34.1455088346,50.4337476741,0.00376564489313,0.0037452991819,2.03457112269e-05,-2.0008883439e-05,1291.0489462,5088,10.1760004833,1069.51818885,533.358892426,1.36183859922,-1.21644916362e-05,0.0189101211727,1,5296,-2.16546959564e-06,2.16546959564e-06,1.4144333601,0,0,0.0910450145602,0.0569031387568,0.0900239944458,0.0563236698508,2.01823531825e-05,4.01230231262e-08,7.47241017507e-07,2.01824168471e-05,4.04297892942e-08,2.75256206717e-12,7.45058059692e-09,6.33934860161e-09,64
10.6080005039,2732.38727823,676.380528603,-90.1766662598,-694.456237793,10.0998983383,0.727501690388,102.054298401,38.9924468994,0.973665237427,0.000232830643654,0.000465661287308,2,533.358892426,110.292504103,23.1768184582,108.733511372,22.0404403779,67.5209594192,86.4240646479,5150.00335872,0.00558793544769,910.40704865,902.322412003,12,70.1428725733,34.9506444763,50.961272791,0.00390565023378,0.00393629306927,-3.06428354913e-05,-0.000676664058119,1301.90380173,5088,10.1760004833,1069.51818885,533.358892426,1.35276115998,-1.5120349417e-05,0.0157039985061,1,5304,-2.01352963813e-06,2.01352963813e-06,1.41214668751,0,0,0.0940333381295,0.0587708353996,0.0930216088891,0.058198146522,2.11963561014e-05,2.36440286017e-07,3.72839423335e-07,2.11963088077e-05,2.36440286017e-07,3.15859838285e-12,3.72529029846e-09,1.8862408524e-08,64
10.6240005046,2743.16198193,670.972862281,-89.4557037354,-699.018432617,10.5246047974,0.774807333946,102.056144714,38.9929656982,0.973666489124,0.000232830643654,0.000465661287308,2,533.358892426,110.224412575,22.8951699702,109.048449336,22.0012709025,64.4622268737,83.7656407384,5150.00382438,0.00558793544769,913.465686608,904.980755877,12,70.1428725733,35.649703932,51.4759885846,0.0040621117442,0.00408726918977,-2.51574455712e-05,-0.000361978891306,1312.67862855,5088,10.1760004833,1069.51818885,533.358892426,1.34194579005,-0.000142790668178,0.0129951154813,1,5312,-2.05144556276e-06,2.05144556276e-06,1.41262042522,0,0,0.0969675406814,0.0606047138572,0.0959661155939,0.0600392967463,2.00807953661e-05,3.97857995438e-08,1.4864822333e-06,2.0080809918e-05,4.03711020169e-08,4.05656064295e-12,1.49011611938e-08,6.78960532241e-09,64
10.6400005054,2753.84285487,664.744933601,-88.6253814697,-703.425292969,10.9436225891,0.822313547134,102.057365417,38.9933204651,0.973667323589,0.000232830643654,0.000465661287308,2,533.358892426,109.740820629,22.4971209352,108.891324621,21.8123692864,62.2030784143,81.7019972601,5150.00382438,0.00558793544769,915.724900551,907.044333871,12,70.1428725733,36.2778955605,51.9773129781,0.00400694520619,0.00402542355005,-1.8478343855e-05,-0.000300133251585,1323.35922456,5088,10.1760004833,1069.51818885,533.358892426,1.32948991904,0.000205886863114,0.0107119353488,1,5320,-1.97597887563e-06,1.97597887563e-06,1.41257882118,0,0,0.0998459681869,0.0624037347734,0.0988558456302,0.0618460848927,2.01101156563e-05,3.97519919204e-08,3.73273735477e-07,2.01101756829e-05,4.07108124989e-08,2.84292034358e-12,3.72529029846e-09,5.17121634402e-09,64
10.6560005061,2764.41616006,657.693832181,-87.6853103638,-707.669677734,11.3564405441,0.869964778423,102.058372498,38.9935646057,0.973668038845,0.000232830643654,0.000465661287308,2,533.358892426,108.887684185,22.0053380089,108.324097879,21.5044851241,60.6352550676,80.156554759,5150.00382438,0.00558793544769,917.292723898,908.589747269,12,70.1428725733,36.8524706573,52.4608003616,0.0041633782949,0.00416366674472,-2.88449819585e-07,-0.000438376446255,1333.93265435,5088,10.1760004833,1069.51818885,533.358892426,1.31538774895,-0.000127442945086,0.00875852629542,1,5328,-2.12145118894e-06,2.12145118894e-06,1.41304469109,0,0,0.102667018771,0.0641668885946,0.101689204574,0.063617490232,1.94869280676e-05,3.83443392593e-08,7.42400743547e-07,1.94868389372e-05,3.7162902089e-08,4.36586877761e-12,7.45058059692e-09,1.02655137724e-08,64
10.6720005069,2774.8697903,649.845518637,-86.638961792,-711.749023438,11.7625656128,0.917700350285,102.058860779,38.9937133789,0.973668336868,0.000232830643654,0.000465661287308,2,533.358892426,107.687497766,21.4356501274,107.382917097,21.1005322841,59.6839636273,79.0728008724,5150.00429004,0.00558793544769,918.2440117,909.673515707,12,70.1428725733,37.3829097953,52.9221651959,0.00405898535616,0.00403269950766,2.62858484978e-05,0.000158252078108,1344.38608154,5088,10.1760004833,1069.51818885,533.358892426,1.29969112095,0.000202362571144,0.00704200239852,1,5336,-2.03004651667e-06,2.03004651667e-06,1.41087293625,0,0,0.105429112911,0.0658932030201,0.104464605451,0.0653525441885,2.06107506528e-05,4.07714217943e-08,7.44488261262e-07,2.06106924452e-05,3.98994401962e-08,2.86426438123e-12,7.45058059692e-09,1.18022285278e-08,64
10.6880005077,2785.19140556,641.337013803,-85.5045852661,-715.675720215,12.1615104675,0.965480685234,102.058601379,38.9937744141,0.973668158054,0.000232830643654,0.000465661287308,2,533.358892426,104.732504201,20.5451259706,105.875286005,20.5608706713,59.470996348,78.6062009865,5150.00429004,0.00558793544769,918.456993531,910.140166525,13,70.119247539,37.8751901735,53.357660363,0.00427059741737,0.00428190105595,-1.13036385807e-05,-9.09494701773e-05,1354.70798477,5088,10.1760004833,1069.51818885,533.358892426,1.28267413402,-1.01181285572e-05,0.00518630957231,1,5344,-1.93034793483e-06,1.93034793483e-06,1.41032755375,0,0,0.108130715787,0.0675816982985,0.107180483639,0.0670502483845,2.20465590246e-05,9.64990476859e-07,7.45535714941e-07,2.20465753955e-05,9.64990476859e-07,3.20278525923e-12,7.45058059692e-09,5.43747091797e-09,64
10.7040005084,2795.37076131,632.152718026,-84.2801132202,-719.442504883,12.5528278351,1.01326107979,102.058418274,38.9938201904,0.973668038845,0.000232830643654,0.000465661287308,2,533.358892426,95.7874119488,18.5820741901,104.528881527,19.9383177322,59.470996348,78.6062009865,5150.00429004,0.00558793544769,918.456993531,910.140166525,13,70.119247539,38.3335391234,53.762429161,0.0043420815693,0.0043073669076,3.47146617008e-05,-0.000116415321827,1364.88738826,5088,10.1760004833,1069.51818885,533.358892426,1.26430552427,-0.00026795987651,0.00417888630182,1,5352,-2.0423622118e-06,2.0423622118e-06,1.41212117672,0,0,0.11077028513,0.069231428206,0.109835341573,0.0687096714973,2.08708624996e-05,4.12194118837e-08,1.49286495343e-06,2.08709261642e-05,4.15773229179e-08,3.3780218206e-12,1.49011611938e-08,1.05366666503e-08,64
10.7200005092,2805.39738014,622.288032901,-82.9649276733,-723.043701172,12.9360895157,1.06100177765,102.058189392,38.9938392639,0.973667919636,0.000232830643654,0.000465661287308,2,533.358892426,81.4121888549,15.4273492625,103.331192872,19.3678021461,59.470996348,78.6062009865,5150.00429004,0.00558793544769,918.456993531,910.140166525,13,70.119247539,38.7612635677,54.1347326362,0.00459837433409,0.00459658622276,1.78811132567e-06,-0.000405634636991,1374.91385408,5088,10.1760004833,1069.51818885,533.358892426,1.24457608308,0.000136537892104,0.00377111532725,1,5360,-1.98196494239e-06,1.98196494239e-06,1.41261041164,0,0,0.113346345723,0.0708414763212,0.112427674234,0.0703298896551,1.97650770133e-05,3.97339903202e-08,1.49099901137e-06,1.97651097551e-05,3.90441456943e-08,4.81328865654e-12,1.49011611938e-08,1.31587398755e-08,64
10.7360005099,2815.2607847,611.849362031,-81.5732192993,-726.488342285,13.3108930588,1.1086575985,102.058372498,38.9938697815,0.973668038845,0.000232830643654,0.000465661287308,2,533.358892426,63.4695879384,11.4897420715,102.198973458,18.8449601514,59.470996348,78.6062009865,5150.00522137,0.00558793544769,918.456993531,910.140166525,13,70.119247539,39.1611065425,54.4762369827,0.00463118719762,0.00462932803202,1.85916559925e-06,0.000492946128361,1384.77720714,5088,10.1760004833,1069.51818885,533.358892426,1.22369874589,5.91171556152e-05,0.00359486788511,1,5368,-2.01773491426e-06,2.01773491426e-06,1.41156256199,0,0,0.115857511759,0.0724109485745,0.114956066012,0.0719099789858,2.11806072912e-05,4.1095475467e-08,1.49536435856e-06,2.11805418076e-05,4.23992290166e-08,4.98195928955e-12,1.49011611938e-08,1.27205339595e-08,64
10.7520005107,2824.95142892,600.793748163,-80.0992584229,-729.766052246,13.6768779755,1.15618431568,102.058097839,38.9938621521,0.973667860031,0.000232830643654,0.000465661287308,2,533.358892426,44.2848220588,7.27953437649,101.100462867,18.3658088773,59.470996348,78.6062009865,5150.00475571,0.00558793544769,918.456993531,910.140166525,13,70.119247539,39.5354581997,54.7892632312,0.0046684764804,0.00464024196845,2.82345119507e-05,1.63709046319e-05,1394.46800654,5088,10.1760004833,1069.51818885,533.358892426,1.20158756545,-0.000181444193004,0.00351065443829,1,5376,-1.87516536698e-06,1.87516536698e-06,1.40655994415,0,0,0.118302322924,0.0739389583468,0.117419078946,0.0734490901232,2.16496246139e-05,3.79949909757e-07,7.43064163089e-07,2.16495791392e-05,3.79949909757e-07,6.95954405217e-12,7.45058059692e-09,1.53734163177e-08,64
10.7680005115,2834.4609309,589.221657719,-78.5564422607,-732.885986328,14.0336933136,1.20354580879,102.058006287,38.9938774109,0.973667800426,0.000232830643654,0.000465661287308,2,533.358892426,26.3438344339,3.36999887174,100.022893935,17.9266950697,59.470996348,78.7292883615,5150.00429004,0.00558793544769,918.456993531,910.140166525,13,70.119247539,39.7717449232,55.0761578779,0.00468487225402,0.0046184140956,6.64581584209e-05,-0.000427462509833,1403.97753705,5088,10.1760004833,1069.51818885,533.358892426,1.1784434264,-8.75388650456e-05,0.00346378376707,1,5384,-1.95649295165e-06,1.95649295165e-06,1.41758596897,0,0,0.120679467916,0.0754246711731,0.119815357029,0.0749463289976,1.9682393031e-05,3.89490253383e-08,7.44691419641e-07,1.96824821614e-05,3.85503788891e-08,3.38949181222e-12,7.45058059692e-09,4.80247308587e-09,64
10.7840005122,2843.78044307,577.189202886,-76.9522476196,-735.85144043,14.3810186386,1.25069832802,102.057914734,38.9938850403,0.973667740822,0.000232830643654,0.000465661287308,2,533.358892426,11.971598951,0.722819997729,98.9610587178,17.5242969228,59.470996348,82.7682524687,5150.00429004,0.00558793544769,918.456993531,910.140166525,13,70.119247539,36.8016808352,55.3390709683,0.00476669480276,0.00481122697238,-4.45321696185e-05,-0.000620275386609,1413.29716746,5088,10.1760004833,1069.51818885,533.358892426,1.15437842396,-0.000236923369812,0.0189840197563,1,5392,-1.99463806894e-06,1.99463806894e-06,1.41112148762,0,0,0.12298759073,0.0768672451377,0.122143544257,0.0764008760452,2.04763891816e-05,4.05727682562e-08,9.29296248842e-08,2.04763528018e-05,4.03701356788e-08,3.43383654844e-12,9.31322574615e-10,7.51873585614e-09,64
10.800000513,2852.90274769,564.590271097,-75.2725219727,-738.64465332,14.7185688019,1.29760408401,102.057731628,38.9938964844,0.973667562008,0.000232830643654,0.000465661287308,2,533.358892426,3.99929865689,-1.03957085471,97.9126718699,17.1493100838,65.5985422782,89.3630203791,5150.00568703,0.00558793544769,918.456993531,910.140166525,13,70.119247539,32.5192231685,51.7022999702,0.00477424076661,0.00482759787701,-5.33571103967e-05,0.000760337570682,1422.41935805,5088,10.1760004833,1069.51818885,533.358892426,1.12918064588,4.79758455185e-05,0.0262385644019,1,5400,-1.88772605725e-06,1.88772605725e-06,1.41293823719,0,0,0.125225424767,0.0782658979297,0.124402366579,0.0778119489551,2.20765923586e-05,1.00265674519e-06,3.71862256543e-07,2.20765996346e-05,1.00265674519e-06,7.1519873357e-12,3.72529029846e-09,4.28683222253e-09,64
10.8160005137,2861.82016134,551.62596982,-73.544090271,-741.288757324,15.0460853577,1.34422230721,102.057640076,38.9939079285,0.973667502403,0.000232830643654,0.000465661287308,2,533.358892426,2.26515322626,-1.42604930636,96.8767591906,16.7710252445,75.7093293942,95.6515141297,5150.00475571,0.00558793544769,918.456993531,910.140166525,13,70.119247539,29.2726472253,48.3435396745,0.00483415373009,0.00486761564389,-3.34619137954e-05,-0.000211002770811,1431.33674862,5088,10.1760004833,1069.51818885,533.358892426,1.10325197511,-0.000100385477708,0.0243196804076,1,5408,-2.19595926865e-06,2.19595926865e-06,1.41288781166,0,0,0.127391755581,0.0796198472381,0.126590564847,0.0791787207127,2.00428585231e-05,4.79160533473e-08,7.46977946164e-07,2.00429167307e-05,4.79160533473e-08,3.58445217952e-12,7.45058059692e-09,1.35187292472e-08,64
10.8320005145,2870.52616477,538.216962013,-71.7563705444,-743.769897461,15.3633403778,1.39051222801,102.057640076,38.9939193726,0.973667502403,0.000232830643654,0.000465661287308,2,533.358892426,3.11161378343,-1.20167438772,95.8527200446,16.3737581341,83.9115309645,99.979704828,5150.00522137,0.00558793544769,918.456993531,910.140166525,13,70.119247539,27.943369787,47.4895568914,0.00474945703599,0.00485124473926,-0.000101787703266,0.000271029421128,1440.04272011,5088,10.1760004833,1069.51818885,533.358892426,1.07643393221,0.000174964043254,0.0194892212749,1,5416,-2.10456141758e-06,2.10456141758e-06,1.41261982918,0,0,0.129485309124,0.0809283182025,0.128706872463,0.0805004537106,2.01130224013e-05,4.37251657104e-08,7.44951023535e-07,2.01129441848e-05,4.37251657104e-08,2.58556023813e-12,7.45058059692e-09,1.3709630764e-08,64
10.8480005153,2879.01470438,524.481525645,-69.9251327515,-746.100891113,15.6701507568,1.43643176556,102.05745697,38.9939231873,0.973667383194,0.000232830643654,0.000465661287308,2,533.358892426,3.79643616256,-1.03608767387,94.840224815,15.9631580199,90.5474589672,103.173872049,5150.00522137,0.00558793544769,918.456993531,910.140166525,13,70.119247539,27.4571539194,47.2020328743,0.00471961424109,0.00480031303596,-8.06987948687e-05,0.000321961124428,1448.53123447,5088,10.1760004833,1069.51818885,533.358892426,1.04896309949,-6.10498318565e-05,0.0161114856601,1,5424,-1.94374069906e-06,1.94374069906e-06,1.41032028198,0,0,0.131504997611,0.0821906253695,0.130750179291,0.0817764103413,2.10025737033e-05,4.14329477394e-08,7.43661644265e-07,2.10025082197e-05,4.00627726549e-08,5.06275577017e-12,7.45058059692e-09,1.20915615298e-08,64
10.864000516,2887.28019223,510.413141456,-68.0494995117,-748.278015137,15.9663467407,1.48194038868,102.057281494,38.993938446,0.973667263985,0.000232830643654,0.000465661287308,2,533.358892426,4.36275256668,-0.901858915332,93.8389878339,15.5478553712,96.0350662353,105.763145257,5150.00522137,0.00558793544769,918.456993531,910.140166525,13,70.119247539,27.3194327747,47.0439263154,0.00472103532656,0.00475120032206,-3.01649955015e-05,0.000371073838323,1456.79677746,5088,10.1760004833,1069.51818885,533.358892426,1.02082628928,0.000136083144753,0.0134263867512,1,5432,-2.07276752917e-06,2.07276752917e-06,1.41984581947,0,0,0.133449673653,0.0834060534835,0.132719323039,0.083005875349,1.90490536625e-05,3.77481725877e-08,7.43679493098e-07,1.90490773093e-05,3.77004525376e-08,3.43242448353e-12,7.45058059692e-09,1.47761465286e-08,64
10.8800005168,2895.31750605,495.994114317,-66.1271209717,-750.296630859,16.2518043518,1.52698683739,102.057281494,38.9939498901,0.973667263985,0.000232830643654,0.000465661287308,2,533.358892426,4.8346101512,-0.786109705025,92.8488626049,15.1348289103,100.607365312,107.995947474,5150.00475571,0.00558793544769,918.456993531,910.140166525,13,70.119247539,27.3475798167,46.9474471174,0.00491021022453,0.00485306372866,5.71464958687e-05,-0.000196450855583,1464.83396964,5088,10.1760004833,1069.51818885,533.358892426,0.991988258647,-0.00012971668184,0.0112405763939,1,5440,-2.08490882869e-06,2.08490882869e-06,1.41448891163,0,0,0.135318279266,0.0845739319921,0.134613186121,0.0841881856322,1.95858228835e-05,3.89294285696e-08,7.45575846395e-07,1.95857701328e-05,3.83863962838e-08,6.82238987526e-12,7.45058059692e-09,4.61153604192e-09,64
10.8960005175,2903.12175639,481.345923617,-64.1741867065,-752.170349121,16.5264415741,1.57152426243,102.057106018,38.9939498901,0.973667144775,0.000232830643654,0.000465661287308,2,533.358892426,5.22997097724,-0.682011422202,91.8696733322,14.7292838375,104.438411654,110.004002636,5150.00475571,0.00558793544769,918.456993531,910.140166525,13,70.119247539,27.463051083,46.8934777018,0.0050234423149,0.00503132469021,-7.88237530802e-06,-0.00037471181713,1472.63843519,5088,10.1760004833,1069.51818885,533.358892426,0.962691842687,-0.000169961822394,0.00945350714028,1,5448,-2.16055696001e-06,2.16055696001e-06,1.41262662411,0,0,0.137109786272,0.0856936126947,0.136430740356,0.085322663188,2.01290858968e-05,3.97691231058e-08,7.46351531689e-07,2.01291131816e-05,4.07220142051e-08,4.93953489222e-12,7.45058059692e-09,1.94937115339e-08,64
10.9120005183,2910.68968363,466.434576083,-62.1861724854,-753.893188477,16.790184021,1.61551320553,102.056922913,38.9939537048,0.973667025566,0.000232830643654,0.000465661287308,2,533.358892426,5.56308319327,-0.585646318174,90.901295494,14.335004338,107.666266558,111.862886115,5150.00522137,0.00558793544769,918.456993531,910.140166525,13,70.119247539,27.6271130133,46.8712205475,0.00517541319522,0.005233232514,-5.78193187772e-05,-0.000110958353616,1480.20628762,5088,10.1760004833,1069.51818885,533.358892426,0.932869170356,8.32187652122e-05,0.00818544160575,1,5456,-1.89285208307e-06,1.89285208307e-06,1.40678405762,0,0,0.138823196292,0.0867644995451,0.138170972466,0.0864086970687,2.14009560295e-05,2.26031687589e-07,7.44985811707e-07,2.14009796764e-05,2.26031687589e-07,3.60664276222e-12,7.45058059692e-09,1.89174897969e-09,64
10.9280005191,2918.01756248,451.371073723,-60.1778717041,-755.477966309,17.0430088043,1.65890324116,102.056877136,38.9939689636,0.973667025566,0.000232830643654,0.000465661287308,2,533.358892426,5.84536390477,-0.494658719361,89.9435093456,13.9546126974,110.401568236,113.618036266,5150.00522137,0.00558793544769,918.456993531,910.140166525,13,70.119247539,27.8186580545,46.8727048428,0.00491759986898,0.0049767550081,-5.91551391205e-05,0.000145519152284,1487.5342726,5088,10.1760004833,1069.51818885,533.358892426,0.902742215203,-5.78097569814e-05,0.00772844161838,1,5464,-2.12733812077e-06,2.12733812077e-06,1.41254651546,0,0,0.140457570553,0.0877859890461,0.139832913876,0.0874456837773,1.99399983103e-05,3.95647639095e-08,7.44407486764e-07,1.99399746634e-05,3.91364558538e-08,3.32448478468e-12,7.45058059692e-09,1.01687192e-08,64
10.9440005198,2925.10259897,436.104281107,-58.1424636841,-756.916625977,17.2849235535,1.70164310932,102.056922913,38.993976593,0.973667025566,0.000232830643654,0.000465661287308,2,533.358892426,6.08599111131,-0.407591272693,88.9963222118,13.5898687037,112.733243441,115.29756739,5150.00522137,0.00558793544769,918.456993531,910.140166525,13,70.119247539,28.0254807876,46.8917678518,0.00491310923889,0.00499858288094,-8.5473642053e-05,0.000123691279441,1494.61934774,5088,10.1760004833,1069.51818885,533.358892426,0.872208602232,-2.50111042988e-05,0.0073746140115,1,5472,-1.87870875834e-06,1.87870875834e-06,1.40996611118,0,0,0.142012014985,0.0887575149536,0.141415640712,0.0884330272675,2.10707567021e-05,4.16038901108e-08,7.46421619624e-07,2.10708494706e-05,4.14785574776e-08,8.27719837115e-12,7.45058059692e-09,1.35379796262e-08,64
10.9600005206,2931.94269761,420.754164224,-56.0959510803,-758.223999023,17.5159797668,1.74368071556,102.056785583,38.9939880371,0.973666965961,0.000232830643654,0.000465661287308,2,533.358892426,6.29235326733,-0.323527345607,88.0595436474,13.2418646707,114.732894872,116.919160064,5150.00568703,0.00558793544769,918.456993531,910.140166525,13,70.119247539,28.2402870653,46.9235928904,0.00487286409834,0.00500403984915,-0.000131175750817,0.000583895598538,1501.45936539,5088,10.1760004833,1069.51818885,533.358892426,0.8415083812,0.000174395609065,0.00708758179098,1,5480,-2.17190518015e-06,2.17190518015e-06,1.41488468647,0,0,0.143485710025,0.0896785706282,0.142918258905,0.0893702283502,1.96890414372e-05,3.90423942065e-08,3.72302764617e-07,1.96889832296e-05,3.93170473956e-08,5.70966884883e-12,3.72529029846e-09,9.34957800069e-09,64
10.9760005213,2938.53553012,405.311118811,-54.0370483398,-759.397766113,17.7362422943,1.78496313095,102.056694031,38.9939994812,0.973666906357,0.000232830643654,0.000465661287308,2,533.358892426,6.47041186077,-0.241880466083,87.1330784297,12.9111545378,116.458279081,118.494128401,5150.00429004,0.00558793544769,918.456993531,910.140166525,13,70.119247539,28.4586185444,46.9644219265,0.00471188353612,0.00467844074592,3.34427902038e-05,-0.00048748916015,1508.05238633,5088,10.1760004833,1069.51818885,533.358892426,0.810622282188,-0.000138811628858,0.00684466818348,1,5488,-1.9608016828e-06,1.9608016828e-06,1.41022586823,0,0,0.144877851009,0.0905486568809,0.144339963794,0.0902567356825,2.13267048821e-05,4.10274694218e-08,1.48824756252e-06,2.13267521758e-05,4.02781594744e-08,5.96277194287e-12,1.49011611938e-08,5.52967094336e-09,64
10.9920005221,2944.88063082,389.748427551,-51.9621925354,-760.434143066,17.9458293915,1.8254339695,102.056602478,38.9940071106,0.973666846752,0.000232830643654,0.000465661287308,2,533.358892426,6.62498021402,-0.162269257064,86.216787387,12.5979287505,117.956049507,120.029828395,5150.00429004,0.00558793544769,918.456993531,910.140166525,13,70.119247539,28.6777431029,47.0113591291,0.00474021998043,0.00474574335385,-5.5233734253e-06,-0.000554791768081,1514.39720162,5088,10.1760004833,1069.51818885,533.358892426,0.779496872383,2.01225702767e-05,0.00663166679442,1,5496,-2.12240138353e-06,2.12240138353e-06,1.41264271736,0,0,0.146187603474,0.0913672670722,0.145679935813,0.0910920724273,2.01615621336e-05,3.98424546688e-08,7.43354121369e-07,2.01616312552e-05,4.0520532707e-08,5.332026487e-12,7.45058059692e-09,4.53701431979e-09,64
11.0080005229,2950.97683556,374.20965964,-49.8905258179,-761.351623535,18.1448707581,1.86504685879,102.056510925,38.9940185547,0.973666787148,0.000232830643654,0.000465661287308,2,533.358892426,6.75996108279,-0.0844421567602,85.3106338953,12.3020801832,119.264012028,121.531113109,5150.00429004,0.00558793544769,918.456993531,910.140166525,13,70.119247539,28.8959818135,47.0621635031,0.00485045358045,0.00476757122669,8.2882353758e-05,-0.000576619640924,1520.4934885,5088,10.1760004833,1069.51818885,533.358892426,0.74841938158,0.000131137767312,0.00643959455192,1,5504,-1.91395838556e-06,1.91395838556e-06,1.40981388092,0,0,0.147414341569,0.0921339765191,0.146937444806,0.0918757617474,2.12017293961e-05,4.07846414419e-08,7.47510796373e-07,2.12016584555e-05,4.07166282912e-08,2.62273536222e-12,7.45058059692e-09,1.00396846392e-08,64
11.0240005236,2956.82391152,358.628196409,-47.813167572,-762.141235352,18.3335208893,1.90374219418,102.05632782,38.9940109253,0.973666667938,0.000232830643654,0.000465661287308,2,533.358892426,6.87852107836,-0.00822866281646,84.4144568086,12.0232691474,120.412856631,123.001271277,5150.00475571,0.00558793544769,918.456993531,910.140166525,13,70.119247539,29.1123033094,47.1151215606,0.00485791427918,0.00485670170747,1.21257170971e-06,-0.00020008883439,1526.34060885,5088,10.1760004833,1069.51818885,533.358892426,0.717256455118,-0.000138072664413,0.00626267911866,1,5512,-1.87174077837e-06,1.87174077837e-06,1.40788054466,0,0,0.148557424545,0.0928483828902,0.148111835122,0.0926074162126,2.15075069718e-05,3.36800894729e-07,3.70810624872e-07,2.15074160224e-05,3.36800894729e-07,8.88940310251e-12,3.72529029846e-09,5.60014701279e-09,64
11.0400005244,2962.42185868,343.066029018,-45.7383842468,-762.811340332,18.5119743347,1.94146335125,102.056236267,38.9940261841,0.973666548729,0.000232830643654,0.000465661287308,2,533.358892426,6.98323991078,0.0664892802656,83.5281902034,11.7610140362,121.427583508,124.442580272,5150.00429004,0.00558793544769,918.456993531,910.140166525,13,70.119247539,29.326083677,47.1689163533,0.0047580830248,0.00481668394059,-5.86009157866e-05,-0.00062573235482,1531.93866691,5088,10.1760004833,1069.51818885,533.358892426,0.686132068495,-0.000212992290471,0.00609723804519,1,5520,-1.93623668565e-06,1.93623668565e-06,1.40822958946,0,0,0.149616122246,0.0935100764036,0.149202391505,0.093286588788,2.22211492655e-05,6.53805386719e-07,1.48671972511e-06,2.22211565415e-05,6.53805386719e-07,8.73025263193e-12,1.49011611938e-08,5.83676529331e-09,64
11.0560005251,2967.77137555,327.561836457,-43.6713256836,-763.36730957,18.6804447174,1.97815310955,102.056053162,38.9940338135,0.97366642952,0.000232830643654,0.000465661287308,2,533.358892426,7.07622483924,0.139796537394,82.6516436345,11.5147316108,122.328608995,125.856677187,5150.00475571,0.00558793544769,918.456993531,910.140166525,13,70.119247539,29.5369609375,47.2225874546,0.00475809013023,0.00478394213133,-2.58520010954e-05,-0.000127329258248,1537.28826302,5088,10.1760004833,1069.51818885,533.358892426,0.655123699289,6.17319528828e-05,0.00594085548073,1,5528,-2.00787167159e-06,2.00787167159e-06,1.41588449478,0,0,0.150589972734,0.0941187441349,0.150208562613,0.0939129367471,1.98781835934e-05,3.94963670658e-08,7.48022898733e-07,1.98782981897e-05,3.93821153466e-08,3.53858609081e-12,7.45058059692e-09,1.31169031192e-08,64
11.0720005259,2972.87339345,312.131247483,-41.6140823364,-763.811828613,18.8391551971,2.01375675201,102.055877686,38.9940338135,0.97366631031,0.000232830643654,0.000465661287308,2,533.358892426,7.15920406348,0.211756485429,81.7847585032,11.2837370004,123.132675071,127.24478438,5150.00429004,0.00558793544769,918.456993531,910.140166525,13,70.119247539,29.7447204503,47.2754109069,0.00474765225744,0.00470208760817,4.55646492759e-05,-0.000511136022396,1542.39030968,5088,10.1760004833,1069.51818885,533.358892426,0.624262497695,-4.35420588474e-05,0.00579190813005,1,5536,-2.00818521989e-06,2.00818521989e-06,1.41319453716,0,0,0.151478454471,0.0946740284562,0.1511297822,0.0944861248136,1.9172735847e-05,3.76493360932e-08,1.48977119352e-06,1.91727594938e-05,3.82101319474e-08,4.27670399095e-12,1.49011611938e-08,4.50794601647e-09,64
11.0880005267,2977.72907652,296.745420201,-39.5628089905,-764.141418457,18.9883651733,2.04821109772,102.055961609,38.9940490723,0.973666369915,0.000232830643654,0.000465661287308,2,533.358892426,7.23359585178,0.282421170651,80.9274542367,11.0673370941,123.853533296,128.607905935,5150.00475571,0.00558793544769,918.456993531,910.140166525,13,70.119247539,29.9492530758,47.3268628411,0.00484599137207,0.00488580553792,-3.98141658531e-05,-0.000229192664847,1547.24587043,5088,10.1760004833,1069.51818885,533.358892426,0.593490881329,-5.57065504836e-06,0.00564927514642,1,5544,-1.91477602129e-06,1.91477602129e-06,1.41319358349,0,0,0.152281016111,0.0951756387949,0.151965543628,0.0950058177114,1.91793387785e-05,3.79670552775e-08,7.44941644371e-07,1.91793169506e-05,3.80015698909e-08,2.89987478475e-12,7.45058059692e-09,6.37368202661e-09,64
11.1040005274,2982.33982176,281.507265754,-37.5312232971,-764.370605469,19.1283302307,2.08146429062,102.055702209,38.9940490723,0.973666191101,0.000232830643654,0.000465661287308,2,533.358892426,7.30057812677,0.351829048367,80.0796063128,10.8648003254,124.502592371,129.946784,5150.00522137,0.00558793544769,918.456993531,910.140166525,13,70.119247539,30.1505297102,47.3765721836,0.00483110550176,0.00482577888761,5.32661414976e-06,0.000296495272778,1551.85656399,5088,10.1760004833,1069.51818885,533.358892426,0.563014566524,-3.00701685774e-05,0.00551226409152,1,5552,-1.92501056517e-06,1.92501056517e-06,1.40760350227,0,0,0.15299731493,0.0956233292818,0.152715370059,0.0954717472196,2.02624069061e-05,4.00233588493e-08,7.44162946376e-07,2.02623668883e-05,3.97179782397e-08,6.81629752641e-12,7.45058059692e-09,3.66992480849e-09,64
11.1200005282,2986.70772463,266.392860794,-35.5161323547,-764.497253418,19.2593231201,2.11346530914,102.055610657,38.9940567017,0.973666131496,0.000232830643654,0.000465661287308,2,533.358892426,7.36112096931,0.420016370711,79.2411561331,10.6753850562,125.089252833,131.262117065,5150.00522137,0.00558793544769,918.456993531,910.140166525,13,70.119247539,30.3485321638,47.4242842756,0.00492941619468,0.00497311702929,-4.37008346177e-05,0.000149157131091,1556.22450097,5088,10.1760004833,1069.51818885,533.358892426,0.532785747964,0.000163595359481,0.00538026215509,1,5560,-1.90634500541e-06,1.90634500541e-06,1.41092431545,0,0,0.153626993299,0.0960168689489,0.153378874063,0.095883667469,1.94367985387e-05,3.81988591869e-08,1.48349954543e-06,1.94368349185e-05,3.80746314477e-08,4.50262049867e-12,1.49011611938e-08,9.52360323936e-09,64
11.1360005289,2990.83488062,251.34999305,-33.5105819702,-764.515380859,19.3816413879,2.14415168762,102.055610657,38.9940719604,0.973666131496,0.000232830643654,0.000465661287308,2,533.358892426,7.41604018124,0.487014754585,78.4119572011,10.4983652138,125.621416373,132.554516313,5150.00475571,0.00558793544769,918.456993531,910.140166525,13,70.119247539,30.5432949972,47.4698572361,0.00486685290679,0.00491127138957,-4.44184827808e-05,-0.000254658516496,1560.35153617,5088,10.1760004833,1069.51818885,533.358892426,0.50270000429,0.000214186002268,0.0052528930828,1,5568,-2.19732601181e-06,2.19732601181e-06,1.41609752178,0,0,0.154169619083,0.0963560193777,0.153955668211,0.0962413474917,1.95418888325e-05,3.87720930917e-08,3.7181831658e-07,1.95418324438e-05,4.00595112637e-08,3.99597022138e-12,3.72529029846e-09,1.46146135194e-08,64
11.1520005297,2994.72315237,236.514242715,-31.5326442719,-764.443969727,19.4955730438,2.1734752655,102.055427551,38.9940719604,0.973666012287,0.000232830643654,0.000465661287308,2,533.358892426,7.46644913521,0.554024497652,77.5918776702,10.3330431091,126.109880512,133.847133839,5150.00475571,0.00558793544769,918.456993531,910.140166525,13,70.119247539,30.6974689011,47.5022461615,0.004917500393,0.00495856511407,-4.1064721068e-05,-0.000301952240989,1564.23998013,5088,10.1760004833,1069.51818885,533.358892426,0.473028507031,-0.000149469769894,0.00547814974561,1,5576,-2.09699214793e-06,2.09699214793e-06,1.411678195,0,0,0.154625028372,0.0966406464577,0.154445454478,0.0965446159244,2.2300555429e-05,9.03585828382e-07,1.48830031321e-06,2.23005681619e-05,9.03585828382e-07,1.13501291699e-11,1.49011611938e-08,8.27606072562e-09,64
11.1680005305,2998.37510101,221.845402848,-29.57695961,-764.278930664,19.6014080048,2.20137834549,102.055427551,38.9940872192,0.973666012287,0.000232830643654,0.000465661287308,2,533.358892426,7.51682833209,0.633221940175,76.7808955657,10.1789682656,126.598053612,135.374852107,5150.00475571,0.00558793544769,918.456993531,910.140166525,13,70.119247539,30.4599543597,47.4248809041,0.00469097936884,0.00475483830087,-6.38589320312e-05,-9.82254277915e-05,1567.8919477,5088,10.1760004833,1069.51818885,533.358892426,0.443690822749,8.43840552989e-05,0.00693038711324,1,5584,-1.95457573682e-06,1.95457573682e-06,1.41238963604,0,0,0.154992967844,0.0968706086278,0.154847994447,0.0967933014035,2.03831332328e-05,4.0270297319e-08,7.47170872728e-07,2.03831623367e-05,4.14876524246e-08,6.82372214289e-12,7.45058059692e-09,1.25105694693e-08,64
11.1840005312,3001.79328769,207.271325053,-27.6339092255,-764.011962891,19.6994533539,2.2278149128,102.055335999,38.9940910339,0.973665952682,0.000232830643654,0.000465661287308,2,533.358892426,7.56960686535,0.732270789608,75.9788790411,10.0360729287,127.109480673,137.285504024,5150.00522137,0.00558793544769,918.456993531,910.140166525,13,70.119247539,29.6569251077,47.196426749,0.00495621786667,0.00504041963723,-8.4201770556e-05,8.18545231596e-05,1571.31036684,5088,10.1760004833,1069.51818885,533.358892426,0.414542682847,-0.000104137143353,0.00868463981897,1,5592,-2.09422569242e-06,2.09422569242e-06,1.4166457653,0,0,0.155273228884,0.0970457717776,0.155163034797,0.0969872698188,1.94615367946e-05,3.83736420417e-08,7.4685999607e-07,1.94615076907e-05,3.7534153563e-08,5.18808607186e-12,7.45058059692e-09,7.2388743888e-09,64
11.200000532,3004.98027354,192.940380657,-25.7232723236,-763.6640625,19.7900257111,2.25272345543,102.055335999,38.994102478,0.973665952682,0.000232830643654,0.000465661287308,2,533.358892426,7.62467623609,0.847276187326,75.1857694977,9.90418954322,127.643099404,139.503958053,5150.00475571,0.00558793544769,918.456993531,910.140166525,13,70.119247539,28.4276538878,46.8370599265,0.0049070340985,0.00484033080284,6.67032956647e-05,-0.000183717929758,1574.49742272,5088,10.1760004833,1069.51818885,533.358892426,0.38588078155,-0.000313235659632,0.0100860772654,1,5600,-2.04043931262e-06,2.04043931262e-06,1.41637837887,0,0,0.155465736985,0.0971660912037,0.155390411615,0.0971264392138,1.89454312931e-05,3.70692134766e-08,3.75910445882e-07,1.89453458006e-05,3.52531017711e-08,1.89122328909e-12,3.72529029846e-09,1.29037402985e-08,64
11.2160005327,3007.94001669,178.82634711,-23.8415565491,-763.233581543,19.8734645844,2.27606368065,102.05506134,38.9940986633,0.973665773869,0.000232830643654,0.000465661287308,2,533.358892426,7.6810095961,0.969074726189,74.401464388,9.78301046668,128.188970848,141.853452078,5150.00475571,0.00558793544769,918.456993531,910.140166525,13,70.119247539,27.0287328021,46.3852084067,0.00485936378636,0.00485488271806,4.4810682942e-06,-0.000198269844986,1577.4570316,5088,10.1760004833,1069.51818885,533.358892426,0.357652709226,-0.000257671217696,0.0108246915042,1,5608,-2.15517525248e-06,2.15517525248e-06,1.41279768944,0,0,0.15557038784,0.0972314924002,0.155530035496,0.0972107350826,2.01320472115e-05,3.98493682496e-08,7.45017587178e-07,2.01320399356e-05,4.02559479085e-08,3.42548905907e-12,7.45058059692e-09,5.9080824677e-09,64
11.2320005335,3010.67507826,164.834287716,-21.9761009216,-762.70916748,19.950088501,2.29778075218,102.054969788,38.9941101074,0.973665714264,0.000232830643654,0.000465661287308,2,533.358892426,7.73713877674,1.08872028298,73.6258318652,9.67204768294,128.732863232,144.161414937,5150.00429004,0.00558793544769,918.456993531,910.140166525,13,70.119247539,25.688259484,45.8857248304,0.004780365645,0.00483487383462,-5.45081896286e-05,-0.000643922248855,1580.19194433,5088,10.1760004833,1069.51818885,533.358892426,0.329668580434,0.000252441623161,0.0108996490017,1,5616,-2.14384090214e-06,2.14384090214e-06,1.41349124908,0,0,0.155587151647,0.0972419753671,0.155581831932,0.0972401276231,1.86461238627e-05,3.63404133452e-08,7.45574652683e-07,1.86461238627e-05,3.54542066816e-08,4.24034418689e-12,7.45058059692e-09,3.16670423217e-09,64
11.2480005343,3013.18895072,151.281128637,-20.1691608429,-762.134887695,20.0202255249,2.31783866882,102.054969788,38.9941177368,0.973665714264,0.000232830643654,0.000465661287308,2,533.358892426,7.79146330484,1.20042150014,72.8588572798,9.57063829579,129.259264213,146.316131577,5150.00522137,0.00558793544769,918.456993531,910.140166525,13,70.119247539,24.5393257501,45.3828761238,0.00450468927438,0.00450836523669,-3.67596231232e-06,0.000613908923697,1582.70613986,5088,10.1760004833,1069.51818885,533.358892426,0.30256228456,-0.00011527845345,0.0104907918721,1,5624,-2.36765504269e-06,2.36765504269e-06,1.41328883171,0,0,0.155516088009,0.0971975550056,0.155574575067,0.0972356498241,1.94969379663e-05,3.85028116057e-08,7.43838882045e-07,1.94969125005e-05,3.85288814186e-08,3.43419390147e-12,7.45058059692e-09,3.60540752808e-09,64
11.264000535,3015.4932756,138.470699312,-18.4612445831,-761.55682373,20.0842876434,2.33628702164,102.054695129,38.9941177368,0.97366553545,0.000232830643654,0.000465661287308,2,533.358892426,8.70630403313,1.53129266457,72.1004527339,9.47809651894,129.547493998,148.141785758,5150.00475571,0.00558793544769,918.456993531,910.140166525,13,70.119247539,23.7295789702,45.058572141,0.00429752565478,0.004309185897,-1.16602422162e-05,0.000347426976077,1585.01017475,5088,10.1760004833,1069.51818885,533.358892426,0.276941420907,0.000127045041154,0.00744493072852,1,5632,-2.00263616534e-06,2.00263616534e-06,1.4126073122,0,0,0.155357211828,0.0970982536674,0.155537799001,0.0972147881985,2.01350158022e-05,3.97733259661e-08,1.48726144289e-06,2.01349976123e-05,3.98156103643e-08,2.53780330084e-12,1.49011611938e-08,7.48190132072e-09,64
11.2800005358,3017.59829745,126.272396301,-16.8349380493,-760.96270752,20.1426525116,2.35319590569,102.054695129,38.9941253662,0.97366553545,0.000232830643654,0.000465661287308,2,533.358892426,13.7350072667,2.90546862521,71.3504717311,9.39492410257,129.547493998,148.617866216,5150.00382438,0.00558793544769,918.456993531,910.140166525,13,70.119247539,23.8662796619,44.8018290626,0.00445248792003,0.00444288161816,9.60630186508e-06,-0.000717591319699,1587.1153629,5088,10.1760004833,1069.51818885,533.358892426,0.252544793966,-0.000156376245286,0.0028027780354,1,5640,-2.16090825234e-06,2.16090825234e-06,1.4172205925,0,0,0.155110672116,0.0969441756606,0.155456930399,0.0971687957644,1.98024390556e-05,3.92179941855e-08,7.4639478953e-07,1.98025609279e-05,3.95773938067e-08,2.60973881394e-12,7.45058059692e-09,9.97152937998e-09,64
11.2960005365,3019.51286383,114.546593977,-15.2716255188,-760.338195801,20.1956558228,2.36859869957,102.054695129,38.9941329956,0.97366553545,0.000232830643654,0.000465661287308,2,533.358892426,23.0543438041,5.4043511376,70.6089069465,9.32098279071,129.547493998,148.617866216,5150.00475571,0.00558793544769,918.456993531,910.140166525,13,70.119247539,24.022816433,44.5425357611,0.00455084479822,0.00452291715192,2.79276463067e-05,0.000133695721161,1589.03000793,5088,10.1760004833,1069.51818885,533.358892426,0.229093203075,-0.000220680362872,0.00278342328966,1,5648,-2.28439353123e-06,2.28439353123e-06,1.4128267765,0,0,0.154776662588,0.0967354178429,0.155320927501,0.0970909371972,2.01652383112e-05,3.98973156734e-08,1.49134120875e-06,2.01653019758e-05,3.9911032701e-08,2.75029998775e-12,1.49011611938e-08,1.06907123154e-08,64
11.3120005373,3021.243494,103.19944704,-13.7587966919,-759.67388916,20.2435646057,2.38251543045,102.054603577,38.994140625,0.973665475845,0.000232830643654,0.000465661287308,2,533.358892426,36.3599014477,8.97209886365,69.8756265335,9.25509694972,129.547493998,148.617866216,5150.00429004,0.00558793544769,918.456993531,910.140166525,13,70.119247539,24.0945555561,44.3609715148,0.00450018487752,0.00454656401416,-4.63791366423e-05,-0.000355612428393,1590.76026712,5088,10.1760004833,1069.51818885,533.358892426,0.206398908631,0.000121872290038,0.00276369974017,1,5656,-2.10042071558e-06,2.10042071558e-06,1.41300201416,0,0,0.15435539186,0.0964721217752,0.155121639371,0.096976056695,1.86739835044e-05,5.56831096787e-08,3.72132461735e-07,1.86739198398e-05,5.56831096787e-08,3.60903841534e-12,3.72529029846e-09,1.06178905668e-08,64
11.3280005381,3022.79368043,92.0152524486,-12.2676935196,-758.942932129,20.2866020203,2.39494943619,102.054512024,38.9941520691,0.973665416241,0.000232830643654,0.000465661287308,2,533.358892426,53.2171141877,12.8192372019,69.1506524664,10.3253346515,129.547493998,144.670018926,5150.00522137,0.00558793544769,918.456993531,914.088101126,13,70.119247539,24.2073911068,44.2870114057,0.00465362991198,0.00466025085188,-6.62093990744e-06,0.000462023308501,1592.3105679,5088,10.1760004833,1069.51818885,533.358892426,0.184030511718,-9.43032318901e-05,0.00571334874257,1,5664,-2.03107174457e-06,2.03107174457e-06,1.41235566139,0,0,0.153847098351,0.0961544439197,0.154853075743,0.0968202203512,1.9979353965e-05,3.92414953865e-08,1.48514050125e-06,1.99794067157e-05,4.00913613419e-08,2.94884949792e-12,1.49011611938e-08,4.9767550081e-09,64
11.3440005388,3024.16621707,80.9955890873,-10.7985258102,-758.146728516,20.3249835968,2.40587377548,102.054969788,38.9965400696,0.973665714264,0.000232830643654,0.000465661287308,2,533.358892426,72.4178152134,16.0702029405,70.1180414539,12.5856029095,128.570303787,136.264483444,5150.00475571,0.00558793544769,919.434241951,922.4935784,13,70.119247539,24.5218452619,44.4420147687,0.00469385506852,0.00464024196845,5.36131000706e-05,1.63709046319e-05,1593.6832196,5088,10.1760004833,1069.51818885,533.358892426,0.161991181358,-0.000173884018295,0.00911727454513,1,5672,-1.8898667804e-06,1.8898667804e-06,1.41097450256,0,0,0.15325216949,0.0957826077938,0.154510915279,0.0966204330325,2.06729473575e-05,4.06086435589e-08,3.740213117e-07,2.0672865503e-05,4.03547772976e-08,6.49442999379e-12,3.72529029846e-09,1.15855982585e-08,64
11.3600005396,3025.36366507,70.0531672919,-9.33965587616,-757.275024414,20.3588600159,2.41528177261,102.058372498,39.0170097351,0.973668038845,0.000232830643654,0.000465661287308,2,533.358892426,85.8484514846,18.622856957,80.8359086353,15.0331448424,118.659350846,126.685001305,5150.00475571,0.00558793544769,929.345202167,932.073104195,13,70.119247539,25.3119633271,45.0293337053,0.00478787408331,0.00480395101476,-1.60769314528e-05,-0.000147338141687,1594.8807758,5088,10.1760004833,1069.51818885,533.358892426,0.140106337199,-0.000175120362655,0.0239534173161,1,5680,-2.19966477744e-06,2.19966477744e-06,1.41264748573,0,0,0.15257114172,0.0953569635749,0.154092028737,0.0963744819164,2.0077033696e-05,3.96256396584e-08,7.43838825201e-07,2.00769973162e-05,3.96555641657e-08,6.10768380316e-12,7.45058059692e-09,5.01151298238e-09,64
11.3760005403,3026.38695575,59.19736941,-7.89233493805,-756.329467773,20.3883934021,2.42313551903,102.061180115,39.0346679688,0.973669946194,0.000232830643654,0.000465661287308,2,533.358892426,94.9967049463,20.5034257699,90.0441377238,17.2121277408,107.101222966,117.506882816,5150.00522137,0.00558793544769,940.903322771,941.251288168,13,70.119247539,26.6703009402,46.0320989077,0.00490667682873,0.00487671059091,2.99662378245e-05,0.000245563569479,1595.90381833,5088,10.1760004833,1069.51818885,533.358892426,0.118394744675,0.000116052945032,0.0306861754507,1,5688,-1.94861991076e-06,1.94861991076e-06,1.40998184681,0,0,0.151804581285,0.0948778688908,0.153594329953,0.0960807427764,2.07622142625e-05,4.06977065381e-08,2.00685779106e-08,2.07622106245e-05,4.071527826e-08,1.03066166712e-11,3.34479111075e-11,1.67237867998e-08,64
11.3920005411,3027.23725326,48.4069387312,-6.45372867584,-755.307800293,20.4137077332,2.42942047119,102.063163757,39.0468139648,0.973671257496,0.000232830643654,0.000465661287308,2,533.358892426,101.182332381,21.8068207352,96.8367510233,18.9577880174,96.5129438555,109.379994683,5150.00429004,0.00558793544769,951.49158733,949.37812537,13,70.119247539,28.5520090983,47.2903593618,0.00485722305432,0.00486215867568,-4.93562135606e-06,-0.000671207089908,1596.75402993,5088,10.1760004833,1069.51818885,533.358892426,0.0968138849089,4.36628511125e-05,0.0314356721938,1,5696,-2.11568112718e-06,2.11568112718e-06,1.41247558594,0,0,0.150952875614,0.0943455547094,0.153016373515,0.0957380458713,1.99679434445e-05,3.94513826052e-08,7.45096883747e-07,1.99679707293e-05,3.96307235917e-08,3.04495491321e-12,7.45058059692e-09,1.08506297281e-08,64
11.4080005419,3027.91362628,37.5582603738,-5.00735712051,-754.193054199,20.4349250793,2.43409061432,102.064491272,39.0549545288,0.973672151566,0.000232830643654,0.000465661287308,2,533.358892426,105.228299297,22.6437381963,101.613610462,20.2524554596,87.5167243066,102.473757579,5150.00429004,0.006053596735,960.487814154,956.284406129,13,70.119247539,30.6761030515,48.5428281536,0.00481538629804,0.00482577888761,-1.03925895667e-05,-0.000634827301838,1597.43072343,5088,10.1760004833,1069.51818885,533.358892426,0.0751165245561,-0.000145057299505,0.0287198349833,1,5704,-2.10849771065e-06,2.10849771065e-06,1.41262376308,0,0,0.150016397238,0.0937602445483,0.15235722065,0.0953455641866,2.00590584427e-05,3.95321890778e-08,3.70449498632e-07,2.00591421162e-05,3.96254193902e-08,6.86577183995e-12,3.72529029846e-09,5.8498699218e-09,64
11.4240005426,3028.41723897,26.7151845037,-3.56173229218,-752.994384766,20.4521389008,2.43712162971,102.065299988,39.0604629517,0.973672747612,0.000232830643654,0.000465661287308,2,533.358892426,107.781292087,23.1143835231,104.861157341,21.1429393299,80.1618880359,96.737734566,5150.00429004,0.006053596735,967.842701357,962.020421866,13,70.119247539,32.4425964209,49.4878186146,0.00473944349044,0.00471300154459,2.64419458551e-05,-0.000522049958818,1597.93421457,5088,10.1760004833,1069.51818885,533.358892426,0.0534303730149,-0.000112155618126,0.0248599722981,1,5712,-1.83347913207e-06,1.83347913207e-06,1.41155600548,0,0,0.148995667696,0.0931222885847,0.151616320014,0.0949027463794,1.94483818632e-05,3.99125106298e-08,1.01814094933e-08,1.94484273379e-05,4.00603035189e-08,3.23145676884e-12,1.69695368868e-11,8.48445580459e-09,64
11.4400005434,3028.74739282,15.8452003234,-2.11251997948,-751.70703125,20.4654426575,2.43847680092,102.065803528,39.0642700195,0.973673045635,0.000232830643654,0.000465661287308,2,533.358892426,109.295076028,23.3013770236,106.978799449,21.6959797266,74.2822885513,92.0417805901,5150.00382438,0.006053596735,973.722373601,966.716324911,13,70.119247539,33.6121811415,50.1127360621,0.00464849402027,0.00458567228634,6.2821733926e-05,-0.000860381987877,1598.26412962,5088,10.1760004833,1069.51818885,533.358892426,0.0316904014142,0.000207396766427,0.0209639072418,1,5720,-1.82392125225e-06,1.82392125225e-06,1.40652823448,0,0,0.147891238332,0.0924320295453,0.150793477893,0.0944092273712,2.56010371231e-05,1.0952754792e-07,7.45065960928e-07,2.56010425801e-05,1.0952754792e-07,4.27817503645e-12,7.45058059692e-09,1.9629851522e-08,64
11.4560005441,3028.90338935,4.97893051943,-0.663802921772,-750.334838867,20.4749088287,2.43812727928,102.066337585,39.0669555664,0.973673403263,0.000232830643654,0.000465661287308,2,533.358892426,110.062819719,23.2694371457,108.253662409,21.9763536958,69.6572242305,88.2403619471,5150.00475571,0.006053596735,978.347379714,970.517809037,13,70.119247539,34.5084663422,50.6540527567,0.00472892745795,0.00480758899357,-7.86615356185e-05,-0.000150976120494,1598.42007808,5088,10.1760004833,1069.51818885,533.358892426,0.00995786120228,0.000286687118489,0.0174688249826,1,5728,-1.95389634428e-06,1.95389634428e-06,1.41269183159,0,0,0.146703705192,0.0916898176074,0.149888694286,0.0938648656011,1.99140085897e-05,3.93518924113e-08,5.93013105288e-09,1.99139903998e-05,3.98612556296e-08,6.044123535e-12,1.45519152284e-11,4.97516339237e-09,64
11.4720005449,3028.88453007,-5.93764116275,0.791620492935,-748.870178223,20.4806060791,2.43604302406,102.066795349,39.0688705444,0.973673760891,0.000232830643654,0.000465661287308,2,533.358892426,110.265424243,23.0676237029,108.879253317,22.0399184845,66.0799996695,85.1995428093,5150.00429004,0.006053596735,981.924706139,973.558635451,13,70.119247539,35.2619026671,51.1754660693,0.00469317294749,0.00466388883069,2.92841167981e-05,-0.000472937244922,1598.43356738,5088,10.1760004833,1069.51818885,533.358892426,-0.0118752829792,9.20152842809e-07,0.014482088387,1,5736,-1.87804084817e-06,1.87804084817e-06,1.41387486458,0,0,0.145433753729,0.0908960923553,0.14890216291,0.0932696312666,1.89153597603e-05,3.72982036367e-08,7.46107446048e-07,1.89152924577e-05,3.710514207e-08,3.6057025421e-12,7.45058059692e-09,6.29134699892e-09,64
11.4880005457,3028.69081497,-16.9265167642,2.25668358803,-747.310119629,20.4826049805,2.43219208717,102.066978455,39.0702133179,0.9736738801,0.000232830643654,0.000465661287308,2,533.358892426,110.011882921,22.7327970212,108.982262262,21.9322088364,63.3808303974,82.8070915304,5150.00429004,0.006053596735,984.624028206,975.951203145,13,70.119247539,35.9276600648,51.6848958796,0.00471696191828,0.00473664840683,-1.96864885504e-05,-0.000545696821064,1598.43356738,5088,10.1760004833,1069.51818885,533.358892426,-0.0338530341537,9.25908238969e-05,0.0119674960151,1,5744,-1.94698941414e-06,1.94698941414e-06,1.41780090332,0,0,0.144082084298,0.0900513008237,0.147834256291,0.0926236286759,1.93128380488e-05,3.90777934456e-08,7.45760360132e-07,1.93128526007e-05,3.86113612194e-08,3.4814581773e-12,7.45058059692e-09,8.71694538773e-09,64
11.5040005464,3028.32107991,-27.9426531051,3.72538137436,-745.660095215,20.4809398651,2.42654538155,102.067207336,39.0711517334,0.97367399931,0.000232830643654,0.000465661287308,2,533.358892426,109.366170732,22.2922182496,108.643679779,21.6890119915,61.4300661255,80.9738849057,5150.00429004,0.006053596735,986.574683338,977.784511633,13,70.119247539,36.5313353541,52.1791080246,0.00452322533595,0.00456202542409,-3.88000881424e-05,-0.000371073838323,1598.43356738,5088,10.1760004833,1069.51818885,533.358892426,-0.0558853088251,0.00023878499178,0.0098377475515,1,5752,-1.99383089239e-06,1.99383089239e-06,1.4126316309,0,0,0.142649516463,0.0891559571028,0.146685510874,0.0919270589948,2.00109934667e-05,5.19019884848e-08,1.48827473367e-06,2.00109570869e-05,5.19019884848e-08,6.72546740521e-12,1.49011611938e-08,5.93030335949e-09,64
11.5200005472,3027.77369507,-39.0926506952,5.21192550659,-743.905151367,20.4756298065,2.41907787323,102.067298889,39.0717582703,0.973674058914,0.000232830643654,0.000465661287308,2,533.358892426,108.363153819,21.7654977627,107.913358593,21.3375579682,60.1344763709,79.632300185,5150.00475571,0.006053596735,987.870269455,979.126081802,13,70.119247539,37.0860761905,52.6535659446,0.00445458690768,0.00442378222942,3.08046782527e-05,0.000232830643654,1598.43356738,5088,10.1760004833,1069.51818885,533.358892426,-0.0781853017884,-4.57944793197e-05,0.00799717754126,1,5760,-1.82817950645e-06,1.82817950645e-06,1.40693819523,0,0,0.141136854887,0.0882105380297,0.145456522703,0.0911802127957,1.97350545932e-05,3.86381628914e-08,3.72633991219e-07,1.97350273083e-05,3.88796372874e-08,8.39321667723e-12,3.72529029846e-09,8.91656970481e-09,64
11.5360005479,3027.04819478,-50.239963457,6.69811201096,-742.063232422,20.4666805267,2.40977501869,102.067207336,39.0720367432,0.97367399931,0.000232830643654,0.000465661287308,2,533.358892426,106.897200953,21.1337942921,106.770327745,20.8941701281,59.4595767325,78.7460812717,5150.00429004,0.006053596735,988.54501266,980.012118816,13,70.119247539,37.5995514332,53.1043042429,0.00466766801599,0.0047184585128,-5.07904968083e-05,-0.000527506927028,1598.43356738,5088,10.1760004833,1069.51818885,533.358892426,-0.100479930154,-0.00010290790442,0.00630996655673,1,5768,-1.92046377379e-06,1.92046377379e-06,1.41185534,0,0,0.139544948936,0.0872155949473,0.144148021936,0.0903834477067,2.07513003261e-05,4.08376585881e-08,1.48883202655e-06,2.07512348425e-05,4.13586569437e-08,3.52812570825e-12,1.49011611938e-08,1.07345288214e-08,64
11.5520005487,3026.14294924,-61.4971941104,8.19895267487,-740.118530273,20.4540786743,2.39861083031,102.067207336,39.0718994141,0.97367399931,0.000232830643654,0.000465661287308,2,533.358892426,101.605230868,19.8651610917,105.220915879,20.2832251975,59.4494158577,78.5994780017,5150.00475571,0.006053596735,988.555140793,980.158685707,14,70.0980963302,38.0768215109,53.5271865374,0.00456935288218,0.00460022420157,-3.08713193897e-05,5.63886715099e-05,1598.43356738,5088,10.1760004833,1069.51818885,533.358892426,-0.122994393337,5.98134874963e-05,0.00463788723573,1,5776,-1.82367750767e-06,1.82367750767e-06,1.40664982796,0,0,0.13787470758,0.0861716940999,0.142760753632,0.0895371809602,2.47391071753e-05,3.25672800727e-07,2.12396429333e-08,2.47390817094e-05,3.25672800727e-07,6.20906104309e-12,3.53992390956e-11,1.76997190238e-08,64
11.5680005495,3025.05725995,-72.8018349037,9.70611476898,-738.079040527,20.4378356934,2.38557624817,102.067207336,39.0718231201,0.97367399931,0.000232830643654,0.000465661287308,2,533.358892426,90.1509702246,17.3507536231,103.955084422,19.6835476715,59.4494158577,78.5994780017,5150.00475571,0.006053596735,988.555140793,980.158685707,14,70.0980963302,38.5216699215,53.9179309271,0.00468260628883,0.00469481165055,-1.22053617213e-05,-3.81987774745e-05,1598.43356738,5088,10.1760004833,1069.51818885,533.358892426,-0.145603678448,-0.000148304479808,0.00395972141996,1,5784,-2.05047308555e-06,2.05047308555e-06,1.41285085678,0,0,0.136127114296,0.0850794538856,0.141295596957,0.0886418670416,2.00301419682e-05,3.9709387778e-08,7.44597059565e-07,2.00301055884e-05,3.97649664308e-08,6.63938348744e-12,7.45058059692e-09,5.29387556014e-09,64
11.5840005502,3023.78996275,-84.1874352773,11.224070549,-735.939697266,20.4179382324,2.37065076828,102.067115784,39.071762085,0.973673939705,0.000232830643654,0.000465661287308,2,533.358892426,73.9932521651,13.8038605754,102.792005541,19.1339865644,59.4494158577,78.5994780017,5150.00475571,0.006053596735,988.555140793,980.158685707,14,70.0980963302,38.9371198253,54.2767556908,0.0047467505343,0.00482577888761,-7.90283533059e-05,-0.00016916601453,1598.43356738,5088,10.1760004833,1069.51818885,533.358892426,-0.168374882037,-0.000194503968487,0.00367754860781,1,5792,-2.04301136364e-06,2.04301136364e-06,1.41145217419,0,0,0.134303152561,0.0839394703507,0.139753475785,0.0876980274916,2.10512480407e-05,4.15276879551e-08,1.48893377627e-06,2.10512880585e-05,4.24117168052e-08,1.09014325345e-11,1.49011611938e-08,4.71743533126e-09,64
11.600000551,3022.34012634,-95.6094736466,12.7468833923,-733.705932617,20.3943576813,2.35383272171,102.067298889,39.0717430115,0.973674058914,0.000232830643654,0.000465661287308,2,533.358892426,55.2260046923,9.68412905805,101.677160601,18.6303447544,59.4494158577,78.5994780017,5150.00475571,0.006053596735,988.555140793,980.158685707,14,70.0980963302,39.3257505493,54.6057563042,0.00452022951014,0.00450745574199,1.27737681543e-05,0.000149157131091,1598.43356738,5088,10.1760004833,1069.51818885,533.358892426,-0.191218958889,-0.000167830194187,0.00355111341923,1,5800,-2.15455884245e-06,2.15455884245e-06,1.41771399975,0,0,0.132403865457,0.0827524289489,0.138135373592,0.0867062211037,1.82496332854e-05,3.59392622329e-08,1.48622325469e-06,1.8249704226e-05,3.6433899453e-08,7.02959912502e-12,1.49011611938e-08,7.57424878373e-09,64
11.6160005517,3020.7070522,-107.085797936,14.2769346237,-731.37512207,20.3670730591,2.33511137962,102.067390442,39.0717124939,0.973674118519,0.000232830643654,0.000465661287308,2,533.358892426,36.2810937085,5.52539790958,100.589146476,18.1687968541,59.4494158577,78.5994780017,5150.00475571,0.006053596735,988.555140793,980.158685707,14,70.0980963302,39.6898176405,54.9073083675,0.00441740331814,0.00435647962149,6.09236966431e-05,0.000300133251585,1598.43356738,5088,10.1760004833,1069.51818885,533.358892426,-0.214171606672,0.000200245153792,0.00348717765883,1,5808,-2.01340003514e-06,2.01340003514e-06,1.41489934921,0,0,0.130430355668,0.0815189778805,0.136442288756,0.0856670513749,1.96314686036e-05,3.8082717424e-08,7.46228465687e-07,1.963140312e-05,3.7872883496e-08,6.90091039868e-12,7.45058059692e-09,6.13834183483e-09,64
11.6320005525,3018.8895762,-118.666859635,15.8209495544,-728.939941406,20.3360443115,2.31448221207,102.067558289,39.071685791,0.973674237728,0.000232830643654,0.000465661287308,2,533.358892426,19.6135480284,2.10603226843,99.5192393069,17.7458159628,59.4494158577,79.9300250947,5150.00475571,0.006053596735,988.555140793,980.158685707,14,70.0980963302,38.8657681469,55.1836637896,0.00456634728641,0.00459658622276,-3.02389363549e-05,6.0026650317e-05,1598.43356738,5088,10.1760004833,1069.51818885,533.358892426,-0.237333736663,7.93107801655e-05,0.0115718245506,1,5816,-2.00985505217e-06,2.00985505217e-06,1.41142141819,0,0,0.128383770585,0.080239854753,0.134675338864,0.0845811367035,1.79106318683e-05,3.4955245809e-08,3.72929207515e-07,1.79106973519e-05,3.35805516727e-08,6.15522910419e-12,3.72529029846e-09,1.11822373583e-08,64
11.6480005533,3016.88653417,-130.271611852,17.3681221008,-726.410644531,20.3012466431,2.29193878174,102.067558289,39.0716590881,0.973674237728,0.000232830643654,0.000465661287308,2,533.358892426,7.77508866956,-0.149550064658,98.4638865551,17.357638954,60.9792696196,85.4497120599,5150.00475571,0.006053596735,988.555140793,980.158685707,14,70.0980963302,34.9735855707,54.2567067896,0.00443669455341,0.00445652403869,-1.9829485276e-05,0.00020008883439,1598.43356738,5088,10.1760004833,1069.51818885,533.358892426,-0.260543231434,5.74118530494e-06,0.0229743998498,1,5824,-1.82908502211e-06,1.82908502211e-06,1.40669357777,0,0,0.126265272498,0.0789158046246,0.132835656404,0.0834491476417,2.23555489356e-05,4.06227371741e-08,1.49154061546e-06,2.23554961849e-05,4.13284162448e-08,1.98823769948e-12,1.49011611938e-08,3.52742191012e-09,64
11.664000554,3014.69746046,-141.898839502,18.9182929993,-723.787109375,20.2626247406,2.26748085022,102.067474365,39.0716247559,0.973674178123,0.000232830643654,0.000465661287308,2,533.358892426,2.39759696048,-1.4183105195,97.4214621107,16.9851388914,69.9491938576,92.2670733416,5150.00429004,0.006053596735,988.555140793,980.158685707,14,70.0980963302,30.8746857627,49.8821027577,0.00449206004338,0.00451109372079,-1.9033677412e-05,-0.000320142135024,1598.43356738,5088,10.1760004833,1069.51818885,533.358892426,-0.28379770356,-2.2851054382e-05,0.0264521036297,1,5832,-2.11021324503e-06,2.11021324503e-06,1.41280722618,0,0,0.124076083302,0.0775475502014,0.130924373865,0.0822717696428,2.00536560442e-05,3.97384951611e-08,7.4591844168e-07,2.00537033379e-05,4.05550935056e-08,2.78518527685e-12,7.45058059692e-09,2.83802137346e-09,64
11.6800005548,3012.32142374,-153.632106958,20.4825992584,-721.057739258,20.2201194763,2.24112057686,102.067649841,39.071598053,0.973674297333,0.000232830643654,0.000465661287308,2,533.358892426,2.65024808807,-1.31991609696,96.3912041925,16.598849855,79.440898844,97.6988230832,5150.00522137,0.006053596735,988.555140793,980.158685707,14,70.0980963302,28.5402820737,47.8241599922,0.00438155643712,0.00441650627181,-3.4949834693e-05,0.000705767888576,1598.43356738,5088,10.1760004833,1069.51818885,533.358892426,-0.307264230059,-7.22195636627e-05,0.0219516847283,1,5840,-2.04588263841e-06,2.04588263841e-06,1.41550409794,0,0,0.121817395091,0.0761358737946,0.128942728043,0.0810497254133,1.86976758414e-05,3.68257957462e-08,7.46057253309e-07,1.86977522389e-05,3.61371732538e-08,4.94282392793e-12,7.45058059692e-09,3.58860141603e-09,64
11.6960005555,3009.75725986,-165.404213476,22.0520858765,-718.230957031,20.1736755371,2.21285057068,102.067558289,39.071559906,0.973674237728,0.000232830643654,0.000465661287308,2,533.358892426,3.41911957297,-1.12573820689,95.3726879608,16.1947816491,86.8912611622,101.444515167,5150.00382438,0.006053596735,988.555140793,980.158685707,14,70.0980963302,27.6716727967,47.3331601825,0.00402077125761,0.00401814759243,2.62366517401e-06,-0.000292857293971,1598.43356738,5088,10.1760004833,1069.51818885,533.358892426,-0.330808433091,-0.000276742184724,0.017932638526,1,5848,-1.83850613666e-06,1.83850613666e-06,1.4079605341,0,0,0.119490563869,0.0746816024184,0.126891940832,0.0797837525606,2.4863949875e-05,8.56927613313e-08,3.7354098481e-07,2.4863946237e-05,8.56927613313e-08,4.25282031813e-12,3.72529029846e-09,7.63088792155e-09,64
11.7120005563,3007.00496882,-177.195499418,23.6241283417,-715.309387207,20.1232089996,2.18269300461,102.067649841,39.0715370178,0.973674297333,0.000232830643654,0.000465661287308,2,533.358892426,4.04944666414,-0.975796507563,94.3655105507,15.781207658,92.9991292651,104.336890217,5150.00382438,0.006053596735,988.555140793,980.158685707,14,70.0980963302,27.3694040516,47.1179519081,0.00397160170029,0.00392356014345,4.80415568438e-05,-0.000198269844986,1598.43356738,5088,10.1760004833,1069.51818885,533.358892426,-0.35439100543,2.27657892538e-05,0.0148901976645,1,5856,-1.96220184989e-06,1.96220184989e-06,1.41420960426,0,0,0.117096871138,0.0731855481863,0.124773338437,0.0784746259451,1.93934429262e-05,3.80558518032e-08,3.71384174969e-07,1.93934411072e-05,3.74704072215e-08,6.20421769515e-12,3.72529029846e-09,1.34293145493e-08,64
11.7280005571,3004.06292081,-189.070429769,25.207321167,-712.283630371,20.0686378479,2.15065574646,102.067558289,39.0715026855,0.973674237728,0.000232830643654,0.000465661287308,2,533.358892426,4.57267733206,-0.850602056217,93.3695327904,15.3661448971,98.0692348094,106.751889689,5150.00335872,0.006053596735,988.555140793,980.158685707,14,70.0980963302,27.3167624982,46.9898695883,0.00390907393955,0.00390718923882,1.88470072882e-06,-0.000647560227662,1598.43356738,5088,10.1760004833,1069.51818885,533.358892426,-0.378140867952,2.3902657631e-05,0.0124344304204,1,5864,-2.04216576094e-06,2.04216576094e-06,1.41243982315,0,0,0.114637665451,0.0716485455632,0.122588202357,0.0771231502295,2.00370323e-05,3.96222894494e-08,7.44823353216e-07,2.00369977392e-05,3.99617512414e-08,5.72979164115e-12,7.45058059692e-09,9.23392917684e-09,64
11.7440005578,3000.93065016,-200.969720026,26.7937641144,-709.161315918,20.0098667145,2.11675548553,102.067298889,39.0714607239,0.973674058914,0.000232830643654,0.000465661287308,2,533.358892426,5.00970722832,-0.74046577542,92.3846081836,14.9558057296,102.304053144,108.876418381,5150.00335872,0.006053596735,988.555140793,980.158685707,14,70.0980963302,27.388890885,46.9132501166,0.00373013085697,0.00377804099116,-4.79101341933e-05,-0.000518411980011,1598.43356738,5088,10.1760004833,1069.51818885,533.358892426,-0.401939445283,7.37543359719e-05,0.0104300482199,1,5872,-2.26420024774e-06,2.26420024774e-06,1.41392409801,0,0,0.112114429474,0.0700715184212,0.12033791095,0.0757301226258,1.94880230993e-05,3.85546563564e-08,7.44848478007e-07,1.94880267372e-05,3.83524358938e-08,6.03200822624e-12,7.45058059692e-09,1.11525890745e-08,64
11.7600005586,2997.60722555,-212.971033761,28.3938064575,-705.93170166,19.9467868805,2.08101177216,102.067390442,39.071434021,0.973674118519,0.000232830643654,0.000465661287308,2,533.358892426,5.37675487796,-0.640046269029,91.4105096609,14.5547297127,105.860744952,110.813511128,5150.00335872,0.006053596735,988.555140793,980.158685707,14,70.0980963302,27.528636565,46.8740108772,0.00353336736258,0.00349245965481,4.09077077768e-05,-0.000232830643654,1598.43356738,5088,10.1760004833,1069.51818885,533.358892426,-0.425942090487,9.48432443693e-05,0.00878998637199,1,5880,-2.2951048777e-06,2.2951048777e-06,1.41267001629,0,0,0.109528526664,0.0684553310275,0.118023842573,0.0742963850498,2.00563517865e-05,3.96694446181e-08,1.48694357449e-06,2.00564227271e-05,4.12269187677e-08,2.56888260664e-12,1.49011611938e-08,1.04367927634e-08,64
11.7760005593,2994.09148283,-224.968709517,29.9933662415,-702.608215332,19.8792800903,2.04344344139,102.067298889,39.071395874,0.973674058914,0.000232830643654,0.000465661287308,2,533.358892426,5.68676598487,-0.546207884578,90.4471859485,14.1661635729,108.86475502,112.623652967,5150.00335872,0.006053596735,988.555140793,980.158685707,14,70.0980963302,27.7064355032,46.8627986265,0.00354976668893,0.0035888660932,-3.90994042698e-05,-0.000329237082042,1598.43356738,5088,10.1760004833,1069.51818885,533.358892426,-0.449937431313,-0.000124202870211,0.00797432102263,1,5888,-2.21425989366e-06,2.21425989366e-06,1.41287195683,0,0,0.106881469488,0.0668009147048,0.115647435188,0.0728228092194,1.96866385522e-05,3.87338552343e-08,7.45934755741e-07,1.96866240003e-05,3.8871874608e-08,3.5856404651e-12,7.45058059692e-09,4.43833414465e-09,64
11.7920005601,2990.383422,-237.042710069,31.6031017303,-699.180358887,19.8072032928,2.00408887863,102.067298889,39.0713653564,0.973674058914,0.000232830643654,0.000465661287308,2,533.358892426,5.95013401094,-0.457036869756,89.4944246267,13.7923422959,111.416789878,114.343762107,5150.00335872,0.006053596735,988.555140793,980.158685707,14,70.0980963302,27.9056894215,46.872501116,0.00329797876508,0.00329055183101,7.42693406774e-06,-3.09228198603e-05,1598.43356738,5088,10.1760004833,1069.51818885,533.358892426,-0.474085453561,0.000275093725577,0.00756719335914,1,5896,-2.31221474678e-06,2.31221474678e-06,1.41265463829,0,0,0.10417471081,0.0651092007756,0.113210141659,0.071310274303,2.00331214728e-05,3.96460002605e-08,1.49399704696e-06,2.00331469387e-05,3.94317112296e-08,1.01545299946e-11,1.49011611938e-08,5.10930586728e-09,64
11.8080005608,2986.48141325,-249.201286351,33.2241096497,-695.646057129,19.7304153442,1.96297025681,102.067115784,39.0713310242,0.973673939705,0.000232830643654,0.000465661287308,2,533.358892426,6.17522115388,-0.371340852584,88.552159772,13.4347152804,113.597881864,115.996837849,5150.0024274,0.006053596735,988.555140793,980.158685707,14,70.0980963302,28.1166485365,46.897559514,0.00325773362453,0.00313775672112,0.000119976903412,-0.000809450284578,1598.43356738,5088,10.1760004833,1069.51818885,533.358892426,-0.498402584981,-8.78230821399e-05,0.00724549172446,1,5904,-2.09633640225e-06,2.09633640225e-06,1.41219580173,0,0,0.101409874856,0.0633811801672,0.1107134372,0.0697596669197,2.08971978282e-05,4.10276044249e-08,1.49121126469e-06,2.08971687243e-05,4.03338162869e-08,1.08315301173e-11,1.49011611938e-08,7.14574444061e-09,64
11.8240005616,2982.38475807,-261.383276666,34.8482437134,-692.013183594,19.6487407684,1.92012989521,102.067207336,39.0713043213,0.97367399931,0.000232830643654,0.000465661287308,2,533.358892426,6.36875938115,-0.288365519657,87.6203108115,13.0941193873,115.473267215,117.597432109,5150.00335872,0.006053596735,988.555140793,980.158685707,14,70.0980963302,28.3334102278,46.9336482638,0.00328607006883,0.00328873284161,-2.66277278005e-06,-2.91038304567e-05,1598.43356738,5088,10.1760004833,1069.51818885,533.358892426,-0.522766583799,6.17887963017e-05,0.00697955489159,1,5912,-1.90856758309e-06,1.90856758309e-06,1.40919041634,0,0,0.0985884219408,0.0616177693009,0.10815884918,0.0681719183922,2.01548245968e-05,3.98742017182e-08,1.49407287608e-06,2.01548427867e-05,3.95424599731e-08,3.61180529929e-12,1.49011611938e-08,1.02301100924e-08,64
11.8400005624,2978.09205949,-273.672485491,36.4866714478,-688.269897461,19.5619888306,1.87560498714,102.067207336,39.0712814331,0.97367399931,0.000232830643654,0.000465661287308,2,533.358892426,6.53618966066,-0.207622740386,86.6986872998,12.7709638908,117.09566752,119.154959975,5150.00335872,0.006053596735,988.555140793,980.158685707,14,70.0980963302,28.5523583443,46.9774131489,0.00332627257682,0.00335421646014,-2.79438833184e-05,-9.45874489844e-05,1598.43356738,5088,10.1760004833,1069.51818885,533.358892426,-0.547344995994,-3.98472366214e-05,0.00675081508234,1,5920,-2.18445347855e-06,2.18445347855e-06,1.41275835037,0,0,0.0957119911909,0.0598199926317,0.105547890067,0.066547960043,1.98687648663e-05,3.94601435971e-08,3.73367413431e-07,1.98687539523e-05,3.98943562629e-08,4.05094013889e-12,3.72529029846e-09,6.31553120911e-09,64
11.8560005631,2973.6016877,-286.086025881,38.1416740417,-684.413146973,19.4698829651,1.82944989204,102.067207336,39.0712471008,0.97367399931,0.000232830643654,0.000465661287308,2,533.358892426,6.68190688446,-0.128796832195,85.787208664,12.4652497064,118.507668958,120.675511425,5150.00289306,0.006053596735,988.555140793,980.158685707,14,70.0980963302,28.771282814,47.0262493764,0.00329796455423,0.00321779225487,8.01722993549e-05,-0.000423824531026,1598.43356738,5088,10.1760004833,1069.51818885,533.358892426,-0.572172098146,0.000107206687971,0.00654765963554,1,5928,-2.12999930227e-06,2.12999930227e-06,1.4161298275,0,0,0.0927822217345,0.0579888932407,0.102882161736,0.0648887529969,1.92248699022e-05,3.80794809018e-08,3.71357060658e-07,1.92248935491e-05,3.90034955444e-08,1.39638300922e-12,3.72529029846e-09,5.03295360943e-09,64
11.8720005639,2968.91131438,-298.658909742,39.8179206848,-680.437011719,19.372133255,1.78172397614,102.067207336,39.0712089539,0.97367399931,0.000232830643654,0.000465661287308,2,533.358892426,6.80947961332,-0.0516731864374,84.8857796812,12.1767836422,119.743846881,122.163226479,5150.00335872,0.006053596735,988.555140793,980.158685707,14,70.0980963302,28.9888084808,47.078156058,0.00330094883372,0.00332511262968,-2.41637959641e-05,-6.54836185277e-05,1598.43356738,5088,10.1760004833,1069.51818885,533.358892426,-0.597317864504,-0.000125567112264,0.00636261189356,1,5936,-2.10701614378e-06,2.10701614378e-06,1.41248190403,0,0,0.0898007676005,0.0561254806817,0.10016323626,0.0631952658296,1.99443129532e-05,3.93167169932e-08,3.74669440362e-07,1.99444239115e-05,3.75615414328e-08,3.37267713757e-12,3.72529029846e-09,6.37373887002e-09,64
11.8880005646,2964.0190769,-311.323092319,41.5063400269,-676.34979248,19.2684135437,1.73248851299,102.067115784,39.071182251,0.973673939705,0.000232830643654,0.000465661287308,2,533.358892426,6.92180435579,0.0238934289685,83.9942685049,11.9051683265,120.832271932,123.620906379,5150.0024274,0.006053596735,988.555140793,980.158685707,14,70.0980963302,29.2041149805,47.1316052426,0.00316388513999,0.00324507709593,-8.11919559363e-05,-0.000916770659387,1598.43356738,5088,10.1760004833,1069.51818885,533.358892426,-0.622646211923,5.70707925363e-05,0.00619095284492,1,5944,-1.87269461094e-06,1.87269461094e-06,1.41046369076,0,0,0.0867693200707,0.0542308315635,0.0973927527666,0.0614684857428,1.95459033421e-05,3.83304552543e-08,7.42517272556e-07,1.95458305825e-05,3.78593156825e-08,2.8995243706e-12,7.45058059692e-09,8.27066060083e-09,64
11.9040005654,2958.92241411,-324.162858305,43.2181663513,-672.138916016,19.1583766937,1.68181765079,102.067070007,39.0711555481,0.973673939705,0.000232830643654,0.000465661287308,2,533.358892426,7.02124382414,0.0980025947374,83.1126165364,11.6498589759,121.795841551,125.050471979,5150.00382438,0.006053596735,988.555140793,980.158685707,14,70.0980963302,29.4166966341,47.185447329,0.00318330427296,0.00316140358336,2.19006895952e-05,0.000563886715099,1598.43356738,5088,10.1760004833,1069.51818885,533.358892426,-0.648325737984,-0.000107604591904,0.00602960726246,1,5952,-1.91099684343e-06,1.91099684343e-06,1.41484904289,0,0,0.0836895853281,0.052305996418,0.0945723503828,0.059709418565,2.01405655389e-05,3.9700292831e-08,7.45230067878e-07,2.01405182452e-05,3.90458154698e-08,5.59864654637e-12,7.45058059692e-09,1.15519984689e-08,64
11.9200005662,2953.61899771,-337.161065545,44.9511184692,-667.805541992,19.0416202545,1.62979114056,102.067207336,39.0711364746,0.97367399931,0.000232830643654,0.000465661287308,2,533.358892426,7.10973497549,0.170729738991,82.2406699545,11.4102274871,122.653320432,126.453378471,5150.00335872,0.006053596735,988.555140793,980.158685707,14,70.0980963302,29.6262696793,47.2388383059,0.0032905820152,0.00334330252372,-5.27205085143e-05,-8.36735125631e-05,1598.43356738,5088,10.1760004833,1069.51818885,533.358892426,-0.674322166105,4.46220838057e-05,0.00587657047436,1,5960,-2.00449926524e-06,2.00449926524e-06,1.41145241261,0,0,0.0805633217096,0.0503520742059,0.0917036905885,0.0579190775752,1.81945433724e-05,3.46044757293e-08,7.43500322642e-07,1.81945906661e-05,3.4078002642e-08,1.48037138104e-12,7.45058059692e-09,1.22668097902e-08,64
11.9360005669,2948.10603373,-350.36355257,46.7113075256,-663.342163086,18.9177017212,1.57649838924,102.067207336,39.0711097717,0.97367399931,0.000232830643654,0.000465661287308,2,533.358892426,7.18886317557,0.242132943475,81.3783555109,11.1855926518,123.420075397,127.830746351,5150.0024274,0.006053596735,988.555140793,980.158685707,14,70.0980963302,29.8326722259,47.2911269753,0.00325779046795,0.00333056959789,-7.27791299449e-05,-0.00100226316135,1598.43356738,5088,10.1760004833,1069.51818885,533.358892426,-0.700727127878,0.00013972112356,0.00573044130579,1,5968,-2.01594366445e-06,2.01594366445e-06,1.41049301624,0,0,0.0773923173547,0.0483701974154,0.0887884870172,0.0560985058546,2.05379728868e-05,4.0245232924e-08,7.45339889363e-07,2.05379510589e-05,4.0333652862e-08,1.04051489647e-11,7.45058059692e-09,9.22088450039e-09,64
11.9520005677,2942.37956405,-363.780709449,48.5001144409,-658.745483398,18.7861347198,1.52203917503,102.067207336,39.0710754395,0.97367399931,0.000232830643654,0.000465661287308,2,533.358892426,7.25993819378,0.312258252982,80.5255633335,10.9752366377,124.108788441,129.183463287,5150.00289306,0.006053596735,988.555140793,980.158685707,14,70.0980963302,30.0358206005,47.3418658657,0.00321457525876,0.00327054294758,-5.59676888168e-05,-0.000476575223729,1598.43356738,5088,10.1760004833,1069.51818885,533.358892426,-0.727561427993,-3.43334249919e-05,0.00559028051794,1,5976,-2.21985487769e-06,2.21985487769e-06,1.41267108917,0,0,0.0741782709956,0.0463614203036,0.0858284160495,0.0542487427592,1.99723581318e-05,3.94754877675e-08,1.49468417021e-06,1.99724090635e-05,3.96587616081e-08,3.16599524375e-12,1.49011611938e-08,4.56930138171e-09,64
11.9680005684,2936.43632904,-377.452699468,50.32289505,-654.008483887,18.6463813782,1.46651041508,102.067207336,39.0710525513,0.97367399931,0.000232830643654,0.000465661287308,2,533.358892426,7.32404318789,0.381144866743,79.6821322762,10.7784297094,124.729966046,130.512285978,5150.00335872,0.006053596735,988.555140793,980.158685707,14,70.0980963302,30.235703889,47.390738473,0.00325184322525,0.00325417204294,-2.32881769424e-06,5.45696821064e-06,1598.43356738,5088,10.1760004833,1069.51818885,533.358892426,-0.754905443046,-0.000164334323927,0.00545544363558,1,5984,-1.95083612198e-06,1.95083612198e-06,1.40952122211,0,0,0.0709230527282,0.0443269088864,0.0828252360225,0.0523708499968,2.04718162422e-05,4.04455278158e-08,7.45161230498e-07,2.04718289751e-05,4.07707858585e-08,3.48515487303e-12,7.45058059692e-09,1.64072275766e-08,64
11.9840005692,2930.27213775,-391.391280573,52.1812210083,-649.127685547,18.4978466034,1.4100331068,102.067298889,39.0710334778,0.973674058914,0.000232830643654,0.000465661287308,2,533.358892426,7.38207819516,0.44882297103,78.8480623389,10.5944421319,125.29232481,131.8177965,5150.00335872,0.006053596735,988.555140793,980.158685707,14,70.0980963302,30.4323275486,47.4375447084,0.00331145065535,0.00332511262968,-1.36619743296e-05,-6.54836185277e-05,1598.43356738,5088,10.1760004833,1069.51818885,533.358892426,-0.782782592523,0.000238799202634,0.00532547850162,1,5992,-2.03550666811e-06,2.03550666811e-06,1.41962766647,0,0,0.0676285251975,0.0422678291798,0.079780690372,0.0504659004509,1.85412500286e-05,3.72840105456e-08,7.45144006942e-07,1.85412682185e-05,3.64816692411e-08,2.52732557104e-12,7.45058059692e-09,1.60458402121e-08,64
12.00000057,2923.88210073,-405.633705668,54.0800552368,-644.09564209,18.339849472,1.35274016857,102.067207336,39.0710029602,0.97367399931,0.000232830643654,0.000465661287308,2,533.358892426,7.43479538305,0.515324268579,78.02321435,10.4225331827,125.803155242,133.100606035,5150.00289306,0.006053596735,988.555140793,980.158685707,14,70.0980963302,30.625717045,47.4821536045,0.00322350678095,0.00329055183101,-6.70450500673e-05,-0.000496584107168,1598.43356738,5088,10.1760004833,1069.51818885,533.358892426,-0.811267454992,8.54925019667e-05,0.00519996834919,1,6000,-2.02712840291e-06,2.02712840291e-06,1.41292023659,0,0,0.0642964839935,0.0401852987707,0.0766965448856,0.0485349744558,1.90518330783e-05,3.73374078322e-08,1.48719789195e-06,1.90518330783e-05,3.7525964558e-08,6.72563393866e-12,1.49011611938e-08,3.04255109995e-09,64
12.0160005707,2917.26063006,-420.263619162,56.0305519104,-638.898376465,18.1716365814,1.29477596283,102.067207336,39.0709724426,0.97367399931,0.000232830643654,0.000465661287308,2,533.358892426,7.48456478866,0.585643456917,77.2074491381,10.2620637713,126.285420265,134.457062813,5150.00335872,0.006053596735,988.555140793,980.158685707,14,70.0980963302,30.6636939058,47.4808766739,0.00311325897007,0.0031286617741,-1.54028040322e-05,0.000130967237055,1598.43356738,5088,10.1760004833,1069.51818885,533.358892426,-0.84052726379,8.64019966684e-06,0.00600613187999,1,6008,-2.00062527256e-06,2.00062527256e-06,1.41411101818,0,0,0.0609288848937,0.0380805544555,0.0735745504498,0.0465791672468,1.99043315661e-05,3.95038277645e-08,3.73891538175e-07,1.990434248e-05,3.9068705604e-08,6.74814371049e-12,3.72529029846e-09,6.05547256782e-09,64
12.0320005715,2910.40167212,-435.323046986,58.0383110046,-633.52746582,17.992357254,1.23629724979,102.066978455,39.0709342957,0.9736738801,0.000232830643654,0.000465661287308,2,533.358892426,7.53588385152,0.673234055969,76.4007154293,10.1128123218,126.782702864,136.146685691,5150.00335872,0.006053596735,988.555140793,980.158685707,14,70.0980963302,30.1816489809,47.3384352517,0.00304914669902,0.00308136804961,-3.22213505877e-05,0.000178260961547,1598.43356738,5088,10.1760004833,1069.51818885,533.358892426,-0.870646147177,-0.000140460088005,0.0076918057166,1,6016,-1.9391513888e-06,1.9391513888e-06,1.417339921,0,0,0.0575275570154,0.0359547249973,0.070416547358,0.0445995777845,1.89273196156e-05,3.76456910089e-08,7.46042985611e-07,1.89273323485e-05,3.74007527171e-08,6.07014438714e-12,7.45058059692e-09,2.39196307206e-09,64
12.0480005722,2903.29777636,-450.836843811,60.1066474915,-627.975830078,17.8010540009,1.17747998238,102.067115784,39.0709114075,0.973673939705,0.000232830643654,0.000465661287308,2,533.358892426,7.58971532767,0.780052937199,75.602918001,9.97468086483,127.304330817,138.207222335,5150.00335872,0.006053596735,988.555140793,980.158685707,14,70.0980963302,29.1680808004,47.0500308438,0.00295831802111,0.00295040081255,7.91720855542e-06,0.000309228198603,1598.43356738,5088,10.1760004833,1069.51818885,533.358892426,-0.901673729459,-7.93534127297e-05,0.0093547096476,1,6024,-1.98744123736e-06,1.98744123736e-06,1.41036581993,0,0,0.0540944263339,0.03380901739,0.067224316299,0.0425973311067,2.08584042412e-05,4.08883771286e-08,1.48950641687e-06,2.08583333006e-05,4.0374278143e-08,3.52674833781e-12,1.49011611938e-08,1.09277875637e-08,64
12.064000573,2895.94079368,-466.910889372,62.2496757507,-622.225463867,17.5966262817,1.11853039265,102.066978455,39.0708770752,0.9736738801,0.000232830643654,0.000465661287308,2,533.358892426,7.6454736893,0.899187072759,74.813983605,9.84744141528,127.844628878,140.505318996,5150.00289306,0.006053596735,988.555140793,980.158685707,14,70.0980963302,27.8337411146,46.6458695882,0.00284656385963,0.00281852408079,2.80397788321e-05,-2.45563569479e-05,1598.43356738,5088,10.1760004833,1069.51818885,533.358892426,-0.933821809213,-6.19024831394e-05,0.0104902703315,1,6032,-2.09916311178e-06,2.09916311178e-06,1.41242873669,0,0,0.0506314858794,0.031644679606,0.063999697566,0.0405735485256,2.00672038773e-05,3.96019750326e-08,7.46364207771e-07,2.00672748178e-05,4.00507609299e-08,3.50953988093e-12,7.45058059692e-09,5.20213916388e-09,64
12.0800005738,2888.32071237,-483.627314679,64.4783477783,-616.260437012,17.3778419495,1.05967080593,102.066978455,39.070854187,0.9736738801,0.000232830643654,0.000465661287308,2,533.358892426,7.70190181416,1.02100976064,74.0337950442,9.73072590097,128.391417093,142.855278682,5150.00196174,0.006053596735,988.555140793,980.158685707,14,70.0980963302,26.4369773504,46.1681520392,0.00263648479437,0.00262207322521,1.44115691603e-05,-0.00075942807598,1598.43356738,5088,10.1760004833,1069.51818885,533.358892426,-0.967254663919,-0.00015666046238,0.0109301665798,1,6040,-1.86497118193e-06,1.86497118193e-06,1.40943753719,0,0,0.0471405647695,0.029462851584,0.0607445128262,0.0385293588042,2.79040978057e-05,4.49537402858e-08,3.73831710476e-07,2.79040177702e-05,4.60661162549e-08,5.07033304231e-12,3.72529029846e-09,1.99387830691e-08,64
12.0960005745,2880.42612374,-501.115282532,66.8098907471,-610.057861328,17.1432723999,1.00115406513,102.066886902,39.0708312988,0.973673820496,0.000232830643654,0.000465661287308,2,533.358892426,7.75744226239,1.13775102626,73.2623230193,9.62395840793,128.929605125,145.107216667,5150.0024274,0.006053596735,988.555140793,980.158685707,14,70.0980963302,25.1680994552,45.6621746707,0.00265435494418,0.00258933141595,6.50235282285e-05,-0.000261024979409,1598.43356738,5088,10.1760004833,1069.51818885,533.358892426,-1.00223064692,-0.00010527401173,0.0107712345198,1,6048,-1.92355992112e-06,1.92355992112e-06,1.40980637074,0,0,0.0436237156391,0.0272648222744,0.0574606098235,0.0364659056067,2.10982780118e-05,4.15063610149e-08,7.44257022234e-07,2.1098247089e-05,4.11352907292e-08,1.18864917908e-11,7.45058059692e-09,4.78077355481e-09,64
12.1120005753,2872.24445492,-519.481021911,69.2584533691,-603.597595215,16.8912887573,0.943269968033,102.066886902,39.0707969666,0.973673820496,0.000232830643654,0.000465661287308,2,533.358892426,7.81750212461,1.24699030273,72.4993697601,9.52641744138,129.442516482,147.178056068,5150.00289306,0.006053596735,988.555140793,980.158685707,14,70.0980963302,24.1197358264,45.1714549854,0.00287642797081,0.00291856849799,-4.21405271789e-05,-0.000124600774143,1598.43356738,5088,10.1760004833,1069.51818885,533.358892426,-1.03896206838,-0.000161094249052,0.0101987542585,1,6056,-2.13117596104e-06,2.13117596104e-06,1.41622567177,0,0,0.0400829054415,0.0250518172979,0.0541498474777,0.0343843251467,1.87404657481e-05,3.69178145831e-08,1.48962874391e-06,1.87404239114e-05,3.65074939168e-08,7.15226489145e-12,1.49011611938e-08,8.22785750643e-09,64
12.128000576,2863.75987343,-538.864638656,71.8427200317,-596.853088379,16.6200027466,0.886350393295,102.066795349,39.0707740784,0.973673760891,0.000232830643654,0.000465661287308,2,533.358892426,10.3183504356,1.98638362148,71.7450011901,9.43779627448,129.516134621,148.549428559,5150.00335872,0.006053596735,988.555140793,980.158685707,14,70.0980963302,23.6718315136,44.953852921,0.00308355561918,0.00302952685161,5.4028767571e-05,0.000230102159549,1598.43356738,5088,10.1760004833,1069.51818885,533.358892426,-1.07772928004,0.000189061211131,0.00355358142406,1,6064,-1.9296148821e-06,1.9296148821e-06,1.41071391106,0,0,0.0365201644599,0.0228251051158,0.0508140735328,0.032285772264,2.09318568523e-05,4.09032878679e-08,3.72933214976e-07,2.09318914131e-05,4.0238731458e-08,1.0750317303e-11,3.72529029846e-09,8.63828386599e-09,64
12.1440005768,2854.95398566,-559.495587368,74.5932922363,-589.784667969,16.3272323608,0.830770492554,102.066703796,39.0707435608,0.973673701286,0.000232830643654,0.000465661287308,2,533.358892426,17.2124738385,3.83976361782,70.9990341886,9.35869828928,129.516134621,148.621678818,5150.00289306,0.006053596735,988.555140793,980.158685707,14,70.0980963302,23.9558539761,44.6781850769,0.0031208058221,0.00311229086947,8.51495263188e-06,-0.000318323145621,1598.43356738,5088,10.1760004833,1069.51818885,533.358892426,-1.11899123567,7.16227077646e-06,0.00279377331026,1,6072,-1.93150253835e-06,1.93150253835e-06,1.40915930271,0,0,0.0329373851418,0.0205858647823,0.0474551655352,0.030171411112,2.17074102693e-05,4.14737293397e-08,1.48912158693e-06,2.17074157263e-05,4.19380121741e-08,4.95184449001e-12,1.49011611938e-08,1.23171739475e-08,64
12.1600005776,2845.80583684,-581.529107876,77.5308532715,-582.36151123,16.010433197,0.77696877718,102.066612244,39.0707130432,0.973673582077,0.000232830643654,0.000465661287308,2,533.358892426,28.2823041182,6.80894673266,70.2613515587,9.28837818534,129.516134621,148.621678818,5150.00335872,0.006053596735,988.555140793,980.158685707,14,70.0980963302,24.0525369009,44.4475772383,0.00299712875351,0.00295221980195,4.49089515575e-05,0.000307409209199,1598.43356738,5088,10.1760004833,1069.51818885,533.358892426,-1.16305830034,6.92352841725e-05,0.00277412333526,1,6080,-1.94377912521e-06,1.94377912521e-06,1.41556143761,0,0,0.0293366461992,0.0183354038745,0.04407498613,0.0280423965305,1.91927920241e-05,4.38122214064e-08,1.49105710534e-06,1.91928011191e-05,4.38122214064e-08,4.87694606921e-12,1.49011611938e-08,1.3468639537e-08,64
12.1760005783,2836.29028127,-605.241337325,80.6922225952,-574.534301758,15.66664505,0.725449502468,102.066703796,39.070690155,0.973673701286,0.000232830643654,0.000465661287308,2,533.358892426,43.1662780842,10.6824013182,69.5319606251,9.4643661437,129.516134621,147.798200487,5150.00335872,0.006053596735,988.555140793,980.982207693,14,70.0980963302,24.1327652475,44.3081444246,0.0030924898059,0.00308318703901,9.30276689015e-06,0.000176441972144,1598.43356738,5088,10.1760004833,1069.51818885,533.358892426,-1.21048276469,-3.75166564481e-06,0.00275427149609,1,6088,-2.25637631956e-06,2.25637631956e-06,1.41268026829,0,0,0.0257199034095,0.0160749405622,0.0406754203141,0.0258998945355,1.99775931833e-05,3.93524004494e-08,1.4921345155e-06,1.9977640477e-05,3.97154309439e-08,1.02327035734e-11,1.49011611938e-08,1.18394956061e-08,64
12.1920005791,2826.3782151,-630.869588349,84.1090393066,-566.257324219,15.2924213409,0.676800906658,102.066703796,39.0706748962,0.973673701286,0.000232830643654,0.000465661287308,2,533.358892426,61.3782455966,14.2947599453,68.8108247638,11.2214677893,129.516134621,141.369047924,5150.00335872,0.006053596735,988.555140793,987.411243841,14,70.0980963302,24.2954283749,44.3028329755,0.00314778535182,0.00307136360789,7.64217439331e-05,0.000188265403267,1598.43356738,5088,10.1760004833,1069.51818885,533.358892426,-1.26173927129,3.00133251585e-05,0.00719437142834,1,6096,-2.1334521989e-06,2.1334521989e-06,1.4123994112,0,0,0.0220892503858,0.0138057814911,0.0372583381832,0.0237450730056,2.01001275855e-05,3.96739707753e-08,1.48874460137e-06,2.01001021196e-05,4.07703559802e-08,3.60778074082e-12,1.49011611938e-08,1.71317537934e-08,64
12.2080005798,2816.04449265,-657.605356537,87.6735153198,-557.625854492,14.884560585,0.631601393223,102.076622009,39.0724525452,0.973680377007,0.000232830643654,0.000465661287308,2,533.358892426,78.8411843328,17.2496674437,74.5918218121,13.6457351064,124.896760099,132.179164211,5150.00335872,0.006053596735,993.174500763,996.601069346,14,70.0980963302,24.7931639024,44.6318845206,0.00304342083479,0.00303043634631,1.29844884844e-05,0.000229192664847,1598.43356738,5088,10.1760004833,1069.51818885,533.358892426,-1.31521073854,0.000183263182407,0.01940642111,1,6104,-2.3164382128e-06,2.3164382128e-06,1.41407573223,0,0,0.0184467658401,0.01152922865,0.0338256135583,0.0215791128576,1.89560141735e-05,3.72039465901e-08,7.47392903122e-07,1.8956099666e-05,3.77048365863e-08,6.11964645625e-12,7.45058059692e-09,1.43975285027e-08,64
12.2240005806,2805.2770067,-685.039616656,91.3311157227,-548.688598633,14.4414272308,0.590154707432,102.095970154,39.0759239197,0.973693490028,0.000232830643654,0.000465661287308,2,533.358892426,90.1611443997,19.5051590033,85.0562575437,16.0128276248,113.639121992,122.645113152,5150.0024274,0.006053596735,1004.43221163,1006.13525137,14,70.0980963302,25.8227191807,45.409095037,0.00292291278681,0.0028721842682,5.0728518608e-05,-0.00054387783166,1598.43356738,5088,10.1760004833,1069.51818885,533.358892426,-1.37007930334,0.00010379608284,0.0271986555308,1,6112,-2.37420067606e-06,2.37420067606e-06,1.41285097599,0,0,0.0147944139317,0.00924650859088,0.0303791388869,0.0194031801075,2.00419544854e-05,3.96592803042e-08,3.73998403802e-07,2.0041845346e-05,3.9961967957e-08,3.37735395206e-12,3.72529029846e-09,7.3341652751e-09,64
12.2400005814,2794.06271875,-713.356421329,95.1063842773,-539.414611816,13.9618759155,0.552606403828,102.109962463,39.0784683228,0.973702967167,0.000232830643654,0.000465661287308,2,533.358892426,97.924472155,21.1246419294,93.200761611,18.0150818424,102.359103039,113.873720693,5150.00335872,0.006053596735,1015.71239065,1014.90679663,14,70.0980963302,27.4213543889,46.5473931399,0.00291563682919,0.00292857293971,-1.29361105161e-05,0.000331056071445,1598.43356738,5088,10.1760004833,1069.51818885,533.358892426,-1.4267128563,0.000159502633323,0.0316510535777,1,6120,-2.14524493458e-06,2.14524493458e-06,1.41265916824,0,0,0.0111342472956,0.00695890467614,0.0269207861274,0.0172184538096,1.99549049285e-05,3.93773937901e-08,1.4966010653e-08,1.99549340323e-05,4.03064852605e-08,2.3039348207e-12,2.49427145604e-11,1.24717391969e-08,64
12.2560005821,2782.38602914,-742.715667002,99.0206298828,-529.774902344,13.4445352554,0.51912266016,102.119483948,39.0801963806,0.973709404469,0.000232830643654,0.000465661287308,2,533.358892426,103.099523463,22.2146722107,99.0660014151,19.5643160815,92.4253108678,106.266641524,5150.00335872,0.006053596735,1025.64611007,1022.513723,14,70.0980963302,29.4601049973,47.8395340906,0.00303455326145,0.00303589331452,-1.34005306851e-06,0.000223735696636,1598.43356738,5088,10.1760004833,1069.51818885,533.358892426,-1.48543142586,0.000204749994737,0.0305224414915,1,6128,-1.90160903912e-06,1.90160903912e-06,1.40663933754,0,0,0.00746830459684,0.00466769048944,0.0234524346888,0.0150261102244,2.53698744928e-05,4.2427924285e-08,1.4855122572e-06,2.53698563029e-05,4.24321449088e-08,5.51358958489e-12,1.49011611938e-08,1.78268599882e-08,64
12.2720005829,2770.22947557,-773.22445577,103.088134766,-519.746643066,12.8876657486,0.489951521158,102.125816345,39.0813484192,0.973713696003,0.000232830643654,0.000465661287308,2,533.358892426,106.436521044,22.8831645901,103.129804269,20.6780055316,84.1469591251,99.8750983854,5150.00335872,0.006053596735,1033.9244036,1028.90527342,14,70.0980963302,31.5191064146,48.9950216433,0.00309713786562,0.00312138581648,-2.42479508694e-05,0.000138243194669,1598.43356738,5088,10.1760004833,1069.51818885,533.358892426,-1.54644897066,-1.21644916362e-05,0.0271171219647,1,6136,-2.19250296141e-06,2.19250296141e-06,1.41284143925,0,0,0.00379859819077,0.00237412401475,0.0199759528041,0.0128273228183,2.00012655114e-05,3.94834458461e-08,1.48619710671e-06,2.00013200811e-05,4.00602537809e-08,4.51629011966e-12,1.49011611938e-08,8.79863115699e-09,64
12.2880005836,2757.57419877,-804.926152341,107.314682007,-509.314849854,12.2892084122,0.465419977903,102.130485535,39.0821533203,0.973716855049,0.000232830643654,0.000465661287308,2,533.358892426,108.498179553,23.2230563849,105.849883529,21.4153677006,77.4524960434,94.6027357713,5150.00289306,0.006053596735,1040.61886668,1034.17760693,14,70.0980963302,32.9913091264,49.7695145896,0.00305257262523,0.00309410097543,-4.15283502031e-05,-0.000300133251585,1598.43356738,5088,10.1760004833,1069.51818885,533.358892426,-1.60985234743,6.1277205532e-05,0.0231553260237,1,6144,-2.23152869694e-06,2.23152869694e-06,1.41496682167,0,0,0.000127328559756,7.95803498477e-05,0.0164931993932,0.0106232650578,1.89289548871e-05,3.73662558673e-08,7.4431648045e-07,1.89289494301e-05,3.80814810796e-08,6.37789820956e-12,7.45058059692e-09,5.02052444062e-09,64
12.3040005844,2744.44697425,-830.090022646,110.669586182,-499.523223877,11.6493778229,0.445910513401,102.133430481,39.082698822,0.973718881607,0.000232830643654,0.000465661287308,2,533.358892426,109.663485179,23.3091797882,107.57657069,21.8439557418,72.1394608263,90.3078325791,5150.00335872,0.006053596735,1045.93194555,1038.47251739,14,70.0980963302,34.0190090355,50.3426890646,0.00315688029884,0.00312320480589,3.36754929497e-05,0.000136424205266,1598.43356738,5088,10.1760004833,1069.51818885,533.358892426,-1.66018014625,-0.000135173650051,0.0194028522819,1,6152,-2.19045909944e-06,2.19045909944e-06,1.412748456,0,0,0,0,0.0133818900213,0.00864699296653,1.9877392333e-05,3.93860268844e-08,1.49237075675e-06,1.98773632292e-05,3.97214208192e-08,1.44861206364e-12,1.49011611938e-08,1.18192247101e-08,64
12.3200005852,2731.06945679,-838.555337396,111.798202515,-491.835174561,10.9805583954,0.431256532669,102.13533783,39.0830802917,0.973720133305,0.000232830643654,0.000465661287308,2,533.358892426,110.171629922,23.1991188729,108.553613791,22.0250674118,67.9882723489,86.8477363838,5150.00382438,0.006053596735,1050.0830831,1041.93273,14,70.0980963302,34.8442117684,50.8728189743,0.0031091602487,0.00317777448799,-6.86142392903e-05,0.000547515810467,1598.43356738,5088,10.1760004833,1069.51818885,533.358892426,-1.67711073118,-0.000201225702767,0.0161242000759,1,6160,-2.51072492574e-06,2.51072492574e-06,1.41289591789,0,0,0,0,0.010875984095,0.00704600056633,2.00207905436e-05,3.95479631266e-08,1.48999129124e-06,2.00208305614e-05,3.87672258739e-08,8.43212999424e-12,1.49011611938e-08,8.01358268632e-09,64
12.3360005859,2717.6795993,-833.956233691,111.185035706,-485.882873535,10.2997865677,0.420114994049,102.137184143,39.0833702087,0.973721385002,0.000232830643654,0.000465661287308,2,533.358892426,110.168502224,22.9363244718,108.942671609,22.0101559093,64.806874434,84.0972643346,5150.00335872,0.006053596735,1053.26448102,1044.68327481,14,70.0980963302,35.5556912837,51.38922279,0.00318064084792,0.00321779225487,-3.71514069508e-05,4.18367562816e-05,1598.43356738,5088,10.1760004833,1069.51818885,533.358892426,-1.66791255651,0.000146656020661,0.0133489342406,1,6168,-2.16676653508e-06,2.16676653508e-06,1.41314303875,0,0,0,0,0.00885147228837,0.00574647588655,1.95462416741e-05,3.83330061027e-08,7.43718999274e-07,1.95461961994e-05,3.9325342982e-08,3.49417716983e-12,7.45058059692e-09,1.37965177061e-08,64
12.3520005867,2704.45365459,-819.68883751,109.282875061,-481.299926758,9.62179946899,0.410845458508,102.138328552,39.0835723877,0.973722159863,0.000232830643654,0.000465661287308,2,533.358892426,109.74117222,22.5532565251,108.848620919,21.8404544778,62.4429158051,81.9541528472,5150.00335872,0.006053596735,1055.62841054,1046.8265973,14,70.0980963302,36.1927341146,51.8927336088,0.00327011238921,0.00323780113831,3.23112508971e-05,2.18278728426e-05,1598.43356738,5088,10.1760004833,1069.51818885,533.358892426,-1.63937772868,1.7166712496e-05,0.0110111348331,1,6176,-1.97323583961e-06,1.97323583961e-06,1.41288423538,0,0,0,0,0.00721180951223,0.0046899728477,2.06729564525e-05,3.95072312642e-08,7.45571810512e-07,2.06729127967e-05,3.73453943325e-08,3.42380290785e-12,7.45058059692e-09,7.4927015703e-09,64
12.3680005874,2691.52363762,-798.233726528,106.422431946,-477.820343018,8.95799541473,0.402087569237,102.138954163,39.0837020874,0.973722577095,0.000232830643654,0.000465661287308,2,533.358892426,108.939690407,22.0737206979,108.337729369,21.5479268008,60.7830043009,80.3388029453,5150.00289306,0.006053596735,1057.2882602,1048.44185989,14,70.0980963302,36.7743086827,52.3790658917,0.00334764681253,0.00339969119523,-5.20443826924e-05,-0.000605723471381,1598.43356738,5088,10.1760004833,1069.51818885,533.358892426,-1.59646754128,-5.21822585142e-05,0.00901739485562,1,6184,-1.89659431271e-06,1.89659431271e-06,1.4078681469,0,0,0,0,0.00588116841391,0.00382993253879,2.46751660598e-05,3.92249894787e-08,1.49582115228e-06,2.4675126042e-05,3.9745334135e-08,2.84220563751e-12,1.49011611938e-08,5.70435076952e-09,64
12.3840005882,2678.98687162,-771.453254856,102.851989746,-475.243591309,8.31663322449,0.39289522171,102.139411926,39.0837783813,0.973722934723,0.000232830643654,0.000465661287308,2,533.358892426,107.789407987,21.5144157489,107.449294617,21.1565158839,59.7479447606,79.1919665062,5150.00335872,0.006053596735,1058.32319241,1049.58890006,14,70.0980963302,37.3106777261,52.8438249603,0.00331490500327,0.00331419869326,7.06310010479e-07,-5.45696821064e-05,1598.43356738,5088,10.1760004833,1069.51818885,533.358892426,-1.54290660248,-6.2073013396e-05,0.00727265048772,1,6192,-2.37915514845e-06,2.37915514845e-06,1.41286933422,0,0,0,0,0.00479954574257,0.00312908343039,2.00404301722e-05,3.95417245613e-08,3.34176597505e-08,2.00403901545e-05,3.95513630735e-08,6.23885665352e-12,5.54791768081e-11,2.78697598333e-08,64
12.400000589,2666.91530123,-740.797142498,98.7648468018,-473.411651611,7.7033457756,0.382710665464,102.139411926,39.0837516785,0.973722934723,0.000232830643654,0.000465661287308,2,533.358892426,105.404387972,20.7051861077,106.000752848,20.6470819724,59.4365228608,78.5982629168,5150.00289306,0.006053596735,1058.63471981,1050.18250179,15,70.0796153978,37.808153138,53.2832782483,0.00318525582299,0.00322688720189,-4.16313788998e-05,-0.000432919478044,1598.43356738,5088,10.1760004833,1069.51818885,533.358892426,-1.4815943814,-0.000139834810398,0.00542152067646,1,6200,-2.02185879061e-06,2.02185879061e-06,1.41198420525,0,0,0,0,0.00391917489469,0.00255746976472,2.08812889468e-05,4.09783780242e-08,7.44988824408e-07,2.08812925848e-05,4.15919387819e-08,1.04925651501e-11,7.45058059692e-09,1.33119515411e-08,64
12.4160005897,2655.35991639,-707.443570718,94.318069458,-472.192443848,7.12168169022,0.371279895306,102.139411926,39.0836982727,0.973722934723,0.000232830643654,0.000465661287308,2,533.358892426,97.3546377772,18.9376813863,104.620178085,20.0167317623,59.4365228608,78.5982629168,5150.00335872,0.006053596735,1058.63471981,1050.18250179,15,70.0796153978,38.2711623388,53.6926563655,0.00303773294019,0.00316686055157,-0.000129127611381,9.27684595808e-05,1598.43356738,5088,10.1760004833,1069.51818885,533.358892426,-1.41488726513,-2.45563569479e-05,0.00426914310083,1,6208,-2.05013066079e-06,2.05013066079e-06,1.41095888615,0,0,0,0,0.00320183788426,0.00209093419835,2.05555497814e-05,4.01875546174e-08,7.44182841572e-07,2.05555970751e-05,3.90864052235e-08,1.27597515887e-11,7.45058059692e-09,1.57497197506e-08,64
12.4320005905,2644.35494319,-672.34452581,89.6385803223,-471.475860596,6.5735912323,0.358568251133,102.139503479,39.0836677551,0.973722994328,0.000232830643654,0.000465661287308,2,533.358892426,83.6658235727,15.9319945728,103.4094366,19.4390726454,59.4365228608,78.5982629168,5150.00196174,0.006053596735,1058.63471981,1050.18250179,15,70.0796153978,38.7031068385,54.0695182281,0.00305112311805,0.00302316038869,2.79627293542e-05,-0.00116051523946,1598.43356738,5088,10.1760004833,1069.51818885,533.358892426,-1.34468916713,-0.000140630618262,0.00380787067115,1,6216,-2.11899578062e-06,2.11899578062e-06,1.41265285015,0,0,0,0,0.00261682877317,0.00170994282234,1.99324604182e-05,3.9206113911e-08,7.44346095871e-07,1.99324567802e-05,3.98014208258e-08,2.20932647177e-12,7.45058059692e-09,4.94247842653e-09,64
12.4480005912,2633.92110355,-636.29966462,84.8329925537,-471.165405273,6.05981683731,0.34468588233,102.139320374,39.0836372375,0.973722875118,0.000232830643654,0.000465661287308,2,533.358892426,66.111855635,12.0776257216,102.271606374,18.9096895864,59.4365228608,78.5982629168,5150.00289306,0.006053596735,1058.63471981,1050.18250179,15,70.0796153978,39.1068097088,54.4152717339,0.00321498848377,0.00323962012772,-2.46316439467e-05,-0.000445652403869,1598.43356738,5088,10.1760004833,1069.51818885,533.358892426,-1.27259943383,-5.28643795406e-05,0.0036102803424,1,6224,-1.91362732949e-06,1.91362732949e-06,1.40829467773,0,0,0,0,0.0021393946372,0.00139866583049,2.57903266174e-05,1.03107538507e-07,7.43360715205e-07,2.57903539023e-05,1.03107538507e-07,3.0979802057e-12,7.45058059692e-09,1.30904895812e-08,64
12.464000592,2624.06747788,-599.942344707,79.985748291,-471.181091309,5.58021354675,0.329831928015,102.139503479,39.0836296082,0.973722994328,0.000232830643654,0.000465661287308,2,533.358892426,46.9674019027,7.87402776114,101.170363625,18.4245429471,59.4365228608,78.5982629168,5150.00382438,0.006053596735,1058.63471981,1050.18250179,15,70.0796153978,39.4846829295,54.7322124476,0.00333122972263,0.00331419869326,1.70310293646e-05,0.000411091605201,1598.43356738,5088,10.1760004833,1069.51818885,533.358892426,-1.19988476399,-0.000124373400467,0.00351796415634,1,6232,-2.11697238228e-06,2.11697238228e-06,1.41267955303,0,0,0,0,0.00174952694215,0.00114424910862,1.99227506528e-05,3.9373759364e-08,7.43225541555e-07,1.99227633857e-05,3.84999445657e-08,3.36406076606e-12,7.45058059692e-09,1.55727661877e-08,64
12.4800005928,2614.79429901,-563.802605029,75.1675109863,-471.452392578,5.13401651382,0.314245611429,102.139228821,39.0835952759,0.973722815514,0.000232830643654,0.000465661287308,2,533.358892426,28.7133624549,3.86594206697,100.091212532,17.9799428493,59.4365228608,78.5982629168,5150.00335872,0.006053596735,1058.63471981,1050.18250179,15,70.0796153978,39.8388838221,55.0226905034,0.00334313131345,0.00337240635417,-2.92750407249e-05,-0.00011277734302,1598.43356738,5088,10.1760004833,1069.51818885,533.358892426,-1.12760528737,6.48014975013e-06,0.0034676361829,1,6240,-2.0038708044e-06,2.0038708044e-06,1.4100574255,0,0,0,0,0.00143101264257,0.000936241878662,2.04229800147e-05,3.96899544342e-08,7.45595571061e-07,2.04229781957e-05,3.98937913815e-08,1.05005726336e-11,7.45058059692e-09,4.07453626394e-09,64
12.4960005935,2606.09411635,-528.292090166,70.4331665039,-471.92074585,4.72003126144,0.298178553581,102.139137268,39.083568573,0.973722755909,0.000232830643654,0.000465661287308,2,533.358892426,13.7152284213,1.04429753822,99.0282932413,17.5724850829,59.4365228608,81.9597262307,5150.00335872,0.006053596735,1058.63471981,1050.18250179,15,70.0796153978,37.3715192836,55.2889105165,0.00345643090538,0.00345426087733,2.17002804614e-06,-0.000194631866179,1598.43356738,5088,10.1760004833,1069.51818885,533.358892426,-1.05658421035,-1.25055521494e-06,0.0173872262239,1,6248,-2.23180290959e-06,2.23180290959e-06,1.41267931461,0,0,0,0,0.0011706915684,0.000766134937294,1.99339738174e-05,3.92704109231e-08,1.4845941223e-06,1.99339192477e-05,3.88195786627e-08,7.69245778187e-12,1.49011611938e-08,5.52972778678e-09,64
12.5120005943,2597.95389138,-493.733794428,65.8257675171,-472.536712646,4.33678245544,0.281871289015,102.139045715,39.0835494995,0.9737226367,0.000232830643654,0.000465661287308,2,533.358892426,4.77189000589,-0.853055413142,97.979027415,17.1951451454,64.2381928628,88.3690445335,5150.00335872,0.006053596735,1058.63471981,1050.18250179,15,70.0796153978,33.1160299538,52.3475464433,0.00345186922102,0.00344516593032,6.70329070029e-06,-0.000185536919162,1598.43356738,5088,10.1760004833,1069.51818885,533.358892426,-0.987467615232,3.28554961015e-05,0.0256907939911,1,6256,-2.0626555397e-06,2.0626555397e-06,1.4108453989,0,0,0,0,0.000957863405347,0.000626993482001,2.01550938073e-05,3.95555197485e-08,1.49035736285e-06,2.01550501515e-05,4.01611544021e-08,8.45321035392e-12,1.49011611938e-08,5.43639089301e-09,64
12.528000595,2590.35592899,-460.400158772,61.3816490173,-473.255310059,3.98260784149,0.265546351671,102.139045715,39.083530426,0.9737226367,0.000232830643654,0.000465661287308,2,533.358892426,2.12199785829,-1.46613415533,96.9423163302,16.8190247905,74.3221535231,94.8782762862,5150.00335872,0.006053596735,1058.63471981,1050.18250179,15,70.0796153978,29.595243177,48.5996315547,0.00365605078156,0.00368345354218,-2.74027606162e-05,-0.000423824531026,1598.43356738,5088,10.1760004833,1069.51818885,533.358892426,-0.920800346194,-4.48494574812e-05,0.0252687018365,1,6264,-2.13995599552e-06,2.13995599552e-06,1.41630196571,0,0,0,0,0.000783818599302,0.000513161590789,1.9191094907e-05,3.8037651251e-08,1.398222782e-08,1.91911531147e-05,3.90941963246e-08,3.20111818997e-12,2.91038304567e-11,1.1663018995e-08,64
12.5440005958,2583.27904157,-428.451050539,57.1221199036,-474.044799805,3.65573143959,0.249403297901,102.138954163,39.0835151672,0.973722577095,0.000232830643654,0.000465661287308,2,533.358892426,2.99829355213,-1.22936186426,95.9175080781,16.4243598224,82.8134579933,99.4456131593,5150.00382438,0.006053596735,1058.63471981,1050.18250179,15,70.0796153978,28.0622170976,47.5428496429,0.0037959992788,0.00386899046134,-7.29911825426e-05,-0.00014370016288,1598.43356738,5088,10.1760004833,1069.51818885,533.358892426,-0.856902147461,8.53788151289e-05,0.0200514737517,1,6272,-2.25640042117e-06,2.25640042117e-06,1.41517293453,0,0,0,0,0.000641459424514,0.000420022319304,1.85768731171e-05,3.62757042183e-08,7.46226703541e-07,1.85769131349e-05,3.73932387276e-08,2.78341585891e-12,7.45058059692e-09,1.20519985103e-08,64
12.5600005966,2576.69971325,-398.009666242,53.0635986328,-474.877288818,3.3543715477,0.233608201146,102.13886261,39.0834884644,0.97372251749,0.000232830643654,0.000465661287308,2,533.358892426,3.70241545876,-1.05758476184,94.9042950162,16.0151477616,89.6363999345,102.759193396,5150.00382438,0.006053596735,1058.63471981,1050.18250179,15,70.0796153978,27.4982085102,47.2205465485,0.00367839024518,0.0036925484892,-1.41582440216e-05,3.27418092638e-05,1598.43356738,5088,10.1760004833,1069.51818885,533.358892426,-0.796019378413,-2.8592239687e-05,0.0165415666997,1,6280,-2.08486176234e-06,2.08486176234e-06,1.4139701128,0,0,0,0,0.000524997129105,0.000343805615557,1.9334609533e-05,5.57849375582e-08,7.46898990656e-07,1.93345858861e-05,5.57849375582e-08,3.01635105782e-12,7.45058059692e-09,1.29447803587e-08,64
12.5760005973,2570.59349678,-369.124172721,49.2125167847,-475.734283447,3.07680654526,0.218288093805,102.13886261,39.083480835,0.97372251749,0.000232830643654,0.000465661287308,2,533.358892426,4.28374568393,-0.919866241564,93.9023475276,15.6000758447,95.2694899752,105.415783764,5150.00382438,0.006053596735,1058.63471981,1050.18250179,15,70.0796153978,27.3258538073,47.05068568,0.00338348658813,0.00343243300449,-4.89464163644e-05,0.000292857293971,1598.43356738,5088,10.1760004833,1069.51818885,533.358892426,-0.738248388643,-5.7582383306e-05,0.0137742180377,1,6288,-2.17709953176e-06,2.17709953176e-06,1.4129140377,0,0,0,0,0.000429706968134,0.000281430897303,1.99118694582e-05,3.92085759415e-08,1.48925948906e-06,1.9911898562e-05,3.78192375194e-08,2.3831561724e-12,1.49011611938e-08,1.44878100627e-08,64
12.5920005981,2564.93524648,-341.846753145,45.5758247375,-476.5965271,2.82138323784,0.203534021974,102.138771057,39.0834579468,0.973722457886,0.000232830643654,0.000465661287308,2,533.358892426,4.7676979198,-0.801982532906,92.9115410903,15.1864112089,99.9589829007,107.689760625,5150.00335872,0.006053596735,1058.63471981,1050.18250179,15,70.0796153978,27.3365694738,46.9470287499,0.00318982106007,0.00316140358336,2.84174767051e-05,9.82254277915e-05,1598.43356738,5088,10.1760004833,1069.51818885,533.358892426,-0.683693542669,-0.000130057742354,0.0115245869383,1,6296,-1.95200436792e-06,1.95200436792e-06,1.41680645943,0,0,0,0,0.000351730996044,0.000230380377616,1.91874351003e-05,3.78146438607e-08,7.44871272218e-07,1.91874387383e-05,3.79785802807e-08,3.10143577487e-12,7.45058059692e-09,1.4247063973e-08,64
12.6080005988,2559.69911814,-316.175224725,42.1532363892,-477.451690674,2.58651781082,0.189409971237,102.138771057,39.0834388733,0.973722457886,0.000232830643654,0.000465661287308,2,533.358892426,5.17287904056,-0.696501118042,91.9316779342,14.7795907018,103.885191493,109.724496724,5150.00335872,0.006053596735,1058.63471981,1050.18250179,15,70.0796153978,27.4425656244,46.8878060929,0.0033418203621,0.00329055183101,5.12685310872e-05,-3.09228198603e-05,1598.43356738,5088,10.1760004833,1069.51818885,533.358892426,-0.632350463547,0.000215266027226,0.00968594010919,1,6304,-1.9291217086e-06,1.9291217086e-06,1.41003143787,0,0,0,0,0.000287917238893,0.000188595542568,1.87971709238e-05,3.56295117854e-08,1.48285448631e-06,1.87970726984e-05,3.5337553328e-08,1.42840739237e-11,1.49011611938e-08,7.27595761418e-09,64
12.6240005996,2554.85903472,-292.097392958,38.9431228638,-478.288574219,2.37071013451,0.175956144929,102.138633728,39.0834159851,0.973722398281,0.000232830643654,0.000465661287308,2,533.358892426,5.51399408032,-0.599195633012,90.9626115629,14.3835779668,107.190593553,111.601519166,5150.00335872,0.006053596735,1058.63471981,1050.18250179,15,70.0796153978,27.6012851828,46.8616053695,0.00351024741219,0.00354339135811,-3.31439459211e-05,-0.000283762346953,1598.43356738,5088,10.1760004833,1069.51818885,533.358892426,-0.584194822295,0.000255568011198,0.00826297979802,1,6312,-2.10974735637e-06,2.10974735637e-06,1.41270184517,0,0,0,0,0.000235689323745,0.000154392939294,1.98896032089e-05,3.92347878631e-08,7.45551574255e-07,1.98896232178e-05,3.8829725213e-08,3.3795882759e-12,7.45058059692e-09,3.46610806723e-09,64
12.6400006004,2550.38985051,-269.580574241,35.9411277771,-479.099151611,2.17253422737,0.163196772337,102.138633728,39.0834007263,0.973722398281,0.000232830643654,0.000465661287308,2,533.358892426,5.80281906076,-0.507538557089,90.0042247792,14.0011408702,109.989305201,113.369584142,5150.00382438,0.006053596735,1058.63471981,1050.18250179,15,70.0796153978,27.7898270724,46.860142902,0.00356385075617,0.00360523699783,-4.13862416559e-05,0.000120053300634,1598.43356738,5088,10.1760004833,1069.51818885,533.358892426,-0.539161192137,-0.000307409209199,0.00778707582504,1,6320,-1.88152796454e-06,1.88152796454e-06,1.40858352184,0,0,0,0,0.000192941035493,0.000126395505504,2.45450701186e-05,4.0186591832e-08,7.45799582091e-07,2.45451246883e-05,4.07182874085e-08,1.57436563786e-12,7.45058059692e-09,1.23722978529e-08,64
12.6560006011,2546.26758397,-248.566240771,33.1394462585,-479.879577637,1.99064266682,0.151143372059,102.138504028,39.0833854675,0.973722279072,0.000232830643654,0.000465661287308,2,533.358892426,6.04881627602,-0.419970218622,89.0563857365,13.6341454099,112.373018055,115.058777737,5150.00382438,0.006053596735,1058.63471981,1050.18250179,15,70.0796153978,27.995025448,46.8770413136,0.003398464829,0.00346881279256,-7.03479635655e-05,0.0002564775059,1598.43356738,5088,10.1760004833,1069.51818885,533.358892426,-0.497132532473,-0.000193722371478,0.00742113916203,1,6328,-2.12776330955e-06,2.12776330955e-06,1.41265964508,0,0,0,0,0.000157949965796,0.000103476682852,1.98901652766e-05,3.92008594474e-08,7.45567831473e-07,1.98901379918e-05,3.91734786831e-08,3.17261668326e-12,7.45058059692e-09,4.81668394059e-09,64
12.6720006019,2542.46848635,-229.00197655,30.5310916901,-480.625091553,1.82377052307,0.139797270298,102.138633728,39.083366394,0.973722398281,0.000232830643654,0.000465661287308,2,533.358892426,6.25960353896,-0.335511380729,88.1189845623,13.2837736287,114.415546705,116.687988339,5150.00429004,0.006053596735,1058.63471981,1050.18250179,15,70.0796153978,28.2090386463,46.9073056593,0.00343126348168,0.00345062289853,-1.93594168474e-05,0.000740328687243,1598.43356738,5088,10.1760004833,1069.51818885,533.358892426,-0.458003967196,-0.000206739514397,0.00712618324906,1,6336,-2.2393467134e-06,2.2393467134e-06,1.41266548634,0,0,0,0,0.000129307212774,8.47147093737e-05,1.99088954105e-05,3.9199388624e-08,1.48884475948e-06,1.99089336093e-05,3.85796354863e-08,9.1944646341e-12,1.49011611938e-08,2.4345956362e-09,64
12.6880006026,2538.9699731,-210.830068681,28.1083679199,-481.332397461,1.67073118687,0.129149749875,102.138420105,39.0833435059,0.973722219467,0.000232830643654,0.000465661287308,2,533.358892426,6.44132225344,-0.253538975901,87.1918967349,12.9506463053,116.176401207,118.269235827,5150.00382438,0.006053596735,1058.63471981,1050.18250179,15,70.0796153978,28.4270845441,46.9470578537,0.00357874373191,0.00362524588127,-4.65021493534e-05,0.000100044417195,1598.43356738,5088,10.1760004833,1069.51818885,533.358892426,-0.42166016101,3.86535248253e-06,0.00687795737758,1,6344,-2.11336282518e-06,2.11336282518e-06,1.41264617443,0,0,0,0,0.000105860250187,6.93552865414e-05,1.98814068426e-05,3.91361787422e-08,1.37953355406e-08,1.98813941097e-05,3.9607318314e-08,4.81471806868e-12,2.91038304567e-11,1.14961080655e-08,64
12.7040006034,2535.75015813,-193.970423425,25.8606014252,-482.001373291,1.53041875362,0.119186319411,102.138504028,39.0833358765,0.973722279072,0.000232830643654,0.000465661287308,2,533.358892426,6.59893269603,-0.173647520982,86.2750123818,12.6350106521,117.703646538,119.810341857,5150.00335872,0.006053596735,1058.63471981,1050.18250179,15,70.0796153978,28.6462382064,46.9932747365,0.00349083538465,0.00348154571839,9.28966625846e-06,-0.000221916707233,1598.43356738,5088,10.1760004833,1069.51818885,533.358892426,-0.387940872315,-0.000187810655916,0.0066613056697,1,6352,-1.93633240997e-06,1.93633240997e-06,1.40967833996,0,0,0,0,8.66659829626e-05,5.67811257497e-05,2.55758095591e-05,1.23848622025e-07,1.48796391386e-06,2.55758368439e-05,1.23848622025e-07,2.91217050474e-12,1.49011611938e-08,5.11759346011e-09,64
12.7200006042,2532.78855234,-178.355941898,23.7788410187,-482.630981445,1.40180540085,0.109886057675,102.138328552,39.0833091736,0.973722159863,0.000232830643654,0.000465661287308,2,533.358892426,6.73645802417,-0.0955703395896,85.3682069811,12.336756797,119.036267279,121.316450532,5150.00289306,0.006053596735,1058.63471981,1050.18250179,15,70.0796153978,28.8646951958,47.043642553,0.00346994542821,0.00345062289853,1.93225296874e-05,-0.00065665517468,1598.43356738,5088,10.1760004833,1069.51818885,533.358892426,-0.356711893801,-0.000217482920561,0.00646661501378,1,6360,-2.105520025e-06,2.105520025e-06,1.41267108917,0,0,0,0,7.09527084837e-05,4.64869990537e-05,1.98837842618e-05,3.91958501211e-08,7.47711055737e-07,1.98837333301e-05,3.84763580996e-08,2.7217290921e-12,7.45058059692e-09,2.05254764296e-08,64
12.7360006049,2530.06629646,-163.91700774,21.8538074493,-483.221191406,1.28393876553,0.101224936545,102.138237,39.0832901001,0.973722100258,0.000232830643654,0.000465661287308,2,533.358892426,6.85715549379,-0.0191278895816,84.4713999599,12.0555963252,120.205826533,122.791025206,5150.00382438,0.006053596735,1058.63471981,1050.18250179,15,70.0796153978,29.0813532047,47.0963714179,0.00355341998881,0.00350337359123,5.00463975817e-05,0.000221916707233,1598.43356738,5088,10.1760004833,1069.51818885,533.358892426,-0.327834044356,-0.000224332552534,0.00628777779639,1,6368,-2.09539552998e-06,2.09539552998e-06,1.41635501385,0,0,0,0,5.80888845434e-05,3.80593482987e-05,1.8623753931e-05,3.65456109819e-08,7.44931924146e-07,1.86237066373e-05,3.61968339746e-08,3.76430830951e-12,7.45058059692e-09,3.64661900676e-09,64
12.7520006057,2527.56522968,-150.576874148,20.0752696991,-483.773376465,1.17593574524,0.0931755751371,102.138053894,39.0832672119,0.973721981049,0.000232830643654,0.000465661287308,2,533.358892426,6.96368035217,0.0558042955463,83.5844887705,11.7910549545,121.238052088,124.236466945,5150.00382438,0.006053596735,1058.63471981,1050.18250179,15,70.0796153978,29.2955483019,47.1501080028,0.00346403371265,0.0034906406654,-2.66069527521e-05,0.000234649633057,1598.43356738,5088,10.1760004833,1069.51818885,533.358892426,-0.301153761484,0.000103739239421,0.00612086150795,1,6376,-2.18319428313e-06,2.18319428313e-06,1.41332650185,0,0,0,0,4.75576307508e-05,3.11597068503e-05,1.96519267774e-05,3.88900716075e-08,1.48864512539e-06,1.96519831661e-05,3.95770705097e-08,3.51471629578e-12,1.49011611938e-08,1.53110590873e-08,64
12.7680006064,2525.26812255,-138.264978887,18.4338169098,-484.288482666,1.07698595524,0.0857081711292,102.138008118,39.083240509,0.973721981049,0.000232830643654,0.000465661287308,2,533.358892426,7.05819799923,0.129314490963,82.7073342415,11.5425769143,122.153927805,125.654478325,5150.00382438,0.006053596735,1058.63471981,1050.18250179,15,70.0796153978,29.5068712148,47.2038373118,0.00351913630181,0.00351246853825,6.66776356351e-06,0.000212821760215,1598.43356738,5088,10.1760004833,1069.51818885,533.358892426,-0.27652995982,0.000159985802384,0.00596327148378,1,6384,-2.06035883821e-06,2.06035883821e-06,1.41236627102,0,0,0,0,3.89358610846e-05,2.55109644058e-05,1.88919075299e-05,3.65698511473e-08,1.49367474478e-06,1.8891896616e-05,3.61429357554e-08,6.56262544307e-12,1.49011611938e-08,1.21520997709e-08,64
12.7840006072,2523.15914258,-126.919680042,16.9212360382,-484.766967773,0.986341178417,0.0787913203239,102.138008118,39.0832252502,0.973721981049,0.000232830643654,0.000465661287308,2,533.358892426,7.14248790846,0.20146981999,81.8398557999,11.3094938146,122.970697703,127.046354464,5150.00382438,0.006053596735,1058.63471981,1050.18250179,15,70.0796153978,29.7150963888,47.2568099212,0.00349381255871,0.00349791662302,-4.10406431062e-06,0.000227373675443,1598.43356738,5088,10.1760004833,1069.51818885,533.358892426,-0.253839374409,-0.000178857817446,0.00581331830472,1,6392,-2.20311699195e-06,2.20311699195e-06,1.41266727448,0,0,0,0,3.1877301808e-05,2.08863111766e-05,1.98620200536e-05,3.91247212406e-08,1.48710023495e-06,1.98619927687e-05,3.93872952031e-08,3.66917607408e-12,1.49011611938e-08,1.16740839218e-08,64
12.800000608,2521.22385427,-116.463153972,15.5271463394,-485.212097168,0.90330606699,0.0723947137594,102.138008118,39.0832176208,0.973721981049,0.000232830643654,0.000465661287308,2,533.358892426,7.21800634565,0.272323076411,80.9819801973,11.0910869076,123.702469864,128.413113998,5150.00335872,0.006053596735,1058.63471981,1050.18250179,15,70.0796153978,29.9201237794,47.3084728583,0.00362941963983,0.00371801434085,-8.85947010199e-05,-0.000458385329694,1598.43356738,5088,10.1760004833,1069.51818885,533.358892426,-0.232926325339,9.56816847975e-05,0.00566984340549,1,6400,-1.89857428268e-06,1.89857428268e-06,1.41168117523,0,0,0,0,2.60984652414e-05,1.71000683622e-05,2.44278307946e-05,4.08028597576e-08,1.48982587689e-06,2.44277962338e-05,4.17337915337e-08,2.79063230857e-12,1.49011611938e-08,1.85752924153e-08,64
12.8160006087,2519.44782212,-106.83855362,14.2439718246,-485.624450684,0.827251076698,0.0664864704013,102.137916565,39.0831947327,0.973721921444,0.000232830643654,0.000465661287308,2,533.358892426,7.28596190611,0.341915047456,80.1335316382,10.886649348,124.36095858,129.75554273,5150.00289306,0.006053596735,1058.63471981,1050.18250179,15,70.0796153978,30.1218769891,47.3584441352,0.0034655258524,0.0034870026866,-2.14768342e-05,-0.000693034962751,1598.43356738,5088,10.1760004833,1069.51818885,533.358892426,-0.21367711156,-6.14193140791e-05,0.00553203141317,1,6408,-2.22955350182e-06,2.22955350182e-06,1.41268575191,0,0,0,0,2.13673047256e-05,1.40002184708e-05,1.98981306312e-05,3.91729386706e-08,3.73888752847e-07,1.98981761059e-05,3.96282224813e-08,1.27144995921e-12,3.72529029846e-09,1.50742671678e-08,64
12.8320006095,2517.81917177,-97.9922115221,13.0645561218,-486.005279541,0.757592976093,0.0610342696309,102.137825012,39.0831871033,0.973721861839,0.000232830643654,0.000465661287308,2,533.358892426,7.34735442778,0.410281141191,79.294451524,10.6954459072,124.955855426,131.074324599,5150.00382438,0.006053596735,1058.63471981,1050.18250179,15,70.0796153978,30.3203669318,47.4064472655,0.00355641847916,0.00364525476471,-8.883628555e-05,8.0035533756e-05,1598.43356738,5088,10.1760004833,1069.51818885,533.358892426,-0.195984426909,-5.89750470681e-05,0.00539932958782,1,6416,-2.03125637199e-06,2.03125637199e-06,1.40995335579,0,0,0,0,1.74938631972e-05,1.14623189802e-05,1.95438769879e-05,3.75796709307e-08,7.45985062167e-07,1.95438442461e-05,3.75778839157e-08,2.94458901706e-12,7.45058059692e-09,1.30916646413e-08,64
12.8480006102,2516.32533036,-89.8528014659,11.9793901443,-486.357940674,0.693795502186,0.0560083314776,102.137825012,39.0831718445,0.973721861839,0.000232830643654,0.000465661287308,2,533.358892426,7.40301665115,0.477453804279,78.4646739312,10.5167312845,125.495222164,132.370085339,5150.00335872,0.006053596735,1058.63471981,1050.18250179,15,70.0796153978,30.5156045215,47.4523185403,0.00353405059383,0.00351428752765,1.97630661836e-05,-0.000254658516496,1598.43356738,5088,10.1760004833,1069.51818885,533.358892426,-0.179705608616,-3.96482846554e-05,0.00527130300179,1,6424,-2.08268966162e-06,2.08268966162e-06,1.41266739368,0,0,0,0,1.43226243381e-05,9.38449466048e-06,1.97804674826e-05,3.98156529968e-08,3.72437284568e-07,1.97804838535e-05,4.03451529962e-08,2.84509915627e-12,3.72529029846e-09,1.77566583659e-08,64
12.864000611,2514.95605335,-82.3750306154,10.9824361801,-486.683532715,0.635368108749,0.051380533725,102.137916565,39.0831604004,0.973721921444,0.000232830643654,0.000465661287308,2,533.358892426,7.4538600585,0.544024515943,77.6440450388,10.3498160314,125.987891806,133.65423365,5150.00382438,0.006053596735,1058.63471981,1050.18250179,15,70.0796153978,30.6893998641,47.4906046293,0.00343866023156,0.00346699380316,-2.83335716e-05,0.000258296495304,1598.43356738,5088,10.1760004833,1069.51818885,533.358892426,-0.164750062481,0.000138797418003,0.00535335019231,1,6432,-2.05661672226e-06,2.05661672226e-06,1.41141438484,0,0,0,0,1.17262779895e-05,7.68333484302e-06,2.71795033768e-05,3.14894805342e-07,1.49133165905e-06,2.71795106528e-05,3.14894805342e-07,6.77917444403e-12,1.49011611938e-08,2.08940491575e-08,64
12.8800006118,2513.70039769,-75.509022281,10.0670433044,-486.983215332,0.581860244274,0.0471220724285,102.138008118,39.083152771,0.973721981049,0.000232830643654,0.000465661287308,2,533.358892426,7.50397785087,0.620668343066,76.8324769487,10.1941709296,126.473532873,135.132693686,5150.00382438,0.006053596735,1058.63471981,1050.18250179,15,70.0796153978,30.5288594973,47.4341322843,0.00352064265241,0.00349973561242,2.09070399881e-05,0.00022555468604,1598.43356738,5088,10.1760004833,1069.51818885,533.358892426,-0.151018056727,-8.90310047907e-05,0.00668503064662,1,6440,-2.10463917938e-06,2.10463917938e-06,1.41266512871,0,0,0,0,9.60060151556e-06,6.29055421086e-06,1.98622001335e-05,3.92162817775e-08,1.07203872446e-08,1.98622019525e-05,3.98864443696e-08,2.64854110865e-12,2.91038304567e-11,8.9468699116e-09,64
12.8960006125,2512.54974864,-69.2026587785,9.22626399994,-487.259796143,0.532854437828,0.0432067550719,102.137916565,39.0831298828,0.973721921444,0.000232830643654,0.000465661287308,2,533.358892426,7.55637366228,0.716923746468,76.0299257122,10.0497172373,126.981249196,136.989459861,5150.00335872,0.006053596735,1058.63471981,1050.18250179,15,70.0796153978,29.8030554404,47.22680751,0.0033745976985,0.00341788108926,-4.32833907604e-05,-0.000158252078108,1598.43356738,5088,10.1760004833,1069.51818885,533.358892426,-0.138405326311,-0.000128906663122,0.008444593288,1,6448,-2.12672716771e-06,2.12672716771e-06,1.41265165806,0,0,0,0,7.86026612332e-06,5.15025112691e-06,1.98598008865e-05,3.91561059132e-08,7.44857572954e-07,1.98598154384e-05,3.92173831187e-08,3.97690214093e-12,7.45058059692e-09,4.92952612063e-09,64
12.9120006133,2511.49525866,-63.412830059,8.4543504715,-487.514678955,0.487976580858,0.0396091081202,102.137916565,39.0831184387,0.973721921444,0.000232830643654,0.000465661287308,2,533.358892426,7.61114683561,0.83016088684,75.2362228584,9.91631028924,127.5120012,139.1738042,5150.00335872,0.006053596735,1058.63471981,1050.18250179,15,70.0796153978,28.6198610411,46.8842154078,0.00337314819132,0.0033360265661,3.71216252182e-05,-7.63975549489e-05,1598.43356738,5088,10.1760004833,1069.51818885,533.358892426,-0.12682566819,-6.70326016916e-05,0.00992340128869,1,6456,-2.03306535695e-06,2.03306535695e-06,1.41218400002,0,0,0,0,6.4354121605e-06,4.21665663453e-06,2.03919971682e-05,3.99501267623e-08,1.49312154463e-06,2.03919444175e-05,3.97690165244e-08,7.67788610467e-12,1.49011611938e-08,2.37493509303e-08,64
12.928000614,2510.52901149,-58.1058629905,7.7468123436,-487.748413086,0.446884512901,0.0363034568727,102.137733459,39.0831031799,0.973721802235,0.000232830643654,0.000465661287308,2,533.358892426,7.6673648297,0.951595073129,74.4513537375,9.79366350188,128.056752146,141.51626965,5150.00382438,0.006053596735,1058.63471981,1050.18250179,15,70.0796153978,27.2294091701,46.4431141154,0.00354456662632,0.0035397533793,4.81324702317e-06,0.000185536919162,1598.43356738,5088,10.1760004833,1069.51818885,533.358892426,-0.116211730017,-0.000203591810077,0.0107630165294,1,6464,-2.08946744351e-06,2.08946744351e-06,1.41236591339,0,0,0,0,5.26884969076e-06,3.45229773302e-06,2.0263796614e-05,4.00178343796e-08,1.49214520206e-06,2.02637656912e-05,4.13825098633e-08,8.17194922842e-12,1.49011611938e-08,1.00188231045e-08,64
12.9440006148,2509.64378938,-53.2331323484,7.09716844559,-487.964019775,0.409255564213,0.0332680977881,102.137825012,39.0830879211,0.973721861839,0.000232830643654,0.000465661287308,2,533.358892426,7.72360250924,1.07199348408,73.6751791781,9.68130533991,128.601692268,143.838755321,5150.00382438,0.006053596735,1058.63471981,1050.18250179,15,70.0796153978,25.8700656559,45.9478978883,0.00363553030736,0.00368254404748,-4.70137401232e-05,4.27462509833e-05,1598.43356738,5088,10.1760004833,1069.51818885,533.358892426,-0.106466266914,6.26627638667e-05,0.0109241679311,1,6472,-1.9680674086e-06,1.9680674086e-06,1.40808391571,0,0,0,0,4.31375656262e-06,2.82649602923e-06,2.44744715019e-05,3.81005627048e-08,3.7194135416e-07,2.44744423981e-05,3.89447123439e-08,3.34747507491e-12,3.72529029846e-09,1.7371483807e-08,64
12.9600006156,2508.83284025,-48.7710094603,6.50226736069,-488.1612854,0.374800413847,0.0304815080017,102.137733459,39.0830764771,0.973721802235,0.000232830643654,0.000465661287308,2,533.358892426,7.77826214786,1.18505345537,72.9076845305,9.57859030358,129.131352878,146.01967996,5150.00382438,0.006053596735,1058.63471981,1050.18250179,15,70.0796153978,24.6892814175,45.4432229162,0.00351486593997,0.00360068952432,-8.58235843504e-05,0.000124600774143,1598.43356738,5088,10.1760004833,1069.51818885,533.358892426,-0.0975420206828,0.000218811635477,0.0105711054057,1,6480,-2.13387420445e-06,2.13387420445e-06,1.41267621517,0,0,0,0,3.53179643753e-06,2.31413446272e-06,1.98372363229e-05,3.90363048552e-08,1.49648565184e-06,1.98372872546e-05,3.92772854241e-08,4.16211509702e-12,1.49011611938e-08,6.37373887002e-09,64
12.9760006163,2508.08964483,-44.6736157755,5.95599317551,-488.343139648,0.343250602484,0.0279246196151,102.137641907,39.0830535889,0.97372174263,0.000232830643654,0.000465661287308,2,533.358892426,8.34383348043,1.42519516367,72.148774572,9.48478591087,129.494277644,147.937229485,5150.00335872,0.006053596735,1058.63471981,1050.18250179,15,70.0796153978,23.7974054471,45.0713378086,0.00355806249741,0.003592504072,-3.44415745923e-05,-0.000332875060849,1598.43356738,5088,10.1760004833,1069.51818885,533.358892426,-0.0893472389407,-5.9728222368e-05,0.00844523776323,1,6488,-1.93484925148e-06,1.93484925148e-06,1.40794801712,0,0,0,0,2.89158401756e-06,1.89465004041e-06,2.47189818765e-05,3.88102456839e-08,3.75298640165e-07,2.47190109803e-05,3.93850037028e-08,3.14562612069e-12,3.72529029846e-09,1.26948558332e-08,64
12.9920006171,2507.40931369,-40.9229905927,5.455950737,-488.50958252,0.314361810684,0.0255786646158,102.137733459,39.0830459595,0.973721802235,0.000232830643654,0.000465661287308,2,533.358892426,12.7408021129,2.64109068957,71.3982881565,9.40025199357,129.494277644,148.619743413,5150.00429004,0.006053596735,1058.63471981,1050.18250179,15,70.0796153978,23.8193260884,44.8319224233,0.00356999250994,0.00349336914951,7.66233604343e-05,0.00069758243626,1598.43356738,5088,10.1760004833,1069.51818885,533.358892426,-0.0818459824359,0.000122426513371,0.0028040597681,1,6496,-2.09935797102e-06,2.09935797102e-06,1.41267204285,0,0,0,0,2.36742425841e-06,1.55120676482e-06,1.99151818379e-05,3.93085279882e-08,7.44581086565e-07,1.99151909328e-05,3.93851387059e-08,3.48488946034e-12,7.45058059692e-09,3.34793637258e-09,64
13.0080006178,2506.78579323,-37.4806149921,4.99700498581,-488.662811279,0.287907749414,0.023427831009,102.137641907,39.0830307007,0.97372174263,0.000232830643654,0.000465661287308,2,533.358892426,21.4586006199,4.97980685497,70.6561666857,9.32505722187,129.494277644,148.619743413,5150.00335872,0.006053596735,1058.63471981,1050.18250179,15,70.0796153978,24.0094141191,44.5658297394,0.00354766015176,0.00352520146407,2.24586876874e-05,-0.000265572452918,1598.43356738,5088,10.1760004833,1069.51818885,533.358892426,-0.0749612354412,-1.02318153949e-05,0.00278450758196,1,6504,-2.05000083042e-06,2.05000083042e-06,1.41118526459,0,0,0,0,1.93827963813e-06,1.27001931105e-06,2.06557797355e-05,4.0525495848e-08,1.49038226027e-06,2.06557888305e-05,4.12824263663e-08,4.18308443439e-12,1.49011611938e-08,1.29971340357e-08,64
13.0240006186,2506.21465966,-34.3289357261,4.57681560516,-488.802947998,0.263682633638,0.0214566141367,102.137550354,39.0830116272,0.973721683025,0.000232830643654,0.000465661287308,2,533.358892426,34.2125132452,8.40128845351,69.9223442359,9.25810561956,129.494277644,148.619743413,5150.00429004,0.006053596735,1058.63471981,1050.18250179,15,70.0796153978,24.083059543,44.3712888227,0.00364599216096,0.00361978891306,2.62032479048e-05,0.000571162672713,1598.43356738,5088,10.1760004833,1069.51818885,533.358892426,-0.0686578758291,-2.71640487881e-05,0.00276481173933,1,6512,-1.95012603399e-06,1.95012603399e-06,1.41068077087,0,0,0,0,1.58692751029e-06,1.03980278254e-06,1.94239473785e-05,3.7962283983e-08,7.42297459055e-07,1.9424038328e-05,3.84045861779e-08,3.32830117633e-12,7.45058059692e-09,8.32369551063e-09,64
13.0400006194,2505.69195487,-31.4377939503,4.19136190414,-488.932098389,0.241500526667,0.0196501761675,102.137641907,39.0830039978,0.97372174263,0.000232830643654,0.000465661287308,2,533.358892426,50.5859362687,12.300975051,69.1968134825,10.062522854,129.494277644,145.608457387,5150.00429004,0.006053596735,1058.63471981,1053.1937005,15,70.0796153978,24.1859543166,44.2797063442,0.0037443845663,0.00377349351766,-2.91089513604e-05,0.000417458068114,1598.43356738,5088,10.1760004833,1069.51818885,533.358892426,-0.0628755927323,1.13189457807e-05,0.00509823905304,1,6520,-2.06567210626e-06,2.06567210626e-06,1.41466999054,0,0,0,0,1.29926513637e-06,8.51317849992e-07,1.92241786863e-05,3.75827156063e-08,7.44195403968e-07,1.92241841432e-05,3.71431099211e-08,3.26741411705e-12,7.45058059692e-09,6.75328770683e-09,64
13.0560006201,2505.21302223,-28.792910598,3.83873963356,-489.04989624,0.221192210913,0.0179938990623,102.139045715,39.0823898315,0.9737226367,0.000232830643654,0.000465661287308,2,533.358892426,69.8758975518,15.6457003177,68.9658912048,12.2325731343,129.234278575,137.580660521,5150.00429004,0.006053596735,1058.89467523,1061.22146826,15,70.0796153978,24.4514303631,44.3859098596,0.00390534353467,0.00391173671233,-6.39317765394e-06,0.000279214873444,1598.43356738,5088,10.1760004833,1069.51818885,533.358892426,-0.0575858223328,7.66533503338e-05,0.00820157490671,1,6528,-2.17886395149e-06,2.17886395149e-06,1.41287350655,0,0,0,0,1.06374727693e-06,6.96999734373e-07,1.95879892999e-05,4.7760508437e-08,7.44998430946e-07,1.95879892999e-05,4.7760508437e-08,6.36724006853e-12,7.45058059692e-09,7.53868789616e-09,64
13.0720006209,2504.7743693,-26.3674173766,3.5153670311,-489.158172607,0.202595859766,0.0164763554931,102.182167053,39.0642852783,0.973751783371,0.000232830643654,0.000465661287308,2,533.358892426,84.1899144491,18.2982081128,79.2779560291,14.6905199741,120.232973131,128.042622237,5150.00289306,0.006053596735,1067.89602432,1070.75937558,15,70.0796153978,25.1649471465,44.9080544058,0.00411702842651,0.00411455403082,2.47439568835e-06,-0.00132058630697,1598.43356738,5088,10.1760004833,1069.51818885,533.358892426,-0.0527348369417,-0.000117719167747,0.0233355853707,1,6536,-2.120624913e-06,2.120624913e-06,1.4125790596,0,0,0,0,8.70922065133e-07,5.70654890453e-07,1.98028101295e-05,3.84328657788e-08,7.46764442283e-07,1.98027719307e-05,3.92237566871e-08,3.84334231107e-12,7.45058059692e-09,6.74265265843e-09,64
13.0880006216,2504.37296927,-24.144857889,3.21905016899,-489.257659912,0.185568720102,0.015085930936,102.223579407,39.0469017029,0.973779737949,0.000232830643654,0.000465661287308,2,533.358892426,93.834138803,20.2693611443,88.8259615465,16.922531823,108.663771243,118.752046546,5150.00382438,0.006053596735,1079.46514618,1080.05001675,15,70.0796153978,26.441155569,45.8583199361,0.00388772207482,0.00392901711166,-4.12950368345e-05,-0.000203726813197,1598.43356738,5088,10.1760004833,1069.51818885,533.358892426,-0.0482897171139,9.37738775519e-05,0.0300784483552,1,6544,-2.04972684514e-06,2.04972684514e-06,1.412981987,0,0,0,0,7.1305032634e-07,4.67212544208e-07,2.52240388363e-05,3.01223394672e-07,7.43083489851e-07,2.52241043199e-05,3.01223394672e-07,2.75713826769e-12,7.45058059692e-09,8.44318037707e-09,64
13.1040006224,2504.00486402,-22.1132813749,2.94819545746,-489.348052979,0.169977143407,0.0138119263574,102.25252533,39.0348129272,0.973799288273,0.000232830643654,0.000465661287308,2,533.358892426,100.384307883,21.6480241295,95.9411818966,18.7331321233,97.8840034804,110.457585834,5150.00382438,0.006053596735,1090.24508856,1088.34449202,15,70.0796153978,28.2582932414,47.0937484351,0.00392626191281,0.00391992216464,6.33974817088e-06,-0.000194631866179,1598.43356738,5088,10.1760004833,1069.51818885,533.358892426,-0.0442265637446,-0.000244089193302,0.0316094905138,1,6552,-2.17141723624e-06,2.17141723624e-06,1.41638731956,0,0,0,0,5.83795952025e-07,3.82521108122e-07,1.9579742002e-05,4.37243699025e-08,1.48973390424e-06,1.9579732907e-05,4.37243699025e-08,3.86871090718e-12,1.49011611938e-08,1.31496449285e-08,64
13.1200006232,2503.66819091,-20.2479313884,2.69950270653,-489.431671143,0.155698657036,0.0126454569399,102.271903992,39.0267105103,0.97381234169,0.000232830643654,0.000465661287308,2,533.358892426,104.688870248,22.5447670586,100.971926924,20.0899415078,88.6545094545,103.377555206,5150.00382438,0.006053596735,1099.47449528,1095.42463906,15,70.0796153978,30.3775577777,48.3654075651,0.00387567127003,0.00390173227061,-2.60610005798e-05,-0.000176441972144,1598.43356738,5088,10.1760004833,1069.51818885,533.358892426,-0.0404958662159,-1.66657798673e-05,0.0292086750269,1,6560,-2.26783822654e-06,2.26783822654e-06,1.41293406487,0,0,0,0,4.77971468626e-07,3.13181629963e-07,1.90314221982e-05,3.56949740876e-08,1.48979302139e-06,1.9031453121e-05,3.69440407155e-08,2.9382885014e-12,1.49011611938e-08,1.96461655833e-08,64
13.1360006239,2503.35969031,-18.5417393368,2.47202897072,-489.507873535,0.142626583576,0.0115766171366,102.284828186,39.0212211609,0.973821043968,0.000232830643654,0.000465661287308,2,533.358892426,107.421167308,23.0620019035,104.408607982,21.033944176,81.0771598481,97.4820140982,5150.00429004,0.006053596735,1107.05185216,1101.3202602,15,70.0796153978,32.2367122862,49.3692605232,0.00392785352854,0.00390900822822,1.88453003203e-05,0.00028194335755,1598.43356738,5088,10.1760004833,1069.51818885,533.358892426,-0.0370834811747,6.34088337392e-05,0.025423400104,1,6568,-1.99362716558e-06,1.99362716558e-06,1.41323149204,0,0,0,0,3.91329734839e-07,2.56411283317e-07,1.9242588678e-05,3.76998237073e-08,1.48598121541e-06,1.92425668502e-05,3.84719385238e-08,2.76928827092e-12,1.49011611938e-08,7.96319454821e-09,64
13.1520006247,2503.07726674,-16.9806644408,2.26390266418,-489.577484131,0.130656138062,0.0105976937339,102.293830872,39.01745224,0.973827064037,0.000232830643654,0.000465661287308,2,533.358892426,109.061179873,23.2849474522,106.666168803,21.6308217896,75.0037361286,92.646892881,5150.00382438,0.006053596735,1113.1252395,1106.15522135,15,70.0796153978,33.4666437993,50.0208589074,0.00392341974187,0.00392356014345,-1.40401579252e-07,-0.000198269844986,1598.43356738,5088,10.1760004833,1069.51818885,533.358892426,-0.0339613315248,-3.19424486861e-05,0.0214953478426,1,6576,-2.279926548e-06,2.279926548e-06,1.41373586655,0,0,0,0,3.20393553466e-07,2.09931698691e-07,1.88476606127e-05,3.53760114535e-08,7.47702188164e-07,1.88475896721e-05,3.66204737645e-08,4.03604927257e-12,7.45058059692e-09,1.30555690703e-08,64
13.1680006254,2502.81882472,-15.5480520334,2.0729033947,-489.641784668,0.119691923261,0.00970200449228,102.300224304,39.0148048401,0.973831355572,0.000232830643654,0.000465661287308,2,533.358892426,109.921772984,23.280801604,108.046831464,21.9463072839,70.2157340129,88.7267233338,5150.00382438,0.006053596735,1117.91328527,1110.0753909,15,70.0796153978,34.3912470271,50.5677526235,0.00390409297946,0.00390718923882,-3.09625936001e-06,-0.000181898940355,1598.43356738,5088,10.1760004833,1069.51818885,533.358892426,-0.0310961070227,0.000129631416712,0.0179320834577,1,6584,-2.29242368732e-06,2.29242368732e-06,1.41367924213,0,0,0,0,2.62315921873e-07,1.7187745982e-07,1.97478711925e-05,3.89919883048e-08,7.44666238006e-07,1.97478639166e-05,3.84747487203e-08,7.80114861598e-12,7.45058059692e-09,3.60391405607e-09,64
13.1840006262,2502.58203596,-14.2367807712,1.89808166027,-489.700500488,0.10965231061,0.00888191629201,102.30493927,39.0129318237,0.973834574223,0.000232830643654,0.000465661287308,2,533.358892426,110.196951825,23.100627511,108.755742201,22.0376679335,66.5024344926,85.5849866639,5150.00382438,0.006053596735,1121.62658479,1113.21732402,15,70.0796153978,35.1607304765,51.0910394951,0.0039352715947,0.00401632860303,-8.10570083276e-05,-0.000291038304567,1598.43356738,5088,10.1760004833,1069.51818885,533.358892426,-0.0284735630629,6.82245371308e-05,0.0148735735565,1,6592,-1.86587953976e-06,1.86587953976e-06,1.4075139761,0,0,0,0,2.14765989881e-07,1.40721297726e-07,2.42639471253e-05,4.11213179063e-08,7.44788906104e-07,2.42639616772e-05,4.12488887491e-08,3.34791916412e-12,7.45058059692e-09,6.60915855377e-09,64
13.200000627,2502.3650378,-13.0383450596,1.73830330372,-489.753845215,0.10045877099,0.00813087262213,102.308021545,39.0115966797,0.97383660078,0.000232830643654,0.000465661287308,2,533.358892426,110.003994089,22.7828511792,108.927509232,21.9519144337,63.6884142295,83.1061406643,5150.00335872,0.006053596735,1124.44057595,1115.69627188,15,70.0796153978,35.8370598406,51.6023101227,0.0041736728934,0.00418185663875,-8.18374534806e-06,-0.000922227627598,1598.43356738,5088,10.1760004833,1069.51818885,533.358892426,-0.0260766910287,-0.000233171704167,0.0122970016673,1,6600,-2.23437905333e-06,2.23437905333e-06,1.41271185875,0,0,0,0,1.75835424443e-07,1.15212792196e-07,1.93886298803e-05,3.6767193734e-08,3.74272985937e-07,1.93886917259e-05,3.6867042752e-08,1.06621239615e-11,3.72529029846e-09,1.03486801351e-08,64
13.2160006277,2502.16643326,-11.9386832012,1.59169375896,-489.803070068,0.09204018116,0.00744313374162,102.31023407,39.0106735229,0.973838090897,0.000232830643654,0.000465661287308,2,533.358892426,109.412002131,22.3559679899,108.648543459,21.726137842,61.6385004832,81.1978316051,5150.00475571,0.006053596735,1126.49041694,1117.60443542,15,70.0796153978,36.4486622857,52.0990070072,0.00427641737299,0.00425279722549,2.36201475046e-05,0.000403815647587,1598.43356738,5088,10.1760004833,1069.51818885,533.358892426,-0.0238773676386,0.000128641985953,0.010118839331,1,6608,-2.16651619667e-06,2.16651619667e-06,1.41276407242,0,0,0,0,1.43961798926e-07,9.43282074672e-08,1.98709240067e-05,3.9206945246e-08,7.46541843455e-07,1.98709021788e-05,4.00645632226e-08,6.04533090254e-12,7.45058059692e-09,2.53083953794e-09,64
13.2320006285,2501.98482536,-10.9320899355,1.45749235153,-489.848266602,0.0843328535557,0.00681303720921,102.311820984,39.0100708008,0.97383916378,0.000232830643654,0.000465661287308,2,533.358892426,108.459328707,21.8405716749,107.97249919,21.3886943683,60.2546388109,79.7895045253,5150.00429004,0.006053596735,1127.87436228,1119.0129444,15,70.0796153978,37.0098969142,52.5765717612,0.00411395888189,0.00403451849706,7.94403848259e-05,0.000156433088705,1598.43356738,5088,10.1760004833,1069.51818885,533.358892426,-0.0218641815763,0.000210931716538,0.00824329908937,1,6616,-2.17628280552e-06,2.17628280552e-06,1.4127612114,0,0,0,0,1.17865909033e-07,7.7229358908e-08,1.97288318304e-05,3.891817002e-08,1.48844026171e-06,1.9728911866e-05,3.83233142998e-08,3.23151574944e-12,1.49011611938e-08,1.11863300845e-08,64
13.2480006292,2501.81811862,-10.0123288576,1.33486759663,-489.889129639,0.0772731229663,0.00623615039513,102.3126297,39.0097427368,0.973839700222,0.000232830643654,0.000465661287308,2,533.358892426,107.134796142,21.2433003522,106.919644202,20.9598755954,59.4760240347,78.8321631262,5150.00475571,0.006053596735,1128.65306437,1119.97034401,15,70.0796153978,37.5289491785,53.0309298483,0.00423612959988,0.00414729584008,8.88337597926e-05,0.000509317032993,1598.43356738,5088,10.1760004833,1069.51818885,533.358892426,-0.0200246592641,1.22390986235e-06,0.0065708537586,1,6624,-1.89279842289e-06,1.89279842289e-06,1.40678977966,0,0,0,0,9.65003934539e-08,6.32300114489e-08,2.58325781033e-05,5.67348479308e-08,1.48813739997e-06,2.58325544564e-05,5.67348479308e-08,1.79783965493e-12,1.49011611938e-08,5.42859446284e-09,64
13.26400063,2501.66561455,-9.16700355447,1.22216677666,-489.927062988,0.0708084478974,0.00570807280019,102.312278748,39.0098381042,0.973839461803,0.000232830643654,0.000465661287308,2,533.358892426,102.696482563,20.114184831,105.350609143,20.3683707373,59.4222656218,78.5929441918,5150.00335872,0.006053596735,1128.70684825,1120.20969391,16,70.0719756423,38.0111814593,53.4581486136,0.00421226513392,0.00427462509833,-6.23599644145e-05,-0.00101499608718,1598.43356738,5088,10.1760004833,1069.51818885,533.358892426,-0.0183340080895,0.00017321788448,0.00479470659047,1,6632,-2.34977028413e-06,2.34977028413e-06,1.4135850668,0,0,0,0,7.90077976376e-08,5.17683247381e-08,1.8682118025e-05,3.54379281475e-08,7.4387588711e-07,1.86821835086e-05,3.65707002459e-08,6.47362718986e-12,7.45058059692e-09,1.46101228893e-08,64
13.2800006308,2501.52591616,-8.39251606521,1.11891031265,-489.96182251,0.0648898333311,0.00522444257513,102.311820984,39.0099067688,0.97383916378,0.000232830643654,0.000465661287308,2,533.358892426,92.0588148362,17.778079964,104.062480934,19.7611449842,59.4222656218,78.5929441918,5150.00429004,0.006053596735,1128.70684825,1120.20969391,16,70.0719756423,38.4604973078,53.8535932719,0.00430614559288,0.00430554791819,5.97674687519e-07,-0.000114596332423,1598.43356738,5088,10.1760004833,1069.51818885,533.358892426,-0.0167850338073,2.12274642308e-05,0.00402207486331,1,6640,-1.86556815152e-06,1.86556815152e-06,1.40681672096,0,0,0,0,6.46860840448e-08,4.23843005137e-08,2.4309661967e-05,4.15832950296e-08,7.25748350305e-09,2.43097110797e-05,4.23736068456e-08,4.60442795003e-12,1.45519152284e-11,6.07514039075e-09,64
13.2960006315,2501.39809214,-7.68762129155,1.02493202686,-489.993103027,0.0594699159265,0.00478137424216,102.311637878,39.0099563599,0.973839044571,0.000232830643654,0.000465661287308,2,533.358892426,76.4659136528,14.3537668647,102.889982335,19.2046527661,59.4222656218,78.5929441918,5150.00429004,0.006053596735,1128.70684825,1120.20969391,16,70.0719756423,38.8800144719,54.2168781976,0.00423756400802,0.00413274392486,0.000104820083169,5.82076609135e-05,1598.43356738,5088,10.1760004833,1069.51818885,533.358892426,-0.0153752441889,8.4217077756e-06,0.00370350084268,1,6648,-1.93689857042e-06,1.93689857042e-06,1.41097939014,0,0,0,0,5.29604591293e-08,3.47013120461e-08,2.01922921406e-05,3.76000315327e-08,1.48668880229e-06,2.01922921406e-05,3.73421578104e-08,6.8811900622e-12,1.49011611938e-08,9.35814004066e-09,64
13.3120006323,2501.28121115,-7.04130980012,0.93876427412,-490.021972656,0.054504416883,0.00437610782683,102.311546326,39.0099983215,0.973838984966,0.000232830643654,0.000465661287308,2,533.358892426,57.9384807893,10.2850087702,101.770735177,18.6946859739,59.4222656218,78.5929441918,5150.00429004,0.006053596735,1128.70684825,1120.20969391,16,70.0719756423,39.2723595724,54.550007917,0.00417051009005,0.00414365786128,2.68522287739e-05,4.72937244922e-05,1598.43356738,5088,10.1760004833,1069.51818885,533.358892426,-0.0140826204031,0.000345612427566,0.00356248905882,1,6656,-1.85988847079e-06,1.85988847079e-06,1.40818881989,0,0,0,0,4.33603304373e-08,2.84110139859e-08,2.424253762e-05,1.05476999579e-07,1.48992444338e-06,2.42425539909e-05,1.05476999579e-07,2.51162979303e-12,1.49011611938e-08,2.76683831402e-09,64
13.328000633,2501.1736434,-6.44773444947,0.859627366066,-490.048370361,0.049953635782,0.00400598486885,102.311546326,39.0100364685,0.973838984966,0.000232830643654,0.000465661287308,2,533.358892426,38.8772406755,6.09902425523,100.680289212,18.2273294913,59.4222656218,78.5929441918,5150.00382438,0.006053596735,1128.70684825,1120.20969391,16,70.0719756423,39.6398354496,54.8553434783,0.00393507175456,0.00388718035538,4.78913991797e-05,-0.000161890056916,1598.43356738,5088,10.1760004833,1069.51818885,533.358892426,-0.0128954695811,-0.000143046463563,0.00349286338314,1,6664,-2.04253274205e-06,2.04253274205e-06,1.41153657436,0,0,0,0,3.55004203811e-08,2.32609576045e-08,2.05859560083e-05,3.85763456734e-08,1.70080447504e-08,2.05859942071e-05,3.88410299479e-08,1.39649403152e-11,2.91038304567e-11,1.41733336179e-08,64
13.3440006338,2501.07562169,-5.9044155023,0.787190794945,-490.072723389,0.045785497874,0.00366730708629,102.31136322,39.0100669861,0.973838865757,0.000232830643654,0.000465661287308,2,533.358892426,21.7524724014,2.4971701068,99.6088145316,17.7990234558,59.4222656218,79.4098814367,5150.00429004,0.006053596735,1128.70684825,1120.20969391,16,70.0719756423,39.2551373807,55.1351768081,0.00412884741674,0.00409272615798,3.61212587618e-05,9.82254277915e-05,1598.43356738,5088,10.1760004833,1069.51818885,533.358892426,-0.0118088312462,-6.55315801623e-05,0.00916572473943,1,6672,-2.24110408453e-06,2.24110408453e-06,1.41448628902,0,0,0,0,2.90652710788e-08,1.90444531256e-08,1.8140875909e-05,5.16004092788e-08,9.31119927827e-08,1.81408249773e-05,5.16004092788e-08,3.3526098564e-12,9.31322574615e-10,1.04951141111e-08,64
13.3600006346,2500.98551624,-5.40698192708,0.72087174654,-490.094848633,0.0419692061841,0.00335703114979,102.311271667,39.0100975037,0.973838806152,0.000232830643654,0.000465661287308,2,533.358892426,9.00430609753,0.124166687529,98.5522019108,17.4063325267,60.1907413511,84.5137474244,5150.00429004,0.006053596735,1128.70684825,1120.20969391,16,70.0719756423,35.5933225364,54.765445384,0.00381155455809,0.00373984221369,7.17123443961e-05,0.000451109372079,1598.43356738,5088,10.1760004833,1069.51818885,533.358892426,-0.0108139639465,-0.0001290763052,0.0217770375311,1,6680,-2.23595702664e-06,2.23595702664e-06,1.41276097298,0,0,0,0,2.37966180094e-08,1.55922723621e-08,1.98631714738e-05,3.91094339136e-08,1.49095171764e-06,1.98631678359e-05,3.94408417037e-08,8.3908574533e-12,1.49011611938e-08,1.60835043062e-08,64
13.3760006353,2500.90332702,-4.9509208111,0.660068571568,-490.115386963,0.0384755805135,0.00307254679501,102.311271667,39.0101203918,0.973838806152,0.000232830643654,0.000465661287308,2,533.358892426,2.79468781747,-1.32556296099,97.5086860682,17.0337683719,68.422203185,91.3136245799,5150.00429004,0.006053596735,1128.70684825,1120.20969391,16,70.0719756423,31.3902091875,50.4343552166,0.00383241609281,0.00395448296331,-0.0001220668705,0.000236468622461,1598.43356738,5088,10.1760004833,1069.51818885,533.358892426,-0.00990184201299,-0.000109875664123,0.0266485288739,1,6688,-1.96224254978e-06,1.96224254978e-06,1.40867865086,0,0,0,0,1.94830125366e-08,1.27658656979e-08,2.05863834708e-05,3.98366459819e-08,1.48752849327e-06,2.05863925657e-05,3.89261316514e-08,2.5670993109e-12,1.49011611938e-08,5.8879647824e-09,64
13.3920006361,2500.82788989,-4.53583606941,0.604728519917,-490.133728027,0.0352751649916,0.00281208334491,102.311088562,39.0101509094,0.973838686943,0.000232830643654,0.000465661287308,2,533.358892426,2.52233841748,-1.35357604867,96.4774392993,16.6503085473,78.2014540164,97.0495239017,5150.00289306,0.006053596735,1128.70684825,1120.20969391,16,70.0719756423,28.7496804958,47.9499285575,0.00373885182536,0.0038453435991,-0.000106491773733,-0.00105137587525,1598.43356738,5088,10.1760004833,1069.51818885,533.358892426,-0.00907167230224,-8.72280025987e-06,0.0226748660207,1,6696,-2.10459847949e-06,2.10459847949e-06,1.41226089001,0,0,0,0,1.59513362519e-08,1.04518012023e-08,2.01430557354e-05,3.9476127256e-08,1.48887693285e-06,2.01430611924e-05,3.96474497677e-08,1.22848953232e-11,1.49011611938e-08,1.65005786812e-08,64
13.4080006368,2500.75873919,-4.15387876274,0.553805053234,-490.150756836,0.0323428660631,0.00257381773554,102.311088562,39.0101852417,0.973838686943,0.000232830643654,0.000465661287308,2,533.358892426,3.31512131972,-1.15034330758,95.457890268,16.2483553832,85.8835192048,100.969882624,5150.00335872,0.006053596735,1128.70684825,1120.20969391,16,70.0719756423,27.7488052234,47.3685795441,0.00370753110157,0.0036925484892,1.4982612373e-05,-0.000432919478044,1598.43356738,5088,10.1760004833,1069.51818885,533.358892426,-0.00830775803706,-7.41451344766e-05,0.0184308625758,1,6704,-2.54117207987e-06,2.54117207987e-06,1.41281318665,0,0,0,0,1.30598420967e-08,8.55720561077e-09,1.93970063265e-05,3.69097854502e-08,3.72863809162e-07,1.93970172404e-05,3.57348071134e-08,9.57563195403e-12,3.72529029846e-09,1.53321479957e-08,64
13.4240006376,2500.69540925,-3.8051653064,0.507313728333,-490.166168213,0.0296544767916,0.00235634786077,102.310783386,39.0102005005,0.973838448524,0.000232830643654,0.000465661287308,2,533.358892426,3.96280640327,-0.995612778228,94.4498338794,15.8356402271,92.1595856198,103.954633232,5150.00335872,0.006053596735,1128.70684825,1120.20969391,16,70.0719756423,27.3924251815,47.1334496979,0.00364500334082,0.00361251295544,3.24903853821e-05,-0.000352883944288,1598.43356738,5088,10.1760004833,1069.51818885,533.358892426,-0.00761033103203,-7.30802085513e-05,0.0152851361781,1,6712,-2.21766185859e-06,2.21766185859e-06,1.41229534149,0,0,0,0,1.06924895604e-08,7.00604463333e-09,1.96964083443e-05,3.86914820183e-08,7.43998441521e-07,1.96964410861e-05,3.72502775292e-08,3.93371446528e-12,7.45058059692e-09,6.46321041131e-09,64
13.4400006384,2500.63743442,-3.48610547007,0.464775919914,-490.180297852,0.0271908398718,0.00215733866207,102.310691833,39.0102348328,0.97383838892,0.000232830643654,0.000465661287308,2,533.358892426,4.49984344143,-0.86761211964,93.4529624911,15.420405333,97.3634741968,106.423765828,5150.00335872,0.006053596735,1128.70684825,1120.20969391,16,70.0719756423,27.3142577498,46.9961851195,0.00375965651667,0.00385080056731,-9.11440506401e-05,-0.000591171556152,1598.43356738,5088,10.1760004833,1069.51818885,533.358892426,-0.00697221125279,-1.27080568291e-05,0.0127558084205,1,6720,-2.10719713323e-06,2.10719713323e-06,1.41219472885,0,0,0,0,8.75426575675e-09,5.73606140364e-09,2.02575884032e-05,3.98225807885e-08,1.49173240516e-06,2.02575611183e-05,3.98970456672e-08,1.34754707393e-11,1.49011611938e-08,1.69968839003e-08,64
13.4560006391,2500.58434904,-3.19211358146,0.425580203533,-490.193481445,0.0249339640141,0.00197524367832,102.310600281,39.0102653503,0.973838329315,0.000232830643654,0.000465661287308,2,533.358892426,4.94804597731,-0.755713990713,92.4670856577,15.0091130233,101.70655878,108.582280518,5150.00382438,0.006053596735,1128.70684825,1120.20969391,16,70.0719756423,27.3730274785,46.9132792205,0.00372395884962,0.00377804099116,-5.40821415429e-05,-5.27506927028e-05,1598.43356738,5088,10.1760004833,1069.51818885,533.358892426,-0.00638422736898,-0.000135030653325,0.0106927799061,1,6728,-2.0343700271e-06,2.0343700271e-06,1.41234660149,0,0,0,0,7.16738268736e-09,4.69628780309e-09,2.12330050999e-05,3.953351424e-08,7.45736258523e-07,2.1232994186e-05,3.89050995864e-08,2.87811788291e-12,7.45058059692e-09,4.80213202536e-09,64
13.4720006399,2500.53568743,-2.92386062029,0.389816075563,-490.205383301,0.0228670518845,0.00180849689059,102.310600281,39.0102882385,0.973838329315,0.000232830643654,0.000465661287308,2,533.358892426,5.32418143966,-0.654130467408,91.4921154814,14.6065216843,105.351311504,110.541826871,5150.00382438,0.006053596735,1128.70684825,1120.20969391,16,70.0719756423,27.5053607766,46.8693615403,0.00387152436498,0.00381260178983,5.89225751524e-05,-8.73114913702e-05,1598.43356738,5088,10.1760004833,1069.51818885,533.358892426,-0.00584772141821,2.69553268595e-05,0.00900516100228,1,6736,-2.08491451303e-06,2.08491451303e-06,1.41265523434,0,0,0,0,5.86815351866e-09,3.84499276862e-09,1.98897214432e-05,3.88746812519e-08,7.44820340515e-07,1.98896923393e-05,3.86452043699e-08,3.33763572335e-12,7.45058059692e-09,6.71342181846e-09,64
13.4880006406,2500.49121678,-2.6794268706,0.35722759366,-490.216125488,0.0209748968482,0.00165528221987,102.310417175,39.0103187561,0.973838210106,0.000232830643654,0.000465661287308,2,533.358892426,5.6416093847,-0.559482289761,90.5279201154,14.2160547536,108.427186206,112.367590191,5150.00475571,0.006053596735,1128.70684825,1120.20969391,16,70.0719756423,27.6789687632,46.8546386401,0.00418146310632,0.00420914147981,-2.76783734821e-05,0.000447471393272,1598.43356738,5088,10.1760004833,1069.51818885,533.358892426,-0.00535885380515,3.74900110955e-06,0.00804271176457,1,6744,-2.07672519537e-06,2.07672519537e-06,1.41572642326,0,0,0,0,4.804435072e-09,3.14801229528e-09,1.7707779989e-05,1.30000216814e-07,1.49224911183e-06,1.77077945409e-05,1.30000216814e-07,6.15138495696e-12,1.49011611938e-08,9.01346375315e-09,64
13.5040006414,2500.45023859,-2.4541102448,0.32718783617,-490.226104736,0.0192423146218,0.00151468394324,102.31023407,39.0103340149,0.973838090897,0.000232830643654,0.000465661287308,2,533.358892426,5.91105334902,-0.469723572579,89.5743310889,13.8400461022,111.038098112,114.099035272,5150.00429004,0.006053596735,1128.70684825,1120.20969391,16,70.0719756423,27.875894375,46.8617290608,0.00424399086707,0.00432009983342,-7.61089663515e-05,-0.000129148247652,1598.43356738,5088,10.1760004833,1069.51818885,533.358892426,-0.00490822094079,-0.000214053219594,0.007619980257,1,6752,-1.9906185571e-06,1.9906185571e-06,1.41414380074,0,0,0,0,3.93353660755e-09,2.5773729817e-09,1.89265483641e-05,3.70372639225e-08,1.48646688558e-06,1.89265847439e-05,3.74960471561e-08,3.61708753227e-12,1.49011611938e-08,6.79898448652e-09,64
13.5200006422,2500.41298568,-2.24736004384,0.299623399973,-490.23538208,0.0176541432738,0.00138625502586,102.310188293,39.0103607178,0.973838090897,0.000232830643654,0.000465661287308,2,533.358892426,6.14113235685,-0.383578337926,88.6312238799,13.4800705664,113.267560664,115.76077668,5150.00429004,0.006053596735,1128.70684825,1120.20969391,16,70.0719756423,28.0856274912,46.8848884339,0.00423950023698,0.00423824531026,1.2549267181e-06,-4.72937244922e-05,1598.43356738,5088,10.1760004833,1069.51818885,533.358892426,-0.00449472015163,7.0937922203e-05,0.00728818075731,1,6760,-2.06857225749e-06,2.06857225749e-06,1.41245925426,0,0,0,0,3.22050586199e-09,2.11017314733e-09,2.02005649044e-05,3.96495813959e-08,7.42618226468e-07,2.02005612664e-05,3.90875705136e-08,3.11682971099e-12,7.45058059692e-09,1.72631189344e-08,64
13.5360006429,2500.37875958,-2.05903620554,0.274515628815,-490.243743896,0.0161989070475,0.00126882654149,102.310050964,39.010383606,0.973837971687,0.000232830643654,0.000465661287308,2,533.358892426,6.33879354222,-0.300242028709,87.698495941,13.1370345925,115.182898298,117.368334031,5150.00429004,0.006053596735,1128.70684825,1120.20969391,16,70.0719756423,28.3018380287,46.9196238555,0.0042499452152,0.00431464286521,-6.46976500152e-05,-0.000123691279441,1598.43356738,5088,10.1760004833,1069.51818885,533.358892426,-0.00411807254963,-7.28790361393e-05,0.0070155793801,1,6768,-2.15070326703e-06,2.15070326703e-06,1.4178442955,0,0,0,0,2.63672572665e-09,1.72766279061e-09,1.78685113497e-05,1.13372948363e-07,1.4909417132e-06,1.78684949788e-05,1.13372948363e-07,3.85354248511e-12,1.49011611938e-08,1.25386794281e-08,64
13.5520006437,2500.34732744,-1.88785986666,0.251693993807,-490.251098633,0.0148647427559,0.00116126565263,102.309913635,39.0104103088,0.973837912083,0.000232830643654,0.000465661287308,2,533.358892426,6.5096426815,-0.219196757259,86.7760227502,12.811409716,116.838426038,118.931697216,5150.00475571,0.006053596735,1128.70684825,1120.20969391,16,70.0719756423,28.52065154,46.962461056,0.00435425288881,0.0043073669076,4.68859812086e-05,0.000349245965481,1598.43356738,5088,10.1760004833,1069.51818885,533.358892426,-0.00377571973686,-0.000182401205251,0.00678233802319,1,6776,-2.08180722439e-06,2.08180722439e-06,1.41269075871,0,0,0,0,2.15876716503e-09,1.4144899696e-09,1.98150610231e-05,3.89397563083e-08,1.48862272908e-06,1.98150992219e-05,3.97822041975e-08,5.50041956426e-12,1.49011611938e-08,9.08653419174e-09,64
13.5680006444,2500.31868927,-1.72877253135,0.230484083295,-490.258270264,0.0136422934011,0.00106272671837,102.309822083,39.0104370117,0.973837852478,0.000232830643654,0.000465661287308,2,533.358892426,6.6582088025,-0.140104566107,85.8637383841,12.5032343921,118.27803246,120.457385492,5150.00382438,0.006053596735,1128.70684825,1120.20969391,16,70.0719756423,28.739692425,47.0107079309,0.00445706842267,0.00448562786914,-2.85594464744e-05,-0.000760337570682,1598.43356738,5088,10.1760004833,1069.51818885,533.358892426,-0.00345754513909,-3.4914515723e-05,0.00657601701096,1,6784,-2.01103966901e-06,2.01103966901e-06,1.41040539742,0,0,0,0,1.76744829883e-09,1.15808584944e-09,2.04167590709e-05,3.82527147735e-08,1.06558823987e-08,2.04167590709e-05,3.9196038415e-08,6.85848600135e-12,2.91038304567e-11,8.87988083065e-09,64
13.5840006452,2500.29237941,-1.58373597969,0.211147472262,-490.26473999,0.0125217819586,0.000972769514192,102.309913635,39.0104675293,0.973837912083,0.000232830643654,0.000465661287308,2,533.358892426,6.7881666759,-0.0627421483826,84.9614890216,12.2123502217,119.5373261,121.949706227,5150.00429004,0.006053596735,1128.70684825,1120.20969391,16,70.0719756423,28.9574982162,47.0622835564,0.00449285135484,0.00448926584795,3.58550689139e-06,-0.000298314262182,1598.43356738,5088,10.1760004833,1069.51818885,533.358892426,-0.00316747206242,0.000140673694915,0.00638870894909,1,6792,-2.12948293665e-06,2.12948293665e-06,1.41253960133,0,0,0,0,1.44706358007e-09,9.48159994962e-10,2.00307404157e-05,3.93667178855e-08,7.43448822504e-07,2.00306749321e-05,3.95523187535e-08,1.37810596268e-11,7.45058059692e-09,4.25629975709e-09,64
13.600000646,2500.26839785,-1.45091837567,0.193439900875,-490.2706604,0.0114938728511,0.000890748051461,102.30973053,39.0104980469,0.973837792873,0.000232830643654,0.000465661287308,2,533.358892426,6.90250208149,0.0130439916664,84.0691574654,11.9383808919,120.645236166,123.411620734,5150.00475571,0.006053596735,1128.70684825,1120.20969391,16,70.0719756423,29.1731739708,47.1155908599,0.00453454600258,0.00448017090093,5.43751016435e-05,0.000176441972144,1598.43356738,5088,10.1760004833,1069.51818885,533.358892426,-0.00290183699292,0.000340699912726,0.00621534790844,1,6800,-2.06497611543e-06,2.06497611543e-06,1.4117462635,0,0,0,0,1.18475484978e-09,7.76287367721e-10,2.52196114161e-05,5.00526198266e-07,7.45963859572e-07,2.52196532529e-05,5.00526198266e-07,7.02961300281e-12,7.45058059692e-09,8.10899791759e-09,64
13.6160006467,2500.24604611,-1.32959121402,0.177264273167,-490.275878906,0.0105511527508,0.000815863604657,102.309638977,39.0105171204,0.973837733269,0.000232830643654,0.000465661287308,2,533.358892426,7.00364548611,0.0873613622271,83.1867144163,11.6807944379,121.625314932,124.845202663,5150.00429004,0.006053596735,1128.70684825,1120.20969391,16,70.0719756423,29.3861830869,47.1694402222,0.00443624241508,0.00443287717644,3.3652386433e-06,-0.000241925590672,1598.43356738,5088,10.1760004833,1069.51818885,533.358892426,-0.00265918265185,-0.000134785071992,0.00605267379433,1,6808,-2.44222542278e-06,2.44222542278e-06,1.41330826283,0,0,0,0,9.69994751188e-10,6.35570041041e-10,1.91770668607e-05,3.67048329508e-08,3.7262586261e-07,1.91771032405e-05,3.56722331674e-08,7.17610693091e-12,3.72529029846e-09,5.28768850927e-09,64
13.6320006475,2500.22602268,-1.21857374324,0.162463158369,-490.280853271,0.00968747027218,0.000747188809328,102.309555054,39.0105438232,0.973837673664,0.000232830643654,0.000465661287308,2,533.358892426,7.09358832523,0.160287664333,82.3139547793,11.4389975492,122.496858239,126.25195086,5150.00429004,0.006053596735,1128.70684825,1120.20969391,16,70.0719756423,29.5962090604,47.2229257866,0.00462251119326,0.00470572558697,-8.32143937091e-05,-0.000514774001203,1598.43356738,5088,10.1760004833,1069.51818885,533.358892426,-0.00243714759485,0.000108841158308,0.0058984993957,1,6816,-2.26627321354e-06,2.26627321354e-06,1.41267704964,0,0,0,0,7.94164178863e-10,5.2036047693e-10,1.95997399715e-05,3.77474513868e-08,9.43896765193e-08,1.95996708499e-05,3.90048668919e-08,5.90562321268e-12,9.31322574615e-10,5.29236032776e-09,64
13.6480006482,2500.20716339,-1.11748431664,0.148985683918,-490.285095215,0.00889693852514,0.000683881225996,102.309288025,39.0105628967,0.97383749485,0.000232830643654,0.000465661287308,2,533.358892426,7.17395854012,0.231884003721,81.4508126311,11.2122952834,123.275647638,127.633044031,5150.00475571,0.006053596735,1128.70684825,1120.20969391,16,70.0719756423,29.8030845443,47.2753999929,0.00457485509198,0.00458021531813,-5.36022615183e-06,7.63975549489e-05,1598.43356738,5088,10.1760004833,1069.51818885,533.358892426,-0.00223496865459,-9.33377819479e-05,0.00575142307207,1,6824,-2.239113428e-06,2.239113428e-06,1.41517055035,0,0,0,0,6.50206222197e-10,4.26034874046e-10,2.39906585193e-05,4.10367206882e-08,7.45164129512e-07,2.39906803472e-05,4.00859470062e-08,3.07743067141e-12,7.45058059692e-09,3.44880390912e-09,64
13.664000649,2500.19016676,-1.02468948171,0.136614054441,-490.289123535,0.00817265082151,0.000625531654805,102.309196472,39.0105819702,0.973837435246,0.000232830643654,0.000465661287308,2,533.358892426,7.24610527107,0.302194865799,80.5971780994,10.9999698082,123.97475075,128.989340737,5150.00475571,0.006053596735,1128.70684825,1120.20969391,16,70.0719756423,30.006724046,47.326368076,0.00463444831122,0.00466206984129,-2.76215300632e-05,-5.45696821064e-06,1598.43356738,5088,10.1760004833,1069.51818885,533.358892426,-0.00204937911086,-4.6096682027e-05,0.00561045855284,1,6832,-2.28753879128e-06,2.28753879128e-06,1.41267490387,0,0,0,0,5.32343502613e-10,3.48807677186e-10,1.97827830561e-05,3.87435541427e-08,7.47593674078e-07,1.97828630917e-05,3.81045737186e-08,1.17122561649e-11,7.45058059692e-09,9.04714170247e-09,64
13.6800006498,2500.1745671,-0.938613766266,0.125138238072,-490.29296875,0.00750924600288,0.000571939453948,102.309196472,39.0106086731,0.973837435246,0.000232830643654,0.000465661287308,2,533.358892426,7.31113868612,0.371260279563,79.7529852608,10.8012849793,124.604921439,130.321612232,5150.00475571,0.006053596735,1128.70684825,1120.20969391,16,70.0719756423,30.2070875478,47.3755208077,0.00452117358829,0.00460568116978,-8.45075814881e-05,5.09317032993e-05,1598.43356738,5088,10.1760004833,1069.51818885,533.358892426,-0.00187722770661,1.45825573838e-05,0.0054748877883,1,6840,-2.37564199779e-06,2.37564199779e-06,1.41268002987,0,0,0,0,4.35845748381e-10,2.85579421222e-10,1.9593473553e-05,3.79170970177e-08,1.4925292362e-06,1.95935572265e-05,4.00506294795e-08,3.23872352548e-12,1.49011611938e-08,1.39015128298e-08,64
13.6960006505,2500.16036443,-0.859898818817,0.114643767476,-490.296508789,0.00690014008433,0.000523276277818,102.309013367,39.0106315613,0.973837316036,0.000232830643654,0.000465661287308,2,533.358892426,7.36998308601,0.439114923459,78.918160867,10.6155211329,125.175123685,131.630527903,5150.00475571,0.006053596735,1128.70684825,1120.20969391,16,70.0719756423,30.4041877826,47.4226253573,0.00463591202926,0.00465843186248,-2.25198332204e-05,-1.81898940355e-06,1598.43356738,5088,10.1760004833,1069.51818885,533.358892426,-0.00171979774866,8.9983243079e-05,0.00534421112388,1,6848,-2.12364125218e-06,2.12364125218e-06,1.41235136986,0,0,0,0,3.56840140769e-10,2.33812524897e-10,2.10555645026e-05,3.95218648919e-08,7.44568524169e-07,2.10556045204e-05,4.06861211388e-08,6.41400821344e-12,7.45058059692e-09,1.13510054689e-08,64
13.7120006513,2500.14732592,-0.787636224686,0.105009540915,-490.299743652,0.00634015211836,0.000479348673252,102.308921814,39.0106506348,0.973837256432,0.000232830643654,0.000465661287308,2,533.358892426,7.42341215485,0.505788211216,78.0925803961,10.4419595212,125.692851725,132.916655275,5150.00475571,0.006053596735,1128.70684825,1120.20969391,16,70.0719756423,30.5980538542,47.4675507576,0.00459124731289,0.00464751792606,-5.6270613169e-05,9.09494701773e-06,1598.43356738,5088,10.1760004833,1069.51818885,533.358892426,-0.00157527257905,0.000178288717123,0.00521807465702,1,6856,-2.12030249713e-06,2.12030249713e-06,1.41272079945,0,0,0,0,2.9215588282e-10,1.91429413987e-10,2.44581860898e-05,2.31930272321e-07,7.49364687636e-07,2.44580496656e-05,2.31930272321e-07,6.26297624873e-12,7.45058059692e-09,1.19458718473e-08,64
13.728000652,2500.13521872,-0.722232471162,0.0962897613645,-490.302520752,0.00582541525364,0.000439585885033,102.308738708,39.0106773376,0.973837077618,0.000232830643654,0.000465661287308,2,533.358892426,7.47325938668,0.574647643028,77.276090027,10.279902455,126.175873447,134.244954097,5150.00475571,0.006053596735,1128.70684825,1120.20969391,16,70.0719756423,30.6852380163,47.480356443,0.00453762265262,0.00445834302809,7.92796245319e-05,0.000198269844986,1598.43356738,5088,10.1760004833,1069.51818885,533.358892426,-0.00144446499206,-0.000185349513515,0.00580939929932,1,6864,-2.18707350541e-06,2.18707350541e-06,1.41279435158,0,0,0,0,2.39196912277e-10,1.56729060286e-10,2.47610805673e-05,4.22970884983e-08,7.45420550174e-07,2.47610714723e-05,4.16062526654e-08,3.18746418149e-12,7.45058059692e-09,1.95073752707e-08,64
13.7440006528,2500.12427568,-0.662220656977,0.0882888436317,-490.305175781,0.00535230804235,0.000403498386731,102.308555603,39.0106925964,0.973836958408,0.000232830643654,0.000465661287308,2,533.358892426,7.52423006278,0.659368629365,76.4686384859,10.1290761692,126.669780002,135.879221489,5150.00382438,0.006053596735,1128.70684825,1120.20969391,16,70.0719756423,30.2858843497,47.3598629469,0.0045167611179,0.00443833414465,7.8426973249e-05,-0.00071304384619,1598.43356738,5088,10.1760004833,1069.51818885,533.358892426,-0.00132444133438,0.000160288116113,0.00743677793071,1,6872,-2.16727971747e-06,2.16727971747e-06,1.41564667225,0,0,0,0,1.95837762673e-10,1.28318813908e-10,2.2180043743e-05,3.80155107393e-08,7.4472416145e-07,2.21800492e-05,3.84695475475e-08,2.02834971041e-12,7.45058059692e-09,1.96132532437e-08,64
13.7600006536,2500.11403114,-0.606968512784,0.0809224918485,-490.307495117,0.00491830380633,0.000370506691979,102.30846405,39.0107116699,0.973836898804,0.000232830643654,0.000465661287308,2,533.358892426,7.57770903196,0.763730548486,75.670093926,9.98936987589,127.187988255,137.892362545,5150.00475571,0.006053596735,1128.70684825,1120.20969391,16,70.0719756423,29.3384964607,47.0910017611,0.00448993812963,0.00452928361483,-3.93454852032e-05,0.000127329258248,1598.43356738,5088,10.1760004833,1069.51818885,533.358892426,-0.00121393706198,-0.00018304679994,0.00914175342768,1,6880,-2.0049012619e-06,2.0049012619e-06,1.41234993935,0,0,0,0,1.6033832595e-10,1.05058496624e-10,2.44903658313e-05,4.10295371012e-08,1.49019558648e-06,2.44903567364e-05,4.11051388483e-08,6.70673239167e-12,1.49011611938e-08,9.16448339439e-09,64
13.7760006543,2500.10495074,-0.556535781016,0.0741986781359,-490.309783936,0.00452069984749,0.000340114813298,102.308555603,39.0107421875,0.973836958408,0.000232830643654,0.000465661287308,2,533.358892426,7.63324948019,0.881699122051,74.8804197231,9.86061510418,127.726176288,140.167976497,5150.00429004,0.006053596735,1128.70684825,1120.20969391,16,70.0719756423,28.0336735159,46.7011159344,0.00433940254563,0.00436466507381,-2.52625281805e-05,-0.000173713488039,1598.43356738,5088,10.1760004833,1069.51818885,533.358892426,-0.00111307163486,-5.10815834076e-05,0.0103705786169,1,6888,-2.01167335945e-06,2.01167335945e-06,1.41143882275,0,0,0,0,1.31273852899e-10,8.60145774051e-11,2.52507779805e-05,4.25237374202e-08,3.73217687866e-07,2.52507543337e-05,4.43214389634e-08,2.54457392657e-12,3.72529029846e-09,1.15621547891e-08,64
13.7920006551,2500.09633601,-0.511263976932,0.068162932992,-490.311584473,0.00415706355125,0.000311846728437,102.30846405,39.0107650757,0.973836898804,0.000232830643654,0.000465661287308,2,533.358892426,7.68966295542,1.00369159697,74.099469381,9.74243645707,128.272818984,142.521210364,5150.00429004,0.006053596735,1128.70684825,1120.20969391,16,70.0719756423,26.6319057118,46.2313000753,0.00446167984502,0.00448835635325,-2.66765082246e-05,-0.00029740476748,1598.43356738,5088,10.1760004833,1069.51818885,533.358892426,-0.0010225279512,9.12053765845e-05,0.0109086455777,1,6896,-1.90484172435e-06,1.90484172435e-06,1.41070985794,0,0,0,0,1.07477880762e-10,7.04227440251e-11,2.6395666282e-05,1.81685493317e-07,7.43597922792e-07,2.63956517301e-05,1.81685493317e-07,6.41414699132e-12,7.45058059692e-09,5.44424327842e-09,64
13.8080006558,2500.0886526,-0.468649858476,0.0624815188348,-490.31350708,0.00382460164838,0.00028559754719,102.308280945,39.0107803345,0.973836779594,0.000232830643654,0.000465661287308,2,533.358892426,7.74541673903,1.12150629209,73.3272575493,9.63429372906,128.813073388,144.793855725,5150.00429004,0.006053596735,1128.70684825,1120.20969391,16,70.0719756423,25.3369853453,45.7268288301,0.00444080409945,0.004516550689,-7.57465895562e-05,-0.000325599103235,1598.43356738,5088,10.1760004833,1069.51818885,533.358892426,-0.000937299793335,0.000238807862374,0.0108233839273,1,6904,-2.06813365367e-06,2.06813365367e-06,1.41218936443,0,0,0,0,8.79954026312e-11,5.76572400934e-11,2.52324880421e-05,2.66064660082e-07,1.4917501403e-06,2.52324753092e-05,2.66064660082e-07,4.17896273142e-12,1.49011611938e-08,4.03859701237e-09,64
13.8240006566,2500.08143485,-0.430493003023,0.0573943555355,-490.315032959,0.0035200365819,0.00026125376462,102.308189392,39.0108108521,0.97383671999,0.000232830643654,0.000465661287308,2,533.358892426,7.79891722487,1.23036799697,72.5636084322,9.53548282183,129.33149992,146.893798956,5150.00429004,0.006053596735,1128.70684825,1120.20969391,16,70.0719756423,24.2542446358,45.2308158856,0.00449741303921,0.00443287717644,6.45358627649e-05,-0.000241925590672,1598.43356738,5088,10.1760004833,1069.51818885,533.358892426,-0.000860986060225,0.000162494129263,0.0103159062564,1,6912,-2.08917049349e-06,2.08917049349e-06,1.41118919849,0,0,0,0,7.20445092472e-11,4.72057289091e-11,2.00874055736e-05,3.90812289197e-08,3.72042990193e-07,2.00874110305e-05,3.86851120027e-08,5.94926885533e-12,3.72529029846e-09,7.7711774793e-09,64
13.8400006574,2500.07491559,-0.394675680582,0.0526191070676,-490.316650391,0.00324106332846,0.000238801789237,102.308021545,39.0108299255,0.97383660078,0.000232830643654,0.000465661287308,2,533.358892426,9.68418490981,1.81209994274,71.8084927305,9.44553036888,129.473628476,148.449529661,5150.00429004,0.006053596735,1128.70684825,1120.20969391,16,70.0719756423,23.6657888308,44.9833933089,0.00450934571627,0.00452564563602,-1.62999197473e-05,-0.000334694050252,1598.43356738,5088,10.1760004833,1069.51818885,533.358892426,-0.000789351417563,9.08594866011e-05,0.00497861299664,1,6920,-2.04225580092e-06,2.04225580092e-06,1.41254043579,0,0,0,0,5.89850182586e-11,3.86487578052e-11,2.45069204539e-05,1.88874196283e-07,7.44465353364e-07,2.45069422817e-05,1.88874196283e-07,3.6642633372e-12,7.45058059692e-09,7.01402314007e-09,64
13.8560006581,2500.06886199,-0.363360300071,0.0484440624714,-490.317840576,0.00298484787345,0.000218102330109,102.308021545,39.0108528137,0.97383660078,0.000232830643654,0.000465661287308,2,533.358892426,15.9577962516,3.50507152966,71.0617859222,9.3650919416,129.473628476,148.619670654,5150.00429004,0.006053596735,1128.70684825,1120.20969391,16,70.0719756423,23.931317628,44.7097336291,0.00428731887492,0.00428644852946,8.70345462367e-07,-9.54969436862e-05,1598.43356738,5088,10.1760004833,1069.51818885,533.358892426,-0.000726720628119,2.82286971576e-05,0.00279516680166,1,6928,-2.14692181544e-06,2.14692181544e-06,1.41260027885,0,0,0,0,4.82928246004e-11,3.16429105141e-11,1.97176232177e-05,3.86183884871e-08,5.68520164279e-09,1.97176450456e-05,3.87680145764e-08,3.53557461086e-12,2.91038304567e-11,4.73769290465e-09,64
13.8720006589,2500.06327406,-0.332742160936,0.0443619787693,-490.31918335,0.00274944351986,0.000199184723897,102.308021545,39.0108757019,0.97383660078,0.000232830643654,0.000465661287308,2,533.358892426,26.4462940171,6.31931776123,70.3234074344,9.29359528844,129.473628476,148.619670654,5150.00429004,0.006053596735,1128.70684825,1120.20969391,16,70.0719756423,24.0430490521,44.4685938419,0.00407871773855,0.0040508894017,2.78283368571e-05,0.000140062184073,1598.43356738,5088,10.1760004833,1069.51818885,533.358892426,-0.000665484334306,-3.30075966559e-05,0.0027755277697,1,6936,-2.21179925575e-06,2.21179925575e-06,1.41267478466,0,0,0,0,3.9538799318e-11,2.59070126463e-11,2.16986663872e-05,3.90946972573e-08,7.46239152249e-07,2.16986300074e-05,3.83742317922e-08,3.35245720073e-12,7.45058059692e-09,9.09579966901e-09,64
13.8880006596,2500.05815178,-0.30570950571,0.040757920593,-490.320251465,0.0025344255846,0.000181569324923,102.30783844,39.0108909607,0.973836481571,0.000232830643654,0.000465661287308,2,533.358892426,40.8070853842,10.1204566872,69.5933426174,9.33954113797,129.473628476,148.242354044,5150.00335872,0.006053596735,1128.70684825,1120.58699597,16,70.0719756423,24.1186644416,44.3146964244,0.00404741566651,0.00411455403082,-6.71383643125e-05,-0.000854925019667,1598.43356738,5088,10.1760004833,1069.51818885,533.358892426,-0.000611419026519,0.000145757739212,0.00275595043786,1,6944,-2.11626365854e-06,2.11626365854e-06,1.41248905659,0,0,0,0,3.23716158046e-11,2.12108559883e-11,2.48533287959e-05,1.198759918e-07,7.47560306991e-07,2.48532560363e-05,1.198759918e-07,6.37385977331e-12,7.45058059692e-09,8.03265720606e-09,64
13.9040006604,2500.053728,-0.281230455812,0.0374943166971,-490.321350098,0.00233617168851,0.00016541450168,102.307792664,39.0109100342,0.973836481571,0.000232830643654,0.000465661287308,2,533.358892426,58.5711145121,13.8142673136,68.8715255477,10.9032684492,129.473628476,142.525561387,5150.00429004,0.006053596735,1128.70684825,1126.30380318,16,70.0719756423,24.2600199272,44.2827658844,0.00397585502021,0.00399086275138,-1.50077311689e-05,0.00020008883439,1598.43356738,5088,10.1760004833,1069.51818885,533.358892426,-0.00056246091118,0.000329630267526,0.00676209991798,1,6952,-2.10098323805e-06,2.10098323805e-06,1.41974759102,0,0,0,0,2.65036239483e-11,1.7365971508e-11,2.03858289751e-05,3.62722865077e-08,1.87445703403e-08,2.0385852622e-05,3.71596371451e-08,3.4580706354e-12,3.13775672112e-11,1.56068153956e-08,64
13.9200006612,2500.04930422,-0.256859721048,0.0342451520264,-490.32244873,0.00215426133946,0.000150791980559,102.327720642,39.002243042,0.973849892616,0.000232830643654,0.000465661287308,2,533.358892426,76.8055362605,16.8683995714,72.9765305144,13.2895263593,126.235056086,133.54132534,5150.00335872,0.006053596735,1131.94540609,1135.28792281,16,70.0719756423,24.692117222,44.5504738309,0.0038148002951,0.00382351572625,-8.71543115455e-06,-0.000563886715099,1598.43356738,5088,10.1760004833,1069.51818885,533.358892426,-0.000513719455864,4.80581685558e-05,0.017017763108,1,6960,-1.88569970305e-06,1.88569970305e-06,1.40824174881,0,0,0,0,2.16993194246e-11,1.4218045144e-11,2.37277799897e-05,3.64962389199e-08,1.49294066887e-06,2.37277163251e-05,3.65518850742e-08,1.93254960645e-12,1.49011611938e-08,9.35648358791e-09,64
13.9360006619,2500.0453461,-0.235529796555,0.0314013957977,-490.32333374,0.00198748311959,0.000137491806527,102.383125305,38.9783668518,0.973887085915,0.000232830643654,0.000465661287308,2,533.358892426,88.7494538008,19.2212801077,83.6497895415,15.6903652394,115.262424515,123.966950923,5150.00382438,0.006053596735,1142.917783,1144.86226812,16,70.0719756423,25.6406783592,45.265591325,0.00404842674662,0.00403088051826,1.75462283591e-05,-0.000305590219796,1598.43356738,5088,10.1760004833,1069.51818885,533.358892426,-0.000471059635743,5.39834843494e-06,0.0258380174637,1,6968,-2.11996052712e-06,2.11996052712e-06,1.41176855564,0,0,0,0,1.77658911887e-11,1.16407447917e-11,2.49918757618e-05,5.2424319108e-08,7.46193961731e-07,2.49918703048e-05,5.2424319108e-08,6.67302324509e-12,7.45058059692e-09,1.02479518205e-08,64
13.9520006627,2500.04162081,-0.216855099211,0.0289116408676,-490.324035645,0.00183278834447,0.000125708480482,102.425437927,38.9601173401,0.973915398121,0.000232830643654,0.000465661287308,2,533.358892426,96.9480223651,20.9251998971,92.1429037707,17.7534172948,103.863225377,115.051065222,5150.00382438,0.006053596735,1154.31693848,1153.77816837,16,70.0719756423,27.1608550975,46.3623073301,0.00410663440753,0.00412001099903,-1.33765915011e-05,-0.000394720700569,1598.43356738,5088,10.1760004833,1069.51818885,533.358892426,-0.000433710206638,-0.000264781724324,0.0314588472247,1,6976,-2.17635374611e-06,2.17635374611e-06,1.41265141964,0,0,0,0,1.45454759348e-11,9.53063062498e-12,2.44981056312e-05,4.26010409171e-08,1.48603646721e-06,2.44980510615e-05,4.27120809832e-08,5.10173847612e-12,1.49011611938e-08,9.42844735619e-09,64
13.9680006634,2500.03859401,-0.198144491037,0.0264170970768,-490.325012207,0.00168894394301,0.00011550711497,102.454292297,38.9477500916,0.973934710026,0.000232830643654,0.000465661287308,2,533.358892426,102.439740294,22.0837502078,98.3031946523,19.3676098695,93.7084914767,107.269836008,5150.00429004,0.006053596735,1164.47161417,1161.55925207,16,70.0719756423,29.1544456559,47.6486457046,0.00406638926698,0.00404907041229,1.73188546837e-05,0.000141881173477,1598.43356738,5088,10.1760004833,1069.51818885,533.358892426,-0.000396289001614,0.00016345835796,0.0308771319687,1,6984,-2.05058881875e-06,2.05058881875e-06,1.40788578987,0,0,0,0,1.19088211514e-11,7.8030160458e-12,1.98547895707e-05,3.77343667424e-08,7.42491124583e-07,1.98548532353e-05,3.76114037692e-08,6.35635988289e-12,7.45058059692e-09,1.50255914377e-08,64
13.9840006642,2500.03533438,-0.181084971018,0.0241426806897,-490.325714111,0.00155720626935,0.000106297942693,102.473808289,38.9394645691,0.973947763443,0.000232830643654,0.000465661287308,2,533.358892426,105.99823311,22.8061697439,102.592023304,20.540163405,85.1963923196,100.709257822,5150.00475571,0.006053596735,1172.98378609,1168.11995395,16,70.0719756423,31.2493939418,48.8425393996,0.00410220062086,0.00414183887187,-3.96382510148e-05,0.000514774001203,1598.43356738,5088,10.1760004833,1069.51818885,533.358892426,-0.000362169960688,-0.00010349132662,0.0276605319232,1,6992,-1.83123916031e-06,1.83123916031e-06,1.4073625803,0,0,0,0,9.75011304333e-12,6.38856632526e-12,2.35883599089e-05,3.87643197541e-08,1.4944605482e-06,2.35883126152e-05,3.727169684e-08,6.65038857317e-12,1.49011611938e-08,2.19441957938e-08,64
14.000000665,2500.03254041,-0.166348257835,0.0221779476851,-490.326293945,0.00143684842624,9.77376403171e-05,102.486854553,38.933807373,0.973956525326,0.000232830643654,0.000465661287308,2,533.358892426,108.213793413,23.1878459748,105.478449228,21.3269351479,78.2897623139,95.2858390519,5150.00382438,0.006053596735,1179.8904743,1173.54327813,16,70.0719756423,32.8184942191,49.670568842,0.00424106909314,0.00423460733145,6.46176168129e-06,-0.000509317032993,1598.43356738,5088,10.1760004833,1069.51818885,533.358892426,-0.000332696536987,9.98658933327e-05,0.0237147826701,1,7000,-1.98669044948e-06,1.98669044948e-06,1.41297245026,0,0,0,0,7.9827134486e-12,5.23051307127e-12,2.47326024692e-05,1.4603450893e-07,7.44685848986e-07,2.47326424869e-05,1.4603450893e-07,2.49045228884e-12,7.45058059692e-09,3.83252940495e-09,64
14.0160006657,2500.02997927,-0.153238261191,0.0204300917685,-490.326812744,0.00132594164461,8.99327933439e-05,102.496238708,38.929889679,0.973962783813,0.000232830643654,0.000465661287308,2,533.358892426,109.489147136,23.3062205609,107.328991772,21.7955331874,72.7956430637,90.8607544261,5150.00382438,0.006053596735,1185.38469542,1177.96834093,16,70.0719756423,33.8882673532,50.2572474943,0.00434543361016,0.00430009094998,4.53426601821e-05,-0.00057480065152,1598.43356738,5088,10.1760004833,1069.51818885,533.358892426,-0.000306476538592,7.3645894938e-05,0.0199083685875,1,7008,-2.03042418434e-06,2.03042418434e-06,1.41290485859,0,0,0,0,6.53568995798e-12,4.2823791388e-12,2.38062639255e-05,6.75269049566e-08,1.48469928263e-06,2.38062220888e-05,6.75269049566e-08,3.52728957154e-12,1.49011611938e-08,1.0199333822e-08,64
14.0320006665,2500.02765097,-0.140796828418,0.0187713690102,-490.327301025,0.00122260977514,8.30892749946e-05,102.502571106,38.927116394,0.973967015743,0.000232830643654,0.000465661287308,2,533.358892426,110.080216167,23.2211574253,108.401096387,22.0084876815,68.493100116,87.2899545357,5150.00475571,0.006053596735,1189.68717288,1181.53903168,16,70.0719756423,34.7352106473,50.7904405822,0.00430513162619,0.00429827196058,6.85966561331e-06,0.000358340912499,1598.43356738,5088,10.1760004833,1069.51818885,533.358892426,-0.000281593665052,-0.000184067622255,0.0165573880076,1,7016,-2.03006743504e-06,2.03006743504e-06,1.41275799274,0,0,0,0,5.35096793264e-12,3.50611380207e-12,2.48031465162e-05,4.39180780631e-08,7.45963689042e-07,2.4803186534e-05,4.41787157968e-08,5.26702292891e-12,7.45058059692e-09,1.20915615298e-08,64
14.0480006672,2500.02578832,-0.12823458917,0.017096541822,-490.328063965,0.00112800381612,7.69176185713e-05,102.507102966,38.9251403809,0.973969995975,0.000232830643654,0.000465661287308,2,533.358892426,110.143693058,22.9779019818,108.866442207,22.0187332736,65.1849768474,84.4451860758,5150.00429004,0.006053596735,1192.99534708,1184.38364007,16,70.0719756423,35.4598305421,51.3084996783,0.00398325576689,0.00398540578317,-2.15001627613e-06,0.000205545802601,1598.43356738,5088,10.1760004833,1069.51818885,533.358892426,-0.000256469179227,0.000256469179227,0.0137134185061,1,7024,-2.10482971852e-06,2.10482971852e-06,1.41284584999,0,0,0,0,4.38099990313e-12,2.87056164429e-12,2.40578738158e-05,3.97517823103e-08,1.49079119183e-06,2.40578792727e-05,4.01497359803e-08,5.63718516311e-12,1.49011611938e-08,1.62896185429e-08,64
14.064000668,2500.02369285,-0.117508925257,0.0156665705144,-490.328491211,0.00104258512147,7.09506566636e-05,102.510505676,38.9237594604,0.973972320557,0.000232830643654,0.000465661287308,2,533.358892426,109.773379454,22.6103461728,108.836615539,21.8689260534,62.7131958026,82.2209040052,5150.00429004,0.006053596735,1195.4670772,1186.6078712,16,70.0719756423,36.1060592695,51.8140732311,0.00396975545491,0.0038962753024,7.34801525182e-05,0.000294676283374,1598.43356738,5088,10.1760004833,1069.51818885,533.358892426,-0.000235017866279,0.000235017866279,0.0113191660494,1,7032,-2.26373708756e-06,2.26373708756e-06,1.4126714468,0,0,0,0,3.58685824098e-12,2.350215942e-12,2.26982738241e-05,3.75337947389e-08,3.71391394083e-07,2.26983138418e-05,3.7627934546e-08,1.92926230547e-12,3.72529029846e-09,3.99142763285e-09,64
14.0800006688,2500.0218302,-0.107778760139,0.014369321987,-490.328857422,0.000965223065577,6.51961090625e-05,102.512535095,38.922794342,0.973973631859,0.000232830643654,0.000465661287308,2,533.358892426,109.023676794,22.1434017113,108.382549943,21.5922675991,60.9591224929,80.534380686,5150.00335872,0.006053596735,1197.22110685,1188.29449639,16,70.0719756423,36.6948042938,52.3031158082,0.00376411017633,0.00376167008653,2.44008979688e-06,-0.000502041075379,1598.43356738,5088,10.1760004833,1069.51818885,533.358892426,-0.000215557530159,-1.72731134951e-05,0.00928254798055,1,7040,-2.19262710743e-06,2.19262710743e-06,1.41269826889,0,0,0,0,2.93666935387e-12,1.92419322663e-12,2.34866056417e-05,4.11122371702e-08,7.44268845665e-07,2.34866402025e-05,4.0860502537e-08,6.54125364985e-12,7.45058059692e-09,3.82715370506e-09,64
14.0960006695,2500.02020039,-0.099128932618,0.0132161062211,-490.329193115,0.000894465309102,5.98098849878e-05,102.513900757,38.9222106934,0.973974585533,0.000232830643654,0.000465661287308,2,533.358892426,107.922961432,21.594714089,107.546919819,21.2137721713,59.839032474,79.3236249592,5150.00289306,0.006053596735,1198.34113866,1189.50521573,16,70.0719756423,37.2371905542,52.7711781615,0.00359872424915,0.00363252183888,-3.37975897269e-05,-0.000838554115035,1598.43356738,5088,10.1760004833,1069.51818885,533.358892426,-0.000198257868456,-3.45727751982e-05,0.00750815728679,1,7048,-2.15422778638e-06,2.15422778638e-06,1.41269528866,0,0,0,0,2.40434018181e-12,1.57539541308e-12,2.37479489442e-05,4.19480592484e-08,3.72696831619e-07,2.37479362113e-05,4.09280254132e-08,3.70735386834e-12,3.72529029846e-09,2.85208923145e-09,64
14.1120006703,2500.0188034,-0.0914313744715,0.0121898492798,-490.329559326,0.000828663876746,5.50269105588e-05,102.514167786,38.9221000671,0.973974764347,0.000232830643654,0.000465661287308,2,533.358892426,105.971255798,20.8550684073,106.177185789,20.7307387425,59.4157390879,78.6167875049,5150.00289306,0.006053596735,1198.76442477,1190.21208957,17,70.0578893884,37.7399301215,53.214487707,0.00337373066983,0.00340332917403,-2.95985042031e-05,-0.000609361450188,1598.43356738,5088,10.1760004833,1069.51818885,533.358892426,-0.000182862752718,0.000182862752718,0.00569630321115,1,7056,-2.16770195038e-06,2.16770195038e-06,1.41429328918,0,0,0,0,1.96850630414e-12,1.28982404184e-12,2.30079822359e-05,4.0160088588e-08,7.44345300063e-07,2.30079986068e-05,4.07308320405e-08,2.02104305513e-12,7.45058059692e-09,1.36337021672e-08,64
14.128000671,2500.01740642,-0.0847743493182,0.0113023193553,-490.329772949,0.000766463868786,5.1032009651e-05,102.513633728,38.9223022461,0.973974406719,0.000232830643654,0.000465661287308,2,533.358892426,98.8348007942,19.2691716125,104.753357964,20.0996084391,59.4157390879,78.5925512901,5150.0024274,0.006053596735,1198.76442477,1190.23630396,17,70.0578893884,38.2076468668,53.6284569534,0.00348698407648,0.00349609763362,-9.11355713118e-06,-0.00116779119708,1598.43356738,5088,10.1760004833,1069.51818885,533.358892426,-0.000169548708406,0.000169548708406,0.00437446171418,1,7064,-2.07469156521e-06,2.07469156521e-06,1.41499447823,0,0,0,0,1.61167607038e-12,1.05601812017e-12,2.32005349972e-05,4.09307716609e-08,1.48859362525e-06,2.32005240832e-05,4.06075777448e-08,5.41863776071e-12,1.49011611938e-08,3.82418496869e-09,64
14.1440006718,2500.01600944,-0.0784570275414,0.0104600787163,-490.32989502,0.000706842693035,4.7923585953e-05,102.513633728,38.9224319458,0.973974406719,0.000232830643654,0.000465661287308,2,533.358892426,85.8639434791,16.420292716,103.527241681,19.5146995815,59.4157390879,78.5925512901,5150.00289306,0.006053596735,1198.76442477,1190.23630396,17,70.0578893884,38.6438550777,54.0099244972,0.00335284426611,0.00336149241775,-8.64815163926e-06,-0.000567524693906,1598.43356738,5088,10.1760004833,1069.51818885,533.358892426,-0.000156914065075,0.000156914065075,0.00385096110404,1,7072,-1.98113366423e-06,1.98113366423e-06,1.40952193737,0,0,0,0,1.3195281456e-12,8.64593986682e-13,2.43249123741e-05,4.09448475125e-08,1.48716821968e-06,2.43248432525e-05,4.14205167942e-08,6.10568540171e-12,1.49011611938e-08,8.90053364344e-09,64
14.1600006726,2500.01484528,-0.0712282570703,0.00949632190168,-490.330291748,0.000651254493278,4.54003784398e-05,102.513175964,38.9225006104,0.973974108696,0.000232830643654,0.000465661287308,2,533.358892426,68.7395982133,12.6591587527,102.382540774,18.9786747419,59.4157390879,78.5925512901,5150.00289306,0.006053596735,1198.76442477,1190.23630396,17,70.0578893884,39.0514323954,54.3599962839,0.00323214437159,0.0032850948628,-5.29504912139e-05,-0.000491127138957,1598.43356738,5088,10.1760004833,1069.51818885,533.358892426,-0.000142456518804,-9.03741248504e-05,0.00362916197628,1,7080,-2.19529556489e-06,2.19529556489e-06,1.41267359257,0,0,0,0,1.08033775068e-12,7.07869364253e-13,2.3573586077e-05,4.14930063641e-08,7.42770339457e-07,2.35736351897e-05,4.13804599475e-08,3.07025585511e-12,7.45058059692e-09,1.41273517329e-08,64
14.1760006733,2500.01368113,-0.0647881037708,0.0086377048865,-490.330596924,0.000601914245635,4.27537452197e-05,102.512992859,38.9225654602,0.973973929882,0.000232830643654,0.000465661287308,2,533.358892426,49.6807386661,8.47313028882,101.277789436,18.4874448395,59.4157390879,78.5925512901,5150.00335872,0.006053596735,1198.76442477,1190.23630396,17,70.0578893884,39.4328599214,54.6809242223,0.0034124481435,0.00340878614224,3.66200125779e-06,-0.000149157131091,1598.43356738,5088,10.1760004833,1069.51818885,533.358892426,-0.000129576210872,-0.000103254432782,0.00352694885805,1,7088,-2.34644699049e-06,2.34644699049e-06,1.41268229485,0,0,0,0,8.8450535958e-13,5.7955409135e-13,2.28206390602e-05,3.78608788765e-08,1.48842673298e-06,2.28206317843e-05,3.91033019298e-08,1.41733152992e-12,1.49011611938e-08,1.01388941687e-08,64
14.1920006741,2500.01274981,-0.0590097144482,0.0078673157841,-490.3309021,0.000559039996006,3.97129442717e-05,102.512718201,38.9226150513,0.973973751068,0.000232830643654,0.000465661287308,2,533.358892426,31.1571623203,4.40467251198,100.196492171,18.0372522415,59.4157390879,78.5925512901,5150.00335872,0.006053596735,1198.76442477,1190.23630396,17,70.0578893884,39.7903277189,54.9750548089,0.00344225541127,0.00344334694091,-1.09152964445e-06,-0.000183717929758,1598.43356738,5088,10.1760004833,1069.51818885,533.358892426,-0.000118019427564,0.000118019427564,0.00347264437005,1,7096,-2.12381632991e-06,2.12381632991e-06,1.41172814369,0,0,0,0,7.24171319699e-13,4.74498532913e-13,2.38088941842e-05,4.14166656526e-08,7.4465134503e-07,2.38088850892e-05,4.24851513969e-08,6.31808494411e-12,7.45058059692e-09,3.08500602841e-09,64
14.2080006748,2500.01181848,-0.0539484119599,0.00719253113493,-490.331115723,0.000521781912539,3.63597755495e-05,102.512535095,38.9226722717,0.973973631859,0.000232830643654,0.000465661287308,2,533.358892426,15.569317094,1.38092704129,99.131954095,17.624692738,59.4157390879,81.2093639979,5150.00382438,0.006053596735,1198.76442477,1190.23630396,17,70.0578893884,37.9112425435,55.2446108486,0.0035496326295,0.00366708263755,-0.000117450008053,5.82076609135e-05,1598.43356738,5088,10.1760004833,1069.51818885,533.358892426,-0.000107896830359,0.000107896830359,0.0156409498304,1,7104,-2.1663690859e-06,2.1663690859e-06,1.41279232502,0,0,0,0,5.92900999564e-13,3.8848630801e-13,2.31042740779e-05,4.04663573761e-08,7.44021747323e-07,2.3104266802e-05,3.99294783904e-08,3.10004799609e-12,7.45058059692e-09,5.66780489208e-09,64
14.2240006756,2500.01088716,-0.0493882410524,0.00658455817029,-490.331268311,0.000488698540721,3.29729882651e-05,102.512367249,38.9227218628,0.97397351265,0.000232830643654,0.000465661287308,2,533.358892426,5.65689353739,-0.640973545471,98.0813698011,17.2442928569,62.9932401353,87.3789467732,5150.00429004,0.006053596735,1198.76442477,1190.23630396,17,70.0578893884,33.727617847,53.000432672,0.00356309030891,0.00368891051039,-0.00012582020148,0.000502041075379,1598.43356738,5088,10.1760004833,1069.51818885,533.358892426,-9.87764869897e-05,-0.000366884800318,0.0249500833452,1,7112,-2.33958235185e-06,2.33958235185e-06,1.41264033318,0,0,0,0,4.85426043979e-13,3.18065533763e-13,2.29670840781e-05,3.97360224724e-08,7.44601550196e-07,2.29671186389e-05,3.94455206276e-08,1.79032743491e-12,7.45058059692e-09,6.06195271757e-09,64
14.2400006764,2500.0104215,-0.0454819293338,0.00606375932693,-490.331542969,0.000458235328551,2.98789727822e-05,102.512275696,38.9227752686,0.973973453045,0.000232830643654,0.000465661287308,2,533.358892426,2.04497256827,-1.491224182,97.0433988473,16.869904822,72.8861559764,94.0531826927,5150.00382438,0.006053596735,1198.76442477,1190.23630396,17,70.0578893884,29.9695566355,48.9379090141,0.00368234780168,0.00376530806534,-8.29602636587e-05,-4.0017766878e-05,1598.43356738,5088,10.1760004833,1069.51818885,533.358892426,-9.09638614432e-05,9.09638614432e-05,0.0260557830334,1,7120,-2.31275544138e-06,2.31275544138e-06,1.41260182858,0,0,0,0,3.97433008812e-13,2.60409884845e-13,2.26418196689e-05,3.80710609704e-08,2.1806773276e-08,2.26418851526e-05,3.76254511991e-08,1.81066706767e-12,3.63451491125e-11,1.81722583648e-08,64
14.2560006771,2500.00949018,-0.0421418775431,0.00561845581979,-490.331542969,0.000429037521826,2.73342211585e-05,102.51209259,38.9228286743,0.973973333836,0.000232830643654,0.000465661287308,2,533.358892426,2.88325381932,-1.25827418806,96.0175138466,16.4779445436,81.6987230792,98.8878964563,5150.00382438,0.006053596735,1198.76442477,1190.23630396,17,70.0578893884,28.1991742668,47.6124114357,0.00390164971165,0.00384352460969,5.81251019538e-05,-0.00011823431123,1598.43356738,5088,10.1760004833,1069.51818885,533.358892426,-8.42837605264e-05,-0.000148546883127,0.0206453055143,1,7128,-2.12643317354e-06,2.12643317354e-06,1.41408538818,0,0,0,0,3.25390457851e-13,2.13205484084e-13,2.25864114327e-05,3.89748535667e-08,1.48728054228e-06,2.25864496315e-05,3.89855401295e-08,2.0752635721e-12,1.49011611938e-08,1.3261050924e-08,64
14.2720006779,2500.00902452,-0.0389283982827,0.00519002694637,-490.331756592,0.000400592864025,2.54420283454e-05,102.512001038,38.9228858948,0.973973274231,0.000232830643654,0.000465661287308,2,533.358892426,3.60769065663,-1.07972162706,95.0031727624,16.0702652014,88.7185160536,102.33217472,5150.00429004,0.006053596735,1198.76442477,1190.23630396,17,70.0578893884,27.5467682513,47.246725444,0.00383014069072,0.00383261067327,-2.46998255182e-06,0.000358340912499,1598.43356738,5088,10.1760004833,1069.51818885,533.358892426,-7.7856797398e-05,7.7856797398e-05,0.0169875640422,1,7136,-1.98515090233e-06,1.98515090233e-06,1.41660535336,0,0,0,0,2.66407040742e-13,1.74557796603e-13,2.18438290176e-05,3.80558269342e-08,1.48638889641e-06,2.18438290176e-05,3.7356667093e-08,1.92123400522e-12,1.49011611938e-08,3.72529029846e-09,64
14.2880006786,2500.00832602,-0.036157544514,0.00482061039656,-490.331787109,0.000372912705643,2.41093039222e-05,102.511817932,38.9229278564,0.973973155022,0.000232830643654,0.000465661287308,2,533.358892426,4.20464586752,-0.938240953302,94.0001778245,15.6555650192,94.5030114963,105.061335489,5150.00429004,0.006053596735,1198.76442477,1190.23630396,17,70.0578893884,27.335849154,47.0637205581,0.0040374486393,0.00409454514738,-5.70965080771e-05,9.64064383879e-05,1598.43356738,5088,10.1760004833,1069.51818885,533.358892426,-7.2315091415e-05,7.2315091415e-05,0.014133753255,1,7144,-2.13584007724e-06,2.13584007724e-06,1.41501116753,0,0,0,0,2.18115537567e-13,1.42915749222e-13,2.15990530705e-05,3.55700109367e-08,1.25486723235e-08,2.15990585275e-05,3.49405340216e-08,1.57029424186e-12,2.09148254271e-11,1.04571906689e-08,64
14.3040006794,2500.00786036,-0.0336206937845,0.00448239129037,-490.331878662,0.000346066284692,2.32146594499e-05,102.51158905,38.9229774475,0.973973035812,0.000232830643654,0.000465661287308,2,533.358892426,4.70115971202,-0.818080541779,93.0082873138,15.2413400346,99.3142311927,107.37923003,5150.00429004,0.006053596735,1198.76442477,1190.23630396,17,70.0578893884,27.3274363281,46.9524566142,0.00410156801578,0.00407453626394,2.70317518369e-05,0.000116415321827,1598.43356738,5088,10.1760004833,1069.51818885,533.358892426,-6.72413930092e-05,6.72413930092e-05,0.0118179824203,1,7152,-2.20656966121e-06,2.20656966121e-06,1.41275322437,0,0,0,0,1.7857781497e-13,1.17009456594e-13,2.23909137276e-05,3.76033320038e-08,1.67941891505e-08,2.23908264161e-05,3.82572693525e-08,2.12301010105e-12,2.79900547184e-11,1.39951836786e-08,64
14.3200006802,2500.0073947,-0.0313485664094,0.00417946558446,-490.331970215,0.000320264080074,2.26287374971e-05,102.511497498,38.9230270386,0.973972976208,0.000232830643654,0.000465661287308,2,533.358892426,5.11653377772,-0.711135650753,92.0273913581,14.833299945,103.339203633,109.442196845,5150.00475571,0.006053596735,1198.76442477,1190.23630396,17,70.0578893884,27.4231133517,46.8877369713,0.00412083793477,0.00422369339503,-0.00010285546026,0.000432919478044,1598.43356738,5088,10.1760004833,1069.51818885,533.358892426,-6.26971391471e-05,6.26971391471e-05,0.00992599129677,1,7160,-2.17016804527e-06,2.17016804527e-06,1.41270852089,0,0,0,0,1.46207088862e-13,9.5799182389e-14,2.22675771511e-05,3.68822306029e-08,1.49106142544e-06,2.22675698751e-05,3.77403104324e-08,1.78943925649e-12,1.49011611938e-08,2.04400976145e-08,64
14.3360006809,2500.00692904,-0.0293224999837,0.00390934571624,-490.332000732,0.000295624427963,2.22458529606e-05,102.511314392,38.9230766296,0.973972856998,0.000232830643654,0.000465661287308,2,533.358892426,5.46595241664,-0.61284194449,91.0572921872,14.4355750333,106.725070509,111.338282295,5150.00429004,0.006053596735,1198.76442477,1190.23630396,17,70.0578893884,27.5760376098,46.857396228,0.00428619544024,0.00438922143076,-0.000103025990517,-0.000198269844986,1598.43356738,5088,10.1760004833,1069.51818885,533.358892426,-5.86450055184e-05,5.86450055184e-05,0.0083771282807,1,7168,-2.04356592803e-06,2.04356592803e-06,1.41484940052,0,0,0,0,1.19704186884e-13,7.84336991514e-14,2.20910551434e-05,3.67772052812e-08,3.74214749854e-07,2.20910769713e-05,3.56803866453e-08,4.31469443507e-12,3.72529029846e-09,6.56291376799e-09,64
14.3520006817,2500.00646338,-0.0275117848503,0.00366793689318,-490.33203125,0.000272241188213,2.19837984332e-05,102.51096344,38.9231185913,0.97397261858,0.000232830643654,0.000465661287308,2,533.358892426,5.76156430069,-0.52048557715,90.0978652791,14.0510924807,109.589549538,113.119836897,5150.00429004,0.006053596735,1198.76442477,1190.23630396,17,70.0578893884,27.7613089565,46.8528523925,0.00423699746122,0.00431282387581,-7.58264145917e-05,-0.000121872290038,1598.43356738,5088,10.1760004833,1069.51818885,533.358892426,-5.50235725039e-05,5.50235725039e-05,0.00784766301513,1,7176,-2.28129169955e-06,2.28129169955e-06,1.4131077528,0,0,0,0,9.80054524948e-14,6.42160546201e-14,2.20742585952e-05,3.67506807208e-08,1.48901222019e-06,2.20742895181e-05,3.72886077571e-08,2.0687687674e-12,1.49011611938e-08,8.31752355879e-09,64
14.3680006824,2500.00599772,-0.0258489034621,0.00344623764977,-490.332000732,0.000250072713243,2.18025761569e-05,102.51096344,38.9231719971,0.97397261858,0.000232830643654,0.000465661287308,2,533.358892426,6.01312700579,-0.432399293789,89.1489641374,13.6818418914,112.02719179,114.819020382,5150.00335872,0.006053596735,1198.76442477,1190.23630396,17,70.0578893884,27.9647192656,46.8674734293,0.00407155469062,0.0040035956772,6.79590134167e-05,-0.00074396666605,1598.43356738,5088,10.1760004833,1069.51818885,533.358892426,-5.1697809228e-05,5.1697809228e-05,0.00746884709224,1,7184,-2.28226735999e-06,2.28226735999e-06,1.4125854969,0,0,0,0,8.02400409571e-14,5.25756264154e-14,2.25316980504e-05,3.85783778256e-08,9.67269553342e-09,2.2531768991e-05,3.8884110154e-08,3.20322934844e-12,1.63709046319e-11,8.03561306384e-09,64
14.3840006832,2500.00553206,-0.0243010163103,0.00323986960575,-490.332000732,0.000229091689107,2.16774351429e-05,102.510780334,38.9232177734,0.973972499371,0.000232830643654,0.000465661287308,2,533.358892426,6.22849823271,-0.34753613155,88.2105448133,13.3290684849,114.11414016,116.45603081,5150.00382438,0.006053596735,1198.76442477,1190.23630396,17,70.0578893884,28.1778320641,46.8960970466,0.00408349180858,0.00403633748647,4.71543221137e-05,-0.000311047188006,1598.43356738,5088,10.1760004833,1069.51818885,533.358892426,-4.86020355905e-05,-0.000184228604594,0.00716547854245,1,7192,-2.00582258003e-06,2.00582258003e-06,1.41338264942,0,0,0,0,6.56949605935e-14,4.30452589263e-14,2.28822136705e-05,4.0081246766e-08,1.48659557908e-06,2.28821227211e-05,4.0044668026e-08,1.29110611091e-12,1.49011611938e-08,1.95074107978e-08,64
14.400000684,2500.00529923,-0.022841053493,0.00304522388615,-490.332061768,0.000209240854019,2.15918862523e-05,102.510505676,38.9232635498,0.973972320557,0.000232830643654,0.000465661287308,2,533.358892426,6.41400983058,-0.265232936703,87.2824168614,12.9934845999,115.911745524,118.043659313,5150.00382438,0.006053596735,1198.76442477,1190.23630396,17,70.0578893884,28.3955268969,46.9346960017,0.00397624248805,0.00397994881496,-3.70632691205e-06,-0.000254658516496,1598.43356738,5088,10.1760004833,1069.51818885,533.358892426,-4.56821108719e-05,4.56821108719e-05,0.00691166520119,1,7200,-2.24071959565e-06,2.24071959565e-06,1.41274356842,0,0,0,0,5.3786446461e-14,3.52424557907e-14,2.22924245463e-05,3.74764823619e-08,1.49410141148e-06,2.22924354603e-05,3.7208092607e-08,1.98004113106e-12,1.49011611938e-08,9.67003188634e-09,64
14.4160006847,2500.00483356,-0.0208955377445,0.00278584309854,-490.332122803,0.000191004437511,2.14654501178e-05,102.510322571,38.9233016968,0.973972201347,0.000232830643654,0.000465661287308,2,533.358892426,6.57477086141,-0.185058217258,86.3645656321,12.6753795668,117.469520774,119.590229588,5150.00429004,0.006053596735,1198.76442477,1190.23630396,17,70.0578893884,28.6146714643,46.9801452709,0.00397328663027,0.00399631971959,-2.30330893247e-05,0.000194631866179,1598.43356738,5088,10.1760004833,1069.51818885,533.358892426,-4.1791077543e-05,-0.00019103957305,0.00669118436053,1,7208,-2.12177701542e-06,2.12177701542e-06,1.41176891327,0,0,0,0,4.40365924064e-14,2.8854068928e-14,2.23483293667e-05,3.64965409005e-08,1.48958963564e-06,2.23483984882e-05,3.65482115683e-08,2.59845617245e-12,1.49011611938e-08,4.7088111188e-09,64
14.4320006855,2500.0043679,-0.0189797173533,0.00253042136319,-490.332122803,0.000175329783815,2.10674552363e-05,102.510139465,38.9233512878,0.973972022533,0.000232830643654,0.000465661287308,2,533.358892426,6.71492671556,-0.1067290735,85.4567494062,12.374685631,118.827629194,121.101198602,5150.00382438,0.006053596735,1198.76442477,1190.23630396,17,70.0578893884,28.8333267235,47.0300328743,0.00403734916332,0.00406726030633,-2.99111430069e-05,-0.000341970007867,1598.43356738,5088,10.1760004833,1069.51818885,533.358892426,-3.79594376765e-05,3.79594376765e-05,0.00649378495291,1,7216,-2.07525545193e-06,2.07525545193e-06,1.41392576694,0,0,0,0,3.60540963133e-14,2.36237031591e-14,2.15009986277e-05,3.56583846894e-08,7.41523535908e-07,2.15008749365e-05,3.58603138295e-08,1.75232441404e-12,7.45058059692e-09,1.13868736662e-08,64
14.4480006862,2500.00413507,-0.0171741518784,0.00228969892487,-490.332244873,0.000162452983204,2.02932551474e-05,102.510047913,38.9234008789,0.973971962929,0.000232830643654,0.000465661287308,2,533.358892426,6.83783124503,-0.0300572918872,84.5589901583,12.0911326898,120.018572488,122.580197058,5150.00429004,0.006053596735,1198.76442477,1190.23630396,17,70.0578893884,29.0503048745,47.0825179946,0.00410888660596,0.00406907929573,3.98073102259e-05,0.000121872290038,1598.43356738,5088,10.1760004833,1069.51818885,533.358892426,-3.43483054499e-05,3.43483054499e-05,0.00631295796484,1,7224,-2.28623707699e-06,2.28623707699e-06,1.41285824776,0,0,0,0,2.95185832158e-14,1.93414400029e-14,2.21836889978e-05,3.70091939317e-08,1.49012998918e-06,2.21837417484e-05,3.71240247432e-08,1.25049103017e-12,1.49011611938e-08,4.47835191153e-09,64
14.464000687,2500.00390224,-0.0155072452657,0.00206746300682,-490.332366943,0.000152118183905,1.91871040442e-05,102.509864807,38.9234466553,0.973971843719,0.000232830643654,0.000465661287308,2,533.358892426,6.94622118572,0.0450891388631,83.6711633665,11.8242894944,121.068871522,124.029771541,5150.00382438,0.006053596735,1198.76442477,1190.23630396,17,70.0578893884,29.2648928735,47.136178182,0.00404782256325,0.00404543243349,2.39012976078e-06,-0.000320142135024,1598.43356738,5088,10.1760004833,1069.51818885,533.358892426,-3.10144930571e-05,3.10144930571e-05,0.00614449568093,1,7232,-1.92091010831e-06,1.92091010831e-06,1.4168599844,0,0,0,0,2.41677608915e-14,1.58354232505e-14,2.11183469219e-05,3.65470782526e-08,1.4872138081e-06,2.11184233194e-05,3.69041011083e-08,1.32432693284e-12,1.49011611938e-08,1.08108793029e-08,64
14.4800006878,2500.00390224,-0.0138800446692,0.00185052072629,-490.332580566,0.00014383958478,1.78763821168e-05,102.509864807,38.9234962463,0.973971843719,0.000232830643654,0.000465661287308,2,533.358892426,7.04232374072,0.118803009343,82.7930712605,11.5735856245,122.000106785,125.451711938,5150.00429004,0.006053596735,1198.76442477,1190.23630396,17,70.0578893884,29.4766541629,47.1899620607,0.00411189930716,0.00411637302022,-4.47371306667e-06,7.45785655454e-05,1598.43356738,5088,10.1760004833,1069.51818885,533.358892426,-2.77600911008e-05,2.77600911008e-05,0.00598566886038,1,7240,-2.1500911771e-06,2.1500911771e-06,1.41308283806,0,0,0,0,1.97868793832e-14,1.29649412476e-14,2.16253865801e-05,3.57552742969e-08,7.43148177662e-07,2.1625408408e-05,3.62028913514e-08,1.6933815461e-12,7.45058059692e-09,1.34991751111e-08,64
14.4960006885,2500.00343658,-0.0124565531223,0.00166073744185,-490.332550049,0.000137047885801,1.64954435604e-05,102.509597778,38.923538208,0.973971664906,0.000232830643654,0.000465661287308,2,533.358892426,7.12796782606,0.191152968282,81.9246772164,11.3383581837,122.829995234,126.847342472,5150.00429004,0.006053596735,1198.76442477,1190.23630396,17,70.0578893884,29.6853468171,47.2430838272,0.00401952164608,0.00401450961363,5.01203245573e-06,0.000176441972144,1598.43356738,5088,10.1760004833,1069.51818885,533.358892426,-2.49131080349e-05,2.49131080349e-05,0.00583469355479,1,7248,-2.07888615478e-06,2.07888615478e-06,1.41303396225,0,0,0,0,1.62001183681e-14,1.06147907372e-14,2.29682464123e-05,6.05290324529e-08,1.49481149947e-06,2.29681954806e-05,6.05290324529e-08,2.35564692752e-12,1.49011611938e-08,4.69299266115e-09,64
14.5120006893,2500.00343658,-0.0112110711825,0.00149468681775,-490.332702637,0.000131261811475,1.5161632291e-05,102.509513855,38.9235839844,0.973971605301,0.000232830643654,0.000465661287308,2,533.358892426,7.20464953624,0.262193336659,81.0658420624,11.1179223015,123.57304513,128.217710881,5150.00289306,0.006053596735,1198.76442477,1190.23630396,17,70.0578893884,29.8908380501,47.294954129,0.00402845316827,0.00403451849706,-6.06532879477e-06,-0.00124055077322,1598.43356738,5088,10.1760004833,1069.51818885,533.358892426,-2.24221440026e-05,2.24221440026e-05,0.00569031201303,1,7256,-1.98450834432e-06,1.98450834432e-06,1.41436004639,0,0,0,0,1.32635271378e-14,8.69065121245e-15,2.13098664972e-05,3.698110973e-08,9.53741974286e-09,2.1309893782e-05,3.698110973e-08,3.0039061516e-12,2.91038304567e-11,7.90032572695e-09,64
14.52800069,2500.00320375,-0.0100369614842,0.00133815174922,-490.332733154,0.000126111408463,1.39589546961e-05,102.509422302,38.9236297607,0.973971545696,0.000232830643654,0.000465661287308,2,533.358892426,7.27361134386,0.331967083414,80.2164852256,10.9115711328,124.241283629,129.563646624,5150.00429004,0.006053596735,1198.76442477,1190.23630396,17,70.0578893884,30.0930732919,47.3451764265,0.00408209203939,0.00409818312619,-1.60910867963e-05,9.27684595808e-05,1598.43356738,5088,10.1760004833,1069.51818885,533.358892426,-2.00739234263e-05,2.00739234263e-05,0.0055517279543,1,7264,-2.16990042645e-06,2.16990042645e-06,1.41316342354,0,0,0,0,1.08592520691e-14,7.1152995266e-15,2.14794054045e-05,3.54220830445e-08,1.49741663336e-06,2.14794563362e-05,3.5418242561e-08,1.65258215098e-12,1.49011611938e-08,7.30142346583e-09,64
14.5440006908,2500.00297092,-0.00896293617103,0.00119496008847,-490.332794189,0.000121344950458,1.29281343106e-05,102.50933075,38.9236793518,0.973971486092,0.000232830643654,0.000465661287308,2,533.358892426,7.33587826593,0.400510460685,79.3765041585,10.7185447273,124.84464969,130.885848193,5150.00382438,0.006053596735,1198.76442477,1190.23630396,17,70.0578893884,30.2920398099,47.3934669571,0.00403291537665,0.00401996658184,1.29487948142e-05,-0.000294676283374,1598.43356738,5088,10.1760004833,1069.51818885,533.358892426,-1.79258725919e-05,1.79258725919e-05,0.00541831692681,1,7272,-1.96544897335e-06,1.96544897335e-06,1.41352534294,0,0,0,0,8.89080001569e-15,5.82551144639e-15,2.19532030314e-05,3.65046481932e-08,7.45377462863e-07,2.19532084884e-05,3.71316879466e-08,1.742699084e-12,7.45058059692e-09,1.43918121864e-08,64
14.5600006916,2500.00273809,-0.00807095901223,0.00107603950892,-490.332794189,0.000116853538202,1.20706963571e-05,102.509239197,38.9237251282,0.973971426487,0.000232830643654,0.000465661287308,2,533.358892426,7.39230639079,0.467855886522,78.5457963136,10.538117928,125.391437905,132.184941322,5150.00382438,0.006053596735,1198.76442477,1190.23630396,17,70.0578893884,30.4877539747,47.4396510981,0.00415212313143,0.00414365786128,8.46527015153e-06,-0.000418367562816,1598.43356738,5088,10.1760004833,1069.51818885,533.358892426,-1.61419193984e-05,1.61419193984e-05,0.0052896249108,1,7280,-2.26146335081e-06,2.26146335081e-06,1.41444957256,0,0,0,0,7.27916736761e-15,4.76952309434e-15,2.14071587834e-05,3.53659856955e-08,1.48882247686e-06,2.14071296796e-05,3.60565124424e-08,1.46615011798e-12,1.49011611938e-08,1.11045599382e-08,64
14.5760006923,2500.00273809,-0.00724065385427,0.000965341285337,-490.332885742,0.000112610847282,1.13697715278e-05,102.509239197,38.9237785339,0.973971426487,0.000232830643654,0.000465661287308,2,533.358892426,7.44369000363,0.53423643899,77.7242884427,10.3695683244,125.889346236,133.46542255,5150.00429004,0.006053596735,1198.76442477,1190.23630396,17,70.0578893884,30.6734873448,47.4816260976,0.00411931026789,0.00412910594605,-9.79567815751e-06,6.18456397206e-05,1598.43356738,5088,10.1760004833,1069.51818885,533.358892426,-1.44813085134e-05,1.44813085134e-05,0.00526140304282,1,7288,-2.13678026739e-06,2.13678026739e-06,1.41644763947,0,0,0,0,5.959675536e-15,3.90495317695e-15,2.13484599954e-05,1.04969501535e-07,1.49254265125e-06,2.13485000131e-05,1.04969501535e-07,6.35646483366e-13,1.49011611938e-08,1.84717858787e-08,64
14.5920006931,2500.00273809,-0.00651202114454,0.000868198229,-490.333007812,0.000108601831016,1.08006588562e-05,102.509147644,38.923828125,0.973971366882,0.000232830643654,0.000465661287308,2,533.358892426,7.49360682125,0.608515379281,76.9118486991,10.2123566267,126.373037347,134.898262331,5150.00429004,0.006053596735,1198.76442477,1190.23630396,17,70.0578893884,30.5855865008,47.4450898764,0.00410291094155,0.00416002876591,-5.71178243591e-05,3.09228198603e-05,1598.43356738,5088,10.1760004833,1069.51818885,533.358892426,-1.30240427818e-05,1.30240427818e-05,0.00644754106179,1,7296,-2.03676631827e-06,2.03676631827e-06,1.41252553463,0,0,0,0,4.87936717398e-15,3.1971036248e-15,2.16328644456e-05,3.58348160034e-08,3.72377343183e-07,2.16329062823e-05,3.56576137506e-08,1.67499412777e-12,3.72529029846e-09,6.57401288962e-09,64
14.6080006938,2500.00250526,-0.00586170179062,0.000781496113632,-490.332946777,0.000104899299913,1.03198972283e-05,102.508964539,38.923866272,0.973971247673,0.000232830643654,0.000465661287308,2,533.358892426,7.54562723563,0.701913187251,76.1084331338,10.06632352,126.87711569,136.699905852,5150.00429004,0.006053596735,1198.76442477,1190.23630396,17,70.0578893884,29.9395051115,47.2592109872,0.00413121896414,0.00407453626394,5.66827002002e-05,0.000116415321827,1598.43356738,5088,10.1760004833,1069.51818885,533.358892426,-1.17234043653e-05,1.17234043653e-05,0.00819808803499,1,7304,-2.03536637855e-06,2.03536637855e-06,1.41263103485,0,0,0,0,3.99488605309e-15,2.61756558811e-15,2.16831376747e-05,4.06335658454e-08,7.46081980196e-07,2.16830740101e-05,4.06335658454e-08,1.77966452339e-12,7.45058059692e-09,1.07324922283e-08,64
14.6240006946,2500.00250526,-0.00528152055423,0.000704144942574,-490.33303833,0.00010151166498,9.89987347566e-06,102.508781433,38.9239082336,0.973971128464,0.000232830643654,0.000465661287308,2,533.358892426,7.60009230871,0.813189679299,75.3139245497,9.93135913209,127.404884552,138.846429763,5150.00382438,0.006053596735,1198.76442477,1190.23630396,17,70.0578893884,28.8077681034,46.9340848213,0.00410737314993,0.0041527528083,-4.53796583644e-05,-0.000427462509833,1598.43356738,5088,10.1760004833,1069.51818885,533.358892426,-1.05630417607e-05,1.05630417607e-05,0.00974692031741,1,7312,-1.82002168003e-06,1.82002168003e-06,1.40978240967,0,0,0,0,3.27073408132e-15,2.14308017743e-15,2.14637129829e-05,3.50133610993e-08,1.48889398588e-06,2.14637257159e-05,3.55251650319e-08,1.26710230849e-12,1.49011611938e-08,9.34798372043e-09,64
14.6400006954,2500.00227243,-0.00474669947792,0.000632841314655,-490.332977295,9.84835060081e-05,9.51931906457e-06,102.508781433,38.9239463806,0.973971128464,0.000232830643654,0.000465661287308,2,533.358892426,7.65617387803,0.934061857322,74.5281691256,9.80720984101,127.948311274,141.178054037,5150.00429004,0.006053596735,1198.76442477,1190.23630396,17,70.0578893884,27.430787668,46.5045413875,0.00395236825212,0.00391992216464,3.24460874834e-05,0.000271029421128,1598.43356738,5088,10.1760004833,1069.51818885,533.358892426,-9.49339912237e-06,9.49339912237e-06,0.01068695914,1,7320,-2.04309662877e-06,2.04309662877e-06,1.41271388531,0,0,0,0,2.67784913472e-15,1.75460482156e-15,2.14231404243e-05,3.58319525162e-08,1.11174012218e-08,2.14231222344e-05,3.62007206434e-08,7.29158053381e-13,2.91038304567e-11,9.20744014365e-09,64
14.6560006961,2500.00227243,-0.0042796557409,0.000570573960431,-490.33303833,9.57784504863e-05,9.16654789762e-06,102.508644104,38.9239959717,0.973971068859,0.000232830643654,0.000465661287308,2,533.358892426,7.7124962508,1.05508196238,73.7512034857,9.69342242353,128.494080855,143.512530485,5150.00429004,0.006053596735,1198.76442477,1190.23630396,17,70.0578893884,26.0555789282,46.0143928649,0.00410881555168,0.00417367118644,-6.48556347516e-05,1.72803993337e-05,1598.43356738,5088,10.1760004833,1069.51818885,533.358892426,-8.55931211324e-06,8.55931211324e-06,0.0109379189089,1,7328,-1.90255536836e-06,1.90255536836e-06,1.41011428833,0,0,0,0,2.19243636375e-15,1.43654807915e-15,2.17525903281e-05,3.57192035949e-08,7.46863236145e-07,2.17525466724e-05,3.58707445969e-08,1.61568284793e-12,7.45058059692e-09,1.13981286631e-08,64
14.6720006969,2500.0020396,-0.00385028009475,0.00051332853036,-490.333007812,9.33720439207e-05,8.84013752511e-06,102.508552551,38.924030304,0.973971009254,0.000232830643654,0.000465661287308,2,533.358892426,7.76746810987,1.16944311928,72.9828445093,9.58939258199,129.026753712,145.718557178,5150.00382438,0.006053596735,1198.76442477,1190.23630396,17,70.0578893884,24.8440464929,45.5086192233,0.00401643789061,0.00397631083615,4.0127054457e-05,-0.000251020537689,1598.43356738,5088,10.1760004833,1069.51818885,533.358892426,-7.70056067523e-06,-0.000225130081244,0.010645086877,1,7336,-2.19098092202e-06,2.19098092202e-06,1.41504049301,0,0,0,0,1.79501401061e-15,1.17614537545e-15,2.10597536352e-05,3.44621540194e-08,1.06754578511e-08,2.1059782739e-05,3.38310250925e-08,1.08098230887e-12,1.81898940355e-11,8.85648887561e-09,64
14.6880006976,2500.0020396,-0.00346002115847,0.00046129830298,-490.333068848,9.12727991818e-05,8.53096844367e-06,102.508460999,38.924079895,0.97397094965,0.000232830643654,0.000465661287308,2,533.358892426,8.0754420012,1.34228357957,72.2230775468,9.49436494433,129.464257043,147.704340634,5150.00475571,0.006053596735,1198.76442477,1190.23630396,17,70.0578893884,23.8868851739,45.0814477517,0.00422503192155,0.00424552126788,-2.04893463307e-05,0.000411091605201,1598.43356738,5088,10.1760004833,1069.51818885,533.358892426,-6.92004266389e-06,6.92004266389e-06,0.00925725419074,1,7344,-2.14647980101e-06,2.14647980101e-06,1.41402506828,0,0,0,0,1.46963244491e-15,9.62945912075e-16,2.11224742088e-05,3.45886697062e-08,3.10574055362e-09,2.112243601e-05,3.41204930976e-08,1.14476960897e-12,2.91038304567e-11,2.00126937244e-09,64
14.7040006984,2500.0020396,-0.00311313641532,0.000415050802985,-490.333099365,8.93961550901e-05,8.24537437438e-06,102.50818634,38.9241104126,0.973970770836,0.000232830643654,0.000465661287308,2,533.358892426,11.8390828842,2.40033644319,71.4717487771,9.40846128568,129.464257043,148.620310938,5150.00475571,0.006053596735,1198.76442477,1190.23630396,17,70.0578893884,23.7614112848,44.8663267889,0.00422654626575,0.00423915480496,-1.26085392127e-05,0.000417458068114,1598.43356738,5088,10.1760004833,1069.51818885,533.358892426,-6.22627296942e-06,6.22627296942e-06,0.00280582089908,1,7352,-2.21741447604e-06,2.21741447604e-06,1.4126868248,0,0,0,0,1.20323274795e-15,7.88393015135e-16,2.15338932321e-05,3.52893394506e-08,3.70846976239e-07,2.15340005525e-05,3.38962067303e-08,1.1591569718e-12,3.72529029846e-09,9.04390162759e-09,64
14.7200006992,2500.0020396,-0.00279779222012,0.00037300834083,-490.3331604,8.77163329278e-05,7.98641303845e-06,102.50818634,38.9241523743,0.973970770836,0.000232830643654,0.000465661287308,2,533.358892426,19.9517294777,4.57729288431,70.7288362256,9.33199565769,129.464257043,148.620310938,5150.00429004,0.006053596735,1198.76442477,1190.23630396,17,70.0578893884,23.9941618929,44.5950390713,0.00432489959123,0.00431828084402,6.61874721697e-06,-0.000127329258248,1598.43356738,5088,10.1760004833,1069.51818885,533.358892426,-5.59558475943e-06,5.59558475943e-06,0.00278638349846,1,7360,-2.05703736356e-06,2.05703736356e-06,1.41268658638,0,0,0,0,9.85123140458e-16,6.45481298636e-16,2.1426792955e-05,3.51022251266e-08,7.14642123256e-09,2.14268256968e-05,3.36983916327e-08,1.60566330197e-12,2.91038304567e-11,5.95537397174e-09,64
14.7360006999,2500.0020396,-0.00251420306796,0.000335199554684,-490.333190918,8.62086308189e-05,7.75311036705e-06,102.507972717,38.9242019653,0.973970592022,0.000232830643654,0.000465661287308,2,533.358892426,32.1484485334,7.85017356896,69.9942226953,9.26395174159,129.464257043,148.620310938,5150.00382438,0.006053596735,1198.76442477,1190.23630396,17,70.0578893884,24.0723566094,44.3879762315,0.00439195528557,0.00433101376984,6.09415157227e-05,-0.000605723471381,1598.43356738,5088,10.1760004833,1069.51818885,533.358892426,-5.02840651062e-06,5.02840651062e-06,0.00276673259214,1,7368,-2.16209559767e-06,2.16209559767e-06,1.41254663467,0,0,0,0,8.06550119271e-16,5.28475078979e-16,2.13616604015e-05,3.49418307621e-08,1.48748904394e-06,2.13616440305e-05,3.43329915609e-08,1.44615179207e-12,1.49011611938e-08,7.94403831605e-09,64
14.7520007007,2500.0020396,-0.00224616814037,0.000299464503769,-490.333221436,8.48754280014e-05,7.54092707211e-06,102.507972717,38.924243927,0.973970592022,0.000232830643654,0.000465661287308,2,533.358892426,48.0308009693,11.7718474451,69.2679008614,9.82720934662,129.464257043,146.453443449,5150.00429004,0.006053596735,1198.76442477,1192.40314234,17,70.0578893884,24.1664256464,44.2796845164,0.00449186025875,0.00456293491879,-7.10746600463e-05,-0.000371983333025,1598.43356738,5088,10.1760004833,1069.51818885,533.358892426,-4.49233662422e-06,4.49233662422e-06,0.00440655974671,1,7376,-2.26900283451e-06,2.26900283451e-06,1.41306233406,0,0,0,0,6.60347044498e-16,4.3267856432e-16,2.13042185351e-05,3.46509878568e-08,7.46220734982e-07,2.13042731048e-05,3.52431648309e-08,3.30520159852e-12,7.45058059692e-09,1.34149331643e-08,64
14.7680007014,2500.0020396,-0.00203082128891,0.000270753953373,-490.333251953,8.3673701738e-05,7.34811874281e-06,102.507926941,38.9242858887,0.973970592022,0.000232830643654,0.000465661287308,2,533.358892426,67.080035703,15.2080395714,68.5497462018,11.8854975222,129.464257043,138.874020195,5150.00382438,0.006053596735,1198.76442477,1199.9825947,17,70.0578893884,24.3905869866,44.343083573,0.00451880866753,0.00450927473139,9.53393614056e-06,-0.000783984432928,1598.43356738,5088,10.1760004833,1069.51818885,533.358892426,-4.06164294905e-06,4.06164294905e-06,0.00791185721755,1,7384,-2.22280823436e-06,2.22280823436e-06,1.41704630852,0,0,0,0,5.40646148337e-16,3.54247045643e-16,2.17838060053e-05,3.30808092031e-08,1.49624884216e-06,2.17837623495e-05,3.44030546273e-08,2.54490699347e-12,1.49011611938e-08,7.3959212088e-09,64
14.7840007022,2500.0020396,-0.0018252863665,0.000243351547397,-490.333282471,8.25761380838e-05,7.17970760888e-06,102.542762756,38.915309906,0.973993837833,0.000232830643654,0.000465661287308,2,533.358892426,82.4685158078,17.9609129667,77.7055808522,14.3440221072,121.799763292,129.411520902,5150.00429004,0.006053596735,1206.42886031,1209.4451813,17,70.0578893884,25.0295815931,44.8000755569,0.00479316342866,0.00477666617371,1.6497254951e-05,-0.000585714587942,1598.43356738,5088,10.1760004833,1069.51818885,533.358892426,-3.65057289953e-06,3.65057289953e-06,0.0224368777126,1,7392,-2.08003189073e-06,2.08003189073e-06,1.41261196136,0,0,0,0,4.42643430488e-16,2.90032789697e-16,2.11928672798e-05,3.4416384409e-08,1.49111008341e-06,2.11929036595e-05,3.50856481646e-08,2.32783063658e-12,1.49011611938e-08,4.04533828657e-09,64
14.800000703,2500.0020396,-0.00164079272391,0.00021875440143,-490.333312988,8.15768580651e-05,7.03230580257e-06,102.582435608,38.9050521851,0.974020242691,0.000232830643654,0.000465661287308,2,533.358892426,92.6357542896,20.0247487779,87.5823535939,16.6255067065,110.2683309,120.022654301,5150.00382438,0.006053596735,1217.96014719,1218.83407701,17,70.0578893884,26.2233661488,45.6950074295,0.0046437789239,0.00457293936051,7.08395633819e-05,-0.000847649062052,1598.43356738,5088,10.1760004833,1069.51818885,533.358892426,-3.2815855068e-06,3.2815855068e-06,0.0293065607548,1,7400,-2.03598187909e-06,2.03598187909e-06,1.41166889668,0,0,0,0,3.62405614051e-16,2.37458645801e-16,2.1796895453e-05,3.54196920682e-08,1.48725393956e-06,2.17968663492e-05,3.55036533506e-08,1.14368323839e-12,1.49011611938e-08,7.03159397375e-09,64
14.8160007037,2500.00180677,-0.00147528422811,0.000196688415599,-490.333221436,8.06706957519e-05,6.90220031174e-06,102.61075592,38.8978157043,0.974039137363,0.000232830643654,0.000465661287308,2,533.358892426,99.5690773827,21.4810969736,95.0302452974,18.500704595,99.3082721834,111.564266263,5150.00429004,0.006053596735,1228.92018408,1227.29246505,17,70.0578893884,27.9712603515,46.9026053906,0.00451247062633,0.00447653292213,3.59377042014e-05,-0.000285581336357,1598.43356738,5088,10.1760004833,1069.51818885,533.358892426,-2.95056860888e-06,2.95056860888e-06,0.03171017766,1,7408,-2.17258229895e-06,2.17258229895e-06,1.41261613369,0,0,0,0,2.9671246505e-16,1.94414575474e-16,2.10759753827e-05,3.42472432635e-08,1.48840399561e-06,2.10759972106e-05,3.39347536737e-08,3.2304419556e-12,1.49011611938e-08,1.0047135568e-08,64
14.8320007045,2500.00180677,-0.00132662947294,0.00017686940555,-490.333221436,7.98527617007e-05,6.78618334859e-06,102.629737854,38.8929595947,0.974051713943,0.000232830643654,0.000465661287308,2,533.358892426,104.147045982,22.4398866223,100.326353906,19.920675903,89.8448488442,104.309314338,5150.00429004,0.006053596735,1238.38358559,1234.54735149,17,70.0578893884,30.074003007,48.1871575175,0.00463593453209,0.00465479388367,-1.88593515804e-05,-0.000463842297904,1598.43356738,5088,10.1760004833,1069.51818885,533.358892426,-2.65325912283e-06,2.65325912283e-06,0.029675014317,1,7416,-2.11110636883e-06,2.11110636883e-06,1.41257607937,0,0,0,0,2.42927487556e-16,1.59173107959e-16,2.10864382097e-05,3.41917747448e-08,7.44591773127e-07,2.10864563996e-05,3.41948727112e-08,9.70796359967e-13,7.45058059692e-09,1.10166471501e-08,64
14.8480007052,2500.00180677,-0.00119296661438,0.000159049159265,-490.333251953,7.91175480117e-05,6.68175562168e-06,102.642601013,38.8896865845,0.974060297012,0.000232830643654,0.000465661287308,2,533.358892426,107.068997283,23.0055586712,103.961449691,20.9197044509,82.0398781798,98.2513738563,5150.00382438,0.006053596735,1246.18853442,1240.60525559,17,70.0578893884,32.0152903441,49.2469735036,0.00463297867431,0.00460750015918,2.5478515131e-05,-0.00088220986072,1598.43356738,5088,10.1760004833,1069.51818885,533.358892426,-2.38593324785e-06,2.38593324785e-06,0.0259879324585,1,7424,-2.10851135307e-06,2.10851135307e-06,1.41247355938,0,0,0,0,1.98892097512e-16,1.30319857053e-16,2.10207781492e-05,3.39448646969e-08,1.49286995565e-06,2.10208709177e-05,3.46764856829e-08,3.56963764103e-12,1.49011611938e-08,1.19757146422e-08,64
14.864000706,2500.00180677,-0.00107269393368,0.000143014112837,-490.333251953,7.84587682574e-05,6.58712770019e-06,102.651252747,38.8874359131,0.974066019058,0.000232830643654,0.000465661287308,2,533.358892426,108.841845461,23.2659102448,106.365528888,21.561871427,75.7666639402,93.2739276323,5150.00522137,0.006053596735,1252.46157404,1245.58270909,17,70.0578893884,33.3151365339,49.9319794471,0.00465514760767,0.00470208760817,-4.69400004977e-05,0.000420186552219,1598.43356738,5088,10.1760004833,1069.51818885,533.358892426,-2.14538803389e-06,2.14538803389e-06,0.0220373235643,1,7432,-2.06868935493e-06,2.06868935493e-06,1.41619729996,0,0,0,0,1.6283900038e-16,1.06696829456e-16,2.04079187824e-05,3.27711795478e-08,3.73991071001e-07,2.04078460229e-05,3.27647597942e-08,3.06373676429e-12,3.72529029846e-09,7.69068719819e-09,64
14.8800007068,2500.00180677,-0.000956522194784,0.000127525825519,-490.333282471,7.78966641519e-05,6.49712546874e-06,102.657371521,38.8858451843,0.974070131779,0.000232830643654,0.000465661287308,2,533.358892426,109.799309317,23.2906571494,107.856400792,21.9137191594,70.8102525095,89.2320458661,5150.00475571,0.006053596735,1257.41795637,1249.62476548,17,70.0578893884,34.2708117387,50.485770771,0.00466975636632,0.00468935468234,-1.95983160256e-05,-3.27418092638e-05,1598.43356738,5088,10.1760004833,1069.51818885,533.358892426,-1.91304437569e-06,1.91304437569e-06,0.0184079892933,1,7440,-2.18163700083e-06,2.18163700083e-06,1.41264152527,0,0,0,0,1.33321238892e-16,8.73559372184e-17,2.09582449315e-05,3.36818324342e-08,7.4618662893e-07,2.09582431125e-05,3.31262590691e-08,3.22913744355e-12,7.45058059692e-09,1.2290932716e-08,64
14.8960007075,2500.00180677,-0.000867324656539,0.000115633796668,-490.333282471,7.73880092311e-05,6.4134819695e-06,102.661804199,38.8847312927,0.974073052406,0.000232830643654,0.000465661287308,2,533.358892426,110.149450367,23.1329501108,108.651436763,22.0338919887,66.9564469717,85.9869105625,5150.00382438,0.006053596735,1261.2718856,1252.86995899,17,70.0578893884,35.0575101038,51.0110767209,0.00460714334044,0.00464751792606,-4.03745856192e-05,-0.000922227627598,1598.43356738,5088,10.1760004833,1069.51818885,533.358892426,-1.73464942497e-06,1.73464942497e-06,0.0152771929279,1,7448,-2.14768647311e-06,2.14768647311e-06,1.41260576248,0,0,0,0,1.09154144828e-16,7.1520960672e-17,2.09236877708e-05,3.37250973814e-08,8.93248763845e-09,2.0923658667e-05,3.35166774335e-08,1.58516949567e-12,1.4887646671e-11,7.44372297135e-09,64
14.9120007083,2500.00180677,-0.000779560305197,0.000103932841739,-490.333312988,7.69199250499e-05,6.34134767097e-06,102.665153503,38.8839569092,0.974075257778,0.000232830643654,0.000465661287308,2,533.358892426,110.018292138,22.832832089,108.893624614,21.9708747304,64.0241560177,83.4196907817,5150.00429004,0.006053596735,1264.20415472,1255.43703325,17,70.0578893884,35.7449571311,51.5241190442,0.00451477278479,0.004516550689,-1.77790421274e-06,-0.000325599103235,1598.43356738,5088,10.1760004833,1069.51818885,533.358892426,-1.55912067111e-06,1.55912067111e-06,0.0126365004107,1,7456,-2.03955437428e-06,2.03955437428e-06,1.41591286659,0,0,0,0,8.93678125217e-17,5.8556373643e-17,2.1521733288e-05,3.14291135339e-08,3.71799984578e-07,2.15217914956e-05,3.20348796379e-08,3.23489846021e-12,3.72529029846e-09,5.73849456842e-09,64
14.928000709,2500.00180677,-0.000700817404109,9.3434653536e-05,-490.333312988,7.64914002502e-05,6.27892677585e-06,102.667427063,38.8834114075,0.974076807499,0.000232830643654,0.000465661287308,2,533.358892426,109.480584421,22.4200693216,108.675213129,21.763115365,61.8726553512,81.4347804408,5150.00475571,0.006053596735,1266.35562629,1257.42191449,17,70.0578893884,36.3647523045,52.0231878909,0.00415854928965,0.00407999323215,7.85560574923e-05,0.000576619640924,1598.43356738,5088,10.1760004833,1069.51818885,533.358892426,-1.40163488455e-06,1.40163488455e-06,0.0104073453695,1,7464,-1.89081049484e-06,1.89081049484e-06,1.41198062897,0,0,0,0,7.31681353519e-17,4.79418762174e-17,1.99978112505e-05,3.19710622421e-08,7.42849010749e-07,1.99978767341e-05,3.27557252433e-08,2.88115017955e-12,7.45058059692e-09,7.79522224548e-09,64
14.9440007098,2500.00180677,-0.000630229091136,8.40236461954e-05,-490.333312988,7.61015253374e-05,6.22422430752e-06,102.669136047,38.8830604553,0.974077939987,0.000232830643654,0.000465661287308,2,533.358892426,108.578283785,21.91628834,108.053812018,21.440156723,60.3988883086,79.95863416,5150.00382438,0.006053596735,1267.82944426,1258.89806077,17,70.0578893884,36.9326116925,52.5037758052,0.00422561031305,0.00416912371293,5.64866001196e-05,-0.000443833414465,1598.43356738,5088,10.1760004833,1069.51818885,533.358892426,-1.26045820916e-06,1.26045820916e-06,0.00849466398358,1,7472,-1.9820486159e-06,1.9820486159e-06,1.41192555428,0,0,0,0,5.99049758265e-17,3.92514703798e-17,2.13532111957e-05,3.89403034262e-08,2.30102852328e-08,2.13532439375e-05,3.89403034262e-08,9.05679177488e-13,3.83506559842e-11,1.91752214107e-08,64
14.9600007106,2500.00180677,-0.000566838909144,7.55723158363e-05,-490.333343506,7.57492089178e-05,6.1755531533e-06,102.669822693,38.8828544617,0.97407835722,0.000232830643654,0.000465661287308,2,533.358892426,107.331167243,21.3364244523,107.062500168,21.0239128349,59.5325618633,78.937424405,5150.00335872,0.006053596735,1268.69557425,1259.91913956,17,70.0578893884,37.4573428417,52.9616700078,0.00422114099924,0.00422187440563,-7.33406391173e-07,-0.000962245394476,1598.43356738,5088,10.1760004833,1069.51818885,533.358892426,-1.13367789548e-06,1.13367789548e-06,0.00680584227666,1,7480,-1.97899157683e-06,1.97899157683e-06,1.41136825085,0,0,0,0,4.90460200601e-17,3.21363704618e-17,1.96994624275e-05,3.69360826369e-08,3.73141460841e-07,1.96994387807e-05,3.68191557243e-08,1.57726262606e-12,3.72529029846e-09,6.63760602038e-09,64
14.9760007113,2500.00180677,-0.000509823794292,6.79709264659e-05,-490.333343506,7.54327047616e-05,6.13165229879e-06,102.669364929,38.8829650879,0.974078059196,0.000232830643654,0.000465661287308,2,533.358892426,103.685714164,20.3368465429,105.514099127,20.4566879242,59.4074845139,78.5896554589,5150.00429004,0.006053596735,1268.82072072,1260.26687212,18,70.0567761669,37.9445918952,53.3930870006,0.00430756431219,0.00423824531026,6.93190019274e-05,-4.72937244922e-05,1598.43356738,5088,10.1760004833,1069.51818885,533.358892426,-1.01964769093e-06,1.01964769093e-06,0.00497463997453,1,7488,-2.14332976611e-06,2.14332976611e-06,1.4132488966,0,0,0,0,4.01554662928e-17,2.63110204811e-17,1.88817339222e-05,3.59958818308e-08,1.49129880356e-06,1.88817321032e-05,3.66067602897e-08,4.00761368535e-12,1.49011611938e-08,6.9165584371e-09,64
14.9920007121,2500.00180677,-0.000458489773925,6.11269497313e-05,-490.333343506,7.51496263547e-05,6.09167864241e-06,102.669136047,38.8830947876,0.974077939987,0.000232830643654,0.000465661287308,2,533.358892426,93.8893313223,18.1849902001,104.200099654,19.8418352021,59.4074845139,78.5896554589,5150.00429004,0.006053596735,1268.82072072,1260.26687212,18,70.0567761669,38.3984224754,53.7931919098,0.00429861857915,0.0042564352043,4.21833748487e-05,-6.54836185277e-05,1598.43356738,5088,10.1760004833,1069.51818885,533.358892426,-9.16979599891e-07,9.16979599891e-07,0.00409376015887,1,7496,-1.99061264539e-06,1.99061264539e-06,1.41304934025,0,0,0,0,3.28764985867e-17,2.1541629418e-17,1.89264756045e-05,3.59335956546e-08,3.71857368009e-07,1.89264392247e-05,3.50842057628e-08,8.27354851296e-12,3.72529029846e-09,9.82606707112e-09,64
15.0080007128,2500.00180677,-0.000412248457593,5.49619508092e-05,-490.333343506,7.48970414861e-05,6.05512241236e-06,102.668830872,38.8831634521,0.974077701569,0.000232830643654,0.000465661287308,2,533.358892426,78.8980762103,14.8920413396,103.016796945,19.2783624305,59.4074845139,78.5896554589,5150.00522137,0.006053596735,1268.82072072,1260.26687212,18,70.0567761669,38.8220432797,54.1609697393,0.0044580252892,0.004412868293,4.51569961979e-05,0.000709405867383,1598.43356738,5088,10.1760004833,1069.51818885,533.358892426,-8.24496937737e-07,8.24496937737e-07,0.00373354530893,1,7504,-2.09876588997e-06,2.09876588997e-06,1.41198933125,0,0,0,0,2.69169881824e-17,1.76367843701e-17,2.47884672717e-05,4.14188754405e-08,7.42131362585e-07,2.47885691351e-05,4.18419467962e-08,7.03705149707e-12,7.45058059692e-09,8.24955748158e-09,64
15.0240007136,2500.00180677,-0.000370599800847,4.94092528243e-05,-490.333343506,7.46717414586e-05,6.02170075581e-06,102.668922424,38.8832321167,0.974077761173,0.000232830643654,0.000465661287308,2,533.358892426,60.6545277361,10.8846972835,101.892371139,18.761988252,59.4074845139,78.5896554589,5150.00429004,0.006053596735,1268.82072072,1260.26687212,18,70.0567761669,39.2181318603,54.4982649444,0.00443117743193,0.00439104042016,4.01370117697e-05,-0.00020008883439,1598.43356738,5088,10.1760004833,1069.51818885,533.358892426,-7.41199636389e-07,7.41199636389e-07,0.0035760004539,1,7512,-2.04457660402e-06,2.04457660402e-06,1.41692852974,0,0,0,0,2.20377524971e-17,1.44397710073e-17,2.31262074522e-05,3.94937664794e-08,3.70983087805e-07,2.31261110457e-05,3.88040604093e-08,4.50075393621e-12,3.72529029846e-09,7.58341833773e-09,64
15.0400007144,2500.00180677,-0.000333103294947,4.44101278845e-05,-490.333374023,7.44705466786e-05,5.9912499637e-06,102.668830872,38.8832778931,0.974077701569,0.000232830643654,0.000465661287308,2,533.358892426,41.5228265156,6.68226396943,100.799053845,18.2887682509,59.4074845139,78.5896554589,5150.00475571,0.006053596735,1268.82072072,1260.26687212,18,70.0567761669,39.5890492655,54.8074422113,0.00447439974655,0.00447835191153,-3.95216498417e-06,0.000178260961547,1598.43356738,5088,10.1760004833,1069.51818885,533.358892426,-6.66206618951e-07,6.66206618951e-07,0.00349943363108,1,7520,-2.05471405934e-06,2.05471405934e-06,1.41112840176,0,0,0,0,1.80429747186e-17,1.18222787272e-17,1.96414184757e-05,3.68112438309e-08,1.48688377521e-06,1.96413693629e-05,3.79703770648e-08,2.86120432902e-12,1.49011611938e-08,1.35885249719e-08,64
15.0560007151,2500.00180677,-0.000299366448298,3.99122509407e-05,-490.333374023,7.42904594517e-05,5.963647709e-06,102.668556213,38.88331604,0.974077522755,0.000232830643654,0.000465661287308,2,533.358892426,23.9822135561,2.91434996955,99.7256161126,17.8550876287,59.4074845139,78.9953919593,5150.00429004,0.006053596735,1268.82072072,1260.26687212,18,70.0567761669,39.5669485442,55.0907971046,0.00460258520879,0.00465479388367,-5.22086748833e-05,-0.000463842297904,1598.43356738,5088,10.1760004833,1069.51818885,533.358892426,-5.9873292305e-07,5.9873292305e-07,0.00640111649409,1,7528,-2.03978606805e-06,2.03978606805e-06,1.41815495491,0,0,0,0,1.47723307007e-17,9.67925807369e-18,1.77917463589e-05,3.45739579188e-08,1.4900874703e-06,1.77916881512e-05,3.44628823257e-08,3.2620087187e-12,1.49011611938e-08,5.2210666901e-09,64
15.0720007159,2500.00180677,-0.000269032240929,3.58680226782e-05,-490.333374023,7.4128882261e-05,5.93876075072e-06,102.668327332,38.8833503723,0.974077403545,0.000232830643654,0.000465661287308,2,533.358892426,10.3823217517,0.414727707553,98.6674579547,17.4576154232,59.6455574851,83.6127364892,5150.00522137,0.006053596735,1268.82072072,1260.26687212,18,70.0567761669,36.2045393558,55.1453631488,0.00481572316052,0.00484214979224,-2.64266317163e-05,0.000280124368146,1598.43356738,5088,10.1760004833,1069.51818885,533.358892426,-5.38064493134e-07,5.38064493134e-07,0.0204512979835,1,7536,-2.06582944884e-06,2.06582944884e-06,1.41257953644,0,0,0,0,1.20945568064e-17,7.92470211535e-18,1.87397854461e-05,3.5407609289e-08,1.48489220919e-06,1.87398618436e-05,3.5505372864e-08,2.46071218957e-12,1.49011611938e-08,8.07311106854e-09,64
15.0880007166,2500.00180677,-0.000241772768472,3.22337218677e-05,-490.333374023,7.39835886634e-05,5.9164240156e-06,102.668327332,38.8833961487,0.974077403545,0.000232830643654,0.000465661287308,2,533.358892426,3.32823847018,-1.1986391654,97.6225284218,17.0842473695,66.9406435918,90.338588052,5150.00568703,0.006053596735,1268.82072072,1260.26687212,18,70.0567761669,31.9400314766,51.0371683049,0.00522394417307,0.00525687937625,-3.29352031758e-05,0.000331056071445,1598.43356738,5088,10.1760004833,1069.51818885,533.358892426,-4.83545549521e-07,4.83545549521e-07,0.0265693739057,1,7544,-2.107451337e-06,2.107451337e-06,1.41278326511,0,0,0,0,9.90217994005e-18,6.48819379381e-18,1.87629029824e-05,3.55437990152e-08,7.42681947941e-07,1.87627774721e-05,3.52755762378e-08,3.72013531091e-12,7.45058059692e-09,1.07597699639e-08,64
15.1040007174,2500.00180677,-0.000217285606174,2.8969036066e-05,-490.333374023,7.38527232897e-05,5.89643877902e-06,102.668144226,38.883441925,0.974077284336,0.000232830643654,0.000465661287308,2,533.358892426,2.39159655943,-1.38907395797,96.5899558605,16.7034922346,76.9345642766,96.3647689787,5150.00522137,0.006053596735,1268.82072072,1260.26687212,18,70.0567761669,28.9915860776,48.1121496705,0.00517335353029,0.00518593878951,-1.25852592237e-05,-6.36646291241e-05,1598.43356738,5088,10.1760004833,1069.51818885,533.358892426,-4.34571242923e-07,4.34571242923e-07,0.0234585423023,1,7552,-1.96454288925e-06,1.96454288925e-06,1.41299259663,0,0,0,0,8.10721455443e-18,5.31208110192e-18,1.79715643753e-05,3.4294313167e-08,1.49115442127e-06,1.79715607374e-05,3.45652146905e-08,5.16320319832e-12,1.49011611938e-08,9.21079390537e-09,64
15.1200007182,2500.00180677,-0.000195291727234,2.60367596638e-05,-490.333374023,7.37347654649e-05,5.87858494328e-06,102.668052673,38.8834724426,0.974077224731,0.000232830643654,0.000465661287308,2,533.358892426,3.2099652871,-1.17581285149,95.5691616098,16.3038097648,84.8645577207,100.478573586,5150.00568703,0.006053596735,1268.82072072,1260.26687212,18,70.0567761669,27.8383995465,47.4131884403,0.00505580134008,0.00506406649947,-8.26515939023e-06,0.000523868948221,1598.43356738,5088,10.1760004833,1069.51818885,533.358892426,-3.90583480272e-07,3.90583480272e-07,0.0189483426511,1,7560,-1.78850882548e-06,1.78850882548e-06,1.41053116322,0,0,0,0,6.6376227307e-18,4.3491622188e-18,1.92047973542e-05,3.63621950328e-08,7.45581189676e-07,1.92047573364e-05,3.54602143204e-08,1.68343117224e-12,7.45058059692e-09,6.88595491738e-09,64
15.1360007189,2500.00180677,-0.000175535350144,2.34027920669e-05,-490.333374023,7.36284273444e-05,5.86263104196e-06,102.667961121,38.8835144043,0.974077165127,0.000232830643654,0.000465661287308,2,533.358892426,3.87567400604,-1.01587529067,94.5598600018,15.8920889531,91.3152762223,103.563768789,5150.00475571,0.006053596735,1268.82072072,1260.26687212,18,70.0567761669,27.4210651696,47.1544335596,0.00486071472655,0.00493673724122,-7.60225146723e-05,-0.000280124368146,1598.43356738,5088,10.1760004833,1069.51818885,533.358892426,-3.51070707878e-07,3.51070707878e-07,0.0156916249543,1,7568,-2.01218040274e-06,2.01218040274e-06,1.41314983368,0,0,0,0,5.43442276888e-18,3.56079126623e-18,1.93420783035e-05,3.6640333434e-08,7.46787463868e-07,1.93420073629e-05,3.64583350176e-08,4.5717873931e-12,7.45058059692e-09,1.60710165176e-08,64
15.1520007197,2500.00180677,-0.000157787005683,2.10365415114e-05,-490.333374023,7.35326393624e-05,5.84835970585e-06,102.667686462,38.8835487366,0.974076986313,0.000232830643654,0.000465661287308,2,533.358892426,4.42696972209,-0.884862471497,93.5617800181,15.4767991228,96.6573279584,106.091007183,5150.00475571,0.006053596735,1268.82072072,1260.26687212,18,70.0567761669,27.3146652034,47.007262765,0.0048741297734,0.00479485606775,7.92737056554e-05,-0.000138243194669,1598.43356738,5088,10.1760004833,1069.51818885,533.358892426,-3.15574037171e-07,3.15574037171e-07,0.0130860535428,1,7576,-2.16131184061e-06,2.16131184061e-06,1.41344320774,0,0,0,0,4.44932717354e-18,2.91532775859e-18,1.87308523891e-05,3.54862379481e-08,7.45767181343e-07,1.87308578461e-05,3.61591361298e-08,6.68905209e-12,7.45058059692e-09,3.76430620008e-09,64
15.1680007204,2500.00180677,-0.000141839220924,1.89103448065e-05,-490.333374023,7.34464047127e-05,5.83556902711e-06,102.667686462,38.8835906982,0.974076986313,0.000232830643654,0.000465661287308,2,533.358892426,4.88669740456,-0.771089703657,92.5747312135,15.0646415687,101.112091215,108.285683382,5150.00522137,0.006053596735,1268.82072072,1260.26687212,18,70.0567761669,27.3588266282,46.9177866762,0.00502624275533,0.00507498043589,-4.8737680558e-05,4.72937244922e-05,1598.43356738,5088,10.1760004833,1069.51818885,533.358892426,-2.83678462665e-07,2.83678462665e-07,0.0109626622871,1,7584,-1.98535553864e-06,1.98535553864e-06,1.41048979759,0,0,0,0,3.64279877934e-18,2.38686729424e-18,1.93769883481e-05,3.65637085054e-08,1.49046775277e-06,1.9377004719e-05,3.7753913773e-08,2.83844996118e-12,1.49011611938e-08,1.75185164153e-08,64
15.1840007212,2500.00180677,-0.000127505284109,1.69993090822e-05,-490.333374023,7.33688430046e-05,5.82408301852e-06,102.667427063,38.8836250305,0.974076807499,0.000232830643654,0.000465661287308,2,533.358892426,5.27220085399,-0.668273493247,91.5985963908,14.6605861812,104.847618786,110.269007564,5150.00568703,0.006053596735,1268.82072072,1260.26687212,18,70.0567761669,27.4830981652,46.8689759145,0.00503823671671,0.00508953235112,-5.12956344068e-05,0.000498403096572,1598.43356738,5088,10.1760004833,1069.51818885,533.358892426,-2.55010585131e-07,2.55010585131e-07,0.0092261089012,1,7592,-1.92200764104e-06,1.92200764104e-06,1.41320097446,0,0,0,0,2.98246959532e-18,1.95420054868e-18,1.88544872799e-05,3.55847404876e-08,1.49390359638e-06,1.88545054698e-05,3.51290267986e-08,3.9701159027e-12,1.49011611938e-08,9.63490265349e-09,64
15.200000722,2500.00157394,-0.000114618738112,1.52812444867e-05,-490.333251953,7.32991320547e-05,5.81375115871e-06,102.667427063,38.8836746216,0.974076807499,0.000232830643654,0.000465661287308,2,533.358892426,5.59727316438,-0.572778898306,90.6331924295,14.2682413499,107.997570012,112.111098133,5150.00568703,0.006053596735,1268.82072072,1260.26687212,18,70.0567761669,27.6521495834,46.8505895697,0.00508734943061,0.00510408426635,-1.67348357394e-05,0.000483851181343,1598.43356738,5088,10.1760004833,1069.51818885,533.358892426,-2.29237500293e-07,2.29237500293e-07,0.00811364036053,1,7600,-1.90753189599e-06,1.90753189599e-06,1.41227114201,0,0,0,0,2.44183820223e-18,1.59996324309e-18,1.92018960661e-05,3.61029606211e-08,7.45564307181e-07,1.92019233509e-05,3.50823263773e-08,6.76063371952e-12,7.45058059692e-09,1.51445647134e-08,64
15.2160007227,2500.00157394,-0.000103033789833,1.37367114803e-05,-490.333282471,7.32365369913e-05,5.80444930165e-06,102.66733551,38.8837089539,0.974076747894,0.000232830643654,0.000465661287308,2,533.358892426,5.87297435625,-0.482409560088,89.6784680559,13.8900883574,110.669112473,113.85432299,5150.00522137,0.006053596735,1268.82072072,1260.26687212,18,70.0567761669,27.8465267911,46.8549551442,0.00496667085237,0.00496038410347,6.28674889924e-06,0.000161890056916,1598.43356738,5088,10.1760004833,1069.51818885,533.358892426,-2.06067584871e-07,2.06067584871e-07,0.0076742763631,1,7608,-2.0299460175e-06,2.0299460175e-06,1.41779363155,0,0,0,0,1.99920703222e-18,1.30993831409e-18,1.76692683453e-05,3.39727534993e-08,1.49392428739e-06,1.76692810783e-05,3.48456588029e-08,4.40525393941e-12,1.49011611938e-08,7.44558636967e-09,64
15.2320007235,2500.00157394,-9.26178023164e-05,1.23480267575e-05,-490.333282471,7.31803229428e-05,5.79606830797e-06,102.667243958,38.8837432861,0.97407668829,0.000232830643654,0.000465661287308,2,533.358892426,6.10819447217,-0.395802632869,88.734218175,13.5277670479,112.948393507,115.52497017,5150.00475571,0.006053596735,1268.82072072,1260.26687212,18,70.0567761669,28.0548956653,46.8761209049,0.00469549932269,0.00478030415252,-8.48048298252e-05,-0.000123691279441,1598.43356738,5088,10.1760004833,1069.51818885,533.358892426,-1.85235615908e-07,1.85235615908e-07,0.00733176665381,1,7616,-1.99432201953e-06,1.99432201953e-06,1.41220080853,0,0,0,0,1.63681134764e-18,1.07248629648e-18,1.88545927813e-05,3.5987032021e-08,7.45524005197e-07,1.88545527635e-05,3.71941624167e-08,6.30495655685e-12,7.45058059692e-09,9.34022637011e-09,64
15.2480007242,2500.00157394,-8.32521482308e-05,1.1099375115e-05,-490.333282471,7.31298496248e-05,5.78851768296e-06,102.667060852,38.8837776184,0.97407656908,0.000232830643654,0.000465661287308,2,533.358892426,6.31009810176,-0.312098938145,87.8003622138,13.1822909934,114.904840302,117.139614304,5150.00382438,0.006053596735,1268.82072072,1260.26687212,18,70.0567761669,28.2704677375,46.9094411528,0.00467013294703,0.00467662175652,-6.48880948972e-06,-0.000951331458054,1598.43356738,5088,10.1760004833,1069.51818885,533.358892426,-1.66504302208e-07,1.66504302208e-07,0.00705210957676,1,7624,-1.89741831491e-06,1.89741831491e-06,1.41260421276,0,0,0,0,1.34010703859e-18,8.78077139041e-19,1.95032334886e-05,3.67395038836e-08,7.47258582123e-07,1.95032862393e-05,3.70161146179e-08,3.19083648392e-12,7.45058059692e-09,4.60888793796e-09,64
15.264000725,2500.00157394,-7.48326400846e-05,9.97686674964e-06,-490.333282471,7.3084505857e-05,5.78172011956e-06,102.667060852,38.8838195801,0.97407656908,0.000232830643654,0.000465661287308,2,533.358892426,6.48446132348,-0.230747755313,86.8767976248,12.854166522,116.594419524,118.70887829,5150.00429004,0.006053596735,1268.82072072,1260.26687212,18,70.0567761669,28.4890847979,46.9513179269,0.00478931938552,0.00489308149554,-0.000103762110015,-0.000702129909769,1598.43356738,5088,10.1760004833,1069.51818885,533.358892426,-1.49665287216e-07,1.49665287216e-07,0.00681412406266,1,7632,-2.16583589463e-06,2.16583589463e-06,1.41411495209,0,0,0,0,1.09718632316e-18,7.18908408935e-19,1.83064148587e-05,3.42815305032e-08,7.43955013149e-07,1.83064112207e-05,3.3842905367e-08,4.02863853388e-12,7.45058059692e-09,1.20010099636e-08,64
15.2800007258,2500.00157394,-6.72630146026e-05,8.9676659627e-06,-490.333282471,7.30437750462e-05,5.77560422244e-06,102.666786194,38.8838577271,0.974076390266,0.000232830643654,0.000465661287308,2,533.358892426,6.6359541679,-0.15138889493,85.9634145357,12.5435135777,118.062387628,120.239710668,5150.00475571,0.006053596735,1268.82072072,1260.26687212,18,70.0567761669,28.7082093564,46.9989390695,0.0048370252248,0.00484760676045,-1.05815356477e-05,-0.000190993887372,1598.43356738,5088,10.1760004833,1069.51818885,533.358892426,-1.34526030181e-07,1.34526030181e-07,0.00660450570285,1,7640,-1.87328441825e-06,1.87328441825e-06,1.41187310219,0,0,0,0,8.98299740464e-19,5.88592203885e-19,1.80147599167e-05,3.39696981655e-08,1.49026482177e-06,1.80148199433e-05,3.49564110991e-08,3.24821766706e-12,1.49011611938e-08,1.9942302032e-08,64
15.2960007265,2500.00157394,-6.0458894835e-05,8.06052412372e-06,-490.333282471,7.30071551516e-05,5.77010450797e-06,102.666786194,38.8838996887,0.974076390266,0.000232830643654,0.000465661287308,2,533.358892426,6.76836127802,-0.0737869684648,85.060029826,12.250202145,119.345408166,121.736651636,5150.00429004,0.006053596735,1268.82072072,1260.26687212,18,70.0567761669,28.9262679871,47.0501363452,0.00476256034609,0.00478576112073,-2.32007746348e-05,-0.000594809534959,1598.43356738,5088,10.1760004833,1069.51818885,533.358892426,-1.20917802138e-07,1.20917802138e-07,0.0064148386009,1,7648,-1.77364438514e-06,1.77364438514e-06,1.40837740898,0,0,0,0,7.35465204377e-19,4.81898260876e-19,1.97856770683e-05,3.74937734193e-08,7.45804129565e-07,1.97856279556e-05,3.77283377873e-08,3.35853567179e-12,7.45058059692e-09,5.99941207824e-09,64
15.3120007273,2500.00157394,-5.43430925259e-05,7.24515120964e-06,-490.333282471,7.29742605472e-05,5.76516231376e-06,102.666694641,38.8839378357,0.974076330662,0.000232830643654,0.000465661287308,2,533.358892426,6.88475678925,0.00222095617395,84.1666215213,11.9738614048,120.473283459,123.202844406,5150.00522137,0.006053596735,1268.82072072,1260.26687212,18,70.0567761669,29.1422948067,47.1032763016,0.00483706785737,0.00491490936838,-7.78415110148e-05,0.000207364792004,1598.43356738,5088,10.1760004833,1069.51818885,533.358892426,-1.0868619237e-07,1.0868619237e-07,0.00623970059678,1,7656,-2.08421988646e-06,2.08421988646e-06,1.41246378422,0,0,0,0,6.02147677872e-19,3.94544705317e-19,1.88912745216e-05,3.54501779043e-08,3.7251578533e-07,1.88912363228e-05,3.51210331928e-08,1.90328482141e-12,3.72529029846e-09,7.59831664254e-09,64
15.328000728,2500.00157394,-4.88464546589e-05,6.51232630844e-06,-490.333282471,7.29446692276e-05,5.76072307013e-06,102.666694641,38.883972168,0.974076330662,0.000232830643654,0.000465661287308,2,533.358892426,6.98764579006,0.0767457808933,83.2830724244,11.7139896069,121.470278827,124.640428112,5150.00475571,0.006053596735,1268.82072072,1260.26687212,18,70.0567761669,29.3557168334,47.1571038361,0.00490859819458,0.00496220309287,-5.3604898298e-05,-0.000305590219796,1598.43356738,5088,10.1760004833,1069.51818885,533.358892426,-9.76929108898e-08,9.76929108898e-08,0.00607563555241,1,7664,-1.97913232114e-06,1.97913232114e-06,1.41046476364,0,0,0,0,4.92996543154e-19,3.23025713128e-19,1.82362637133e-05,3.42121708741e-08,7.45811746583e-07,1.82362837222e-05,3.46188677725e-08,3.40825978551e-12,7.45058059692e-09,1.23252448248e-08,64
15.3440007288,2500.00157394,-4.39065173108e-05,5.85372163187e-06,-490.333282471,7.29180683265e-05,5.75673584535e-06,102.666419983,38.8839988708,0.974076092243,0.000232830643654,0.000465661287308,2,533.358892426,7.07907373645,0.149870482618,82.4092799878,11.4699971033,122.356213978,126.051003463,5150.00475571,0.006053596735,1268.82072072,1260.26687212,18,70.0567761669,29.5661920973,47.210676712,0.00494135421469,0.00489126250613,5.00917085589e-05,-0.000234649633057,1598.43356738,5088,10.1760004833,1069.51818885,533.358892426,-8.78130372779e-08,8.78130372779e-08,0.00592033565044,1,7672,-2.03629156204e-06,2.03629156204e-06,1.41246187687,0,0,0,0,4.03631206798e-19,2.64470967583e-19,1.83601550816e-05,3.38095382801e-08,7.46394562157e-07,1.83602387551e-05,3.33212462067e-08,3.60484038453e-12,7.45058059692e-09,4.75682782053e-09,64
15.3600007296,2500.00157394,-3.94668499271e-05,5.26181474925e-06,-490.333282471,7.28941522539e-05,5.75315425522e-06,102.666419983,38.8840370178,0.974076092243,0.000232830643654,0.000465661287308,2,533.358892426,7.16071938563,0.221655407511,81.5450903903,11.2411852894,123.147357954,127.435734612,5150.00475571,0.006053596735,1268.82072072,1260.26687212,18,70.0567761669,29.7735350614,47.2633219033,0.00495624719044,0.00502404873259,-6.78015421585e-05,-0.000367435859516,1598.43356738,5088,10.1760004833,1069.51818885,533.358892426,-7.89337060883e-08,7.89337060883e-08,0.00577231869102,1,7680,-2.05883065973e-06,2.05883065973e-06,1.41266846657,0,0,0,0,3.30465091214e-19,2.16530383939e-19,1.83781703527e-05,3.38876660066e-08,3.72550687189e-07,1.83781230589e-05,3.34497443077e-08,3.30124469428e-12,3.72529029846e-09,4.05923827884e-09,64
15.3760007303,2500.00157394,-3.54763926569e-05,4.72979763799e-06,-490.333282471,7.28726372472e-05,5.7499387367e-06,102.666152954,38.8840713501,0.974075913429,0.000232830643654,0.000465661287308,2,533.358892426,7.23396255059,0.292151106845,80.6904670079,11.02687021,123.857083963,128.795596538,5150.00429004,0.006053596735,1268.82072072,1260.26687212,18,70.0567761669,29.9776420434,47.3145373689,0.00496518581805,0.00499676389154,-3.15780734894e-05,-0.000805812305771,1598.43356738,5088,10.1760004833,1069.51818885,533.358892426,-7.09527854764e-08,7.09527854764e-08,0.00563050387427,1,7688,-1.83924851171e-06,1.83924851171e-06,1.40683746338,0,0,0,0,2.70561782777e-19,1.77279978864e-19,1.88022240764e-05,3.53437457079e-08,1.48649507992e-06,1.88022131624e-05,3.63921515145e-08,3.38047125015e-12,1.49011611938e-08,1.77585093297e-08,64
15.3920007311,2500.00157394,-3.18898657481e-05,4.25163307227e-06,-490.333282471,7.28533123038e-05,5.74704881728e-06,102.666069031,38.8841056824,0.974075913429,0.000232830643654,0.000465661287308,2,533.358892426,7.29994910785,0.361394548072,79.8452706689,10.8262974086,124.496495118,130.131302285,5150.00475571,0.006053596735,1268.82072072,1260.26687212,18,70.0567761669,30.1784857584,47.363962949,0.00492348406489,0.00491127138957,1.22126753155e-05,-0.000254658516496,1598.43356738,5088,10.1760004833,1069.51818885,533.358892426,-6.37797377846e-08,6.37797377846e-08,0.00549419503659,1,7696,-2.0364818738e-06,2.0364818738e-06,1.41259455681,0,0,0,0,2.21517158584e-19,1.45144477356e-19,1.8557493604e-05,3.48871651568e-08,7.45166005345e-07,1.85574790521e-05,3.44151729337e-08,3.7565783817e-12,7.45058059692e-09,7.32308080842e-09,64
15.4080007318,2500.00157394,-2.86658752291e-05,3.82180314773e-06,-490.333282471,7.28359227651e-05,5.74445084567e-06,102.665977478,38.8841400146,0.97407579422,0.000232830643654,0.000465661287308,2,533.358892426,7.35962395921,0.429421926104,79.0094208003,10.6387362345,125.074744574,131.443550345,5150.00475571,0.006053596735,1268.82072072,1260.26687212,18,70.0567761669,30.3760607494,47.4113730888,0.00503673036611,0.0051313691074,-9.46387412881e-05,-0.000474756234325,1598.43356738,5088,10.1760004833,1069.51818885,533.358892426,-5.73317502956e-08,5.73317502956e-08,0.00536286318675,1,7704,-1.97620238396e-06,1.97620238396e-06,1.41104733944,0,0,0,0,1.81362813121e-19,1.18834175591e-19,1.7790169295e-05,3.32977307949e-08,1.48530432398e-06,1.77901001734e-05,3.33664225138e-08,4.8746839898e-12,1.49011611938e-08,4.81668394059e-09,64
15.4240007326,2500.00157394,-2.57677351678e-05,3.43541614711e-06,-490.333282471,7.28203012841e-05,5.74211571802e-06,102.665977478,38.884185791,0.97407579422,0.000232830643654,0.000465661287308,2,533.358892426,7.41378138985,0.496264915064,78.1827928802,10.4634706866,125.599530293,132.732951897,5150.00475571,0.006053596735,1268.82072072,1260.26687212,18,70.0567761669,30.5703943013,47.4566113553,0.00507248487658,0.0051313691074,-5.88842308247e-05,-0.000474756234325,1598.43356738,5088,10.1760004833,1069.51818885,533.358892426,-5.15354733443e-08,5.15354733443e-08,0.00523608736694,1,7712,-2.06739673558e-06,2.06739673558e-06,1.41536009312,0,0,0,0,1.48487217609e-19,9.72931452072e-20,1.8197875761e-05,3.35377308147e-08,1.48722222093e-06,1.8197866666e-05,3.19267883242e-08,3.40409644917e-12,1.49011611938e-08,2.88133605864e-08,64
15.4400007334,2500.00157394,-2.3162336632e-05,3.08805806526e-06,-490.333282471,7.28062514099e-05,5.7400161495e-06,102.665794373,38.8842124939,0.974075734615,0.000232830643654,0.000465661287308,2,533.358892426,7.46383737905,0.564035066015,77.3653136604,10.2998259656,126.084574731,134.040237754,5150.00522137,0.006053596735,1268.82072072,1260.26687212,18,70.0567761669,30.6960573653,47.4805892736,0.00508591413428,0.005129550118,-4.36359837153e-05,-7.27595761418e-06,1598.43356738,5088,10.1760004833,1069.51818885,533.358892426,-4.63246757306e-08,4.63246757306e-08,0.00563249923289,1,7720,-1.89951754237e-06,1.89951754237e-06,1.41259789467,0,0,0,0,1.21570993121e-19,7.9656846754e-20,1.74591259565e-05,3.23910711586e-08,1.48871322381e-06,1.74590841198e-05,3.17673496397e-08,5.91715565434e-12,1.49011611938e-08,1.16274065931e-08,64
15.4560007341,2500.00157394,-2.08203905505e-05,2.77582421404e-06,-490.333282471,7.27936348994e-05,5.7381280385e-06,102.665611267,38.8842468262,0.974075555801,0.000232830643654,0.000465661287308,2,533.358892426,7.51448713648,0.645950531812,76.5568219948,10.1474074471,126.575367176,135.620386573,5150.00615269,0.006053596735,1268.82072072,1260.26687212,18,70.0567761669,30.3785818687,47.3818763567,0.00511571429662,0.00520412868354,-8.84143869229e-05,0.000849468051456,1598.43356738,5088,10.1760004833,1069.51818885,533.358892426,-4.16407834321e-08,4.16407834321e-08,0.00718259438872,1,7728,-1.95221900867e-06,1.95221900867e-06,1.41246581078,0,0,0,0,9.9533854702e-20,6.52174785837e-20,1.77277252078e-05,3.31003988663e-08,7.44454609958e-07,1.77277252078e-05,3.31219780492e-08,6.07980332745e-12,7.45058059692e-09,6.8778831519e-09,64
15.4720007349,2500.00157394,-1.87152203457e-05,2.49515801443e-06,-490.333282471,7.27822844055e-05,5.73643001189e-06,102.665519714,38.8842697144,0.974075496197,0.000232830643654,0.000465661287308,2,533.358892426,7.56760535827,0.747719636302,75.7573252082,10.0061299798,127.09008297,137.583512696,5150.00429004,0.006053596735,1268.82072072,1260.26687212,18,70.0567761669,29.5015543088,47.133089538,0.00503379582462,0.00504223862663,-8.44280201306e-06,-0.000851287040859,1598.43356738,5088,10.1760004833,1069.51818885,533.358892426,-3.74304435374e-08,3.74304435374e-08,0.00891834776849,1,7736,-1.892338787e-06,1.892338787e-06,1.41077125072,0,0,0,0,8.1491391181e-20,5.33955295914e-20,1.90690007003e-05,3.58527358912e-08,7.45392583212e-07,1.90690261661e-05,3.62654795083e-08,7.1600642082e-12,7.45058059692e-09,1.2175178199e-08,64
15.4880007356,2500.00157394,-1.68214504825e-05,2.24267591875e-06,-490.333282471,7.27720907889e-05,5.73490342504e-06,102.665519714,38.8843040466,0.974075496197,0.000232830643654,0.000465661287308,2,533.358892426,7.62290546084,0.86431377605,74.9667134285,9.87584706753,127.625942696,139.832613058,5150.00568703,0.006053596735,1268.82072072,1260.26687212,18,70.0567761669,28.2317687379,46.7582467536,0.00519922438436,0.00526415533386,-6.4930949506e-05,0.000323780113831,1598.43356738,5088,10.1760004833,1069.51818885,533.358892426,-3.36429018324e-08,3.36429018324e-08,0.0102361263707,1,7744,-1.90748733075e-06,1.90748733075e-06,1.40983259678,0,0,0,0,6.6719470555e-20,4.37165406099e-20,1.94046679098e-05,3.68169743581e-08,7.45456247842e-07,1.94046679098e-05,3.74210564758e-08,2.92754535891e-12,7.45058059692e-09,1.12977325273e-08,64
15.5040007364,2500.0073947,2.30254227063,-0.30698043108,-490.643127441,0.000363434839528,1.15539487524e-05,102.665428162,38.8843460083,0.974075436592,0.000232830643654,0.000465661287308,3,528.915086761,7.67927498714,0.986305449817,74.1848255094,9.75619613158,128.172163386,142.185832374,5150.00475571,0.006053596735,1268.82072072,1260.26687212,18,70.0567761669,26.8292151304,46.2971911475,0.0051604074347,0.00510954123456,5.08662001408e-05,-0.000452928361483,1598.43934831,7750,15.5000007362,1598.43368156,528.915494215,0.00460508475797,-0.000181302528546,0.010874023661,1,7752,-1.931177394e-06,1.931177394e-06,1.4152752161,0,0,0.00131431117188,0.000821444496978,0.000685972569045,0.000428812054452,1.78136688191e-05,3.4032055396e-08,7.45928673496e-07,1.78135942406e-05,3.45684725289e-08,5.46991618666e-12,7.45058059692e-09,9.16820930286e-09,64
15.5200007372,2500.68726018,84.982792032,-11.3301086426,-501.999603271,0.0372434183955,-0.000143021490658,102.665428162,38.8843803406,0.974075436592,0.000232830643654,0.000465661287308,3,528.915086761,7.73521509587,1.10509480381,73.411661451,9.64666351896,128.714222228,144.477278809,5150.00568703,0.006053596735,1268.82072072,1260.26687212,18,70.0567761669,25.5103550444,45.7950372947,0.00515892950581,0.00516138243256,-2.45292675061e-06,0.000426553015132,1599.11925174,7750,15.5000007362,1598.43368156,528.915494215,0.16996558827,7.81597009336e-07,0.0108667882159,1,7760,-1.94862764147e-06,1.94862764147e-06,1.41005563736,0,0,0.00490348506719,0.00306467828341,0.00399423530325,0.00249844323844,1.87833484233e-05,3.48580364573e-08,7.45514455502e-07,1.87833029486e-05,3.44914212747e-08,3.05547254165e-12,7.45058059692e-09,7.73432695667e-09,64
15.5360007379,2502.86282972,172.242464032,-22.9637775421,-514.700012207,0.164920985699,-0.00365340081044,102.665245056,38.8844108582,0.974075317383,0.000232830643654,0.000465661287308,3,528.915086761,7.78912577163,1.215403504,72.6470601073,9.54657168382,129.236621433,146.605132613,5150.00568703,0.006053596735,1268.82072072,1260.26687212,18,70.0567761669,24.3941976805,45.2954845969,0.00520360132761,0.0051795723266,2.40290010112e-05,0.000408363121096,1601.29454576,7750,15.5000007362,1598.43368156,528.915494215,0.344484931247,0.000104421360447,0.0104065285996,1,7768,-1.7875058802e-06,1.7875058802e-06,1.40775418282,0,0,0.00848941318691,0.00530588347465,0.00755821354687,0.00472867069766,1.90820301214e-05,3.62844083668e-08,7.46823332065e-07,1.90820483112e-05,3.58638132525e-08,3.84663134678e-12,7.45058059692e-09,1.04419086711e-08,64
15.5520007387,2506.27053902,243.111862801,-32.4122543335,-525.819396973,0.368020802736,-0.0101081421599,102.664970398,38.8844299316,0.974075138569,0.000232830643654,0.000465661287308,3,528.915086761,9.14303452737,1.6602387972,71.8910214783,9.45533097814,129.449806991,148.311533849,5150.00615269,0.006053596735,1268.82072072,1260.26687212,18,70.0567761669,23.6852265516,45.0131519756,0.00549268286409,0.00551335688215,-2.06740180531e-05,0.000540239852853,1604.70259709,7750,15.5000007362,1598.43368156,528.915494215,0.486223768803,-7.33848537493e-05,0.00628293771297,1,7776,-2.21064533434e-06,2.21064533434e-06,1.41283941269,0,0,0.0120701557025,0.0075438474305,0.0111281238496,0.00696261692792,1.85568533198e-05,3.48098581071e-08,1.48907747644e-06,1.85567841982e-05,3.42184982571e-08,5.50653966869e-12,1.49011611938e-08,7.19414838812e-09,64
15.5680007394,2510.72901301,305.220281007,-40.6926994324,-536.286010742,0.624047994614,-0.0155422072858,102.664924622,38.8844604492,0.974075138569,0.000232830643654,0.000465661287308,3,528.915086761,14.7933247395,3.19350641639,71.143421042,9.37355394,129.449806991,148.617298692,5150.00568703,0.006053596735,1268.82072072,1260.26687212,18,70.0567761669,23.9018754655,44.7452730441,0.00557164903103,0.00559884938411,-2.7200353081e-05,-1.09139364213e-05,1609.16094654,7750,15.5000007362,1598.43368156,528.915494215,0.610440565652,-0.000191448634723,0.00279734493233,1,7784,-2.11315409615e-06,2.11315409615e-06,1.41280317307,0,0,0.0156437698752,0.00977735687047,0.0146919190884,0.00919272284955,1.89893507923e-05,3.66079611069e-08,7.46833791254e-07,1.89892907656e-05,3.66655044104e-08,7.22723270119e-12,7.45058059692e-09,6.57784493541e-09,64
15.5840007402,2516.11811109,360.400445061,-48.0494499207,-546.285217285,0.91749894619,-0.0171218309551,102.664787292,38.8844909668,0.97407501936,0.000232830643654,0.000465661287308,3,528.915086761,24.6955063664,5.85092573222,70.4041709006,9.300879822,129.449806991,148.617298692,5150.00522137,0.006053596735,1268.82072072,1260.26687212,18,70.0567761669,24.0332992689,44.4945326308,0.00557759805009,0.00553063728148,4.69607686071e-05,-0.000408363121096,1614.54990399,7750,15.5000007362,1598.43368156,528.915494215,0.720800926501,4.27462509833e-05,0.00277772475965,1,7792,-1.98723932954e-06,1.98723932954e-06,1.41683638096,0,0,0.019208310172,0.0120051940903,0.0182472541928,0.0114175155759,1.86168144864e-05,3.63953311933e-08,7.46413832076e-07,1.86168563232e-05,3.7156425492e-08,5.87525861295e-12,7.45058059692e-09,5.57398127654e-09,64
15.600000741,2522.33026549,409.02258479,-54.531867981,-555.813659668,1.23902106285,-0.0137212853879,102.664619446,38.884513855,0.97407490015,0.000232830643654,0.000465661287308,3,528.915086761,38.5261913485,9.55001892727,69.6732051307,9.26386201254,129.449806991,148.521925439,5150.00522137,0.006053596735,1268.82072072,1260.36221627,18,70.0567761669,24.1060351982,44.3266471848,0.00561635460361,0.00565887603443,-4.25214308208e-05,-0.000536601874046,1620.76223415,7750,15.5000007362,1598.43368156,528.915494215,0.81804518004,-0.000111128883873,0.00275817117654,1,7800,-2.11187193599e-06,2.11187193599e-06,1.41368317604,0,0,0.0227618608624,0.0142261637375,0.0217922069132,0.0136357955635,1.7940386897e-05,3.32603882214e-08,7.43634075207e-07,1.79403687071e-05,3.29528617726e-08,3.44829720333e-12,7.45058059692e-09,4.0904080123e-09,64
15.6160007417,2529.26466055,451.495754533,-60.1944923401,-564.876403809,1.58282375336,-0.00522675132379,102.664619446,38.884552002,0.97407490015,0.000232830643654,0.000465661287308,3,528.915086761,55.8335765432,13.3212693827,68.9505090826,10.601320138,129.449806991,143.62327056,5150.00615269,0.00651925802231,1268.82072072,1265.26074018,18,70.0567761669,24.2312198679,44.2722266598,0.00583384551778,0.00590989657212,-7.60510543429e-05,0.00014370016288,1627.69656134,7750,15.5000007362,1598.43368156,528.915494215,0.902991530438,-7.42943484511e-05,0.00627309689298,1,7808,-2.0973923256e-06,2.0973923256e-06,1.41358089447,0,0,0.0263024959713,0.0164390616119,0.0253248810768,0.0158463642001,1.78182035597e-05,3.23662519008e-08,1.49240429437e-06,1.78181981028e-05,3.2315053744e-08,3.54048734774e-12,1.49011611938e-08,9.3989456218e-09,64
15.6320007425,2536.82769835,488.416408189,-65.1168441772,-573.507202148,1.94494724274,0.00804131478071,102.668556213,38.8867492676,0.974077522755,0.000232830643654,0.000465661287308,3,528.915086761,74.6464356706,16.4736064189,71.4317259602,12.9337955567,127.439750941,134.897272801,5150.00568703,0.00651925802231,1270.83086409,1273.98688346,18,70.0567761669,24.6018844337,44.4815814262,0.00592493398788,0.00583804649068,8.68874971971e-05,-0.000250111042988,1635.25966502,7750,15.5000007362,1598.43368156,528.915494215,0.976832893684,-0.000108343556349,0.013677014038,1,7816,-2.04320735975e-06,2.04320735975e-06,1.41301202774,0,0,0.029828293249,0.0186426844448,0.0288433805108,0.0180480349809,1.78790360224e-05,3.31762421979e-08,1.4925611822e-06,1.78790287464e-05,3.27329239269e-08,3.28196497756e-12,1.49011611938e-08,1.18676100058e-08,64
15.6480007432,2544.93625835,520.379689988,-69.3782653809,-581.744506836,2.3224170208,0.0256186965853,102.686805725,38.8962898254,0.974089622498,0.000232830643654,0.000465661287308,3,528.915086761,87.2803366125,18.925209049,82.2109604842,15.3616712632,116.900046123,125.306789414,5150.00615269,0.00651925802231,1281.37052525,1283.57752692,18,70.0567761669,25.4705610132,45.1332016382,0.00608318606599,0.00609907147009,-1.58854041032e-05,-4.54747350886e-05,1643.36810201,7750,15.5000007362,1598.43368156,528.915494215,1.04075945728,0.000226350493904,0.0243529547006,1,7824,-1.7873348952e-06,1.7873348952e-06,1.41406202316,0,0,0.0333373919129,0.0208358708769,0.0323458388448,0.0202396381646,1.87578825717e-05,3.64995855762e-08,1.4851676724e-06,1.87577425095e-05,3.65356918053e-08,2.81527579027e-12,1.49011611938e-08,1.54918780026e-08,64
15.664000744,2553.51583473,547.973497305,-73.0571365356,-589.630249023,2.71281313896,0.0470251142979,102.701347351,38.9039382935,0.97409927845,0.000232830643654,0.000465661287308,3,528.915086761,95.9362449679,20.7158602018,91.0561421904,17.483569092,105.41001393,116.255265311,5150.00568703,0.00651925802231,1292.8606011,1292.62905102,18,70.0567761669,26.910485758,46.1844683741,0.00592106863539,0.00590807758272,1.2991052678e-05,-0.000320142135024,1651.94783858,7750,15.5000007362,1598.43368156,528.915494215,1.09594702735,-1.31876731757e-05,0.0311388336122,1,7832,-1.93644564206e-06,1.93644564206e-06,1.41188299656,0,0,0.0368279181421,0.0230174493045,0.0358304306865,0.0224200170487,2.0234439944e-05,3.41049357644e-08,7.4586057508e-07,2.0234445401e-05,3.38478862716e-08,5.25923748995e-12,7.45058059692e-09,7.87636533772e-09,64
15.6800007448,2562.50216626,571.736134589,-76.225227356,-597.204589844,3.11414980888,0.0717994645238,102.711402893,38.9091758728,0.97410595417,0.000232830643654,0.000465661287308,3,528.915086761,101.762143163,21.9453147708,97.5229621425,19.1630734249,95.0403118622,108.301101136,5150.00615269,0.00651925802231,1303.23017947,1300.58301147,18,70.0567761669,28.8514347631,47.4592307,0.00588684889724,0.00591717252973,-3.03236324939e-05,0.000136424205266,1660.93409825,7750,15.5000007362,1598.43368156,528.915494215,1.14347233193,-4.10409484175e-05,0.0311794839799,1,7840,-2.0306197257e-06,2.0306197257e-06,1.41264367104,0,0,0.0402979962528,0.0251862499863,0.0392952896655,0.0245880130678,1.8393557184e-05,3.39306254205e-08,1.48960054958e-06,1.83935735549e-05,3.36874101947e-08,6.21912243925e-12,1.49011611938e-08,3.52951934346e-09,64
15.6960007455,2571.83774374,592.123367824,-78.9433059692,-604.500244141,3.52470541,0.099523358047,102.718162537,38.9126815796,0.974110424519,0.000232830643654,0.000465661287308,3,528.915086761,105.555059521,22.7236611393,102.04746688,20.3957783828,86.2920060172,101.569348772,5150.00661835,0.00651925802231,1311.97844166,1307.31461104,18,70.0567761669,30.967839848,48.6852877657,0.0058571766326,0.00588079274166,-2.36161090683e-05,0.000638465280645,1670.2696048,7750,15.5000007362,1598.43368156,528.915494215,1.1842467984,-7.01447788742e-05,0.0281910914928,1,7848,-1.88459011952e-06,1.88459011952e-06,1.40702843666,0,0,0.0437457486987,0.0273410920054,0.0427385643125,0.0267424508929,1.85143489944e-05,5.10395636866e-08,3.72911841851e-07,1.85143489944e-05,5.10395636866e-08,2.84792849026e-12,3.72529029846e-09,5.75971093042e-09,64
15.7120007463,2581.47157729,609.493814409,-81.2591705322,-611.539855957,3.94295167923,0.129826411605,102.722770691,38.9150657654,0.97411352396,0.000232830643654,0.000465661287308,3,528.915086761,107.933135607,23.1487662285,105.10828212,21.2334264948,79.1679558461,95.9918252192,5150.00568703,0.00651925802231,1319.10247728,1312.89206911,18,70.0567761669,32.6363369823,49.5706954098,0.00595545890381,0.0060517777456,-9.63188417913e-05,-0.000463842297904,1679.90358227,7750,15.5000007362,1598.43368156,528.915494215,1.21898767702,0.000113573150884,0.0242789536715,1,7856,-2.14527403841e-06,2.14527403841e-06,1.41610085964,0,0,0.0471693091094,0.0294808205217,0.0461584106088,0.0288821868598,1.7670019588e-05,3.93570047663e-08,7.43563703054e-07,1.76700759766e-05,3.93570047663e-08,2.78027947886e-12,7.45058059692e-09,9.19459353099e-09,64
15.728000747,2591.35919623,624.214531854,-83.2217712402,-618.350646973,4.36754703522,0.162380218506,102.725990295,38.916721344,0.974115669727,0.000232830643654,0.000465661287308,3,528.915086761,109.323935819,23.3006335544,107.088239586,21.7433511692,73.4872373869,91.433430498,5150.00661835,0.00651925802231,1324.78331216,1317.45054387,18,70.0567761669,33.7531018886,50.1743197674,0.00563651048058,0.00562067725696,1.58332236211e-05,0.000898580765352,1689.79125635,7750,15.5000007362,1598.43368156,528.915494215,1.24842915739,8.75388650456e-06,0.0204250235111,1,7864,-1.89288914498e-06,1.89288914498e-06,1.40874612331,0,0,0.0505668483675,0.031604282558,0.0495530031621,0.0310060661286,1.95812972379e-05,3.69767541031e-08,1.49459208387e-06,1.95813681785e-05,3.73312651902e-08,6.05634986606e-12,1.49011611938e-08,4.48198989034e-09,64
15.7440007478,2601.46055371,636.543962173,-84.865562439,-624.947509766,4.79725980759,0.19690169394,102.728172302,38.917881012,0.974117100239,0.000232830643654,0.000465661287308,3,528.915086761,110.001174034,23.2415185939,108.259068126,21.9892874969,69.0285596647,87.7491838764,5150.00615269,0.00651925802231,1329.24201898,1321.13485597,18,70.0567761669,34.623684769,50.711172662,0.00594659133046,0.00596810423303,-2.15129025705e-05,8.54925019667e-05,1699.89261019,7750,15.5000007362,1598.43368156,528.915494215,1.27308794617,-0.000202817318495,0.0170021206141,1,7872,-2.05905234907e-06,2.05905234907e-06,1.41429066658,0,0,0.0539365075529,0.0337103195488,0.0529205203056,0.0331129468977,1.77188285306e-05,3.221061462e-08,1.49416973727e-06,1.77188667294e-05,3.18943662592e-08,6.41019182179e-12,1.49011611938e-08,1.74443925971e-08,64
15.7600007486,2611.73979379,646.732281893,-86.2238922119,-631.346069336,5.23097085953,0.233139455318,102.729667664,38.9187011719,0.974118053913,0.000232830643654,0.000465661287308,3,528.915086761,110.133137992,23.0185272651,108.80300194,22.0255984612,65.5899275444,84.8078998388,5150.00615269,0.00698491930962,1332.68069476,1324.07620549,18,70.0567761669,35.3622854163,51.2308943144,0.00593763849199,0.00590989657212,2.77419198724e-05,0.00014370016288,1710.17163109,7750,15.5000007362,1598.43368156,528.915494215,1.29346460653,0.000142449607665,0.0140882888809,1,7880,-2.0181958007e-06,2.0181958007e-06,1.41410183907,0,0,0.0572764985263,0.0357978157699,0.0562591738999,0.0352017022669,1.74625038198e-05,3.55186635659e-08,7.45817544612e-07,1.74624419742e-05,3.55186635659e-08,2.75738286371e-12,7.45058059692e-09,1.99367775622e-08,64
15.7760007493,2622.1643202,654.987466987,-87.3244934082,-637.558166504,5.66767263412,0.270870417356,102.730796814,38.9192848206,0.974118828773,0.000232830643654,0.000465661287308,3,528.915086761,109.820873588,22.6669981624,108.83883496,21.8963849727,63.0075155641,82.5007009553,5150.00568703,0.00698491930962,1335.26301943,1326.38332434,18,70.0567761669,36.018089304,51.7384396517,0.00612394279731,0.00614454620518,-2.06034078687e-05,-0.000556610757485,1720.59615204,7750,15.5000007362,1598.43368156,528.915494215,1.30997500492,0.000163026925293,0.0116355400532,1,7888,-2.0839422632e-06,2.0839422632e-06,1.41642391682,0,0,0.0605850107968,0.0378656312823,0.0595671646297,0.0372712127864,1.7951537302e-05,3.46473214563e-08,1.49546917783e-06,1.79515591299e-05,3.42824684196e-08,2.09406103568e-12,1.49011611938e-08,5.35510480404e-09,64
15.7920007501,2632.70479627,661.492464133,-88.1917572021,-643.59375,6.10639619827,0.30990383029,102.731559753,38.9196853638,0.974119305611,0.000232830643654,0.000465661287308,3,528.915086761,109.123345621,22.2130186325,108.442371748,21.6361286217,61.1572977505,80.7417163742,5150.00568703,0.00698491930962,1337.11320814,1328.14224344,18,70.0567761669,36.6142194252,52.2301234014,0.00619550866165,0.00620093487669,-5.42621503286e-06,-0.000612999428995,1731.13660412,7750,15.5000007362,1598.43368156,528.915494215,1.32298498556,0.000191562321561,0.00955386925489,1,7896,-1.93113760361e-06,1.93113760361e-06,1.41054725647,0,0,0.063860245049,0.0399126596749,0.0628427267075,0.0393203683197,1.91525905393e-05,3.60346632533e-08,7.45227396237e-07,1.91525614355e-05,3.54188287588e-08,6.4324934268e-12,7.45058059692e-09,1.19259615516e-08,64
15.8080007508,2643.33467931,666.400708724,-88.8461380005,-649.460327148,6.54626893997,0.350073993206,102.732292175,38.919960022,0.974119842052,0.000232830643654,0.000465661287308,3,528.915086761,108.072080119,21.6751735751,107.659670774,21.2709185863,59.9509039603,79.466131865,5150.00661835,0.00698491930962,1338.3195037,1329.41780612,18,70.0567761669,37.1627502318,52.7014308318,0.0061731834089,0.00620457285549,-3.13894465975e-05,0.000314685166813,1741.76675137,7750,15.5000007362,1598.43368156,528.915494215,1.33280150294,-0.000311729309033,0.00774802593514,1,7904,-1.85340343251e-06,1.85340343251e-06,1.40841245651,0,0,0.0671004652977,0.0419377945364,0.0660841241479,0.0413480699062,1.93425094039e-05,3.65560666182e-08,3.72692710471e-07,1.93425748876e-05,3.75084994175e-08,3.59673402173e-12,3.72529029846e-09,3.87400600488e-09,64
15.8240007516,2654.02998775,669.839326292,-89.3045806885,-655.163024902,6.98645019531,0.39123237133,102.732475281,38.9200744629,0.974119961262,0.000232830643654,0.000465661287308,3,528.915086761,106.417806129,20.9952618012,106.39597084,20.809700303,59.402838815,78.6625096225,5150.00615269,0.00698491930962,1338.86758704,1330.22142109,18,70.0567761669,37.6708412659,53.1484947714,0.00621642437526,0.00617183104623,4.45933290294e-05,-0.00011823431123,1752.46194544,7750,15.5000007362,1598.43368156,528.915494215,1.33967876081,2.87627699436e-05,0.00600301427767,1,7912,-2.04304910767e-06,2.04304910767e-06,1.41235601902,0,0,0.0703039094806,0.043939948082,0.0692896097898,0.0433532297611,1.90088758245e-05,3.63838736916e-08,3.41732757647e-08,1.90088376257e-05,3.66165657795e-08,3.33296758248e-12,5.63886715099e-11,2.853442993e-08,64
15.8400007524,2664.76813704,671.955174766,-89.5866699219,-660.710388184,7.4261713028,0.43324971199,102.731925964,38.92004776,0.974119603634,0.000232830643654,0.000465661287308,3,528.915086761,100.211713147,19.5752575315,104.913119614,20.1852978467,59.402838815,78.5884258221,5150.00615269,0.00698491930962,1338.86758704,1330.29557765,19,70.0469536241,38.1433310395,53.5669714736,0.00621490736652,0.00617910700385,3.58003626744e-05,-0.000125510268845,1763.20004687,7750,15.5000007362,1598.43368156,528.915494215,1.34391041229,-1.19371179608e-05,0.00449592480436,1,7920,-1.98747329705e-06,1.98747329705e-06,1.41235685349,0,0,0.0734688639641,0.0459180399776,0.0724574699998,0.0453347750008,1.90402697626e-05,3.66327341794e-08,7.45012528114e-07,1.90402242879e-05,3.65909436084e-08,2.85323153992e-12,7.45058059692e-09,1.66522244882e-08,64
15.8560007531,2675.5281724,672.772992402,-89.6957015991,-666.095397949,7.86469602585,0.476007133722,102.731834412,38.9200439453,0.974119484425,0.000232830643654,0.000465661287308,3,528.915086761,87.9906244153,16.8906157507,103.669277267,19.5930403634,59.402838815,78.5884258221,5150.00708401,0.00698491930962,1338.86758704,1330.29557765,19,70.0469536241,38.5838575312,53.9530738024,0.00633412933215,0.00638647179585,-5.23424636967e-05,0.000598447513767,1773.96022525,7750,15.5000007362,1598.43368156,528.915494215,1.34554602482,-1.77351466846e-05,0.00390033028089,1,7928,-2.16009652831e-06,2.16009652831e-06,1.41279482841,0,0,0.0765936076641,0.0478710047901,0.0755860283971,0.0472916476429,1.85058706847e-05,3.45293287296e-08,9.3218872621e-08,1.85058706847e-05,3.46159403364e-08,2.52872722761e-12,9.31322574615e-10,8.09603584173e-09,64
15.8720007539,2686.29123457,672.468042467,-89.6550445557,-671.332214355,8.30131626129,0.519402623177,102.731651306,38.9200439453,0.974119365215,0.000232830643654,0.000465661287308,3,528.915086761,71.3382759057,13.2325493307,102.516716828,19.0502876766,59.402838815,78.5884258221,5150.00661835,0.00698491930962,1338.86758704,1330.29557765,19,70.0469536241,38.995367504,54.3075002497,0.00652185472294,0.00658656063024,-6.47059072989e-05,-6.73026079312e-05,1784.72308494,7750,15.5000007362,1598.43368156,528.915494215,1.34493609494,-0.00010629719327,0.00365073466673,1,7936,-2.04098705581e-06,2.04098705581e-06,1.41186368465,0,0,0.0796764865518,0.0497978031635,0.0786735862494,0.0492227934301,1.87951081898e-05,3.4358897949e-08,1.48265735334e-06,1.87951700354e-05,3.38619088325e-08,6.34549357503e-12,1.49011611938e-08,7.46513251215e-09,64
15.8880007546,2697.03939557,671.049463563,-89.4659194946,-676.413269043,8.73536396027,0.563354730606,102.731651306,38.9200401306,0.974119365215,0.000232830643654,0.000465661287308,3,528.915086761,52.4124827023,9.07506660627,101.407900215,18.5528811196,59.402838815,78.5884258221,5150.00661835,0.00698491930962,1338.86758704,1330.29557765,19,70.0469536241,39.380392991,54.6324481547,0.00658889798277,0.00659201759845,-3.11961567689e-06,-7.27595761418e-05,1795.47127709,7750,15.5000007362,1598.43368156,528.915494215,1.3420990399,-6.32098817732e-05,0.00353687885217,1,7944,-1.97238614419e-06,1.97238614419e-06,1.41213083267,0,0,0.0827158167958,0.0516973882914,0.0817185118794,0.0511271804571,2.0494502678e-05,3.36833032577e-08,3.72979940266e-07,2.04945208679e-05,3.54390010671e-08,3.50999090903e-12,3.72529029846e-09,2.04065528919e-08,64
15.9040007554,2707.75589161,668.631051667,-89.1434936523,-681.345458984,9.16621303558,0.60777336359,102.731468201,38.9200401306,0.974119246006,0.000232830643654,0.000465661287308,3,528.915086761,33.6658692477,4.95694609151,100.324119836,18.0970557351,59.402838815,78.5884258221,5150.00661835,0.00698491930962,1338.86758704,1330.29557765,19,70.0469536241,39.7411567974,54.9302640138,0.00667232635809,0.00663931132294,3.30150351502e-05,-0.000120053300634,1806.18767604,7750,15.5000007362,1598.43368156,528.915494215,1.3372621197,0.000117097442853,0.00347808585502,1,7952,-2.03800891541e-06,2.03800891541e-06,1.41358590126,0,0,0.0857100114226,0.0535687617958,0.0847191810608,0.053003795445,1.83894298971e-05,3.45492203735e-08,7.43996793062e-07,1.83893826033e-05,3.55094691429e-08,6.25209606309e-12,7.45058059692e-09,1.02287200932e-08,64
15.9200007562,2718.42465736,665.265426505,-88.6947784424,-686.127990723,9.59324264526,0.652590692043,102.731468201,38.9200401306,0.974119246006,0.000232830643654,0.000465661287308,3,528.915086761,17.5276132351,1.73357844377,99.2576846316,17.6793175837,59.402838815,80.5260206107,5150.00661835,0.00698491930962,1338.86758704,1330.29557765,19,70.0469536241,38.4122795367,55.2031924599,0.00635937136284,0.00639374775346,-3.4376390623e-05,0.000125510268845,1816.85665927,7750,15.5000007362,1598.43368156,528.915494215,1.33053094942,-0.000136651578941,0.0137199228629,1,7960,-1.91736558008e-06,1.91736558008e-06,1.40640842915,0,0,0.0886574015021,0.0554108843207,0.0876739919186,0.0548516213894,2.00390131795e-05,3.74748729826e-08,1.49168045027e-06,2.00390677492e-05,3.90221615021e-08,7.22527593311e-12,1.49011611938e-08,2.08743813346e-08,64
15.9360007569,2729.03172299,660.990830511,-88.1248779297,-690.759094238,10.0158863068,0.697740852833,102.731254578,38.9200248718,0.974119126797,0.000232830643654,0.000465661287308,3,528.915086761,6.65238511274,-0.405961071037,98.2054888773,17.2952754359,61.8820631644,86.400526925,5150.00708401,0.00698491930962,1338.86758704,1330.29557765,19,70.0469536241,34.3480824085,53.6382140126,0.00629390195517,0.00638101482764,-8.71128724711e-05,0.000603904481977,1827.46362339,7750,15.5000007362,1598.43368156,528.915494215,1.32198169922,3.06954461848e-05,0.0240395478904,1,7968,-1.95119059754e-06,1.95119059754e-06,1.40957713127,0,0,0.0915564671159,0.0572227947414,0.0905813500285,0.0566696822643,1.9637403966e-05,3.67199923801e-08,1.48897504459e-06,1.9637405785e-05,3.61715990493e-08,5.98719684941e-12,1.49011611938e-08,4.40165370819e-09,64
15.9520007577,2739.56265301,655.875948723,-87.4429473877,-695.240844727,10.4335899353,0.743161916733,102.731071472,38.9200286865,0.974119007587,0.000232830643654,0.000465661287308,3,528.915086761,2.13842674302,-1.47477767192,97.1660383098,16.9221216331,71.402057074,93.1768663577,5150.00661835,0.00698491930962,1338.86758704,1330.29557765,19,70.0469536241,30.3976685245,49.3632687721,0.00627599627823,0.00630279828329,-2.68020050598e-05,0.000216459739022,1837.99454339,7750,15.5000007362,1598.43368156,528.915494215,1.31175193019,1.5916157281e-05,0.0262787211686,1,7976,-2.20063611778e-06,2.20063611778e-06,1.41339564323,0,0,0.0944056212902,0.0590035133064,0.093439720571,0.0584570020437,1.83827687579e-05,3.34976100191e-08,1.81176051939e-08,1.83827687579e-05,3.28234364133e-08,6.55613063838e-12,3.00133251585e-11,1.51162566908e-08,64
15.9680007584,2750.00464171,649.979920126,-86.6568756104,-699.574829102,10.8458185196,0.788806140423,102.730979919,38.9200172424,0.974118947983,0.000232830643654,0.000465661287308,3,528.915086761,2.7654388953,-1.28854618158,96.1387249693,16.5329722545,80.5570962257,98.303949926,5150.00615269,0.00698491930962,1338.86758704,1330.29557765,19,70.0469536241,28.3570498141,47.6992281619,0.0063669457484,0.00640648067929,-3.95349308846e-05,-0.000352883944288,1848.43654085,7750,15.5000007362,1598.43368156,528.915494215,1.29995987663,-6.63931132294e-05,0.021275466308,1,7984,-1.85302224054e-06,1.85302224054e-06,1.40637493134,0,0,0.0972033292055,0.0607520826161,0.0962475761771,0.0602126196027,2.56941912085e-05,3.80076627948e-08,1.49297545704e-06,2.56942003034e-05,3.8164028382e-08,7.12969960848e-12,1.49011611938e-08,6.68001121085e-09,64
15.9840007592,2760.34511626,643.314793706,-85.7682647705,-703.756469727,11.2520856857,0.834616303444,102.730888367,38.920009613,0.974118888378,0.000232830643654,0.000465661287308,3,528.915086761,3.51128457939,-1.10255240454,95.1229994941,16.1270087514,87.7843413036,101.891768281,5150.00615269,0.00698491930962,1338.86758704,1330.29557765,19,70.0469536241,27.6038663287,47.2787360195,0.00624052598486,0.00622821971774,1.23062671165e-05,-0.00017462298274,1858.77708554,7750,15.5000007362,1598.43368156,528.915494215,1.28662964016,-7.50333128963e-06,0.0174501147121,1,7992,-1.84704219919e-06,1.84704219919e-06,1.40590775013,0,0,0.099948130548,0.0624675862491,0.0990034118295,0.0619356073439,1.92692223209e-05,3.62423620004e-08,3.72209456145e-07,1.92692114069e-05,3.5454363001e-08,1.31363279629e-12,3.72529029846e-09,6.14952666567e-09,64
16.00000076,2770.57220228,635.899661575,-84.7796630859,-707.782531738,11.6519060135,0.880543351173,102.730796814,38.9200134277,0.974118828773,0.000232830643654,0.000465661287308,3,528.915086761,4.12446472456,-0.957004223855,94.1186494644,15.7128176441,93.7260556384,104.699392978,5150.00522137,0.00698491930962,1338.86758704,1330.29557765,19,70.0469536241,27.3498881143,47.0808299724,0.00614815542921,0.00623367668595,-8.5521256743e-05,-0.00111140252557,1869.00417975,7750,15.5000007362,1598.43368156,528.915494215,1.27179941956,-7.84439180279e-05,0.0145050249994,1,8000,-1.99611304197e-06,1.99611304197e-06,1.4173438549,0,0,0.102638497949,0.0641490668058,0.101705759764,0.0636250376701,1.77819802047e-05,3.30723395336e-08,7.37857464017e-09,1.7781936549e-05,3.27825162572e-08,3.60443619396e-12,1.22977183992e-11,6.14880280025e-09,64
