time_s,lung_volume_ml,airflow_ml_s,alveolar_pa,pleural_pa,diaphragm_mm,rib_mm,PaO2_mmhg,PaCO2_mmhg,SaO2,oxygen_balance_error_stpd_ml,co2_balance_error_stpd_ml,breaths,tidal_ml,lv_mmhg,rv_mmhg,aorta_mmhg,pulmonary_artery_mmhg,lv_ml,rv_ml,blood_ml,blood_error_ml,aortic_ejected_ml,pulmonary_ejected_ml,complete_filling_ejection_cycles,last_lv_stroke_ml,right_atrium_ml,left_atrium_ml,blood_continuity_residual_accum_ml,blood_physical_delta_accum_ml,blood_residual_minus_physical_ml,blood_endpoint_minus_physical_ml,step,min_contact_gap_m,peak_penetration_m,normal_impulse_ns,root_assistance_n,root_assistance_nm,diaphragm_excitation,intercostal_excitation,diaphragm_activation,intercostal_activation
0.0320000015199,2501.77551061,142.527991557,-19.0021724701,-510.20526123,0.0651400983334,0.00245384383015,99.9998245239,39.9999885559,0.972220122814,0.000116415321827,0.000232830643654,0,0,7.01997342566,0.968537610867,82.9080855854,13.1422223964,121.783530631,141.843091114,5150.00056475,0.000931322574615,0,0,0,0,31.1432195303,47.3692743981,0.000162458491104,0.000150976120494,1.14823706099e-05,0.000314685166813,32,-0.000120462682389,0.000120462682389,0.552642822266,0,0,0.0080390907824,0.00502443220466,0.00688632298261,0.00430874852464
0.0640000030398,2508.9699775,294.370343909,-39.2461585999,-533.976989746,0.349380046129,0.00392889603972,99.9998703003,39.9999885559,0.972220122814,0.000116415321827,0.000232830643654,0,0,7.28252564989,1.1942787229,81.0799203666,12.5355524139,124.327663798,146.197635331,5150.00103042,0.000931322574615,0,0,0,0,28.5085789073,46.7301870231,0.000470954830689,0.000451109372079,1.98454586098e-05,0.000480213202536,64,-3.65942969438e-06,3.65942969438e-06,0.67789542675,0,0,0.0160578656942,0.010036165826,0.0148772588,0.0093100387603
0.0960000045598,2520.36983147,409.569358453,-54.6047668457,-554.925292969,0.774881899357,0.0166327711195,99.9995498657,39.9999847412,0.972219884396,0.000116415321827,0.000465661287308,0,0,7.51355596872,1.42639414516,79.369113415,12.0099892486,126.566344989,150.675143232,5150.00009909,0.00139698386192,0,0,0,0,25.6469447777,45.7997630292,0.000648221032407,0.000633008312434,1.52127199726e-05,-0.000633008312434,96,1.69450186149e-06,0,0.673416793346,0,0,0.0240360740572,0.0150225460529,0.0228329002857,0.0142891434953
0.12800000608,2534.99508835,497.685628943,-66.3526382446,-573.844360352,1.27974939346,0.0500246435404,99.9995498657,39.9999694824,0.972219884396,0.000116415321827,0.000465661287308,0,0,10.1069689466,2.29977513286,77.708400908,11.5582328016,127.826948301,153.918837896,5150.00009909,0.00139698386192,0,0,0,0,24.0422523348,45.3042302979,0.000701858477586,0.000793079379946,-9.12209023596e-05,-0.000793079379946,128,1.67655014138e-06,0,0.660920977592,0,0,0.0319535620511,0.0199709758162,0.0307314619422,0.0192323904485
0.1600000076,2552.06669681,564.021873288,-75.1967468262,-591.059265137,1.83805286884,0.101925499737,99.9994125366,39.9999694824,0.972219824791,0.000116415321827,0.000465661287308,0,0,27.805652439,7.37082544031,76.0867956153,11.1814925838,127.826948301,153.957502334,5150.00056475,0.00139698386192,0,0,0,0,24.2486894422,44.9830622529,0.000937290592362,0.000962245394476,-2.49548021136e-05,-0.000496584107168,160,1.6584349396e-06,0,0.699457883835,0,0,0.0397903323174,0.0248689576983,0.0385531969368,0.0241273697466
0.19200000912,2570.96951827,613.388489,-81.7784194946,-606.909606934,2.4351940155,0.1681638062,99.999458313,39.9999694824,0.972219824791,0.000116415321827,0.000465661287308,0,0,60.4131895643,15.6105265317,74.5018363975,12.5071678205,127.826948301,148.228995386,5150.00056475,0.00139698386192,0,5.72852104597,0,0,24.3822360062,44.9278450105,0.000859755433513,0.000804902811069,5.48526224442e-05,-0.000339241523761,192,1.54386998474e-06,0,0.704751849174,0,0,0.0475265905261,0.0297041218728,0.0462785586715,0.0289618037641
0.224000010639,2591.22671559,649.621302728,-86.6090621948,-621.672973633,3.06064414978,0.245180249214,99.999458313,39.9999732971,0.972219824791,0.000116415321827,0.000465661287308,0,0,92.2031723903,21.2664980574,87.2146110019,17.5085503908,115.779024782,128.389030579,5150.00056475,0.00139698386192,12.0479026009,25.5685135926,0,0,25.8316504187,46.120116167,0.000701948332793,0.000725776772015,-2.38284392218e-05,-0.000260115484707,224,-4.08960687537e-07,4.08960687537e-07,0.695693135262,0,0,0.0551427975297,0.03446425125,0.05388822034,0.0337235555053
0.256000012159,2612.46459559,675.376388244,-90.0427932739,-635.520385742,3.70608234406,0.330206602812,99.9998703003,39.9999961853,0.972220122814,0.000116415321827,0.000465661287308,0,0,105.959829078,24.1417206693,101.880263212,21.29504105,94.4935600273,110.697204946,5150.00009909,0.00139698386192,33.3333518938,43.2603083027,0,0,29.3988996418,48.6991921207,0.0005738801101,0.000614818418398,-4.09383082989e-05,-0.000614818418398,256,1.83411657417e-07,0,0.716523766518,0,0,0.0626197010279,0.0391373150051,0.061363145709,0.038400657475
0.288000013679,2634.38327238,692.735193297,-92.3571090698,-648.582092285,4.3646273613,0.421127617359,99.999961853,40,0.972220242023,0.000232830643654,0.000465661287308,0,0,111.632177071,25.185558804,108.936965574,23.2472923834,79.1925704107,98.1066987151,5150.00056475,0.00139698386192,48.6343451485,55.8507745154,0,0,32.8750829794,50.7738695887,0.000241914543953,0.000241925590672,-1.1046719095e-08,0.000223735696636,288,3.79141141593e-07,0,0.695397496223,0,0,0.0699384212494,0.0437115170062,0.0686846226454,0.0429813750088
0.320000015199,2656.73943795,703.142723069,-93.7446670532,-660.931640625,5.03050947189,0.516278922558,99.9998245239,39.9999885559,0.972220122814,0.000232830643654,0.000465661287308,0,0,113.384537726,25.1227264973,111.736314038,23.8641392877,69.4795598974,89.7367281141,5150.00009909,0.00139698386192,58.3473665756,64.2207232886,0,0,34.6658307535,51.9822242495,5.71592218002e-05,-1.09139364213e-05,6.80731582214e-05,1.09139364213e-05,320,8.57434514501e-08,0,0.7063601017,0,0,0.0770805180073,0.0481753237545,0.0758343189955,0.047454200685
0.352000016719,2679.33099531,707.7769842,-94.3625183105,-672.626831055,5.69876527786,0.614364564419,99.9995498657,39.9999809265,0.972219884396,0.000232830643654,0.000465661287308,0,0,112.950095323,24.3953096028,112.04255744,23.6306148676,63.7814591755,84.448409325,5150.00056475,0.00139698386192,64.0455036773,69.5090493537,0,0,35.9625119017,53.1056757609,-9.93307103236e-05,-6.36646291241e-05,-3.56660811995e-05,0.000529325916432,352,-8.85258600647e-07,8.85258600647e-07,0.705427527428,0,0,0.0840279832482,0.0525174923241,0.0827944204211,0.0518079437315
0.384000018239,2701.98634826,707.446888555,-94.3185119629,-683.691467285,6.36501693726,0.714349925518,99.9998703003,39.9999961853,0.972220122814,0.000232830643654,0.000465661287308,0,0,110.942926151,23.2506086957,110.601018199,22.8655520602,61.010265199,81.4505983726,5150.00009909,0.00139698386192,66.8166903779,72.5068748579,0,0,37.0384623238,54.152784287,0.000225522323039,0.000227373675443,-1.85135240471e-06,-0.000227373675443,384,-6.40927339646e-07,6.40927339646e-07,0.704815745354,0,0,0.0907631888986,0.0567269921303,0.0895473435521,0.0560315959156
0.416000019759,2724.5588135,702.816760167,-93.701210022,-694.142211914,7.02539205551,0.815401494503,99.9997329712,39.9999809265,0.97222006321,0.000232830643654,0.000465661287308,0,0,100.197290577,20.4759448762,107.694419721,21.6144471543,60.6826361036,80.7842588983,5149.99963343,0.00139698386192,67.1443121973,73.1732070562,1,67.1443121973,37.9641678592,55.0873337488,0.000377507192173,0.000314685166813,6.28220253596e-05,-0.000780346454121,416,-7.75794148922e-07,7.75794148922e-07,0.702477097511,0,0,0.097269102931,0.0607931911945,0.0960761085153,0.0601145103574
0.448000021279,2746.91940285,694.399641361,-92.5790176392,-703.984130859,7.67647171021,0.916792333126,99.9996414185,39.9999847412,0.972220003605,0.000232830643654,0.000465661287308,0,0,68.0786577234,13.1559253035,105.275068273,20.3956685105,60.6826361036,80.7842588983,5150.00009909,0.00139698386192,67.1443121973,73.1732070562,1,67.1443121973,38.7707004847,55.8829124202,0.000359631713298,0.000358340912499,1.29080079958e-06,-0.000358340912499,448,-6.59883824028e-07,6.59883824028e-07,0.697375059128,0,0,0.103529304266,0.0647058188915,0.102364331484,0.0640464127064
0.480000022799,2768.9547278,682.64309084,-91.0116119385,-713.221374512,8.31512737274,1.01794135571,99.9997329712,39.9999885559,0.97222006321,0.000232830643654,0.000465661287308,0,0,29.6313858175,4.39357083155,103.024773674,19.3725870848,60.6826361036,80.7842588983,5150.00009909,0.00139698386192,67.1443121973,73.1732070562,1,67.1443121973,39.4783273805,56.5513109905,0.000244877285116,0.000278305378743,-3.34280936265e-05,-0.000278305378743,480,-9.9302113199e-08,9.9302113199e-08,0.704103827477,0,0,0.109527975321,0.0684549883008,0.108396165073,0.0678173825145
0.512000024319,2790.56467116,667.95211751,-89.0529708862,-721.858764648,8.93857097626,1.11834096909,99.9997329712,39.9999847412,0.97222006321,0.000232830643654,0.000465661287308,0,0,5.04002969443,-0.765476430796,100.843376331,18.510261654,65.7418058836,89.5472403499,5150.00056475,0.00139698386192,67.1443121973,73.1732070562,1,67.1443121973,33.3580937877,53.6834231752,0.000522006715631,0.000525687937625,-3.6812219939e-06,-6.0026650317e-05,512,-2.25429607781e-06,2.25429607781e-06,0.704547047615,0,0,0.115249954164,0.0720312222838,0.114156410098,0.0714179202914
0.544000025839,2811.65912747,650.588190183,-86.7379760742,-729.887023926,9.5443277359,1.21751773357,99.9993209839,39.999961853,0.972219765186,0.000232830643654,0.000465661287308,0,0,3.27090756124,-1.16912574856,98.7140291607,17.6710826547,85.4550889926,100.607569038,5150.00103042,0.00139698386192,67.1443121973,73.1732070562,1,67.1443121973,28.1565025944,48.6405551783,0.000569755187474,0.000627551344223,-5.77961567494e-05,0.000303771230392,544,-1.05680283013e-06,1.05680283013e-06,0.697976589203,0,0,0.12068079412,0.0754254981875,0.119630537927,0.0748389288783
0.576000027359,2832.15707168,630.760856438,-84.094543457,-737.294433594,10.1301698685,1.31504666805,99.9994125366,39.9999656677,0.972219824791,0.000232830643654,0.000465661287308,0,0,4.63999517537,-0.865780857396,96.6325423644,16.7767605787,98.7215462374,106.459090603,5150.00009909,0.00139698386192,67.1443121973,73.1732070562,1,67.1443121973,27.4122703559,48.1430033688,0.000346104755966,0.000283762346953,6.23424090129e-05,-0.000283762346953,576,-1.48921651544e-06,1.48921651544e-06,0.699689507484,0,0,0.125806763768,0.0786292329431,0.124804697931,0.0780717507005
0.608000028878,2851.98492929,608.797708992,-81.1663665771,-744.088500977,10.6941318512,1.41052627563,99.9992294312,39.9999504089,0.972219705582,0.000232830643654,0.000465661287308,0,0,5.58613623325,-0.648807554993,94.5971360111,15.8883789317,107.889653009,110.644505185,5150.00009909,0.00139698386192,67.1443121973,73.1732070562,1,67.1443121973,27.5205457001,47.9770023958,0.000417585355184,0.000523868948221,-0.000106283593038,-0.000523868948221,608,-3.14954309033e-06,3.14954309033e-06,0.707248032093,0,0,0.130614936352,0.0816343352199,0.129665791988,0.0811082199216
0.640000030398,2871.07774056,584.932276979,-77.9845657349,-750.268554688,11.234418869,1.5036252737,99.9992294312,39.9999465942,0.972219705582,0.000232830643654,0.000465661287308,0,0,6.25589031299,-0.465801188653,92.6064403596,15.0468459183,114.379567094,114.174697956,5150.00103042,0.00139698386192,67.1443121973,73.1732070562,1,67.1443121973,27.8566421912,47.9537011415,0.000635096697454,0.000662112142891,-2.70154454363e-05,0.000269210431725,640,-1.77549588898e-06,1.77549588898e-06,0.701635181904,0,0,0.135093152523,0.0844332203269,0.134201511741,0.0839406475425
0.672000031918,2889.37799633,559.315900318,-74.5693359375,-755.826538086,11.7496118546,1.59396147728,99.9994125366,39.9999694824,0.972219824791,0.000232830643654,0.000465661287308,0,0,6.74137526745,-0.299295667678,90.6593713365,14.2723624768,119.083917525,117.386589409,5150.00149608,0.00186264514923,67.1443121973,73.1732070562,1,67.1443121973,28.2634809992,48.0091075588,0.00133394389978,0.00136060407385,-2.66601740684e-05,3.63797880709e-05,672,-2.0189982024e-06,2.0189982024e-06,0.705792486668,0,0,0.139230102301,0.0870188102126,0.138400271535,0.0865618363023
0.704000033438,2906.83330968,532.208243385,-70.9552764893,-760.771362305,12.238451004,1.68119871616,99.9994125366,39.9999656677,0.972219824791,0.000232830643654,0.000465661287308,0,0,7.1020759605,-0.142595133689,88.7550206641,13.5726892538,122.579105664,120.409342344,5150.00103042,0.00232830643654,67.1443121973,73.1732070562,1,67.1443121973,28.6879021587,48.1048846268,0.00134429650744,0.00136788003147,-2.35835240225e-05,-0.000436557456851,704,-2.42543501372e-06,2.42543501372e-06,0.70586591959,0,0,0.143015310168,0.0893845781684,0.142251387239,0.0889651328325
0.736000034958,2923.39758016,503.731309436,-67.1586608887,-765.096740723,12.6999464035,1.76498425007,99.9993209839,39.9999542236,0.972219765186,0.000232830643654,0.000465661287308,0,0,7.37670498183,0.00705424433461,86.8925020391,12.9484030791,125.240258058,123.296078527,5150.00196174,0.00232830643654,67.1443121973,73.1732070562,1,67.1443121973,29.1102696792,48.2180657855,0.00131006255844,0.00132422428578,-1.41617273464e-05,0.00053842086345,736,-2.32776847042e-06,2.32776847042e-06,0.706968486309,0,0,0.146439269185,0.091524541378,0.145745038986,0.0911444276571
0.768000036478,2939.03192505,474.169384688,-63.2173957825,-768.821472168,13.1333398819,1.84497177601,99.9994125366,39.9999656677,0.972219824791,0.000232830643654,0.000465661287308,0,0,7.59069319115,0.150877573847,85.0708412605,12.3961070673,127.313804114,126.070430269,5150.00103042,0.00232830643654,67.1443121973,73.1732070562,1,67.1443121973,29.523314879,48.335219617,0.00135628691611,0.00136242306326,-6.13614714595e-06,-0.00043110048864,768,-1.33583716888e-06,1.33583716888e-06,0.701582551003,0,0,0.149493277073,0.0934332981706,0.148872256279,0.0930941328406
0.800000037998,2953.70188542,443.598226411,-59.1415748596,-771.938842773,13.5380649567,1.9208381176,99.9996414185,39.9999809265,0.972220003605,0.000232830643654,0.000465661287308,0,0,7.7609462732,0.289482869457,83.2891666747,11.9103597927,128.963554744,128.744126414,5150.00149608,0.00232830643654,67.1443121973,73.1732070562,1,67.1443121973,29.924491173,48.4487536596,0.00107763692414,0.00114414433483,-6.65074106898e-05,0.000252839527093,800,-9.98513996819e-07,9.98513996819e-07,0.705990314484,0,0,0.152169659734,0.095106035471,0.15162499249,0.0948092937469
0.832000039518,2967.3804529,412.19565901,-54.9549102783,-774.459228516,13.9138183594,1.99224984646,99.9998245239,39.9999885559,0.972220122814,0.000232830643654,0.000465661287308,0,0,7.89887996006,0.423237546178,81.5467531245,11.4849900944,130.300133605,131.324253744,5150.00149608,0.00232830643654,67.1443121973,73.1732070562,1,67.1443121973,30.3131128021,48.5547570861,0.00100163727312,0.00100408215076,-2.44487763368e-06,0.000392901711166,832,5.85173154377e-07,0,0.70606726408,0,0,0.154461622238,0.0965385138988,0.15399608016,0.0962855070829
0.864000041038,2980.04294746,380.118435714,-50.6782989502,-776.391479492,14.2604904175,2.05884623528,99.9997329712,39.9999847412,0.97222006321,0.000232830643654,0.000465661287308,0,0,8.01253003716,0.55288915054,79.8426703578,11.1135988265,131.401407998,133.825233206,5150.00056475,0.00232830643654,67.1443121973,73.1732070562,1,67.1443121973,30.6730398734,48.6463759444,0.00103891234504,0.00106047082227,-2.15584772256e-05,-0.000594809534959,864,1.4583868051e-06,0,0.709789872169,0,0,0.156363353133,0.0977271050215,0.155979380012,0.0975189507008
0.896000042558,2991.67260528,347.644003341,-46.3487281799,-777.764282227,14.5781240463,2.12032485008,99.9996414185,39.9999847412,0.972220003605,0.000232830643654,0.000465661287308,0,0,8.12167718113,0.721459069049,78.1761272939,10.7912142673,132.459041197,137.076945975,5150.00149608,0.00232830643654,67.1443121973,73.1732070562,1,67.1443121973,29.7866190522,48.3732655994,0.00143379647044,0.00144609657582,-1.23001053787e-05,-4.91127138957e-05,896,1.51441486196e-06,0,0.705803215504,0,0,0.157870143652,0.0986688435078,0.157569721341,0.0985064506531
0.928000044078,3002.2545252,314.724078635,-41.9597663879,-778.563964844,14.8670043945,2.17632746696,99.999458313,39.9999694824,0.972219824791,0.000232830643654,0.000465661287308,0,0,8.23958847231,0.952482978663,76.5464280751,10.5160802912,133.601599373,141.533397255,5150.00149608,0.00232830643654,67.1443121973,73.1732070562,1,67.1443121973,27.2023517027,47.5518827443,0.00122082549625,0.00115323928185,6.75862144028e-05,0.000243744580075,928,1.52460211211e-06,0,0.70560336113,0,0,0.15897808969,0.099361307919,0.158762782812,0.099245429039
0.960000045598,3011.77916117,281.559186988,-37.538143158,-778.812561035,15.1274852753,2.22653532028,99.9995498657,39.9999694824,0.972219884396,0.000232830643654,0.000465661287308,0,0,8.35725896003,1.18239271447,74.9527230221,10.284944678,134.741829243,145.968355355,5150.00149608,0.00232830643654,67.1443121973,73.1732070562,1,67.1443121973,24.6570289164,46.5030134364,0.00142348294263,0.00137697497848,4.65079641465e-05,2.0008883439e-05,960,1.38048494591e-06,0,0.707008123398,0,0,0.159684434533,0.0998027771711,0.159555450082,0.0997339263558
0.992000047117,3020.23906261,248.242722591,-33.0963134766,-778.518981934,15.3600540161,2.27062892914,99.999458313,39.9999694824,0.972219824791,0.000232830643654,0.000465661287308,0,0,13.5662305937,2.6358825136,73.3943968501,10.0930517885,135.141337523,148.540289956,5150.00103042,0.00232830643654,67.1443121973,73.1732070562,1,67.1443121973,23.7706026383,45.8642753074,0.00115376624921,0.00122599885799,-7.22326087832e-05,-0.000294676283374,992,8.01791884442e-07,0,0.706268250942,0,0,0.159987404943,0.099992133677,0.159945428371,0.0999706238508
1.02400004864,3027.63329819,215.15438857,-28.6848983765,-777.733154297,15.5653543472,2.30832409859,99.9995498657,39.9999694824,0.972219884396,0.000232830643654,0.000465661287308,0,0,36.0966840383,8.39154827402,71.8707830004,9.93987606663,135.141337523,148.540289956,5150.00196174,0.00232830643654,67.1443121973,73.1732070562,1,67.1443121973,24.0089393628,45.3810680483,0.00126700722136,0.00127965904539,-1.26518240329e-05,0.000582986103836,1024,-3.23533555502e-07,3.23533555502e-07,0.705936253071,0,0,0.159886196256,0.0999288782477,0.159976437688,0.0999873206019
1.05600005016,3034.00750272,184.496704605,-24.5975418091,-776.77130127,15.7447423935,2.33981537819,99.9997329712,39.9997520447,0.97222006321,0.000232830643654,0.000465661287308,0,0,73.3616109554,15.9243730976,71.3890515584,12.5380089755,134.625443025,138.880568556,5150.00103042,0.00232830643654,67.660206696,82.8329211799,1,67.1443121973,24.3551148742,45.3787797596,0.00115069397066,0.00124691723613,-9.62232654667e-05,-0.000315594661515,1056,-9.85744350146e-07,9.85744350146e-07,0.709222435951,0,0,0.159381121397,0.0996132045984,0.159823521972,0.099900521338
1.08800005168,3039.4284986,155.36963474,-20.7142505646,-775.546081543,15.8998279572,2.36554741859,100.00856781,39.9927597046,0.972226500511,0.000232830643654,0.000465661287308,0,0,97.7685340604,20.6718123962,92.5227982392,17.2994652329,112.431152957,119.958967844,5150.00196174,0.00232830643654,89.8545113159,101.754507341,1,67.1443121973,26.3063757302,46.8788348371,0.00136692633601,0.00134787114803,1.90551879831e-05,0.000514774001203,1088,-1.59407170486e-06,1.59407170486e-06,0.708011806011,0,0,0.158473223448,0.0990457683802,0.159411817789,0.0996639281511
1.1200000532,3043.92748512,126.79444626,-16.9045391083,-773.942382812,16.0316886902,2.38559222221,100.013282776,39.988986969,0.972229897976,0.000232830643654,0.000465661287308,0,0,108.899315999,23.0181445433,105.047771782,20.5473289102,91.5081764106,104.401071439,5150.00103042,0.00232830643654,110.777495138,117.312418297,1,67.1443121973,30.1926775137,49.4596788485,0.0013952343586,0.00141517375596,-1.99393973555e-05,-0.000483851181343,1120,-1.9785245513e-06,1.9785245513e-06,0.702699899673,0,0,0.157164871693,0.0982280522585,0.15867818892,0.0992367789149
1.15200005472,3047.51424119,98.2933343039,-13.1047019958,-771.901245117,16.1411743164,2.3997502327,100.015266418,39.9872589111,0.972231388092,0.000232830643654,0.000465661287308,0,0,113.383248558,23.8045372267,110.911729742,22.1400872302,77.2977655288,93.5353600653,5150.00196174,0.00232830643654,124.98786964,128.178100567,1,67.1443121973,33.25641228,51.140144933,0.00135041332283,0.0014351826394,-8.47693165662e-05,0.000427462509833,1152,-1.99550163416e-06,1.99550163416e-06,0.680348992348,0,0,0.155459359288,0.0971621051431,0.157589524984,0.098595790565
1.18400005624,3050.18667132,69.6197239449,-9.28186798096,-769.388793945,16.2288589478,2.40775465965,100.016395569,39.9864234924,0.972232162952,0.000232830643654,0.000465661287308,0,0,114.547763103,23.6462899826,113.063864428,22.577585915,68.4647529852,86.3821042003,5150.00103042,0.00232830643654,133.820896735,135.331356432,1,67.1443121973,34.9243273376,52.2047339473,0.0013534970783,0.00124782673083,0.000105670347472,-0.000316504156217,1184,-2.10533903555e-06,2.10533903555e-06,0.674483776093,0,0,0.153361126781,0.0958506986499,0.156130045652,0.0977284535766
1.21600005776,3051.93779059,40.658069338,-5.42063093185,-766.386169434,16.2952156067,2.40929365158,100.017356873,39.9860458374,0.972232878208,0.000232830643654,0.000465661287308,0,0,113.729009365,22.9122807499,112.945671131,22.2812584876,63.4138414171,81.9408160169,5150.00196174,0.00232830643654,138.871750096,139.772630064,1,67.1443121973,36.1937854905,53.2123012817,0.00132369691597,0.00142063072417,-9.69338082024e-05,0.000442014425062,1216,-2.11131941796e-06,2.11131941796e-06,0.681443035603,0,0,0.150875553489,0.0942972302437,0.154293894768,0.0966288670897
1.24800005928,3052.75828578,11.4210415632,-1.52268052101,-762.89050293,16.3406658173,2.40402817726,100.017127991,39.9858398438,0.972232699394,0.000232830643654,0.000465661287308,0,0,111.358038354,21.7976610477,111.146446277,21.5188143034,61.1661453149,79.553174146,5150.00149608,0.00232830643654,141.119409818,142.160293763,1,67.1443121973,37.2604408767,54.1457120562,0.00151889366362,0.001537046046,-1.8152382375e-05,-0.000140062184073,1248,-2.20318383981e-06,2.20318383981e-06,0.671105742455,0,0,0.148009032011,0.0925056487322,0.152081221342,0.0952953547239
1.2800000608,3052.63651535,-18.1889226951,2.42499065399,-758.883178711,16.3655376434,2.39163446426,100.017127991,39.9858894348,0.972232699394,0.000232830643654,0.000465661287308,0,0,95.7026271564,18.2576395968,108.178407207,20.3177251001,61.1071372987,79.3105064076,5150.00149608,0.00232830643654,141.178403283,142.402990605,2,74.0342147765,38.1812897103,54.9705146113,0.00145929156259,0.00145701051224,2.28105034861e-06,-6.0026650317e-05,1280,-2.14581768887e-06,2.14581768887e-06,0.785843074322,0,0,0.14476840198,0.0904802531004,0.149495661259,0.0937289297581
1.31200006232,3051.56270042,-48.0730814161,6.40921831131,-754.372436523,16.370054245,2.37185764313,100.017219543,39.985912323,0.972232758999,0.000232830643654,0.000465661287308,0,0,60.2883599805,10.5996436698,105.793482414,19.2488269248,61.1071372987,79.3105064076,5150.00196174,0.00279396772385,141.178403283,142.402990605,2,74.0342147765,38.9845663449,55.6685663469,0.00149205468813,0.00155523594003,-6.3181251897e-05,0.000307409209199,1312,-2.10993584915e-06,2.10993584915e-06,0.675106465816,0,0,0.141162112355,0.0882263183594,0.146543413401,0.0919324159622
1.34400006384,3049.52426814,-78.4239018685,10.4556617737,-749.326477051,16.3541736603,2.34449839592,100.016716003,39.9858970642,0.972232401371,0.000232830643654,0.000465661287308,0,0,22.7297920137,2.58544059794,103.539906295,18.3515382966,61.1071372987,79.8631444923,5150.00196174,0.00279396772385,141.178403283,142.402990605,2,74.0342147765,39.1837675124,56.2547902518,0.00137284338064,0.00133877620101,3.40671796328e-05,0.000523868948221,1344,-2.18799550566e-06,2.18799550566e-06,0.671132028103,0,0,0.137199237943,0.0857495218515,0.143232360482,0.0899099856615
1.37600006536,3046.50561884,-109.286993393,14.5704030991,-743.731567383,16.3175010681,2.30947256088,100.016311646,39.9858779907,0.972232103348,0.000232830643654,0.000465661287308,0,0,3.01829603346,-1.31469132569,101.349440826,17.5868875103,70.1788376318,91.4970514714,5150.00103042,0.00279396772385,141.178403283,142.402990605,2,74.0342147765,31.3804775942,51.3884187967,0.00155767419796,0.0015897967387,-3.21225407385e-05,-0.000658474164084,1376,-2.17041178985e-06,2.17041178985e-06,0.793935656548,0,0,0.132889777422,0.083056114614,0.139571726322,0.0876668319106
1.40800006688,3042.49254987,-140.61955153,18.7477340698,-737.586486816,16.2595176697,2.26674675941,100.016395569,39.9859046936,0.972232162952,0.000232830643654,0.000465661287308,0,0,3.57205655146,-1.14180371187,99.2101538742,16.8003849546,88.3732209331,101.134610304,5150.00196174,0.00279396772385,141.178403283,142.402990605,2,74.0342147765,27.6965256489,48.1887691421,0.00183495639516,0.00190084392671,-6.58875315418e-05,-3.81987774745e-05,1408,-2.16166472455e-06,2.16166472455e-06,0.681211590767,0,0,0.128245040774,0.0801531597972,0.135572001338,0.0852089300752
1.4400000684,3037.46946156,-172.412648681,22.9864673615,-730.884765625,16.1795463562,2.21634697914,100.016487122,39.9859275818,0.972232282162,0.000232830643654,0.000465661287308,0,0,4.80434124783,-0.862981402723,97.1188225196,15.9632147872,100.314056908,106.51309276,5150.00149608,0.00279396772385,141.178403283,142.402990605,2,74.0342147765,27.2713768936,47.7998291899,0.00177836877169,0.00170985003933,6.85187323546e-05,-0.00031286617741,1440,-2.30272894441e-06,2.30272894441e-06,0.674677968025,0,0,0.123276792467,0.077047996223,0.131244599819,0.0825430303812
1.47200006992,3031.42308258,-204.564872547,27.2730770111,-723.633422852,16.0768508911,2.15836405754,100.016487122,39.9859390259,0.972232282162,0.000232830643654,0.000465661287308,0,0,5.65876548672,-0.653092803639,95.0735130096,15.1362673218,108.593427285,110.56184303,5150.00289306,0.00279396772385,141.178403283,142.402990605,2,74.0342147765,27.4629710475,47.6613131468,0.0015772425449,0.00159707269631,-1.98301514098e-05,0.00119689502753,1472,-2.17525962398e-06,2.17525962398e-06,0.668027937412,0,0,0.117997251451,0.0737482830882,0.126601710916,0.0796763375401
1.50400007144,3024.33897741,-237.236759858,31.6289710999,-715.803955078,15.9504117966,2.09297895432,100.016624451,39.9859619141,0.972232341766,0.000232830643654,0.000465661287308,0,0,6.26492547855,-0.471838843277,93.0731705701,14.3555568676,114.467118692,114.058231702,5150.00103042,0.00279396772385,141.178403283,142.402990605,2,74.0342147765,27.8303559753,47.6486166008,0.00135819643032,0.00131512933876,4.30670915597e-05,-0.000383806764148,1504,-2.19153093894e-06,2.19153093894e-06,0.773610711098,0,0,0.112419731915,0.0702623352408,0.121656052768,0.0766165405512
1.53600007296,3016.20108075,-270.393618848,36.0495223999,-707.393127441,15.7990589142,2.02041149139,100.016578674,39.9859771729,0.972232341766,0.000232830643654,0.000465661287308,0,0,6.70533577927,-0.30516585288,91.116615905,13.6385833352,118.734693388,117.273353681,5150.00103042,0.00279396772385,141.178403283,142.402990605,2,74.0342147765,28.2515484287,47.705219913,0.00119132546883,0.00125510268845,-6.37772196166e-05,-0.000323780113831,1536,-2.19876210394e-06,2.19876210394e-06,0.788031637669,0,0,0.106558345258,0.0665989667177,0.116421319544,0.0733717754483
1.56800007448,3006.99379295,-304.098357446,40.5431213379,-698.384887695,15.621254921,1.94103956223,100.016395569,39.9859771729,0.972232162952,0.000232830643654,0.000465661287308,0,0,7.03331695884,-0.147581175912,89.203087233,12.9917678452,121.912831673,120.31316146,5150.00103042,0.00279396772385,141.178403283,142.402990605,2,74.0342147765,28.6839713226,47.7969770145,0.000949982523202,0.00091313268058,3.68498426218e-05,1.81898940355e-05,1568,-2.27842224376e-06,2.27842224376e-06,0.791648685932,0,0,0.100427873433,0.0627674236894,0.110911771655,0.0699507072568
1.600000076,2996.69709057,-338.47684972,45.1265411377,-688.752685547,15.4151878357,1.85529053211,100.016716003,39.9860076904,0.972232401371,0.000232830643654,0.000465661287308,0,0,7.28359965164,0.00320617152208,87.3314785063,12.41518273,124.338068417,123.221849208,5150.00103042,0.00279396772385,141.178403283,142.402990605,2,74.0342147765,29.1118140012,47.903493396,0.000754753801124,0.000796717358753,-4.19635576288e-05,0.000134605215862,1600,-2.22218363888e-06,2.22218363888e-06,0.675853908062,0,0,0.0940438434482,0.0587774068117,0.105142332613,0.066362336278
1.63200007752,2985.28885469,-373.576127458,49.806060791,-678.479309082,15.1785707474,1.76374173164,100.016807556,39.9860267639,0.97223252058,0.000232830643654,0.000465661287308,0,0,7.47902905589,0.148239522729,85.5009400457,11.9054118768,126.231781906,126.019542222,5150.00056475,0.00279396772385,141.178403283,142.402990605,2,74.0342147765,29.5292520605,48.0128292111,0.00049695823845,0.000462023308501,3.49349299489e-05,3.63797880709e-06,1632,-2.18863146983e-06,2.18863146983e-06,0.670373797417,0,0,0.0874223783612,0.054638992995,0.0991284921765,0.0626160651445
1.66400007904,2972.74114564,-409.667089116,54.6177940369,-667.515075684,14.908654213,1.66708040237,100.016807556,39.9860534668,0.97223252058,0.000232830643654,0.000465661287308,0,0,7.63480096865,0.288065402322,83.7106880956,11.457319671,127.741208416,128.716783365,5149.99963343,0.00279396772385,141.178403283,142.402990605,2,74.0342147765,29.9343373626,48.1183305965,0.000502948113712,0.000529325916432,-2.63778027199e-05,-0.00099498720374,1664,-2.27707596423e-06,2.27707596423e-06,0.682128369808,0,0,0.0805801451206,0.0503625907004,0.0928862541914,0.0587216727436
1.69600008056,2959.02253129,-446.816615295,59.5706596375,-655.835510254,14.6020584106,1.5661867857,100.016807556,39.9860610962,0.97223252058,0.000232830643654,0.000465661287308,0,0,7.76119989509,0.423015770082,81.9597924038,11.0650215353,128.966014017,131.31997548,5150.00009909,0.00279396772385,141.178403283,142.402990605,2,74.0342147765,30.3265896946,48.2165778521,0.000847206069188,0.000916770659387,-6.95645901994e-05,-0.000916770659387,1696,-2.21451819016e-06,2.21451819016e-06,0.670672237873,0,0,0.0735344439745,0.045959033072,0.0864320918918,0.0546891987324
1.72800008208,2944.09319758,-485.334836412,64.7060012817,-643.379821777,14.2546644211,1.46211004257,100.016899109,39.9860839844,0.972232580185,0.000232830643654,0.000465661287308,0,0,7.86646763122,0.556464921691,80.2474618897,10.7226191585,129.986059619,133.894209284,5150.00103042,0.00279396772385,141.178403283,142.402990605,2,74.0342147765,30.6083129544,48.2764080516,0.000796551477555,0.000756699591875,3.98518856803e-05,0.00017462298274,1728,-2.20575748244e-06,2.20575748244e-06,0.781290352345,0,0,0.0663030967116,0.0414394363761,0.0797830224037,0.0505290031433
1.7600000836,2927.90355161,-525.581359398,70.071762085,-630.075744629,13.8613929749,1.35614466667,100.016899109,39.9860877991,0.972232580185,0.000232830643654,0.000465661287308,0,0,7.9731399016,0.743191867441,78.5727956004,10.4262651786,131.019711262,137.496172101,5150.00149608,0.00279396772385,141.178403283,142.402990605,2,74.0342147765,29.2702006846,47.8733491036,0.000829353682952,0.000891304807737,-6.19511247857e-05,0.000505679054186,1760,-2.28463341045e-06,2.28463341045e-06,0.675622522831,0,0,0.0589043423533,0.0368152149022,0.0729563087225,0.0462516881526
1.79200008512,2910.39259173,-567.923299968,75.7168884277,-615.844421387,13.4160614014,1.24985074997,100.016716003,39.9860877991,0.972232401371,0.000232830643654,0.000465661287308,0,0,8.08780263508,0.981219392327,76.9351855758,10.1745385806,132.130793645,142.087723361,5150.00103042,0.00279396772385,141.178403283,142.402990605,2,74.0342147765,26.5671224042,46.9826372864,0.000897910398812,0.000940417521633,-4.25071228216e-05,-9.09494701773e-06,1792,-2.19999355977e-06,2.19999355977e-06,0.680488109589,0,0,0.051356870681,0.03209804371,0.0659696236253,0.0418680682778
1.82400008664,2891.48371667,-612.935691606,81.7180480957,-600.571655273,12.911149025,1.14508390427,100.016578674,39.9860916138,0.972232341766,0.000232830643654,0.000465661287308,0,0,8.199852239,1.20599866392,75.33386271,9.96374490845,133.216555696,146.423713886,5150.00056475,0.00279396772385,141.178403283,142.402990605,2,74.0342147765,24.1965972236,45.9465372842,0.000710106848323,0.000678483047523,3.16238008002e-05,-0.000212821760215,1824,-2.21041818804e-06,2.21041818804e-06,0.682438313961,0,0,0.0436797440052,0.0272998400033,0.0588408634067,0.037389177829
1.85600008816,2871.08402699,-661.13792127,88.1444854736,-584.142578125,12.3375816345,1.04407334328,100.016487122,39.9860916138,0.972232282162,0.000232830643654,0.000465661287308,0,0,16.6380486297,3.47151057747,73.7679773236,9.79020069319,133.377252496,148.161911056,5150.00056475,0.00279396772385,141.178403283,142.402990605,2,74.0342147765,23.8650718529,45.4025102954,0.00080397354052,0.000748514139559,5.54594009605e-05,-0.000282852852251,1856,-2.26025690608e-06,2.26025690608e-06,0.681803107262,0,0,0.0358923561871,0.0224327240139,0.0515881553292,0.0328262038529
1.88800008968,2849.08106551,-713.071436621,95.0683898926,-566.429931641,11.6846513748,0.949413061142,100.016487122,39.9861068726,0.972232282162,0.000232830643654,0.000465661287308,0,0,42.3344532042,10.0956841457,72.2370386539,9.68119455201,133.377252496,148.064063978,5150.00056475,0.00279396772385,141.178403283,142.500837683,2,74.0342147765,24.0459521592,44.9910658062,0.000856125156878,0.000916770659387,-6.06455025087e-05,-0.000451109372079,1888,-2.2494446057e-06,2.2494446057e-06,0.676047623158,0,0,0.0280143972486,0.0175089985132,0.044229824096,0.0281904488802
1.9200000912,2825.35143197,-768.773898017,102.494773865,-547.368103027,10.9404096603,0.864018917084,100.029090881,39.9757957458,0.972241461277,0.000232830643654,0.000465661287308,0,0,79.6788141327,17.0129713765,75.6199921566,13.4377459248,130.191401695,134.148518555,5150.00103042,0.00279396772385,144.364254083,156.416426762,2,74.0342147765,24.606293664,45.2105014119,0.000541688867373,0.000583895598538,-4.22067311656e-05,0.000347426976077,1920,-2.25907820095e-06,2.25907820095e-06,0.670923650265,0,0,0.020065702498,0.0125410649925,0.0367842689157,0.0234933476895
1.95200009272,2799.81899075,-825.199647807,110.017593384,-527.325866699,10.096704483,0.790026366711,100.094276428,39.9232978821,0.97228884697,0.000232830643654,0.000465661287308,0,0,100.49637763,21.1263834054,95.530640381,17.9542107563,106.987434265,115.608869237,5150.00103042,0.00279396772385,167.568243342,174.956061528,2,74.0342147765,27.0455439022,47.0452323498,0.000796631600963,0.000818545231596,-2.19136306323e-05,0.00011277734302,1952,-2.31075182455e-06,2.31075182455e-06,0.681477069855,0,0,0.01206627395,0.00754142133519,0.0292699169368,0.0187463704497
1.98400009423,2772.4832762,-881.538377143,117.528800964,-506.411102295,9.15336513519,0.727486610413,100.125938416,39.8976783752,0.972311854362,0.000232830643654,0.000465661287308,0,0,109.816976783,23.047938249,106.310636686,20.7850651018,87.6337071531,101.202938822,5150.00056475,0.00279396772385,186.921970453,189.362006495,2,74.0342147765,31.1051444442,49.5702370245,0.000883488338044,0.000929503585212,-4.60152471682e-05,-0.000463842297904,1984,-2.31024819186e-06,2.31024819186e-06,0.676251590252,0,0,0.00403678743169,0.00252299220301,0.0217052735388,0.0139610711485
2.01600009575,2743.38619784,-930.083391722,124.000938416,-485.671722412,8.11213302612,0.676382243633,100.140480042,39.885848999,0.972322404385,0.000232830643654,0.000465661287308,0,0,113.408665684,23.5778303829,111.189889785,22.0697085277,74.7918966226,91.3071198738,5150.00103042,0.00279396772385,199.763730052,199.257847271,2,74.0342147765,33.7337587553,50.9856254212,0.00055436494284,0.000458385329694,9.59796131461e-05,0.000472937244922,2016,-2.29980992117e-06,2.29980992117e-06,0.791648983955,0,0,0,0,0.0145210791379,0.00940318871289
2.04800009727,2713.65698427,-918.506993912,122.457550049,-472.637908936,7.02153015137,0.635312616825,100.147499084,39.8799858093,0.972327530384,0.000232830643654,0.000465661287308,0,0,114.08216824,23.2684116708,112.772644232,22.3118780667,66.9166838634,84.8592535476,5150.00056475,0.00279396772385,207.638993743,205.705669941,2,74.0342147765,35.2910101356,52.0282737853,0.00069878985931,0.000763975549489,-6.5185690179e-05,-0.000298314262182,2048,-2.37821177507e-06,2.37821177507e-06,0.676441311836,0,0,0,0,0.0095950672403,0.0062446910888
2.08000009879,2685.0993745,-862.901564687,115.0440979,-466.04864502,5.97742366791,0.594398438931,100.150947571,39.8770866394,0.972330033779,0.000232830643654,0.000465661287308,0,0,112.922649222,22.4438054011,112.268227822,21.8964032847,62.5446045888,80.9312259662,5150.00056475,0.00279396772385,212.011029362,209.633770282,2,74.0342147765,36.5170744772,53.0186589458,0.000892547757925,0.000920408638194,-2.78608802695e-05,-0.000454747350886,2080,-2.29910710914e-06,2.29910710914e-06,0.671281993389,0,0,0,0,0.00637091556564,0.00416008383036
2.11200010031,2658.73316675,-784.99794472,104.657806396,-463.506744385,5.03775262833,0.546488285065,100.152572632,39.8762245178,0.972331225872,0.000232830643654,0.000465661287308,0,0,109.746585262,21.1525989364,109.987681715,21.0406299055,60.9404778515,79.0071862866,5150.00196174,0.00279396772385,213.615159737,211.55779541,3,72.4367855582,37.5561212422,53.9274260518,0.00130532246123,0.00134241417982,-3.70917185855e-05,0.000520230969414,2112,-2.21491904995e-06,2.21491904995e-06,0.782189905643,0,0,0,0,0.00424363883212,0.00277708773501
2.14400010183,2635.03799215,-697.949319147,93.0522689819,-463.493743896,4.22133827209,0.491741687059,100.151985168,39.8765602112,0.972330749035,0.000232830643654,0.000465661287308,0,0,88.9494726626,16.663864958,107.244324177,19.8276561817,60.9404778515,78.9811019786,5150.00196174,0.00279396772385,213.615159737,211.583886994,3,72.4367855582,38.4555205528,54.7212221136,0.00122786619761,0.00113141140901,9.64547886007e-05,0.000731233740225,2144,-2.29765237236e-06,2.29765237236e-06,0.677466928959,0,0,0,0,0.00283262995072,0.00185640610289
2.17600010335,2614.15843852,-610.167859122,81.3490371704,-464.959075928,3.52497577667,0.433901935816,100.151847839,39.8767127991,0.97233068943,0.000232830643654,0.000465661287308,0,0,51.5242237461,8.6219779576,104.911610701,18.8029907636,60.9404778515,78.9811019786,5150.00103042,0.00279396772385,213.615159737,211.583886994,3,72.4367855582,39.2410511267,55.3905119887,0.0009834643655,0.00103864294942,-5.51785839242e-05,-0.000107320374809,2176,-2.28090607379e-06,2.28090607379e-06,0.791309893131,0,0,0,0,0.00189342955127,0.00124209083151
2.20800010487,2596.02628648,-526.700343471,70.2209472656,-467.196380615,2.93609571457,0.377064973116,100.151985168,39.8768501282,0.972330749035,0.000232830643654,0.000465661287308,0,0,16.2415451317,1.39793882146,102.68334916,17.9428517916,60.9404778515,81.3200167613,5150.00103042,0.00279396772385,213.615159737,211.583886994,3,72.4367855582,37.9198136216,55.9524924029,0.00136790351268,0.00131694832817,5.09551845163e-05,-0.000385625753552,2208,-2.30625983022e-06,2.30625983022e-06,0.683052659035,0,0,0,0,0.00126681535039,0.000831569836009
2.24000010639,2580.45480587,-450.211402494,60.0232620239,-469.758880615,2.44051766396,0.32403036952,100.151756287,39.8769493103,0.972330629826,0.000232830643654,0.000465661287308,0,0,2.19813936299,-1.48887737832,100.513788727,17.193881614,74.3524651625,94.097937108,5150.00103042,0.00279396772385,213.615159737,211.583886994,3,72.4367855582,29.9302355415,49.5255844726,0.00117558979218,0.00122054188978,-4.49520975998e-05,-0.000289219315164,2240,-2.35048923969e-06,2.35048923969e-06,0.676873803139,0,0,0,0,0.000848101859447,0.000556956569199
2.27200010791,2567.19719619,-381.925317924,50.9191970825,-472.362304688,2.02518987656,0.276125788689,100.151481628,39.8770637512,0.972330391407,0.000232830643654,0.000465661287308,0,0,3.80440877141,-1.07784429857,98.3941835673,16.3978274928,90.6247150851,102.368387161,5150.00103042,0.00279396772385,213.615159737,211.583886994,3,72.4367855582,27.4957110378,47.7992616652,0.00117718140791,0.00118416210171,-6.98069380078e-06,-0.000252839527093,2272,-2.25688518185e-06,2.25688518185e-06,0.677388966084,0,0,0,0,0.000568019982893,0.000373132003006
2.30400010943,2555.98500371,-322.0976796,42.9428329468,-474.840942383,1.67841160297,0.233747065067,100.151481628,39.8771858215,0.972330391407,0.000232830643654,0.000465661287308,0,0,4.92467018744,-0.81871762945,96.3217282741,15.566610573,101.480043668,107.366940938,5150.00103042,0.00279396772385,213.615159737,211.583886994,3,72.4367855582,27.2860397672,47.4941516586,0.00144681816527,0.00145701051224,-1.01923469664e-05,-0.000525687937625,2304,-2.34287949752e-06,2.34287949752e-06,0.678111970425,0,0,0,0,0.000380539888283,0.000250024808338
2.33600011095,2546.55210301,-270.3902137,36.0490684509,-477.109466553,1.38974332809,0.196809232235,100.151390076,39.8773002625,0.972330331802,0.000232830643654,0.000465661287308,0,0,5.70560862672,-0.615730098156,94.2948553362,14.7557511593,109.047337901,111.282570288,5150.00149608,0.00279396772385,213.615159737,211.583886994,3,72.4367855582,27.5368802249,47.3919608339,0.00169425756757,0.00175350578502,-5.92482174433e-05,-0.000356521923095,2336,-2.34980302594e-06,2.34980302594e-06,0.66888833046,0,0,0,0,0.000254986924119,0.00016755485558
2.36800011247,2538.64843398,-226.155912969,30.1516475677,-479.131469727,1.14996647835,0.164987578988,100.151390076,39.877407074,0.972330331802,0.000232830643654,0.000465661287308,0,0,6.26258199393,-0.437202802068,92.3124660307,13.9959228515,114.444410428,114.726361062,5150.00056475,0.00279396772385,213.615159737,211.583886994,3,72.4367855582,27.9248888546,47.3989530292,0.00139621331163,0.00139880285133,-2.58953969379e-06,-0.000933141564019,2368,-2.35146058003e-06,2.35146058003e-06,0.668726682663,0,0,0,0,0.000170879386133,0.000112296613224
2.40000011399,2532.04745241,-188.622871065,25.1476516724,-480.898773193,0.95110565424,0.137830212712,100.151161194,39.8775177002,0.972330152988,0.000232830643654,0.000465661287308,0,0,6.66952381831,-0.271692655471,90.3735275578,13.3014246139,118.387673865,117.919051263,5150.00196174,0.00279396772385,213.615159737,211.583886994,3,72.4367855582,28.3536464849,47.4653315905,0.00144834583216,0.00156796886586,-0.000119623033701,0.000294676283374,2400,-2.29677925745e-06,2.29677925745e-06,0.668809175491,0,0,0,0,0.000114524322271,7.52662308514e-05
2.43200011551,2526.54822543,-156.969312229,20.9275245667,-482.422454834,0.786356508732,0.114825561643,100.151161194,39.8776321411,0.972330152988,0.000232830643654,0.000465661287308,0,0,6.97428852284,-0.11466284793,88.4772048882,12.6768436152,121.340846817,120.948156109,5150.00103042,0.00279396772385,213.615159737,211.583886994,3,72.4367855582,28.7887360173,47.5609558634,0.00160776320035,0.00168438418768,-7.66209873326e-05,-0.000753061613068,2432,-2.30855130212e-06,2.30855130212e-06,0.790730059147,0,0,0,0,7.67591554904e-05,5.04486379214e-05
2.46400011703,2521.97636291,-130.39589976,17.3846931458,-483.72354126,0.649962484837,0.0954575315118,100.150993347,39.8777313232,0.972330033779,0.000232830643654,0.000465661287308,0,0,7.20811875415,0.0358103121573,86.6223992988,12.1212724932,123.606660054,123.850782984,5150.00149608,0.00279396772385,213.615159737,211.583886994,3,72.4367855582,29.2173535854,47.6678942505,0.00147808915107,0.0014370016288,4.10875222734e-05,-4.0017766878e-05,2464,-2.33431637753e-06,2.33431637753e-06,0.791183292866,0,0,0,0,5.14492385264e-05,3.38150166499e-05
2.49600011855,2518.18099059,-108.169020677,14.4213523865,-484.825897217,0.537107348442,0.0792258679867,100.150672913,39.8778152466,0.972329795361,0.000232830643654,0.000465661287308,0,0,7.39159908785,0.180629419306,84.8082904097,11.6308126125,125.384583953,126.644343254,5150.00103042,0.00279396772385,213.615159737,211.583886994,3,72.4367855582,29.6348207485,47.7757639601,0.00136480377,0.00144063960761,-7.58358376096e-05,-0.000509317032993,2496,-2.36084724747e-06,2.36084724747e-06,0.790038824081,0,0,0,0,3.4485667129e-05,2.26661068154e-05
2.52800012007,2515.03451727,-89.6366836969,11.9505767822,-485.753845215,0.44377335906,0.0656707286835,100.15058136,39.8779144287,0.972329735756,0.000232830643654,0.000465661287308,0,0,7.53848462045,0.32028030437,83.0340871403,11.2001571409,126.807906781,129.338208353,5150.00196174,0.00279396772385,213.615159737,211.583886994,3,72.4367855582,30.0396350212,47.8788460896,0.00143183637169,0.00150612322614,-7.42868544457e-05,0.000356521923095,2528,-2.36917117036e-06,2.36917117036e-06,0.687869489193,0,0,0,0,2.31156282098e-05,1.51931926666e-05
2.56000012159,2512.42821105,-74.2199335946,9.89517879486,-486.531311035,0.366614669561,0.054380081594,100.150352478,39.8780059814,0.972329556942,0.000232830643654,0.000465661287308,0,0,7.65810808833,0.455073732138,81.2988519138,10.8234215011,127.967054141,131.93837367,5150.00149608,0.00279396772385,213.615159737,211.583886994,3,72.4367855582,30.4315053654,47.974226618,0.00167178310084,0.00161344360095,5.83394998976e-05,-0.000216459739022,2560,-2.27599093705e-06,2.27599093705e-06,0.686607241631,0,0,0,0,1.54945009854e-05,1.01841424112e-05
2.59200012311,2510.2708023,-61.4100208622,8.18733119965,-487.181304932,0.30283626914,0.0449993275106,100.150123596,39.8780937195,0.972329437733,0.000232830643654,0.000465661287308,0,0,7.76012131534,0.594345171492,79.6018522481,10.4948648654,128.955565742,134.624919156,5150.0024274,0.00279396772385,213.615159737,211.583886994,3,72.4367855582,30.5355788441,47.9803820781,0.00178801368156,0.00173349690158,5.45167799793e-05,0.000594809534959,2592,-2.30803675549e-06,2.30803675549e-06,0.67846173048,0,0,0,0,1.03861120806e-05,6.82656036588e-06
2.62400012463,2508.48638825,-50.783608458,6.77059221268,-487.723083496,0.250140398741,0.0372150279582,100.149757385,39.8781738281,0.972329139709,0.000232830643654,0.000465661287308,0,0,7.8677009478,0.797666897702,77.942282413,10.2115261752,129.998006742,138.546995004,5150.0024274,0.00279396772385,213.615159737,211.583886994,3,72.4367855582,28.7633083644,47.4566186313,0.00197722410666,0.00201725924853,-4.00351418683e-05,0.000311047188006,2624,-2.38100869865e-06,2.38100869865e-06,0.669109761715,0,0,0,0,6.96194092598e-06,4.57594796899e-06
2.65600012615,2507.01094046,-41.9810312451,5.59701156616,-488.173187256,0.206615209579,0.0307607408613,100.149627686,39.8782577515,0.972329080105,0.000232830643654,0.000465661287308,0,0,7.98156619149,1.0385995149,76.3192487804,9.97179580132,131.101362058,143.194585689,5150.00196174,0.00279396772385,213.615159737,211.583886994,3,72.4367855582,26.0119468294,46.5140437882,0.00165983177203,0.00163163349498,2.81982770467e-05,0.00023101165425,2656,-2.3609204618e-06,2.3609204618e-06,0.791475117207,0,0,0,0,4.66669507659e-06,3.0673325e-06
2.68800012767,2505.79160638,-34.6906090272,4.62503480911,-488.547302246,0.170653373003,0.0254201162606,100.149543762,39.8783569336,0.9723290205,0.000232830643654,0.000465661287308,0,0,8.3531240991,1.32479477048,74.7322605874,9.77142901053,132.096902234,147.371640196,5150.00149608,0.00279396772385,213.615159737,211.583886994,3,72.4367855582,23.8448792516,45.5508634332,0.00169115293991,0.00167801772477,1.31352151378e-05,-0.000281033862848,2688,-2.3651648462e-06,2.3651648462e-06,0.790521740913,0,0,0,0,3.12816064252e-06,2.05608625947e-06
2.72000012919,2504.78391536,-28.6613412754,3.82119846344,-488.857025146,0.140957310796,0.0210003498942,100.149543762,39.878452301,0.9723290205,0.000232830643654,0.000465661287308,0,0,20.5022446427,4.55128199042,73.1804828046,9.60796374769,132.096902234,148.310267832,5150.00103042,0.00279396772385,213.615159737,211.583886994,3,72.4367855582,23.94780131,45.0552870461,0.00149448048381,0.00139698386192,9.7496621887e-05,-0.000465661287308,2720,-2.30316982197e-06,2.30316982197e-06,0.689083337784,0,0,0,0,2.09686049857e-06,1.37823008117e-06
2.75200013071,2503.95177864,-23.6739706452,3.15627026558,-489.113922119,0.11643885076,0.017344083637,100.149360657,39.8785362244,0.972328841686,0.000232830643654,0.000465661287308,0,0,49.2268452028,11.7994455359,71.6632854973,9.96455430107,132.096902234,146.630292875,5150.00103042,0.00279396772385,213.615159737,213.263832848,3,72.4367855582,24.1170946538,44.728985813,0.00120542814619,0.0012314558262,-2.60276800113e-05,-0.000300133251585,2752,-2.29188435696e-06,2.29188435696e-06,0.678599476814,0,0,0,0,1.40556198858e-06,9.23852439882e-07
2.78400013223,2503.26422974,-19.5552420337,2.60715150833,-489.325927734,0.0961939394474,0.0143213514239,100.205802917,39.8354072571,0.972369790077,0.000232830643654,0.000465661287308,0,0,84.8174684092,18.0685731722,79.9147319377,14.4451412483,124.701968161,129.821099108,5150.00149608,0.00279396772385,221.01009381,230.072982959,3,72.4367855582,24.9679615081,45.2368003607,0.00139052570847,0.00132786226459,6.26634438783e-05,6.91215973347e-05,2784,-2.34709614233e-06,2.34709614233e-06,0.789523839951,0,0,0,0,9.42173187468e-07,6.19276761427e-07
2.81600013375,2502.6963558,-16.1473271874,2.15280032158,-489.501831055,0.079468972981,0.0118263335899,100.323539734,39.7456054688,0.972454845905,0.000232830643654,0.000465661287308,0,0,102.408858853,21.6189391002,97.7641611428,18.6439432828,101.62046965,111.919325718,5150.00149608,0.00279396772385,244.091570494,247.974792728,3,72.4367855582,27.8870156762,47.3599757242,0.0013918331071,0.00138970790431,2.12520279153e-06,7.27595761418e-06,2816,-2.27312671086e-06,2.27312671086e-06,0.789193511009,0,0,0,0,6.31557441011e-07,4.15113589725e-07
2.84800013527,2502.22743489,-13.3337362058,1.77768564224,-489.647033691,0.0656641945243,0.0097641358152,100.378257751,39.7038383484,0.972494244576,0.000232830643654,0.000465661287308,0,0,110.093422818,23.1692519191,106.920816173,21.0901933006,83.8656851556,98.56831457,5150.00056475,0.00279396772385,261.846318608,261.325825704,3,72.4367855582,31.9222272083,49.733902415,0.000791225543417,0.000827640178613,-3.64146351961e-05,-0.000361978891306,2848,-2.36439450418e-06,2.36439450418e-06,0.668255090714,0,0,0,0,4.23345653644e-07,2.78258880826e-07
2.88000013679,2501.84023753,-11.0096680146,1.46783530712,-489.766998291,0.0542653091252,0.00806107930839,100.404167175,39.6842346191,0.972512841225,0.000232830643654,0.000465661287308,0,0,112.889841353,23.4732411083,110.909561595,22.1013187888,72.326103691,89.5214107004,5150.00103042,0.00279396772385,273.385870969,270.372751402,3,72.4367855582,34.1720624419,50.9661113028,0.000615494114009,0.000572981662117,4.25124518921e-05,0.000358340912499,2880,-2.28053340834e-06,2.28053340834e-06,0.668312013149,0,0,0,0,2.83776984134e-07,1.8652249878e-07
2.91200013831,2501.52056105,-9.09241680347,1.21222269535,-489.865875244,0.0448513552547,0.0066554043442,100.417259216,39.6744728088,0.972522258759,0.000232830643654,0.000465661287308,0,0,113.115416512,23.0267621941,111.971367514,22.1689598398,65.3559109196,83.6902036099,5150.00009909,0.00279396772385,280.356151052,276.203907561,3,72.4367855582,35.6381497113,51.9995373907,0.00046049632163,0.000469299266115,-8.80294448447e-06,-0.000469299266115,2912,-2.37882090914e-06,2.37882090914e-06,0.667713403702,0,0,0,0,1.90221356888e-07,1.25029743003e-07
2.94400013983,2501.2565311,-7.50827530283,1.00102126598,-489.947631836,0.0370770432055,0.00549511378631,100.423332214,39.6697463989,0.972526609898,0.000232830643654,0.000465661287308,0,0,111.637143299,22.1154135738,111.106928872,21.6437043169,61.6324468865,80.2195718279,5150.00103042,0.00279396772385,284.079636913,279.674539343,3,72.4367855582,36.8214750779,52.9772696609,0.000745104214439,0.000702129909769,4.29743046704e-05,0.000229192664847,2944,-2.35273773797e-06,2.35273773797e-06,0.667300999165,0,0,0,0,1.27509139247e-07,8.38099438738e-08
2.97600014135,2501.03860162,-6.20051650913,0.826667666435,-490.015106201,0.0306551847607,0.00453764712438,100.424095154,39.6689605713,0.972527205944,0.000232830643654,0.000465661287308,0,0,106.601432043,20.5271014196,108.499153754,20.6632441879,60.6097673881,78.8443576312,5150.00056475,0.00279396772385,285.102403723,281.049753539,4,71.4870766387,37.8307668143,53.8657295692,0.000675081116008,0.000663931132294,1.11499837141e-05,-0.000198269844986,2976,-2.31988565247e-06,2.31988565247e-06,0.668032407761,0,0,0,0,8.54719104382e-08,5.61794877285e-08
3.00800014287,2500.85862353,-5.11952384841,0.682547152042,-490.070983887,0.0253518670797,0.00374697521329,100.423149109,39.6695365906,0.972526490688,0.000232830643654,0.000465661287308,0,0,81.1430676404,15.0398205003,105.934038387,19.4855962401,60.6097673881,78.8443576312,5150.00056475,0.00279396772385,285.102403723,281.049753539,4,71.4870766387,38.7062682421,54.6332448721,0.000755535869978,0.000756699591875,-1.16372189662e-06,-0.000291038304567,3008,-2.37497920352e-06,2.37497920352e-06,0.667530894279,0,0,0,0,5.72935228149e-08,3.76582214301e-08
3.04000014439,2500.70984475,-4.22823814006,0.563718795776,-490.116851807,0.0209721177816,0.00309378933161,100.423103333,39.6698608398,0.972526490688,0.000232830643654,0.000465661287308,0,0,42.7560368861,6.76590700549,103.651712349,18.4970238729,60.6097673881,78.8443576312,5150.00103042,0.00279396772385,285.102403723,281.049753539,4,71.4870766387,39.4718081225,55.2790734218,0.001016305054,0.000967702362686,4.8602691316e-05,-3.63797880709e-05,3040,-2.43624890572e-06,2.43624890572e-06,0.789102435112,0,0,0,0,3.84049876345e-08,2.52430591985e-08
3.07200014591,2500.587143,-3.49217862095,0.465585589409,-490.154846191,0.0173501763493,0.00255662412383,100.422599792,39.6701164246,0.97252613306,0.000232830643654,0.000465661287308,0,0,10.7431780972,0.416867556456,101.455489571,17.6671620448,60.7644833508,83.6301260279,5150.00149608,0.00279396772385,285.102403723,281.049753539,4,71.4870766387,36.2338323612,55.6813574804,0.000983508177677,0.000985892256722,-2.38407904529e-06,0.000411091605201,3072,-2.36512710217e-06,2.36512710217e-06,0.689887166023,0,0,0,0,2.5743627674e-08,1.69209268819e-08
3.10400014743,2500.48562884,-2.88472779175,0.384598791599,-490.186035156,0.0143604017794,0.00211156508885,100.42250824,39.6703796387,0.972526013851,0.000232830643654,0.000465661287308,0,0,2.50972828192,-1.3870431516,99.3143421149,16.9188602569,78.0792615842,96.4039427345,5150.00056475,0.00279396772385,285.102403723,281.049753539,4,71.4870766387,28.946888051,48.4866613988,0.000618502374317,0.000611180439591,7.32193472519e-06,-0.000145519152284,3104,-2.36865184888e-06,2.36865184888e-06,0.675119996071,0,0,0,0,1.7256466478e-08,1.13424372117e-08
3.13600014895,2500.40204264,-2.38116763285,0.317462950945,-490.212188721,0.0118895098567,0.0017454456538,100.421928406,39.6706161499,0.972525596619,0.000232830643654,0.000465661287308,0,0,4.02219741785,-1.01444466174,97.2219999352,16.1101634964,92.7350847633,103.591366496,5150.00103042,0.00279396772385,285.102403723,281.049753539,4,71.4870766387,27.3843052128,47.5360247947,0.000676539504973,0.000736690708436,-6.01512034626e-05,0.000194631866179,3136,-2.35485163103e-06,2.35485163103e-06,0.789184689522,0,0,0,0,1.1567355962e-08,7.60306129166e-09
3.16800015047,2500.33265911,-1.96954965759,0.262585073709,-490.233062744,0.00984662119299,0.00144339376129,100.421607971,39.6708488464,0.972525417805,0.000232830643654,0.000465661287308,0,0,5.0499072143,-0.77132243837,95.1760385162,15.2812383296,102.693593362,108.281194116,5150.00009909,0.00279396772385,285.102403723,281.049753539,4,71.4870766387,27.3305649898,47.2921310575,0.00020266434364,0.000205545802601,-2.88145896032e-06,-0.000205545802601,3168,-2.4025696348e-06,2.4025696348e-06,0.690646767616,0,0,0,0,7.75382957841e-09,5.09648279134e-09
3.20000015199,2500.2756156,-1.62770709267,0.217009797692,-490.250640869,0.00816435180604,0.00119036913384,100.421333313,39.6710968018,0.972525179386,0.000232830643654,0.000465661287308,0,0,5.77003820191,-0.574465323678,93.1750588174,14.481584975,109.67165872,112.078567327,5150.00056475,0.00279396772385,285.102403723,281.049753539,4,71.4870766387,27.6267219306,47.220804845,0.000289137394582,0.000205545802601,8.35915919817e-05,0.000260115484707,3200,-2.37062226915e-06,2.37062226915e-06,0.665429592133,0,0,0,0,5.1975455051e-09,3.41627326428e-09
3.23200015351,2500.22835098,-1.34338358748,0.17910310626,-490.265380859,0.00677109742537,0.000983720994554,100.421287537,39.6713447571,0.972525179386,0.000232830643654,0.000465661287308,0,0,6.28642245207,-0.398685092632,91.2180060645,13.7372330964,114.675422083,115.469367302,5149.99916777,0.00279396772385,285.102403723,281.049753539,4,71.4870766387,28.0299682345,47.244826419,-0.00038738455499,-0.00048203219194,9.46476369501e-05,-0.000449290382676,3232,-2.46069407694e-06,2.46069407694e-06,0.711491048336,0,0,0,0,3.4840188512e-09,2.28999619267e-09
3.26400015503,2500.18923543,-1.11033534722,0.148032560945,-490.277252197,0.00561075331643,0.000817426363938,100.421104431,39.671585083,0.972525060177,0.000232830643654,0.000465661287308,0,0,6.66583622921,-0.234629022964,89.3037449105,13.0597852088,118.351941637,118.634008686,5150.00056475,0.00279396772385,285.102403723,281.049753539,4,71.4870766387,28.4634552372,47.319841542,-0.000342662995201,-0.000412910594605,7.02475994041e-05,0.000878571881913,3264,-2.43584941018e-06,2.43584941018e-06,0.67514526844,0,0,0,0,2.33540764505e-09,1.53503032507e-09
3.29600015655,2500.15687197,-0.918513308079,0.122458390892,-490.286956787,0.00465014250949,0.00068024371285,100.420829773,39.6718101501,0.972524821758,0.000232830643654,0.000465661287308,0,0,6.95158615862,-0.0785399183171,87.4316234464,12.4523195678,121.120858239,121.644967294,5150.00056475,0.00279396772385,285.102403723,281.049753539,4,71.4870766387,28.8993287541,47.4191074318,-0.000266642027902,-0.000229192664847,-3.74493630551e-05,0.000694853952155,3296,-2.36403343479e-06,2.36403343479e-06,0.788973391056,0,0,0,0,1.5654700869e-09,1.02896136056e-09
3.32800015807,2500.13032928,-0.760431078106,0.101382486522,-490.295043945,0.00386110506952,0.000563758076169,100.420341492,39.6720314026,0.97252446413,0.000232830643654,0.000465661287308,0,0,7.17199136813,0.0712116790374,85.6005649236,11.9130306053,123.256584629,124.533675262,5149.99963343,0.00279396772385,285.102403723,281.049753539,4,71.4870766387,29.3272241834,47.5267625006,-0.000403751906908,-0.000318323145621,-8.54287612873e-05,-0.000147338141687,3328,-2.34563481172e-06,2.34563481172e-06,0.685729026794,0,0,0,0,1.04936592749e-09,6.8973338152e-10
3.36000015959,2500.10821037,-0.631176646948,0.0841499790549,-490.301452637,0.00321481144056,0.000463737902464,100.42011261,39.672252655,0.972524344921,0.000232830643654,0.000465661287308,0,0,7.34577180884,0.215403144243,83.8095658418,11.4376149894,124.940517708,127.315128339,5149.99916777,0.00279396772385,285.102403723,281.049753539,4,71.4870766387,29.7433998639,47.6337081636,-0.000512546657894,-0.000502041075379,-1.0505582515e-05,-0.000429281499237,3360,-2.32410570788e-06,2.32410570788e-06,0.788027822971,0,0,0,0,7.03410940606e-10,4.62342025775e-10
3.39200016111,2500.08981675,-0.52307069609,0.0697370320559,-490.30682373,0.00268495129421,0.00037868556683,100.419425964,39.6724319458,0.972523808479,0.000232830643654,0.000465661287308,0,0,7.48547169295,0.354473136739,82.0580695148,11.0205653711,126.294209622,129.997788463,5149.99963343,0.00279396772385,285.102403723,281.049753539,4,71.4870766387,30.1467134705,47.7350076835,-0.00036654433655,-0.000307409209199,-5.91351273505e-05,-0.000158252078108,3392,-2.44622719947e-06,2.44622719947e-06,0.675391316414,0,0,0,0,4.7151033078e-10,3.0991709199e-10
3.42400016263,2500.07468276,-0.431809581869,0.0575698874891,-490.311584473,0.00224116863683,0.000310028612148,100.419212341,39.6726455688,0.97252368927,0.000232830643654,0.000465661287308,0,0,7.59964045887,0.488715142896,80.3449698945,10.6559797766,127.400504425,132.58731633,5149.99870211,0.00279396772385,285.102403723,281.049753539,4,71.4870766387,30.5370376736,47.8282381664,-0.000284576126552,-0.000367435859516,8.28597329638e-05,-0.00102954800241,3424,-2.36410824073e-06,2.36410824073e-06,0.788970768452,0,0,0,0,3.16062787054e-10,2.07743572345e-10
3.45600016415,2500.0621099,-0.354765177235,0.0472981408238,-490.315673828,0.00186885416042,0.00025696438388,100.41884613,39.6728553772,0.972523391247,0.000232830643654,0.000465661287308,0,0,7.70060623661,0.637349132937,78.6695418239,10.3384268518,128.37885879,135.454465635,5150.00056475,0.00279396772385,285.102403723,281.049753539,4,71.4870766387,30.3547276417,47.7533940284,-0.000274166675474,-0.000218278728426,-5.5887947048e-05,0.000683940015733,3456,-2.43525278165e-06,2.43525278165e-06,0.675363004208,0,0,0,0,2.118631659e-10,1.39254691112e-10
3.48800016567,2500.05163252,-0.294354236985,0.0392440110445,-490.318572998,0.00155876250938,0.000214223342482,100.418708801,39.6730728149,0.972523331642,0.000232830643654,0.000465661287308,0,0,7.80966090472,0.855029681053,77.0311260692,10.0656642862,129.435604322,139.653522638,5149.99916777,0.00279396772385,285.102403723,281.049753539,4,71.4870766387,28.2084456558,47.1186176583,-0.000342783787466,-0.000387444742955,4.46609554894e-05,-0.00054387783166,3488,-2.40247595684e-06,2.40247595684e-06,0.710367739201,0,0,0,0,1.42016107207e-10,9.33451926866e-11
3.52000016719,2500.04325062,-0.244862604859,0.0326456688344,-490.321075439,0.00129274046049,0.000181830386282,100.418525696,39.6732788086,0.972523152828,0.000232830643654,0.000465661287308,0,0,7.92287515503,1.09542752916,75.4288436519,9.83563746772,130.532644107,144.290796015,5149.99963343,0.00279396772385,285.102403723,281.049753539,4,71.4870766387,25.4849164776,46.1384406663,-0.000259355412147,-0.000185536919162,-7.38184929849e-05,-0.000280124368146,3520,-2.37848257711e-06,2.37848257711e-06,0.66596531868,0,0,0,0,9.51962120244e-11,6.25711496505e-11
3.55200016871,2500.03603287,-0.199869376161,0.0266470629722,-490.323547363,0.00107339723036,0.000155460322276,100.418434143,39.6734809875,0.972523093224,0.000232830643654,0.000465661287308,0,0,9.35419169373,1.65023149067,73.8620573127,9.64373175973,131.289649289,148.131235619,5149.99916777,0.00279396772385,285.102403723,281.049753539,4,71.4870766387,23.6535834119,45.3386746813,-0.000257842400209,-0.000294676283374,3.68338831658e-05,-0.000636646291241,3552,-2.49796130447e-06,2.49796130447e-06,0.691399812698,0,0,0,0,6.3811921025e-11,4.19426854359e-11
3.58400017023,2500.0302121,-0.164160539384,0.0218862760812,-490.325439453,0.00090426125098,0.000129534557345,100.418022156,39.6736679077,0.9725227952,0.000232830643654,0.000465661287308,0,0,25.156396864,5.83528174774,72.3300638689,9.48880082788,131.289649289,148.45545229,5149.99916777,0.00279396772385,285.102403723,281.049753539,4,71.4870766387,24.0028166445,44.8101563961,-0.000339799063886,-0.000327418092638,-1.23809712482e-05,-0.000603904481977,3584,-2.4235150704e-06,2.4235150704e-06,0.788863480091,0,0,0,0,4.27744159537e-11,2.81150103199e-11
3.61600017175,2500.02555549,-0.136005567697,0.0181325878948,-490.326934814,0.000768101948779,0.000106754334411,100.41784668,39.6738700867,0.972522675991,0.000232830643654,0.000465661287308,0,0,56.7947577457,13.3734715442,70.8322919844,10.6640306695,131.289649289,143.91845616,5150.00009909,0.00279396772385,285.102403723,285.586720565,4,71.4870766387,24.1988054768,44.5793157269,-1.03899944204e-05,-1.63709046319e-05,5.98091021153e-06,1.63709046319e-05,3616,-2.39934206547e-06,2.39934206547e-06,0.675731480122,0,0,0,0,2.86725452409e-11,1.88460531902e-11
3.64800017327,2500.02159737,-0.113996918572,0.0151983415708,-490.327911377,0.000648629269563,9.03076434042e-05,100.521080017,39.6020088196,0.97259670496,0.000232830643654,0.000465661287308,0,0,89.1436609677,19.0147348311,83.9750042281,15.4452639412,118.981028209,125.617123558,5150.00009909,0.00279396772385,297.410937492,303.888082271,4,71.4870766387,25.4255846812,45.4317887488,-0.000124991655914,-0.000180079950951,5.50882950368e-05,0.000180079950951,3648,-2.36568666878e-06,2.36568666878e-06,0.710481584072,0,0,0,0,1.9219775077e-11,1.2632884322e-11
3.68000017479,2500.01833774,-0.0962767501278,0.0128358462825,-490.328674316,0.000539178668987,8.01683272584e-05,100.640083313,39.5194511414,0.972681760788,0.000232830643654,0.000465661287308,0,0,103.929337679,22.0532514882,99.6231199053,19.2788129069,96.6809311649,108.56064182,5150.00009909,0.00279396772385,319.711078191,320.944614941,4,71.4870766387,28.7899183604,47.7766006952,0.000194013610733,0.0002564775059,-6.24638951674e-05,-0.0002564775059,3680,-2.34782874031e-06,2.34782874031e-06,0.789424300194,0,0,0,0,1.28834009433e-11,8.46807433202e-12
3.71200017631,2500.01531094,-0.0819969372401,0.0109320273623,-490.329101562,0.00044087137212,7.38489979994e-05,100.694892883,39.4817466736,0.97272080183,0.000232830643654,0.000465661287308,0,0,110.209015803,23.2742605397,107.345692362,21.3665074883,80.4729061201,96.223098808,5150.00056475,0.00279396772385,335.919088684,333.282136125,4,71.4870766387,32.5794244418,49.9070774822,0.000174601583192,0.000147338141687,2.72634415044e-05,0.000318323145621,3712,-2.35101038015e-06,2.35101038015e-06,0.665270507336,0,0,0,0,8.63600163603e-12,5.67631965737e-12
3.74400017783,2500.01298264,-0.0683722305439,0.0091155488044,-490.329742432,0.000356420699973,6.89714870532e-05,100.720848083,39.4637527466,0.972739219666,0.000232830643654,0.000465661287308,0,0,112.315326415,23.3789889859,110.552308146,22.1322716472,70.1254612068,87.9599756445,5150.00009909,0.00279396772385,346.266548149,341.545208357,4,71.4870766387,34.5617627318,51.040249673,0.000234173486158,0.000276486389339,-4.23129031812e-05,-0.000276486389339,3744,-2.33256787396e-06,2.33256787396e-06,0.689133882523,0,0,0,0,5.78888499636e-12,3.80494984478e-12
3.77600017935,2500.01111999,-0.0557551658176,0.00743341213092,-490.330535889,0.000293368153507,6.23375817668e-05,100.73412323,39.4547348022,0.972748696804,0.000232830643654,0.000465661287308,0,0,112.134007819,22.8107477564,111.142542148,22.0445752388,63.9832214802,82.6975083328,5150.00009909,0.00279396772385,352.408795152,346.807704773,4,71.4870766387,35.9517434845,52.0657049492,5.98205096569e-05,9.09494701773e-06,5.07255626392e-05,-9.09494701773e-06,3776,-2.45589330916e-06,2.45589330916e-06,0.713770866394,0,0,0,0,3.88040424446e-12,2.55053335223e-12
3.80800018087,2500.00949018,-0.0450717649869,0.00600907532498,-490.33114624,0.000250055600191,5.36728584848e-05,100.740242004,39.4505386353,0.972753047943,0.000232830643654,0.000465661287308,0,0,110.351402981,21.8206646451,109.938788541,21.420828354,60.8651280345,79.6557797003,5150.00103042,0.00279396772385,355.526950443,349.849462509,4,71.4870766387,37.0945490431,53.0288161826,0.00049201523411,0.000518411980011,-2.63967459002e-05,0.000412910594605,3808,-2.39874270846e-06,2.39874270846e-06,0.70968568325,0,0,0,0,2.60111246778e-12,1.70967341846e-12
3.84000018239,2500.00809319,-0.0361971714824,0.00482589332387,-490.331665039,0.000218726447201,4.52072963526e-05,100.740242004,39.4506340027,0.972753047943,0.000232830643654,0.000465661287308,0,0,102.320997636,19.7073167126,107.140194534,20.335936434,60.3014268563,78.7708704593,5150.00056475,0.00279396772385,356.090691639,350.73433537,5,70.9882078809,38.0741657864,53.8951862836,0.000647035952595,0.000716681824997,-6.96458724025e-05,-0.000251020537689,3840,-2.29166039389e-06,2.29166039389e-06,0.693080663681,0,0,0,0,1.74357761302e-12,1.14602836769e-12
3.87200018391,2500.00716187,-0.0291114297113,0.00388120533898,-490.33215332,0.000193304411368,3.85119565181e-05,100.739830017,39.4512634277,0.97275274992,0.000232830643654,0.000465661287308,0,0,72.8635671391,13.3291664543,104.695902075,19.1997268246,60.3014268563,78.7708704593,5150.00103042,0.00279396772385,356.090691639,350.73433537,5,70.9882078809,38.9255292248,54.6365554328,0.000603827848833,0.000665750121698,-6.19222728648e-05,0.000265572452918,3872,-2.47626644523e-06,2.47626644523e-06,0.674019217491,0,0,0,0,1.16875476311e-12,7.68205703043e-13
3.90400018543,2500.00623055,-0.0234690311629,0.00312894722447,-490.332427979,0.000171340085217,3.37475103152e-05,100.739387512,39.451625824,0.972752392292,0.000232830643654,0.000465661287308,0,0,34.4287602459,5.00722960793,102.455268913,18.2459510152,60.3014268563,78.7708704593,5149.99963343,0.00279396772385,356.090691639,350.73433537,5,70.9882078809,39.6707837353,55.2596720809,0.000596399124531,0.00054387783166,5.25212928704e-05,-0.00100953911897,3904,-2.34121580434e-06,2.34121580434e-06,0.664610087872,0,0,0,0,7.83439610928e-13,5.14943719176e-13
3.93600018695,2500.00553206,-0.0189858120336,0.00253123394214,-490.332702637,0.000152584369062,3.03273209283e-05,100.73915863,39.4519691467,0.972752273083,0.000232830643654,0.000465661287308,0,0,6.80569405474,-0.407458138366,100.288477262,17.4445314634,62.5552493148,86.3827008288,5150.00056475,0.00279396772385,356.090691639,350.73433537,5,70.9882078809,34.3788815371,54.06094715,0.000848389553054,0.000871295924298,-2.29063712442e-05,-0.000405634636991,3936,-2.36123082686e-06,2.36123082686e-06,0.788025617599,0,0,0,0,5.25155168917e-13,3.45176984868e-13
3.96800018847,2500.00506639,-0.0153262895708,0.00204333756119,-490.332946777,0.00013723783195,2.76313840004e-05,100.738563538,39.4522781372,0.97275185585,0.000232830643654,0.000465661287308,0,0,2.85275258182,-1.28641122543,98.1741752714,16.6875314517,81.4031664049,98.3451318461,5150.00103042,0.00279396772385,356.090691639,350.73433537,5,70.9882078809,28.3177287201,47.9622358398,0.000615956813332,0.000571162672713,4.4794140619e-05,0.000360159901902,3968,-2.34517756326e-06,2.34517756326e-06,0.709726810455,0,0,0,0,3.52021959759e-13,2.31379016424e-13
4.00000018999,2500.00460073,-0.0124173666904,0.00165551295504,-490.333129883,0.000125058475533,2.53553953371e-05,100.738121033,39.4525794983,0.972751498222,0.000232830643654,0.000465661287308,0,0,4.23232224238,-0.955452849853,96.1075944839,15.8687630635,94.771196018,104.729318991,5150.00103042,0.00279396772385,356.090691639,350.73433537,5,70.9882078809,27.3239329545,47.3518302897,0.000613000955552,0.000694853952155,-8.18529966029e-05,0.000236468622461,4000,-2.40239842242e-06,2.40239842242e-06,0.69278049469,0,0,0,0,2.35967332913e-13,1.55097966805e-13
4.03200019151,2500.00413507,-0.0100308330531,0.00133733463008,-490.333190918,0.000115448099677,2.34171420743e-05,100.737617493,39.4528808594,0.972751140594,0.000232830643654,0.000465661287308,0,0,5.17951029173,-0.725506489943,94.0867278985,15.0432421069,103.949445474,109.16498286,5149.99963343,0.00279396772385,356.090691639,350.73433537,5,70.9882078809,27.3862005997,47.1567364002,0.00014353115918,0.000187355908565,-4.3824749385e-05,-0.000653017195873,4032,-2.39261294155e-06,2.39261294155e-06,0.674799263477,0,0,0,0,1.58173617975e-13,1.03965264403e-13
4.06400019303,2500.00413507,-0.00805689381878,0.00107416429091,-490.333465576,0.000107795298391,2.18101904466e-05,100.737388611,39.4531860352,0.972751021385,0.000232830643654,0.000465661287308,0,0,5.8465761625,-0.53405755315,92.1102350732,14.2544679413,110.413311631,112.85803339,5150.00056475,0.00279396772385,356.090691639,350.73433537,5,70.9882078809,27.7175040537,47.1118182759,0.000262674965112,0.000340151018463,-7.74760533506e-05,0.000125510268845,4064,-2.44710167863e-06,2.44710167863e-06,0.6661003232,0,0,0,0,1.06026901939e-13,6.96900084298e-14
4.09600019455,2500.00366941,-0.0065317946607,0.000870834453963,-490.333435059,0.000101598241599,2.05220621865e-05,100.737113953,39.4534835815,0.972750782967,0.000232830643654,0.000465661287308,0,0,6.3274762374,-0.360921038512,90.1770026352,13.5245908228,115.073235065,116.197836178,5150.00009909,0.00279396772385,356.090691639,350.73433537,5,70.9882078809,28.1320917566,47.1503262816,-0.000324418075737,-0.000363797880709,3.93798049725e-05,0.000363797880709,4096,-2.39805103774e-06,2.39805103774e-06,0.709761083126,0,0,0,0,7.10719528477e-14,4.67145988775e-14
4.12800019607,2500.00343658,-0.00527389198979,0.000703127880115,-490.333496094,9.65463696048e-05,1.95039883693e-05,100.736579895,39.4537696838,0.972750425339,0.000232830643654,0.000465661287308,0,0,6.68277670684,-0.198433682069,88.2862175295,12.8628812267,118.516094517,119.332216855,5149.99963343,0.00279396772385,356.090691639,350.73433537,5,70.9882078809,28.5684454866,47.2325846204,-0.00054493501378,-0.000502041075379,-4.28939384012e-05,3.63797880709e-05,4128,-2.33650757764e-06,2.33650757764e-06,0.6931899786,0,0,0,0,4.76409615425e-14,3.13137238578e-14
4.16000019759,2500.00343658,-0.00424996482451,0.000566615490243,-490.333618164,9.2429923825e-05,1.86971265066e-05,100.736030579,39.4540519714,0.972750008106,0.000232830643654,0.000465661287308,0,0,6.95182329967,-0.0434678392958,86.4367810332,12.2710284397,121.123157442,122.321507661,5150.00009909,0.00279396772385,356.090691639,350.73433537,5,70.9882078809,29.0040043183,47.3347718071,-0.000537524053046,-0.000505679054186,-3.18449988601e-05,0.000505679054186,4160,-2.45127171183e-06,2.45127171183e-06,0.674942314625,0,0,0,0,3.19346904877e-14,2.09902099635e-14
4.19200019911,2500.00343658,-0.00344269612818,0.000458988477476,-490.333740234,8.90933442861e-05,1.80510069185e-05,100.735710144,39.454334259,0.972749769688,0.000232830643654,0.000465661287308,0,0,7.16040533397,0.105352479433,84.6279020656,11.7465438541,123.144316603,125.192251289,5149.99963343,0.00279396772385,356.090691639,350.73433537,5,70.9882078809,29.4303699775,47.4428634334,-0.000607572908651,-0.000620275386609,1.27024779584e-05,0.000154614099301,4192,-2.44275884143e-06,2.44275884143e-06,0.6643460989,0,0,0,0,2.14064622826e-14,1.40701591545e-14
4.22400020063,2500.00320375,-0.00278041611956,0.000370691734133,-490.333709717,8.64094326971e-05,1.7521533664e-05,100.735435486,39.4546165466,0.972749590874,0.000232830643654,0.000465661287308,0,0,7.32562122881,0.248706597531,82.8587382725,11.2847899433,124.745260109,127.95755174,5149.99916777,0.00279396772385,356.090691639,350.73433537,5,70.9882078809,29.8445847875,47.54884867,-0.00035873373716,-0.00033833202906,-2.04017081007e-05,-0.000592990545556,4224,-2.38240659201e-06,2.38240659201e-06,0.786755084991,0,0,0,0,1.43491785836e-14,9.43150857977e-15
4.25600020215,2500.00297092,-0.00224490004364,0.000299295439618,-490.333679199,8.42741064844e-05,1.7083284547e-05,100.73513031,39.4548797607,0.97274941206,0.000232830643654,0.000465661287308,0,0,7.45896133789,0.38699279136,81.1284765988,10.8800579256,126.037324662,130.625092424,5149.99916777,0.00279396772385,356.090691639,350.73433537,5,70.9882078809,30.2458156511,47.6484819956,-0.000317010667716,-0.000331056071445,1.4045403729e-05,-0.00060026650317,4256,-2.29356419368e-06,2.29356419368e-06,0.709542691708,0,0,0,0,9.61854023079e-15,6.32212982798e-15
4.28800020367,2500.00297092,-0.00181213311023,0.000241597925196,-490.333740234,8.25426614028e-05,1.67305515788e-05,100.734443665,39.4551277161,0.972748875618,0.000232830643654,0.000465661287308,0,0,7.56829892717,0.52051665041,79.4363625881,10.5264339243,127.096805954,133.200766868,5149.99916777,0.00279396772385,356.090691639,350.73433537,5,70.9882078809,30.6330657622,47.7394351037,-0.000290162810446,-0.000303771230392,1.36084199465e-05,-0.000627551344223,4288,-2.34683534472e-06,2.34683534472e-06,0.691705405712,0,0,0,0,6.44749959802e-15,4.2378494072e-15
4.32000020519,2500.00297092,-0.00146327638895,0.000195087501197,-490.33380127,8.11327190604e-05,1.64508201124e-05,100.73412323,39.4553985596,0.972748696804,0.000232830643654,0.000465661287308,0,0,7.66985023271,0.682327305068,77.7813707656,10.2190075633,128.080835566,136.322094477,5149.99963343,0.00279396772385,356.090691639,350.73433537,5,70.9882078809,30.0579122268,47.5565175293,-0.000500273850124,-0.000469299266115,-3.09745840088e-05,3.63797880709e-06,4320,-2.37930726144e-06,2.37930726144e-06,0.674911677837,0,0,0,0,4.32188778106e-15,2.84071430048e-15
4.35200020671,2500.00297092,-0.00118178378195,0.00015755824279,-490.333831787,7.99907502369e-05,1.62263022503e-05,100.734031677,39.4556617737,0.972748637199,0.000232830643654,0.000465661287308,0,0,7.78035155279,0.911340093769,76.1628711966,9.9560630034,129.151594592,140.73975035,5149.99916777,0.00279396772385,356.090691639,350.73433537,5,70.9882078809,27.6208756986,46.8229154649,-0.000501783753437,-0.00056934368331,6.75599298727e-05,-0.000361978891306,4352,-2.46455124397e-06,2.46455124397e-06,0.665945589542,0,0,0,0,2.89704813246e-15,1.90418724015e-15
4.38400020823,2500.00273809,-0.00095435359615,0.000127236708067,-490.333740234,7.90704871179e-05,1.60441377375e-05,100.733680725,39.4559135437,0.972748339176,0.000232830643654,0.000465661287308,0,0,7.89259801124,1.14836285935,74.5801680234,9.73495506896,130.239262944,145.311918459,5149.99916777,0.00279396772385,356.090691639,350.73433537,5,70.9882078809,24.9888125836,45.8198737761,-0.000509223135881,-0.000567524693906,5.83015580258e-05,-0.000363797880709,4384,-2.28887370213e-06,2.28887370213e-06,0.708891630173,0,0,0,0,1.94194902773e-15,1.27641470052e-15
4.41600020975,2500.00273809,-0.000770559560603,0.000102732839878,-490.333770752,7.83301657066e-05,1.5895911929e-05,100.73299408,39.4561462402,0.972747862339,0.000232830643654,0.000465661287308,0,0,11.2014984986,2.17787845285,73.0324774901,9.55107827937,130.766013172,148.529055878,5149.99963343,0.00279396772385,356.090691639,350.73433537,5,70.9882078809,23.6775140365,45.1353334938,-0.000711920772334,-0.000673026079312,-3.88946930219e-05,0.000207364792004,4416,-2.37162839767e-06,2.37162839767e-06,0.694503307343,0,0,0,0,1.30172743312e-15,8.5560619123e-16
4.44800021127,2500.00273809,-0.000622313534038,8.29683267511e-05,-490.333770752,7.77522218414e-05,1.57705235324e-05,100.732719421,39.4563941956,0.972747683525,0.000232830643654,0.000465661287308,0,0,30.5579187899,7.31111213365,71.5191989616,9.40392447524,130.766013172,148.547958815,5149.99870211,0.00279396772385,356.090691639,350.73433537,5,70.9882078809,24.0427871177,44.6327467216,-0.000583767284512,-0.000582986103836,-7.81180675702e-07,-0.000813997758087,4448,-2.45816022471e-06,2.45816022471e-06,0.67501360178,0,0,0,0,8.72573743471e-16,5.73529926113e-16
4.48000021279,2500.00273809,-0.000502446306783,6.69873406878e-05,-490.33380127,7.72689745645e-05,1.56741116371e-05,100.732276917,39.4566307068,0.972747385502,0.000232830643654,0.000465661287308,0,0,64.9622470984,14.8147763907,70.0397830762,11.5840326491,130.766013172,140.42670955,5149.99870211,0.00279396772385,356.090691639,358.855526429,5,70.9882078809,24.3161084654,44.5259611297,-0.000723926751878,-0.000735781213734,1.18544618566e-05,-0.000661202648189,4480,-2.38574489231e-06,2.38574489231e-06,0.664102673531,0,0,0,0,5.8490372571e-16,3.84448534773e-16
4.51200021431,2500.00273809,-0.00040608688634,5.41404733667e-05,-490.33380127,7.68704339862e-05,1.55996058311e-05,100.85181427,39.3874435425,0.972832143307,0.000232830643654,0.000465661287308,0,0,92.8387543532,19.8432910101,87.683882925,16.3941138091,113.376736408,121.55292643,5149.99916777,0.00279396772385,373.479910195,377.729302272,5,70.9882078809,25.9825101239,45.7514470327,-0.000616738715653,-0.000636646291241,1.9907575588e-05,-0.000294676283374,4512,-2.30025420933e-06,2.30025420933e-06,0.709823191166,0,0,0,0,3.92072598922e-16,2.57703474395e-16
4.54400021583,2500.00273809,-0.000328196581023,4.37559538113e-05,-490.333831787,7.65491495258e-05,1.55390389409e-05,100.939964294,39.3366508484,0.972894430161,0.000232830643654,0.000465661287308,0,0,105.210185017,22.4153448127,101.245237935,19.8403830566,92.2273902688,105.464612716,5150.00009909,0.00279396772385,394.62922723,393.817637814,5,70.9882078809,29.7223268717,48.2346913486,-0.000337523842209,-0.000289219315164,-4.8304527045e-05,0.000289219315164,4544,-2.38014331444e-06,2.38014331444e-06,0.692975401878,0,0,0,0,2.62814100621e-16,1.72743793384e-16
4.57600021735,2500.00273809,-0.000265063831995,3.53389441443e-05,-490.333831787,7.62931522331e-05,1.54885929078e-05,100.980201721,39.3134689331,0.972922742367,0.000232830643654,0.000465661287308,0,0,110.303784326,23.3428666357,107.723521231,21.5956241979,77.4840955273,94.0973404795,5149.99963343,0.00279396772385,409.372412832,405.184924603,5,70.9882078809,33.1221926899,50.0815731357,-0.000569871316802,-0.000571162672713,1.29135591109e-06,0.000105501385406,4576,-2.43101976594e-06,2.43101976594e-06,0.675308406353,0,0,0,0,1.7616953873e-16,1.1579359935e-16
4.60800021887,2500.00273809,-0.00021395055172,2.85243986582e-05,-490.333831787,7.60888651712e-05,1.54468780238e-05,100.999671936,39.3022232056,0.972936451435,0.000232830643654,0.000465661287308,0,0,111.81093198,23.2708142118,110.244753601,22.1404479776,68.218789238,86.5639303811,5149.99963343,0.00279396772385,418.637762778,412.718247389,5,70.9882078809,34.9131223629,51.1664002261,-0.000581893699891,-0.000592990545556,1.10968456646e-05,0.000127329258248,4608,-2.31459625866e-06,2.31459625866e-06,0.788414716721,0,0,0,0,1.1808993214e-16,7.76187707116e-17
4.64000022039,2500.00273809,-0.000172667671827,2.30204659601e-05,-490.333831787,7.59243848734e-05,1.54130502779e-05,101.009361267,39.2965812683,0.972943305969,0.000232830643654,0.000465661287308,0,0,111.255813165,22.5938634964,110.40495474,21.9138217068,62.8318448435,81.8323751446,5150.00009909,0.00279396772385,424.024678068,417.449773522,5,70.9882078809,36.2382197636,52.182636864,-8.26095303275e-05,-2.91038304567e-05,-5.35056998707e-05,2.91038304567e-05,4640,-2.32374668485e-06,2.32374668485e-06,0.708930015564,0,0,0,0,7.91580347176e-17,5.20294156841e-17
4.67200022191,2500.00273809,-0.000139378592001,1.85822864296e-05,-490.333831787,7.57910383982e-05,1.53859964485e-05,101.013664246,39.2941017151,0.972946345806,0.000232830643654,0.000465661287308,0,0,109.177476042,21.531977005,108.876821477,21.2012668722,60.2800755587,79.1980492068,5149.99963343,0.00279396772385,426.576472819,420.084164944,5,70.9882078809,37.3428410967,53.1288496859,-0.000140710609831,-9.09494701773e-05,-4.97611396533e-05,-0.00037471181713,4672,-2.41475822804e-06,2.41475822804e-06,0.69009077549,0,0,0,0,5.30612043843e-17,3.48763533013e-17
4.70400022343,2500.00273809,-0.000112536521768,1.50036385094e-05,-490.333862305,7.56827939767e-05,1.53643959493e-05,101.012214661,39.294757843,0.972945272923,0.000232830643654,0.000465661287308,0,0,97.1078352895,18.6632496773,105.991648097,20.0385249332,60.0593484705,78.7233366282,5149.99963343,0.00279396772385,426.797225373,420.558848418,6,70.7066865289,38.2934849767,53.9709544682,-0.000222694807039,-0.000223735696636,1.04088959674e-06,-0.000241925590672,4704,-2.38904499383e-06,2.38904499383e-06,0.672727942467,0,0,0,0,3.55679920987e-17,2.33783194481e-17
4.73600022495,2500.00273809,-9.08714076209e-05,1.21151933854e-05,-490.333862305,7.55951550673e-05,1.53470391524e-05,101.011863708,39.2952308655,0.972945034504,0.000232830643654,0.000465661287308,0,0,64.3625860532,11.545468387,103.632081831,18.9429424384,60.0593484705,78.7233366282,5149.99916777,0.00279396772385,426.797225373,420.558848418,6,70.7066865289,39.1210887756,54.6862829651,-0.000484963236236,-0.000571162672713,8.61994364776e-05,-0.000360159901902,4736,-2.40408598984e-06,2.40408598984e-06,0.788120508194,0,0,0,0,2.38419359835e-17,1.56709549028e-17
4.76800022647,2500.00273809,-7.33775123996e-05,9.78286516329e-06,-490.333862305,7.5524483691e-05,1.53329929162e-05,101.011360168,39.2955284119,0.972944676876,0.000232830643654,0.000465661287308,0,0,26.7455513725,3.38732642033,101.424608129,18.0232563416,60.0593484705,78.8059842307,5149.99963343,0.00279396772385,426.797225373,420.558848418,6,70.7066865289,39.7677722503,55.2871752006,-0.000210860717775,-0.000170985003933,-3.9875713842e-05,-0.000294676283374,4768,-2.28375824918e-06,2.28375824918e-06,0.710209131241,0,0,0,0,1.59817250046e-17,1.05045527144e-17
4.80000022799,2500.00273809,-5.92454835191e-05,7.89874957263e-06,-490.333862305,7.54675420467e-05,1.53216024046e-05,101.010643005,39.2957954407,0.972944200039,0.000232830643654,0.000465661287308,0,0,4.05498926393,-1.0418819499,99.2825523958,17.2463328193,65.9501820337,89.3288015504,5149.99963343,0.00279396772385,426.797225373,420.558848418,6,70.7066865289,32.5357359543,51.9482782693,-0.000105179920329,-0.000147338141687,4.21582213583e-05,-0.000318323145621,4800,-2.34961180468e-06,2.34961180468e-06,0.692983388901,0,0,0,0,1.07128715343e-17,7.0414113603e-18
4.83200022951,2500.00273809,-4.78333518628e-05,6.37725679553e-06,-490.333862305,7.5421659858e-05,1.53123783093e-05,101.010276794,39.2960739136,0.972943902016,0.000232830643654,0.000465661287308,0,0,3.16839029505,-1.20004049504,97.1911697675,16.4751336439,84.4616952236,100.011224276,5149.99870211,0.00279396772385,426.797225373,420.558848418,6,70.7066865289,27.9085325019,47.6595050714,-0.000158868529443,-0.000161890056916,3.02152747267e-06,-0.00123509380501,4832,-2.30545265367e-06,2.30545265367e-06,0.663042664528,0,0,0,0,7.18104937387e-18,4.71999804076e-18
4.86400023103,2500.00273809,-3.86201452762e-05,5.14893008585e-06,-490.333862305,7.53846034058e-05,1.53049313667e-05,101.009864807,39.2963371277,0.972943663597,0.000232830643654,0.000465661287308,0,0,4.43432613046,-0.900786573118,95.1466659877,15.6496722014,96.7286105151,105.783830804,5150.00009909,0.00279396772385,426.797225373,420.558848418,6,70.7066865289,27.2987872449,47.2175634059,4.66488514483e-05,4.18367562816e-05,4.81209516678e-06,-4.18367562816e-05,4864,-2.38928919316e-06,2.38928919316e-06,0.708319783211,0,0,0,0,4.81360014451e-18,3.16390876755e-18
4.89600023255,2500.00273809,-3.11809605913e-05,4.15712020185e-06,-490.333862305,7.53546555643e-05,1.52989287017e-05,101.009101868,39.2965888977,0.972943127155,0.000232830643654,0.000465661287308,0,0,5.30956796581,-0.681763637273,93.1472538003,14.8293674323,105.209706817,110.00878294,5150.00056475,0.00279396772385,426.797225373,420.558848418,6,70.7066865289,27.4489284493,47.0635895908,0.000487853257791,0.00045656634029,3.12869175012e-05,9.09494701773e-06,4896,-2.36694040723e-06,2.36694040723e-06,0.709586083889,0,0,0,0,3.22665269176e-18,2.12083153358e-18
4.92800023407,2500.00273809,-2.5177126009e-05,3.35667459694e-06,-490.333862305,7.53304557293e-05,1.52940901899e-05,101.008827209,39.2968521118,0.972942888737,0.000232830643654,0.000465661287308,0,0,5.92906141918,-0.495064560174,91.1917099604,14.0521619044,111.212597403,113.610207336,5150.00009909,0.00279396772385,426.797225373,420.558848418,6,70.7066865289,27.8075985989,47.0415179734,0.000288276014171,0.000358340912499,-7.00648983276e-05,-0.000358340912499,4928,-2.33891023527e-06,2.33891023527e-06,0.675931096077,0,0,0,0,2.16289035901e-18,1.42163551073e-18
4.96000023559,2500.00273809,-2.03271809107e-05,2.71006842922e-06,-490.333862305,7.53108979552e-05,1.52901848196e-05,101.008415222,39.2971115112,0.972942650318,0.000232830643654,0.000465661287308,0,0,6.37805366222,-0.324410730353,89.2790602668,13.3367723644,115.563329018,116.902119771,5150.00009909,0.00279396772385,426.797225373,420.558848418,6,70.7066865289,28.2305954897,47.0923841931,0.00031212893381,0.000354702933691,-4.25739998811e-05,-0.000354702933691,4960,-2.4094310902e-06,2.4094310902e-06,0.665700674057,0,0,0,0,1.44982851434e-18,9.52950632957e-19
4.99200023711,2500.00273809,-1.64131035152e-05,2.18823424802e-06,-490.333862305,7.5295138231e-05,1.5287027054e-05,101.008049011,39.2973747253,0.972942352295,0.000232830643654,0.000465661287308,0,0,6.71159300682,-0.163506436343,87.4083671426,12.690427494,118.795323942,120.005963254,5150.00103042,0.00279396772385,426.797225373,420.558848418,6,70.7066865289,28.6684917228,47.1806815767,0.000692098767185,0.000765794538893,-7.36957717073e-05,0.000165528035723,4992,-2.37929384639e-06,2.37929384639e-06,0.708869755268,0,0,0,0,9.71848918219e-19,6.3878185284e-19
5.02400023863,2500.00925735,3.20421054312,-0.427193015814,-490.764251709,0.000285568588879,3.47620189132e-05,101.007652283,39.2976226807,0.972942113876,0.000232830643654,0.000465661287308,1,552.823767066,6.96550972598,-0.00974722176775,85.5786124378,12.1136885576,121.255776321,122.971978271,5150.00103042,0.00279396772385,426.797225373,420.558848418,6,70.7066865289,29.1030100925,47.2851352242,0.000675678124562,0.000736690708436,-6.1012583874e-05,0.000194631866179,5024,-2.38167808675e-06,2.38167808675e-06,0.693883955479,0,0,0.00184051808901,0.00115032377653,0.000978834810667,0.000611978175584
5.05600024015,2502.92639248,179.095659405,-23.8774623871,-515.644897461,0.110274299979,0.00282325898297,101.007377625,39.2978782654,0.972941875458,0.000232830643654,0.000465661287308,1,552.823767066,7.163335262,0.138038094161,83.7889464733,11.6034214478,123.17270739,125.822756672,5150.00009909,0.00279396772385,426.797225373,420.558848418,6,70.7066865289,29.5273894153,47.3932959721,0.000703993252582,0.000760337570682,-5.63443181001e-05,-0.000760337570682,5056,-2.4341027256e-06,2.4341027256e-06,0.674961924553,0,0,0.00970090832561,0.00606306781992,0.00856644567102,0.00536018423736
5.08800024167,2511.05101779,317.81726284,-42.3721580505,-538.123352051,0.430672496557,0.00473844818771,101.007377625,39.2981414795,0.972941875458,0.000232830643654,0.000465661287308,1,552.823767066,7.32071497277,0.280449220359,82.03851957,11.1546745863,124.697719002,128.569867229,5150.00009909,0.00279396772385,426.797225373,420.558848418,6,70.7066865289,29.9392868328,47.4981643492,0.000456614246414,0.00048748916015,-3.08749137368e-05,-0.00048748916015,5088,-2.43872659667e-06,2.43872659667e-06,0.788217842579,0,0,0.0175336934626,0.0109585579485,0.0163752567023,0.0102473134175
5.12000024319,2523.05227332,424.302153988,-56.568977356,-558.204772949,0.871637880802,0.0210231356323,101.006965637,39.2983703613,0.972941577435,0.000232830643654,0.000465661287308,1,552.823767066,7.44821033322,0.417848281194,80.3265992458,10.7616778459,125.933147501,131.220294861,5150.00103042,0.00279396772385,426.797225373,420.558848418,6,70.7066865289,30.3381293634,47.5960732729,0.000614578554714,0.000671207089908,-5.66285351944e-05,0.000260115484707,5120,-2.38182087742e-06,2.38182087742e-06,0.709205567837,0,0,0.025319730863,0.0158248320222,0.0241410192102,0.0151074044406
5.15200024471,2538.03050146,505.5104848,-67.395866394,-576.375976562,1.3831461668,0.05753339082,101.006782532,39.2986106873,0.972941458225,0.000232830643654,0.000465661287308,1,552.823767066,7.55346341971,0.55155918067,78.6523504712,10.4185356622,126.953047584,133.79957818,5150.00103042,0.00279396772385,426.797225373,420.558848418,6,70.7066865289,30.6897236442,47.6751556562,0.00030461494438,0.000349245965481,-4.46310211011e-05,0.000582076609135,5152,-2.40989129452e-06,2.40989129452e-06,0.690635204315,0,0,0.0330400131643,0.0206500068307,0.0318445377052,0.0199283976108
5.18400024623,2555.26066758,566.512695514,-75.5288238525,-592.957458496,1.94353580475,0.111202582717,101.006416321,39.2988395691,0.972941219807,0.000232830643654,0.000465661287308,1,552.823767066,7.65661519844,0.729224580058,77.0148722935,10.1209401253,127.952589537,137.226743391,5150.00009909,0.00279396772385,426.797225373,420.558848418,6,70.7066865289,29.6570688079,47.3678228445,0.00051618614938,0.000502041075379,1.4145074001e-05,-0.000502041075379,5184,-2.32113666243e-06,2.32113666243e-06,0.676854610443,0,0,0.0406757257879,0.0254223272204,0.0394672378898,0.0246986225247
5.21600024775,2574.17326793,611.83917569,-81.5718612671,-608.273925781,2.53964304924,0.178039520979,101.006019592,39.2990684509,0.972940921783,0.000232830643654,0.000465661287308,1,552.823767066,7.76826102165,0.966107830707,75.4136300006,9.86744549891,129.034437123,141.796219395,5150.00056475,0.00279396772385,426.797225373,420.558848418,6,70.7066865289,27.0226955763,46.549430408,0.000487835494223,0.000502041075379,-1.42055811558e-05,-3.63797880709e-05,5216,-2.34231470131e-06,2.34231470131e-06,0.785945236683,0,0,0.0482083000243,0.0301301889122,0.0469907522202,0.0294065456837
5.24800024927,2594.32755411,644.949672278,-85.9862289429,-622.570617676,3.16169714928,0.25475281477,101.005699158,39.2992935181,0.972940683365,0.000232830643654,0.000465661287308,1,552.823767066,7.87906998416,1.19755268858,73.8476860157,9.65482062172,130.108179292,146.260790643,5150.00103042,0.00279396772385,426.797225373,420.558848418,6,70.7066865289,24.530076189,45.5384360976,0.00078442669027,0.000834006641526,-4.95799512557e-05,9.73159330897e-05,5248,-2.37916401602e-06,2.37916401602e-06,0.709142327309,0,0,0.0556194260716,0.0347621403635,0.0543969646096,0.0340407900512
5.28000025079,2615.37451297,668.319349643,-89.1019363403,-636.006347656,3.80189776421,0.338785618544,101.005378723,39.2995071411,0.972940504551,0.000232830643654,0.000465661287308,1,552.823767066,13.8686083225,2.90417625226,72.3165349262,9.47887935908,130.411193823,148.599152453,5150.00103042,0.00279396772385,426.797225373,420.558848418,6,70.7066865289,23.8465836446,44.9501094408,0.000858940640835,0.000893123797141,-3.41831563055e-05,3.81987774745e-05,5280,-2.32090746977e-06,2.32090746977e-06,0.692970395088,0,0,0.0628911182284,0.0393069460988,0.0616680681705,0.0385901741683
5.31200025231,2637.0359119,683.826452587,-91.169380188,-648.695068359,4.45379209518,0.428186535835,101.005012512,39.2997207642,0.972940206528,0.000232830643654,0.000465661287308,1,552.823767066,36.6639547291,8.96966336097,70.8193783266,9.33894141833,130.411193823,148.599152453,5150.00056475,0.00279396772385,426.797225373,420.558848418,6,70.7066865289,24.0797908191,44.5034784207,0.00067565969486,0.000642103259452,3.35564354081e-05,-0.000176441972144,5312,-2.39478981712e-06,2.39478981712e-06,0.677073121071,0,0,0.0700057670474,0.043753605336,0.068786598742,0.0430437326431
5.34400025383,2659.08241272,692.819186952,-92.368309021,-660.704101562,5.11185026169,0.521435260773,101.009101868,39.2983589172,0.972943127155,0.000232830643654,0.000465661287308,1,552.823767066,73.1402402431,16.1216707887,70.7881819179,12.6103498141,129.644540721,136.496382765,5150.00103042,0.00279396772385,427.563878475,432.661501691,6,70.7066865289,24.5028786594,44.5745972684,0.000552050766212,0.00053842086345,1.3629902762e-05,0.000392901711166,5344,-2.36284381572e-06,2.36284381572e-06,0.665226817131,0,0,0.0769461616874,0.0480913557112,0.0757354795933,0.0473907515407
5.37600025535,2681.32449128,696.348259225,-92.8388137817,-672.080627441,5.7713971138,0.617328643799,101.098243713,39.2664413452,0.973005712032,0.000232830643654,0.000465661287308,1,552.823767066,96.0012820454,20.5589241004,91.0081353196,17.2715082259,108.036190795,117.669100291,5149.99963343,0.00279396772385,449.172250228,451.488769613,6,70.7066865289,26.6403840214,46.1637282569,-2.01919314602e-05,7.82165443525e-05,-9.84084758127e-05,-0.00054387783166,5376,-2.36913297158e-06,2.36913297158e-06,0.708541035652,0,0,0.0836951583624,0.0523094758391,0.0824977457523,0.0516205914319
5.40800025687,2703.60079594,695.198774338,-92.6855621338,-682.850158691,6.4282374382,0.714914619923,101.145805359,39.2493400574,0.973039090633,0.000232830643654,0.000465661287308,1,552.823767066,106.305860904,22.7072901665,102.674537402,20.3266668742,88.2322856341,102.608581074,5150.00009909,0.00279396772385,468.976213597,466.549274279,6,70.7066865289,30.6422734866,48.6888238811,0.00030313343502,0.00023101165425,7.21217807698e-05,-0.00023101165425,5408,-2.42104351855e-06,2.42104351855e-06,0.70899438858,0,0,0.0902361944318,0.0563976243138,0.0890568271279,0.0557228587568
5.44000025839,2725.77116266,689.984241035,-91.9903488159,-693.025756836,7.07867670059,0.813404262066,101.167823792,39.2414779663,0.973054468632,0.000232830643654,0.000465661287308,1,552.823767066,110.397534698,23.3728910732,108.075676606,21.7757415236,74.8592574382,92.1624596231,5150.00009909,0.00279396772385,482.349219965,476.995366625,6,70.7066865289,33.5896620527,50.2620277985,2.74144318357e-05,0.000110958353616,-8.35439217806e-05,-0.000110958353616,5440,-2.38707093558e-06,2.38707093558e-06,0.676513075829,0,0,0.096553646028,0.0603460296988,0.0953970998526,0.0596877634525
5.47200025991,2747.71428667,681.179575622,-90.8164901733,-702.61138916,7.71946001053,0.91212874651,101.178916931,39.2376213074,0.973062217236,0.000232830643654,0.000465661287308,1,552.823767066,111.378335431,23.1433183936,109.991278202,22.1214528879,66.5775587549,85.3092060424,5150.00009909,0.00279396772385,490.630976856,483.848561998,6,70.7066865289,35.2362585545,51.3222039444,-8.28191681901e-05,-0.000130967237055,4.81480688652e-05,0.000130967237055,5472,-2.35896595768e-06,2.35896595768e-06,0.663530707359,0,0,0.102632448077,0.0641452819109,0.101503521204,0.0635058879852
5.50400026143,2769.32329871,669.254630338,-89.2266235352,-711.61706543,8.34762001038,1.01054751873,101.184364319,39.2357063293,0.973066031933,0.000232830643654,0.000465661287308,1,552.823767066,110.474730976,22.3686728904,109.754591291,21.7700666192,61.8841149844,81.0756027931,5150.00009909,0.00279396772385,495.324435178,488.082121592,6,70.7066865289,36.5049054381,52.3272756254,-0.000281003748048,-0.000285581336357,4.57758830841e-06,0.000285581336357,5504,-2.37893277699e-06,2.37893277699e-06,0.789049983025,0,0,0.108458086848,0.0677863135934,0.107361555099,0.0671681165695
5.53600026295,2790.50320387,654.486415442,-87.2576904297,-720.03338623,8.96050262451,1.10817801952,101.186485291,39.235004425,0.973067522049,0.000232830643654,0.000465661287308,1,552.823767066,107.976894082,21.2068868404,107.865534843,20.9737945847,59.8924270889,78.841301729,5149.99916777,0.00279396772385,497.316068504,490.316480864,6,70.7066865289,37.573503505,53.2545964234,-0.000266053928888,-0.000203726813197,-6.23271156908e-05,-0.000727595761418,5536,-2.39061660068e-06,2.39061660068e-06,0.708595812321,0,0,0.114016674459,0.0712604224682,0.112957239151,0.0706657320261
5.56800026447,2811.16878614,637.228193227,-84.9567871094,-727.865478516,9.5557718277,1.20457613468,101.185310364,39.2355461121,0.973066687584,0.000232830643654,0.000465661287308,1,552.823767066,91.065115095,17.4097349056,105.028793173,19.7609343956,59.8808619543,78.6894452176,5149.99963343,0.00279396772385,497.327651829,490.468402859,7,70.5303027644,38.4961349482,54.0706678294,-0.000483612344615,-0.000507498043589,2.38856989743e-05,4.18367562816e-05,5568,-2.42471719503e-06,2.42471719503e-06,0.708686709404,0,0,0.119295008481,0.0745593830943,0.118277296424,0.0739904344082
5.60000026599,2831.24460839,617.747835349,-82.3596191406,-735.112182617,10.1312761307,1.29937887192,101.184631348,39.2357749939,0.973066210747,0.000232830643654,0.000465661287308,1,552.823767066,55.8012045009,9.72196358495,102.729927691,18.7049700213,59.8808619543,78.6894452176,5149.99916777,0.00279396772385,497.327651829,490.468402859,7,70.5303027644,39.300579374,54.7603231098,-0.000395664917496,-0.000391082721762,-4.58219573396e-06,-0.000540239852853,5600,-2.39384007727e-06,2.39384007727e-06,0.692353606224,0,0,0.124280557036,0.0776753500104,0.123309075832,0.0771343186498
5.63200026751,2850.66105425,596.134865191,-79.4781265259,-741.751159668,10.6851730347,1.39219462872,101.184364319,39.2359580994,0.973066031933,0.000232830643654,0.000465661287308,1,552.823767066,19.8430474599,2.10239984437,100.548867291,17.8185569197,59.8808619543,79.9094705144,5149.99963343,0.00279396772385,497.327651829,490.468402859,7,70.5303027644,38.9216766052,55.339467508,-0.000289863327785,-0.000307409209199,1.75458814144e-05,-0.000158252078108,5632,-2.46366903411e-06,2.46366903411e-06,0.67626875639,0,0,0.128961488605,0.0806009322405,0.128040626645,0.0800899118185
5.66400026903,2869.35595796,572.752789594,-76.3607711792,-747.800476074,11.2157754898,1.48269402981,101.183769226,39.2361068726,0.9730656147,0.000232830643654,0.000465661287308,1,552.823767066,2.42203965617,-1.41981061976,98.4274821993,17.0591195742,70.1586614014,92.2399412957,5150.00009909,0.00279396772385,497.327651829,490.468402859,7,70.5303027644,30.8748130919,50.0302885484,-0.00013493658968,-0.00011277734302,-2.21592466598e-05,0.00011277734302,5664,-2.39948485614e-06,2.39948485614e-06,0.665320217609,0,0,0.133326768875,0.0833292379975,0.132460683584,0.0828502103686
5.69600027055,2887.27600127,547.774601728,-73.0306167603,-753.257141113,11.7217693329,1.57053244114,101.183540344,39.2362747192,0.973065495491,0.000232830643654,0.000465661287308,1,552.823767066,3.46157377234,-1.12426030999,96.3554590705,16.2720694882,87.3026438057,101.473022369,5150.00056475,0.00279396772385,497.327651829,490.468402859,7,70.5303027644,27.6424761978,47.4603111797,0.000197142663305,0.000132786226459,6.43564368463e-05,0.000332875060849,5696,-2.37625590671e-06,2.37625590671e-06,0.78742313385,0,0,0.137366116047,0.0858538299799,0.136558830738,0.0854086950421
5.72800027207,2904.37228978,521.326903254,-69.5045471191,-758.113952637,12.2019500732,1.65539371967,101.183143616,39.2364311218,0.973065197468,0.000232830643654,0.000465661287308,1,552.823767066,4.62687321801,-0.849663277519,94.3296628812,15.4431379121,98.5943916021,106.769999547,5150.00056475,0.00279396772385,497.327651829,490.468402859,7,70.5303027644,27.3001896858,47.1168714284,0.000500999158826,0.000547515810467,-4.65166516417e-05,-8.18545231596e-05,5728,-2.38326583712e-06,2.38326583712e-06,0.709012269974,0,0,0.14107003808,0.0881687775254,0.140325263143,0.0877593010664
5.76000027359,2920.60291395,493.708299473,-65.8223724365,-762.390136719,12.655412674,1.73696041107,101.182685852,39.2365875244,0.973064899445,0.000232830643654,0.000465661287308,1,552.823767066,5.4370395206,-0.639749041565,92.3484235724,14.6297743256,106.444902485,110.819244583,5150.00056475,0.00279396772385,497.327651829,490.468402859,7,70.5303027644,27.5177881122,46.9984770461,0.000325239307708,0.000361978891306,-3.67395835976e-05,0.000103682396002,5760,-2.39621431319e-06,2.39621431319e-06,0.709003031254,0,0,0.144429907203,0.0902687087655,0.143751144409,0.0898965224624
5.79200027511,2935.93038805,465.032760985,-61.9992790222,-766.082641602,13.081489563,1.81488931179,101.182685852,39.2367668152,0.973064899445,0.000232830643654,0.000465661287308,1,552.823767066,6.01336872486,-0.457217529576,90.410569173,13.8648918919,112.029534648,114.340276923,5150.00056475,0.00279396772385,497.327651829,490.468402859,7,70.5303027644,27.8977240669,46.9963197247,0.00018217863329,0.000172803993337,9.37463995321e-06,0.000292857293971,5792,-2.41118573285e-06,2.41118573285e-06,0.691824913025,0,0,0.147437959909,0.0921487212181,0.146828368306,0.091815315187
5.82400027663,2950.32560825,435.438065324,-58.0536422729,-769.195373535,13.4796562195,1.88890528679,101.182411194,39.2369308472,0.973064661026,0.000232830643654,0.000465661287308,1,552.823767066,6.43330935807,-0.288868299885,88.5153012774,13.1642087594,116.098759463,117.587733257,5150.00056475,0.00279396772385,497.327651829,490.468402859,7,70.5303027644,28.326852771,47.0577870146,0.000469799227298,0.000392901711166,7.68975161325e-05,7.27595761418e-05,5824,-2.3088175567e-06,2.3088175567e-06,0.674891829491,0,0,0.150087177753,0.0938044860959,0.149549663067,0.0935112014413
5.85600027815,2963.76110055,405.131228035,-54.0130653381,-771.742736816,13.8496608734,1.95866084099,101.182090759,39.237071991,0.973064482212,0.000232830643654,0.000465661287308,1,552.823767066,6.74695906936,-0.129521045167,86.6615284876,12.5331471261,119.138021546,120.661541587,5150.00103042,0.00279396772385,497.327651829,490.468402859,7,70.5303027644,28.7653238047,47.1510429634,0.000471291367043,0.00056934368331,-9.80523162664e-05,0.000361978891306,5856,-2.46844183494e-06,2.46844183494e-06,0.66482180357,0,0,0.152371540666,0.0952322110534,0.151908665895,0.0949802473187
5.88800027966,2976.216143,374.220631784,-49.8919906616,-773.728759766,14.1914024353,2.02385497093,101.181732178,39.2372131348,0.973064184189,0.000232830643654,0.000465661287308,1,552.823767066,6.98697099101,0.0230032666177,84.8483205514,11.9712290476,121.463737742,123.603735119,5150.00009909,0.00279396772385,497.327651829,490.468402859,7,70.5303027644,29.1983178613,47.2571227874,0.000295453356225,0.000323780113831,-2.83267576062e-05,-0.000323780113831,5888,-2.32717707149e-06,2.32717707149e-06,0.662963628769,0,0,0.154285877943,0.0964286774397,0.153899863362,0.0962190404534
5.92000028118,2987.67536879,342.875689967,-45.7130050659,-775.168579102,14.5049800873,2.08418512344,101.18132782,39.237361908,0.97306394577,0.000232830643654,0.000465661287308,1,552.823767066,7.17485949299,0.169709071094,83.0748863882,11.4748159194,123.284378788,126.433689729,5150.00009909,0.00279396772385,497.327651829,490.468402859,7,70.5303027644,29.6204107144,47.3650252388,0.000276023565116,0.000271029421128,4.99414398725e-06,-0.000271029421128,5920,-2.40451390709e-06,2.40451390709e-06,0.788327753544,0,0,0.15582588315,0.0973911806941,0.155518576503,0.0972247496247
5.9520002827,2998.12597223,311.2302511,-41.4939613342,-776.073852539,14.7906551361,2.13932847977,101.180961609,39.2375030518,0.973063647747,0.000232830643654,0.000465661287308,1,552.823767066,7.32496519962,0.31112290587,81.3404056181,11.0387126128,124.738900922,129.161562654,5150.00056475,0.00279396772385,497.327651829,490.468402859,7,70.5303027644,30.0297997455,47.4686021334,0.000511451242469,0.000454747350886,5.67038915822e-05,1.09139364213e-05,5952,-2.40919325734e-06,2.40919325734e-06,0.708312928677,0,0,0.15698826313,0.0981176644564,0.156761094928,0.0979950800538
5.98400028422,3007.55887292,279.327156022,-37.240562439,-776.445678711,15.0488147736,2.18897604942,101.180732727,39.2376480103,0.973063528538,0.000232830643654,0.000465661287308,1,552.823767066,7.44699395528,0.447583531358,79.6440871607,10.6570546939,125.92136045,131.793887704,5150.00056475,0.00279396772385,497.327651829,490.468402859,7,70.5303027644,30.4261047859,47.5647211715,0.00046374540319,0.000405634636991,5.8110766199e-05,6.0026650317e-05,5984,-2.47558341471e-06,2.47558341471e-06,0.789137005806,0,0,0.157770514488,0.0986065715551,0.157624572515,0.0985283106565
6.00000028498,3011.89231686,263.33401911,-35.1083221436,-776.438232422,15.16771698,2.21165752411,101.180641174,39.2377166748,0.973063468933,0.000232830643654,0.000465661287308,1,552.823767066,7.49965849603,0.514035786947,78.8099146759,10.4848106342,126.431681565,133.075751364,5150.00103042,0.00279396772385,497.327651829,490.468402859,7,70.5303027644,30.6193833239,47.6095156046,0.000630658997247,0.000634827301838,-4.16830459038e-06,0.000296495272778,6000,-2.40027202381e-06,2.40027202381e-06,0.787784159184,0,0,0.158018574119,0.0987616032362,0.157913550735,0.0987056493759
